B04,B08,B11,NDVI,EVI,NDMI,AGB
2530.580030080795,1479.8391269663375,3762.236620665794,-0.26200276372759856,-0.1576333367911164,-0.4353995636738034,5.0
727.1932171038591,4931.769410182094,4291.590977126031,0.7429941615203354,1.13075743236025,0.06940837244824316,186.82381571719202
872.5879068830209,6700.014619478147,1949.2635164830149,0.76954081394601,1.220501440644224,0.5492656182131128,271.4443348717217
2070.495463371639,3695.1603610978755,3685.323594984245,0.2817831911765103,0.2519777092666311,0.0013328077360281018,83.23210071289157
2752.856743967739,6259.134546045111,2026.0921640502736,0.38906804155192476,0.38484386307853435,0.5109144902849845,162.1285585624448
2768.1823902963306,5560.098709106101,3162.0861461099184,0.33523319940231866,0.31482769595216004,0.27493255446050263,123.28217868311019
976.002800253493,3198.0660290711144,2765.122651879576,0.5323494458630708,0.6134850642421815,0.07260266281728871,135.1816207972947
858.0797968663352,2063.0318233730804,4836.8229417446,0.41249776891288026,0.4176604002991274,-0.4020071744107506,58.94540611290059
1684.9980479326903,5568.815439518067,2064.437316060944,0.5354173219050974,0.6192388404819935,0.459093683284199,200.9253256920958
1370.781520385494,3014.2559174889784,558.0213360723686,0.374791417408131,0.3655432458263256,0.6875822917385005,184.86561872844874
2021.1879403136786,1265.3215216122212,3175.212803582358,-0.2299906412040353,-0.1410888281044282,-0.4301039338225008,5.0
2281.089904505985,5734.813025480178,2705.0544252903524,0.43085890020243744,0.4445552012066871,0.35898177518821545,139.49373305631872
2472.1775290146197,4077.3517126869324,1829.9058533155896,0.24508237526552518,0.21219644636923812,0.3804550307617191,104.49363694342989
2130.675690015273,3761.27488337959,1214.771950984532,0.27675031770472525,0.24636872490739276,0.5117522034353436,118.12980905762838
931.1244443355461,5340.4458488447935,4686.883185203741,0.7030649737914676,1.0087032687505948,0.06517814079468762,174.98609659969733
686.3702688853522,7294.9776887549515,2326.547733252297,0.8280064287530996,1.4474531338069436,0.516386927962796,264.0151574172836
2719.041402366822,7892.847052525885,4146.769927557387,0.48754806193671263,0.5343053171273097,0.31114587207004674,168.09956718826373
2905.981314706258,5830.659291796455,4839.20810155965,0.33476001915182235,0.3142443372372183,0.09292066654560678,106.17096928496946
858.0708311943101,3318.279757100171,2613.8758027571484,0.5890810345789166,0.7263505873807803,0.11874333825480828,174.34166980748046
2233.7830983342656,6328.079734632857,2791.830963086792,0.47820161519704085,0.5187439987588667,0.3877503726042538,175.93246471259613
602.3285654061748,4322.235939577748,2855.473783766108,0.7553779363944669,1.171667571025672,0.2043496062312163,225.44637086873016
2760.5982918084324,4875.758624939212,3875.049375018999,0.27698552541656857,0.24663315819989123,0.11435621142763447,96.41810288256171
1312.7786039821233,4973.15134214076,4054.132766132659,0.5823120475330809,0.7120891688869864,0.1018045477336893,161.5386212669953
2969.0185854810284,5251.341626705282,2635.4839405139205,0.2776427044599786,0.24736389112494878,0.3316743426825916,111.23445471360284
2118.716384585119,5134.808172277387,3917.657615499375,0.4158105157889008,0.4224666340807369,0.13445514019915256,126.0707922346206
2538.612147710299,5297.363256409701,4620.01473139836,0.3520622470173711,0.33594084899896526,0.06829915384648451,92.27133715828867
519.0290746777289,7963.954722408786,4657.02517572382,0.87763053955265,1.6799437783366327,0.26201844651636275,242.6007696676138
630.2034654043827,4953.11665047476,1197.8374661021348,0.774254940532895,1.2371912399856626,0.6105197848316869,275.1175541889496
551.91563385191,4536.370361093315,1046.1316305607706,0.78306422445919,1.2691182583502831,0.6252104764360652,262.31987359712286
1882.1590385785948,4127.959049386175,928.2614244758811,0.3736698643128349,0.3640598883400465,0.6328239919161333,166.09645540771885
684.7890965476181,2676.476706215217,856.494355856116,0.5925409431881183,0.7337259060600343,0.5151421616164973,203.18793333719333
1859.3147456819738,2543.0524317185045,3156.945484105435,0.15531137188901054,0.1247701889258784,-0.10770057486775256,28.06652903283839
1750.5749131007362,3676.3796272601408,2991.2209614820176,0.35485919395161997,0.33950848356302693,0.10275940445986115,105.03240402725518
1220.16200556785,2014.1506243319532,1668.600424431837,0.24548913768524946,0.21261198247699142,0.09382936702231873,69.115027282573
2258.7042118900317,2659.9862537268586,4244.382256578039,0.08158310521069066,0.06187577970231401,-0.22947732298137952,5.0
2610.4241938693885,4439.9855266349,3704.789672318717,0.25949716470877,0.2275174148500592,0.0902659479564728,86.59646580100583
1674.2476889714233,2276.5959662270843,864.9124596939905,0.15246067161139937,0.12219919342518665,0.4493648638455682,95.16547933664941
2494.774051468101,4617.115490442553,2119.5762868500924,0.2984215975471759,0.27088980779960264,0.3707367482122567,114.21036459303978
765.0869394092142,5774.67212893083,2032.4041147874964,0.7660198390194143,1.2081544352009856,0.47934308527793196,259.44299948651656
2129.2115827198913,5501.717020749576,3228.4292277763416,0.4419521676633685,0.46127967034009265,0.2603951558196041,146.9285092537128
2489.465310516496,4334.379468705648,900.6210608798506,0.2703628551951166,0.23932359857455618,0.6559232205926357,154.73117656310967
2414.6352217685244,5064.288262123404,2633.9370858772927,0.3542826779425418,0.33877660007155913,0.31570278422176795,116.67359840479645
1734.1038853577386,4699.457600178905,827.3483250668156,0.4609194644407595,0.49078745953646596,0.7006052549672858,191.00445491620468
2840.5759432024765,3700.644620904271,3109.1817347570973,0.1314844330872611,0.10364720657991144,0.08685432713986974,46.63981511784961
2215.1791989260573,2450.3828130236006,4063.0927648541438,0.05041270771768031,0.037351793156957164,-0.24759591592856006,5.0
2979.0661554555727,4069.346267250483,4670.512857914665,0.1546844943590348,0.12420743567822992,-0.06878447146412532,27.99453626941988
584.8023638162812,3699.0325339778087,1632.17767394535,0.7269725009799493,1.0800029090892214,0.3876896199990468,222.87744441830043
2760.272416308891,6336.764065589804,1992.3302174138882,0.39314909377403023,0.3904569414096386,0.5215973910296042,157.50011397885652
2901.299970263793,4195.480864380117,971.3730682394665,0.18236168258377664,0.14975977595926193,0.6239982468174858,107.38017093633212
615.7275217981976,4670.870294716462,3506.4938136431597,0.7670609554378153,1.2117585050725415,0.14239019633974523,210.9063996137841
841.5442241923135,2747.3670653458644,4594.075573040332,0.531030913519114,0.6110261233227996,-0.2515457245129231,116.86478408319118
930.2436416732949,2309.262376188172,1040.5344960117923,0.42568796800678177,0.43685596929874454,0.3787477056674187,148.50087298053637
905.918786266721,1079.260775728314,4324.009214699325,0.08731804049003629,0.06650860010675408,-0.6005156958876473,5.0
2244.102986245931,3852.5119427035197,3541.596350258327,0.2638200009248287,0.23218571656457054,0.042049099104903745,84.41887398478232
2734.570460914866,3660.820081531092,3734.81702734632,0.14483081436917924,0.11538173458718047,-0.010005486304405047,36.179299962962745
1426.0252519899948,2579.2348423887856,1001.634593047879,0.28792377097541055,0.2588832574829209,0.44056346575729444,122.5285497589166
2357.705713697478,5927.821116282721,1815.8464663054792,0.43088574515700273,0.4445959589802383,0.5310112560477276,161.80502319156298
2287.8138764066184,4490.984105245322,4578.0046618021115,0.32500898160366765,0.30231986775838193,-0.0095953979856483,70.84119530209726
2989.6559658636515,6398.462828222322,4661.516876252888,0.36309796848149634,0.35016138280701115,0.15704784260223947,107.93719301141927
1846.9162015709803,2436.586088678897,1566.0892842219375,0.13766069141890377,0.10904398510337265,0.21747874187673902,64.32549383819881
2199.4685470241125,3432.13523912616,2671.755767480363,0.21888377426598163,0.18530827662695468,0.1245729110657825,65.89789847952791
1368.4055375899434,3551.9633374412933,4306.434396644314,0.443779288680609,0.4640576784436008,-0.09600825570771412,113.06223517765429
1277.2535922607758,1525.7101757403339,1295.2751925609718,0.08864066893312016,0.06758713784313564,0.08168599018166321,43.14269619839598
2379.7258385590803,2893.588408634192,2391.9331624681067,0.09744584636714375,0.07480700263627181,0.09491120967396857,37.70015438996002
774.5972603255009,1997.94283085084,757.6081721410224,0.4412363860769488,0.46014470500329613,0.45012219222688743,165.6032585625105
1004.8089602630835,4229.156137566276,1813.4880050002805,0.616042926618742,0.7857354678963668,0.3997700468821904,211.11795167658457
1357.1086433958305,2382.1892575802985,3967.3668970904887,0.2741371885996934,0.24346762474778763,-0.24965172378142814,27.191629164281814
613.2482356517908,5146.099097206648,2349.5516186349187,0.7870424544300062,1.2838626315947481,0.37308935330835524,254.61080240909536
924.5292816719618,2343.488298213849,1947.8886082227086,0.4341956496321148,0.44951198462560654,0.0921847925558817,109.87911178992314
1987.6333211684514,1970.1042129869084,1681.9362639698866,-0.004429072930136827,-0.003153419640258463,0.07890601179158971,5.0
1953.4852369292287,7184.785518859606,1904.0502626650677,0.5724606351857146,0.6917258337629574,0.581013386373196,220.75350713418615
2988.7030256791954,2848.997140043143,2780.9367378064353,-0.023931665149992128,-0.016805942443921168,0.01208902337066441,5.0
2573.6495423766937,3967.8525850126402,4892.932492352599,0.21313194053476991,0.17956584034367454,-0.1044015738062152,55.32870744268487
2229.4149195275368,2045.1166144191009,4110.200408362212,-0.04311543934152696,-0.029874702034146973,-0.33549592749887247,5.0
1248.8004642683823,2216.554556922475,3353.078136768058,0.27926549702900627,0.24915511821979763,-0.20405718691809202,54.98137577809311
1658.9137067941401,4531.833795975472,4118.7328029327,0.4640667524288432,0.49579894603552216,0.047754212197748634,136.63154693146708
1550.9032448761986,6580.0954749174525,3470.386624450451,0.6185208487587074,0.7914247158224885,0.30940892381203966,198.19194065446277
1729.7053976583804,3947.679314931957,1136.7969255269454,0.3906682441237887,0.3870293130125516,0.5528361734656227,163.37040228657958
1794.8777563446454,7615.164254076592,2482.0205907967293,0.618518651741161,0.7914264511303671,0.5083737439329694,219.13514606811992
2663.898267964926,6771.225032545256,3280.5047724840615,0.43532306185367103,0.4512432238701219,0.347275576186634,139.48756261800872
876.8177391651276,6132.163021906153,3435.0165718698695,0.7498016417993384,1.1530878635200708,0.28191656938362575,209.37228756010876
910.6027821300604,3290.073398759253,4831.075692923994,0.5664494270917574,0.6794845367880792,-0.18975175514917067,133.57849819511736
1493.7707347184169,5606.9109983353355,2897.5930037177627,0.5792599101986144,0.7057290876457523,0.3185744863715666,187.44241964998903
1813.0793744098748,5605.565842632717,3262.135932944155,0.5112101140784151,0.5751405497976108,0.26426575551722914,158.63924637596153
1347.7228192332584,3231.942459044104,1508.681331550904,0.41143173679893075,0.41615273761706584,0.36350936147865043,156.93269194084866
1495.8314624684645,7027.972215936206,4235.059659322884,0.6490225445753255,0.8641830539118189,0.24797164629360544,180.65913459891345
2295.4762915351757,6163.557583326122,3341.4568701525936,0.4572722309138523,0.48502792705009895,0.29690651462857776,144.59575017908247
1493.8358301497783,6732.513170222837,1984.3555393212168,0.6368168113459513,0.8343687995263396,0.5447090909099247,226.87858068723145
2912.734379476623,2597.038619101636,1366.8986833837762,-0.057297416862573405,-0.03931562765634673,0.31033284371985953,29.677711281050737
2104.1978939132123,4056.3558409328193,2648.240267577992,0.316880272573666,0.2925450159336786,0.2100224309347051,97.34368923079111
606.9254515316218,1288.0809161257037,4602.53293443178,0.35944758596072846,0.34536913323716345,-0.5626666595077746,34.55748163086395
2260.0168387409385,5340.294732450633,519.2534037727124,0.4052831077320541,0.40741407830716886,0.8227667416966488,214.24083923743865
562.4814456526166,4415.040184472016,4160.590864144375,0.7739913604250763,1.2362321646255743,0.02967120656841034,211.6179962775061
1856.1984565864393,7239.200443813447,2453.7740155011043,0.5918379221826655,0.7322859286073858,0.49370050936428944,210.95690311839047
769.4725199693785,7624.057142228376,1861.15432374852,0.8166510273161467,1.3998213012197636,0.6075671416018091,277.7092044713459
2906.8570851963354,5637.161216173746,779.3973723106224,0.31955738323032773,0.29575243725200323,0.757066856963507,184.44022867940748
2806.419380082765,2946.3735853909557,4627.135833308645,0.024328044851226055,0.0176835874273063,-0.22192647487119063,5.0
2038.2292050839094,1418.8875177522918,1729.4216079143278,-0.17914977618816497,-0.11343867041660616,-0.09863519675744947,5.0
1493.976091261918,6565.320758301813,1865.9941481095314,0.6292539859336693,0.8163694089187855,0.5573658037682179,234.22042264627842
2357.14375602581,3619.1916736116787,4715.317138548165,0.21117421072385278,0.17762259556861082,-0.1315165043926463,34.8161850427347
1967.5945441189344,6377.541808370704,782.2720735331978,0.5284452017860303,0.6062913567180575,0.7814825673329036,218.04466099553508
2370.366547666733,2401.7215229235917,1647.9706272252972,0.006570493835502403,0.004715056332783843,0.1861254800527139,35.543649177180754
875.7342962270943,2163.445911613084,2273.903272744532,0.4237036065319109,0.43393225440114874,-0.02489264570296514,96.78499867740405
2171.7566066407626,4083.64507266313,1772.6557678336212,0.30563800116022066,0.27926786916666574,0.39461587909798485,114.71345627247543
984.7367213527809,1705.9051279000387,2659.621927048343,0.2680283912477965,0.23674904333125915,-0.21846544229952453,50.64648687525671
2102.5800236761106,6784.55733721927,4958.94490953679,0.5268262571947716,0.6033153276653914,0.1554572383235433,144.25281697451564
1647.2885476550719,4632.225274504515,980.0824792097966,0.4753451956488486,0.5140431319786237,0.6507381553028584,197.04240457241033
1835.8244699157153,6773.021194544824,4810.415859185612,0.5735027571045423,0.6938565408533893,0.1694320369753919,171.97500881185593
600.3759659179811,5479.5798316971095,2388.1345673991045,0.8025064700125824,1.3429737325546467,0.3929279975211352,260.2413188929905
1605.8376891275582,3913.6036806639536,2797.6548792394005,0.4181158629112228,0.4257987160853067,0.16628010846215158,119.63872439690182
2872.4212387113917,4260.600596937528,1007.6211291903504,0.1946130812461245,0.16144527939404668,0.6174720116650505,118.93322144542134
1917.359684292958,4073.891424603544,803.3571036955987,0.3599468125694767,0.34606279030498943,0.6705695437213898,177.5577341780107
2576.3837952795384,2129.2313363713315,3036.353488162733,-0.09502529346387646,-0.06355738007518043,-0.17560879986083958,5.0
572.4898698149987,6655.597181722222,3594.7520956305134,0.8415929785698852,1.5069824530232543,0.2986088574128662,256.02562436602557
2974.187439592851,6339.2142516900685,1804.1192326489331,0.3613101768052673,0.34783746751563105,0.5569089153976041,166.02783123420167
2282.2906288615986,4520.494447711442,4823.532514702328,0.32901286654323414,0.3071883814678964,-0.03243120639285621,84.92629610674324
717.0575890642107,1701.9708281379544,4561.029962518871,0.4071524053469932,0.4100172162536657,-0.4564998839197936,50.02284295129112
1135.710770526527,5561.9272800702865,4421.486081992515,0.6608623033142983,0.8940268002932219,0.11423359492428113,178.81109973421698
1616.4142938850684,6971.356059301268,3663.081650705933,0.6235543737852504,0.8030400957546378,0.3110906752663657,185.68645806208323
1452.258122755963,7302.973404641752,4473.93767765086,0.6682536336028251,0.913174214825164,0.24021882367816472,188.66608605084656
780.6986841350081,2045.0084320681378,4999.554928066472,0.4474312784350169,0.46964044422054535,-0.41940803773570845,61.610404161788765
567.1200145998382,7842.688984419687,2590.663746517064,0.8651289190756837,1.6173093391920104,0.5033880644930218,288.8867079346092
2348.731263747004,1014.628034303663,1225.1737363939178,-0.39665795736420484,-0.22076083042320466,-0.09400193568499546,5.0
1317.5477004544205,2333.967965965863,2841.055019674311,0.2783557180324305,0.24814331967924996,-0.09798740121880471,68.58030584900169
1241.9361322588472,7764.985054920762,4123.173399846958,0.7242262684859009,1.071628924782932,0.30633942747515486,206.7947156282972
2149.8026333280723,2946.36131540325,3598.807742216714,0.15630554470626354,0.12567048132108644,-0.09968366301466183,16.272435311599715
1924.101661879386,6941.899859931917,3239.200032841468,0.5659595461541774,0.6785389492507707,0.3636836752142042,173.7278331448604
2680.491714673827,1040.370628315327,2842.3640581922555,-0.4407905842063802,-0.23944323024099418,-0.4641041881318113,5.0
2343.0634822244842,6454.793667152391,4068.466942042563,0.467355870258904,0.5010840398186402,0.22676685615843728,136.3665227979369
1562.9698064073852,1257.0092706189434,2827.794925046516,-0.10849744885432983,-0.07191742209704372,-0.38454368405463574,5.0
2713.718050500803,3006.8416308318,1283.7697922869195,0.05124036748297213,0.03798876386865614,0.40159121118706176,67.18860876257048
1436.4702424528687,2739.2600879958936,526.6137830563691,0.31199089551624,0.28672869383061383,0.6775051308240222,147.12862535263565
1486.9685020765776,5153.1182141109275,980.7493160201093,0.5521237700924477,0.6511381332313664,0.6802182924419083,214.80172378024884
1923.8042887615113,6978.359533245453,847.2032408463592,0.5677895110648075,0.6822298735199572,0.7834780026190717,222.18816197307405
2122.684288516515,7119.722005434778,2016.1962106166438,0.5406641471331894,0.6291334375284416,0.5586220972614262,216.7709697533411
1840.712027235701,4392.468934503474,1837.2164691138848,0.40938277302098436,0.41323353123404283,0.41017359616517235,154.21701563068197
954.0137579856246,4831.877634051021,679.4041284954822,0.6702275609135057,0.9183192437085812,0.7534496844311998,257.6998874021871
1720.1121161049455,1859.5179009373005,3978.860713403472,0.03894418812271504,0.028610870118927337,-0.3630019483315866,5.0
2948.4673941161986,2495.1678625375444,1685.865772727478,-0.08327147395507732,-0.05613763253796636,0.19356507510258333,5.0
2316.0056934341737,5118.047291356134,2615.141290037419,0.3769197775799923,0.3683972646923587,0.32365769625962276,147.00775849289073
2253.3962673075284,1971.7565228880942,3261.8962948457624,-0.06665788394831908,-0.04544589592325728,-0.2465084744138193,5.0
2680.0518426207823,7635.153349712613,3129.093813459682,0.48036868043054143,0.5223271713674794,0.41861353307186155,171.24077477531026
725.9702726785904,1627.4479237410121,2264.484150573304,0.3830503444100347,0.3766030432169648,-0.16368122940091243,68.19452350782271
2865.5156673891424,7296.045486070997,1671.7042814575132,0.4360087737834648,0.45227690724439723,0.6271741908267322,186.40385159684004
2458.963279460746,4379.583641562951,1419.338978768855,0.2808521143456372,0.2509386293849899,0.5104818353506902,128.71691870802275
715.438317526965,4069.448564823981,2910.8084264750737,0.7009591509816717,1.0026242906048934,0.16598817774577257,183.15563165994914
1140.6711358879577,2257.5657326294413,691.0263609680646,0.32866884788407924,0.30675178276329035,0.5312838539218886,140.18502323427938
2819.1739374183408,5556.67699195383,1533.8407055181942,0.3268328289617556,0.3045362309770753,0.5673543819378012,154.10323624112877
876.7490020558639,1634.090256248486,618.1393015061378,0.3016287288746832,0.2745747222766438,0.45108676901661876,117.79871286602082
1751.5466930783184,1377.9425231825899,4434.005292288697,-0.11938183644637265,-0.07856602704631463,-0.5258241927852666,5.0
2932.965856695198,2235.9793070297433,954.8367987035302,-0.13484115761606147,-0.08784906421809766,0.4015093523010432,5.0
1974.9328121024707,4763.972370329042,4424.394222773848,0.4138713162315731,0.4196677502504412,0.03695740086961003,110.71424386645093
1367.6254949377474,5489.420633380797,3629.255412996683,0.6011036036084936,0.7523625316668779,0.20399509870943328,186.0536874379703
2367.1050864028102,1694.6798006894069,3298.536199477091,-0.16554921155099264,-0.1057384829294243,-0.32120709346701537,5.0
2856.768360245426,1858.4762758807587,2359.8906646000787,-0.21171586231273448,-0.13135362405537138,-0.11886457382090636,5.0
761.0840580129164,6377.685025374223,4517.971725766187,0.7867744286119447,1.282892596857379,0.1706839102877119,223.00536452874655
952.0798281651012,6261.4716097875535,3324.183891006665,0.7360302101614083,1.1084370968160155,0.30642533713329195,222.4911693753964
1555.878366100135,7644.9939476566005,1520.5921047489796,0.6617976397510149,0.8964461552786744,0.6681953349433697,253.1628685765255
687.3508881662556,3352.664389426129,4316.606155892723,0.659728569687122,0.891079025438928,-0.12568884623965615,136.33721572426012
1241.7197951172548,1155.6113801583929,3419.7441995128365,-0.035918447901985256,-0.025011361033945058,-0.4948539582189769,5.0
612.1470485846962,4282.020938741971,3833.227657711458,0.7498463270795935,1.1531920964685636,0.05530246863556891,201.19409505244576
2016.6620197448021,3473.096000296984,721.1139968790715,0.26530021450304214,0.23379151314955215,0.6561383441970413,131.21224864748373
2366.25623081515,6000.3388561583415,1589.1380809133527,0.4343562210351234,0.4497877235811037,0.5812259278523838,185.36051379059708
2905.213843234273,6095.8862733348415,1073.316871896263,0.3544758294458632,0.33902684745436273,0.7005756844927704,186.12711510234803
1642.2713667327696,1678.303050341223,3377.800631643009,0.010851039329921918,0.007810608340821481,-0.33612791348034665,5.0
801.8337641467236,5679.935616815643,2533.2552515621173,0.7525879995428141,1.1623452594965704,0.38312519644291687,239.38501746986762
1180.7949269983365,7671.203550333505,1020.8670253620396,0.7332139334662747,1.0995494424793386,0.7651038341545215,276.43831057922773
2969.0983573675453,4912.419596699893,3734.07690748966,0.24656687333724658,0.21375840444080096,0.1362797855181,75.21005497082463
2670.6432580255955,3620.7482234722415,1351.7791580667595,0.15101666588222404,0.12090551950483357,0.4563009694774035,86.34306462236653
670.0889412992763,2217.3360681122113,1815.9744080324017,0.5358570772345137,0.6200029802144147,0.09951171930705272,146.73656157817433
641.0360061880148,3509.2213159166577,2564.2345206933755,0.6910861391078871,0.9747195456444462,0.15559293102477614,192.03319067401785
2267.2425690969103,4970.04784074583,3824.1826019610803,0.37345541193146536,0.36377894397710714,0.13029738601002014,119.50663044483649
1419.15523484167,4560.765324982627,4926.24903514561,0.5253598368383516,0.6006123247403884,-0.03852462916684337,139.47564586526929
598.6690339603019,4601.445855437546,1070.7617817050086,0.7697477663173325,1.2211838219235691,0.6224532490648932,253.52185735180086
1680.5315282444726,3723.82771930613,1928.384904718822,0.3780829691530313,0.3699474384194559,0.31765309157657207,124.91732121855364
2159.536645838829,6454.003112900443,4147.024205648493,0.4985716194327528,0.5530621698672845,0.2176184286401886,159.4864458900832
2537.3185535932707,2214.4209808613628,4583.652064417159,-0.06795355055188522,-0.04628869487839886,-0.348515096473226,5.0
951.9949434212394,6976.55373009167,4748.076982392378,0.7598564420796154,1.1869158914045905,0.19006796906075737,209.25041348540339
2907.5160216711934,6563.407017298746,3474.696260553921,0.38601211098418514,0.3806712464221415,0.3076986429549724,146.28720164091413
2070.0344038718968,5711.981098313521,3592.8371797794116,0.4679953018534676,0.5021106589939653,0.22774694303225998,155.0303374022179
546.6405928028818,7120.973426908012,3375.8737235888707,0.8574157249370252,1.580092411833274,0.3567832939993871,260.42820434470474
1564.0093919900125,2271.878035024965,3756.4362499392128,0.18453842984679697,0.15181277931582549,-0.24626423648328505,19.642461059795117
681.3437364439369,6260.243011888331,2057.625125942905,0.8036922215199637,1.347650649814395,0.5052518044047698,258.44291526474484
1481.1078277856918,6369.478613179825,2177.4406987862176,0.622675875430556,0.8009979926749909,0.4904735567158223,220.86764951800177
826.8627799401702,6896.301261479178,2507.4713435344493,0.7858746037508356,1.2795568098357621,0.4667094900974224,267.0002521968006
1991.4856445809307,1977.103090573186,2723.5277433161855,-0.0036240978755794906,-0.0025817721862222737,-0.15879244275105184,5.0
854.0046086062565,7311.093526063213,2357.872142382261,0.7908158371359891,1.298051222159845,0.5122803775520102,271.95088900259543
1068.7434345723802,5010.818007201999,952.0699866263228,0.6484142992443663,0.8626528434756499,0.680668163496593,258.5537970291098
2349.727797990621,1351.2794124036268,2375.5132659093765,-0.26977747638888216,-0.16155447038269308,-0.2748298447593165,5.0
1578.2498711763653,7920.282434175341,2180.7865456393147,0.6676855285061286,0.9116945814368205,0.5682067808305507,243.94169954764197
1021.2547960790015,6532.339878031576,1151.078350785151,0.7295976709091684,1.088212276807595,0.7003733711076123,260.5797861399456
1750.2117265983047,5649.6156551437125,2402.434137961001,0.5269587690166466,0.6035524156418053,0.40327389922006274,184.71842794101462
2005.244408783186,1876.2696696709238,2801.933367881236,-0.03322794571194778,-0.023182325478306093,-0.1978673628703367,5.0
1209.6203420673346,3408.13376032315,4776.877072767277,0.4761001493435098,0.5152674454530124,-0.16722559568807596,96.16929612629848
643.534572902029,1913.1562213051586,4963.616838439725,0.49658787475715965,0.5495851531733258,-0.44358896101249917,58.8634948570663
1434.3134315924176,3071.458526060052,4032.7617279175333,0.3633439751259075,0.35046616609177855,-0.13531438600653498,60.394881707709196
2167.424321779722,6092.426773148865,1642.0771191619788,0.4751904611578094,0.513798311506459,0.5753891542850931,191.87570047554107
2595.0951363977615,4543.167724880159,1312.8962744514365,0.27290569513445173,0.24212004847740135,0.5516113639205122,149.23215527296412
1658.660711837264,1891.5558379569443,738.339654480153,0.06560025924829291,0.04915672479273748,0.4385026653548179,83.88053590581035
2454.20983913324,5344.019959016831,1945.9954971116654,0.3705725779199981,0.3599613788096758,0.46612033704022243,149.37092465481336
588.1561395320854,5431.296512479498,3748.9407057900758,0.8045815212990086,1.3511366638847422,0.18325842421131674,228.31212273362132
2719.897311177983,7092.255990150104,523.6317743440646,0.4456064376750729,0.46688014525881677,0.8624896293202954,201.86968765635893
2720.1995088245526,3588.8134041538065,557.3851877080858,0.13767825603982164,0.10906200581842758,0.7311343507917437,117.19340064082118
1114.6486429088886,7052.001610400467,3523.360832634794,0.7270242734294361,1.0802341531469093,0.33366617895502054,217.28453678818784
2695.5162551654007,2602.898562454783,4887.395717921228,-0.01748026454726267,-0.012331271233386924,-0.30499431259285176,5.0
701.3002156323657,7425.71979105748,4113.943063449551,0.8274151618997393,1.4449283142776739,0.28699076992769,230.15526023276624
1488.603824693429,1096.690251452067,4158.259981416065,-0.15159342092102962,-0.09769202672235293,-0.5826067981067059,5.0
997.7762055920201,6029.983991040749,3831.150374680173,0.7160471677937699,1.0468376637735763,0.22297978453484393,211.86279195863358
2430.6355272719566,1763.8096405771125,509.36506729816193,-0.15897832963634068,-0.10196973388534811,0.5518469690786006,32.01615797265405
2268.547031656653,7943.28695606428,1932.3287708406267,0.555702328364859,0.658152411329344,0.6086666746498516,213.35729355217822
1285.1521343989089,2411.1993172189354,1908.560708988696,0.30463747759227094,0.2780881929069757,0.11635799328305602,78.68219083515991
1687.518836494233,2464.677700691661,1159.1850343229164,0.1871681306629504,0.15431097249994552,0.36024892813806986,81.85437313054076
1759.701759556636,2365.9188651598115,509.6967300126207,0.1469396148119899,0.11725551942015632,0.6455042661536202,106.90635366774116
2296.440088633649,7547.053732526067,4095.78884600822,0.533409553432361,0.6154978332336816,0.2964280297480323,172.10417374921153
1931.0796552198215,5109.955523785431,4228.252749378925,0.4514784811177776,0.47595276799768227,0.09441883801691141,135.67331587054136
2747.0109144984963,4646.369549168591,3183.1683701602674,0.2568998908884936,0.22472898960853113,0.18688218818242416,92.7242108716323
2569.9136394003203,6204.608977245242,827.2125111492144,0.4142328302323309,0.42019422821927965,0.7647231196364032,206.20820586285637
626.1605181221922,5506.053928025509,898.6077132633868,0.7957799669209414,1.3168945476191387,0.7193894809898987,280.3280342349077
1289.8093809173665,5562.087680849232,1964.4414240130684,0.6235175836408207,0.8029424704273243,0.4779953955182358,204.91732899544854
1260.6749594007342,5231.804638109683,858.4540144786827,0.6116506980815238,0.775801919026941,0.7180894724486345,233.7087329952793
798.0174306337167,5106.774289489953,3422.986864134316,0.7297051381917817,1.0885230392433956,0.19740147406622274,202.22767062326855
506.5403506837936,7511.265618043721,2883.157268862874,0.8736461438213106,1.6596503200812145,0.4452491878664495,277.2075243888419
2798.095800419813,1609.0847172872077,4250.1403927992715,-0.26978951238453863,-0.16156218906228456,-0.45075169931853515,5.0
2626.4848822612266,7886.497967260295,2605.5497966688554,0.5003349819730879,0.5561112336199102,0.5033286436460577,177.04875331602918
1515.749304622036,7318.404020092416,3235.9514811299186,0.656843333087735,0.8838019558525907,0.38680263689269256,204.7097053090157
1504.2744132744351,6771.749487023945,4802.415288188187,0.6364741253252211,0.8335458683372285,0.1701491413776347,179.00398081079476
1494.1059885580235,6956.994279824602,1594.4529975733421,0.6464114869229514,0.8577239153983064,0.6270916615246789,227.17573186170802
1002.8229927147448,7544.956970533332,4037.950087952553,0.7653605971587595,1.205888199590957,0.30277432639060126,218.5838370888331
1386.027321006099,5499.95295405753,4966.27081620161,0.5974350009906151,0.7443531217026598,0.05099089695764416,146.00247643558276
2689.1709318996122,7233.413545380376,2057.562524677532,0.45796965734359524,0.4861309022955096,0.557083667110715,179.2559990714024
2144.1989406187677,7197.018199271242,871.4989957021594,0.5409165831864019,0.6296124591361798,0.7839754257109147,224.12162894333224
909.0422978460783,4372.084734487884,2726.1825402117224,0.6557392796619769,0.8809715949650997,0.23187379825929996,200.10110664056896
963.8776312755044,7158.211703207805,1314.06888819992,0.7626527874879258,1.1965124289971438,0.6897957109972258,285.57382580215057
2759.834972368813,5463.436100798885,4198.921278946458,0.3287744139826634,0.3069003298130588,0.1308702185216506,87.94286878871542
1313.9839475650547,3196.2578346312357,2432.058974311214,0.41733325563142265,0.4246562699373319,0.13577751326472248,118.39885264815912
2050.229814256434,5564.15620679664,1444.5177849214735,0.46148519163108337,0.49169108257141614,0.5877914176284126,173.63004494932352
546.1569078939123,2146.600654474565,4515.195102306943,0.5943512213474554,0.7375939372091712,-0.35554894415153315,102.85508493030073
1735.0068285933546,4762.6595418779125,3812.3553632181947,0.4659600139794506,0.49883229054824607,0.11082245209674586,128.14555565188772
1219.9952927164145,2031.8185714106585,1721.5052297963002,0.24965244394839306,0.21700028821588324,0.08267694394815966,69.38449832109082
706.7058537794272,4919.937523222301,1403.6452027317196,0.7488001969193896,1.1497522839854433,0.5560601438014758,246.70232250955266
2845.8390348115545,2901.10961883686,1751.4810916553718,0.009617379125285918,0.0069167274989344555,0.247094274667622,37.488499425226124
2384.1541890743615,7571.08987232642,4412.777158840628,0.5210254666525163,0.5927380496889441,0.2635470424536806,153.91835084867134
2853.913771688147,6341.93257632428,3945.8084613340507,0.37930372825452036,0.371596894322076,0.23291061720802392,129.06686093137137
693.0502362552821,7696.875833985698,4257.588125637128,0.8347899061635543,1.476830484470457,0.28769903189949336,243.96473140506816
2020.3417062004703,2244.666867424788,3215.796893952679,0.052596649525851864,0.039032846970529896,-0.17784753617796456,5.0
1828.2549672203363,5241.711119581932,4207.918604577114,0.4828108239798763,0.5263701928367,0.10940031991437824,133.43654345008346
1602.4002901232607,5558.859745945667,3103.925686093413,0.5524809091336624,0.6518372342690336,0.2833885334951686,162.18263097697636
561.2827664157281,4551.897530342483,2462.94448545711,0.7804564931294078,1.2595692630550117,0.297790461977991,219.94128624189707
2055.095574724117,5543.684948129432,3539.427323988334,0.45909858331270187,0.48790754461113606,0.22065758562435328,130.82378463038745
744.2529237196118,1923.440628611555,957.619438653575,0.44202517317608825,0.461344062570157,0.3352311881992667,165.15411466871532
2765.83792459844,5715.764523850193,4408.5293627549,0.34780297907543634,0.33053447587337326,0.12911865020983895,106.36356366845564
2949.1624690843346,3293.1135859196934,2853.597467051035,0.05510027332170534,0.04096784842122809,0.07150427521474828,21.067177539065966
2406.6065296842917,4883.718785872825,842.953934818624,0.33978075718551864,0.3204650137414624,0.7056042919562385,178.18497786538308
1030.1224674369698,2238.460271233779,4979.799224135281,0.36968248933436143,0.35876181991960177,-0.37977838761275545,55.62617315830276
542.5664014326121,1864.0344835101093,1045.8146166707138,0.5491014691286659,0.6451935363291337,0.28118979314334897,159.31492978139767
2216.8082732316843,6309.166807267116,1259.7471698924273,0.47998715629790784,0.5216912832089576,0.6671260437025742,191.84581756977894
1692.1737057754747,2178.25799908336,3641.6692085851532,0.12558916685497365,0.09853885408541922,-0.25144836989062497,5.0
810.4463665492266,1775.8450572399256,1368.4624143799135,0.3732752935100511,0.36350452185721943,0.1295619612291226,117.42993868292912
1615.0819318132671,4403.814930930685,2362.569531374771,0.46332958717334355,0.4946208503522588,0.30167446302020234,142.79326936939654
2691.4833837351407,3935.865160648009,2687.3240011255825,0.18776464952635535,0.15488353919116232,0.18851056927982637,82.35605493084516
2612.815796884436,1338.9311481065815,3141.038638807154,-0.32235987430070384,-0.18715074333809423,-0.402258849057951,5.0
2047.6461962660678,1132.0107694202304,1475.5801318282688,-0.2879667323988327,-0.17058705431872367,-0.1317573865255405,5.0
1336.4071687245332,4885.20338169356,1865.5003300390879,0.5703983210842647,0.6875035751866526,0.4473167806133966,198.3080802852763
2298.953211927649,6098.990654149512,3575.1520949699816,0.4524961707733391,0.4775425821040275,0.26088498220148304,141.62253752396134
1816.202026376257,4884.8219120871345,1682.1539475997454,0.45793298359065526,0.4860630522677228,0.4876929704675971,187.84152108366652
2655.5930100847163,3610.233271715108,4086.4222618573945,0.15235664356845524,0.12210929313638678,-0.06186959881513465,30.353482360009956
1711.8746705501987,3696.580575248405,4204.089834918236,0.36696354395702946,0.3552026375540682,-0.06423622721339299,78.02303706038249
1968.9088216394666,3806.6607407153597,3135.226823346274,0.31819405842432746,0.29411346044749287,0.09672209627081797,78.78312956842174
1265.1887057297465,1092.8271122876088,4648.591608550806,-0.07309602931924569,-0.04961496840750973,-0.6193180934075182,5.0
1589.41536704182,3414.101548722967,4384.675639418043,0.3646807259844275,0.35221267296620173,-0.12445208616121253,65.47319684406713
1999.5075543028772,5152.52259429891,1468.4012898782876,0.440855949156141,0.4596079638123545,0.5564361361514162,191.9767239962318
1567.8304816594668,7156.487548235134,910.2846266279937,0.6405838309407207,0.8434705304085904,0.7743125484932651,254.46114251426167
2649.830108306911,6763.410218050507,4121.505915703145,0.43699937180913373,0.4537692675516013,0.24271241685659106,131.61717683292088
766.6048098396315,2418.3593600925897,1988.7437496245022,0.5186100884046991,0.5883164705103335,0.0974825411784349,135.25266558072488
2161.339354700487,1270.1657951180318,2858.6166298111007,-0.25970340139803755,-0.1564648012545724,-0.38472621485633435,5.0
2078.5451909797366,6898.896852571023,1850.882128451051,0.5369404377850819,0.6221038997205963,0.5769305412733265,195.82493492203062
1021.7086935924095,5775.097028577643,1517.2716218060073,0.6993562165211097,0.9980784745765748,0.5838741306590085,233.71252263359477
2696.064045798365,4970.510217261508,4631.527647238462,0.2966704675549179,0.26887383189825104,0.03530319029890592,63.837832738642774
1219.3693937522612,1172.0254212846187,612.8590090207978,-0.01979763949898618,-0.013942344226194328,0.313278777301487,42.46322468350158
1409.8073766518908,6351.006535657631,3452.2292620216267,0.6366856896970249,0.834050526064988,0.2956959654103742,207.50829259688604
1045.3426370198504,5957.624633539818,1861.9138937110688,0.7014572260632495,1.0040900860604083,0.5237790855600398,237.04633507169532
2587.2478978719305,5179.0383134211215,4444.357113248069,0.3337232680720308,0.3129648607951207,0.07634324139489235,98.98954808806319
1710.026643799762,1106.9531159416792,4189.891737939546,-0.2140851475977063,-0.1326239299754285,-0.5820330227638879,5.0
735.2366350414559,6183.224767913445,4941.033039213475,0.7874566055622824,1.285431030807789,0.11166513309251759,215.06711175699405
1245.6663143709648,7499.219829127094,2993.7894791743793,0.7151097694611634,1.0440534580221237,0.4293744737230815,231.44533693250008
1940.4240918605585,4492.50956325395,3053.707047240572,0.39672187027261385,0.3954011081794069,0.190665414218533,126.38904647127391
611.223802476974,5625.314505755483,4108.3400084474415,0.803986194690048,1.3487937338067921,0.155848401537027,229.70960210605529
1617.6097779791319,1903.5121672383762,3458.8524965265624,0.08119638956735621,0.06156291611028166,-0.29004747467251285,5.0
1349.9277300732501,5785.245921328629,3405.6559849816945,0.6216132090579658,0.798534161139895,0.2589071192734893,182.53692588242683
660.7725504739025,5036.187283635165,4778.924622336223,0.7680262560737353,1.2151469025099058,0.02621087398058247,205.88075651770194
1415.7901669700677,7036.075255495395,2402.6960347429786,0.6649756955335995,0.9046406736041026,0.4908879638871421,218.5917309304639
1966.390886003863,1813.646449006361,3960.7985375699855,-0.04040818209449791,-0.02805122482147672,-0.3718369632377134,5.0
1917.8138312002263,4296.381148379174,599.2996577878749,0.3827635477503434,0.3762540439677954,0.755172086623569,190.98758442852818
1269.0942018796627,6408.7476269249055,1393.150293242763,0.6694138195311151,0.9162041456756063,0.6428688742612367,231.70367827801545
2881.2987450618202,3033.694877915591,4459.7571413758815,0.025764378212684392,0.018747229392004024,-0.19030778599751694,5.0
2566.242204037397,3582.464811913222,4432.744164785354,0.16527419587147751,0.13384792636755602,-0.10608324190148244,33.71793846753482
844.9267376197224,5533.129237714321,2204.128307860671,0.7350519527408205,1.1053233942384448,0.4302559285140094,249.29491197521003
1993.390406224035,2268.384294367631,4929.176311398392,0.06452567472440357,0.04831327637704293,-0.3696796959972104,5.0
2418.3634843605123,2824.939861873296,1844.56960152303,0.07754202848616035,0.058631394957517374,0.20995144518397676,37.716955271799975
2261.873650638824,5919.150073438327,1876.3354808010108,0.4470438597542403,0.46908866578952113,0.5186097214842691,186.85262643179226
2778.050544691696,5768.404024547196,2458.993570657937,0.3498940356236999,0.3331839390770496,0.40224267943677794,130.92058948920797
2046.2330732771002,6445.290461239885,2232.478097659875,0.5180527816431423,0.5873652103553629,0.4854718507990117,181.50380245215527
2313.944038268877,2627.472133463581,3964.5043062676673,0.06344903651807411,0.04746934138331594,-0.20282720741273905,5.0
1366.1594931822808,1428.7151636195524,3710.2639515179835,0.022382281174094437,0.016245403821762382,-0.44396926633421435,5.0
1809.004372393533,5538.072298310144,1261.7692088345818,0.5075580523446335,0.5686947953256979,0.6288827591574722,203.9167035922172
2869.711415643616,6775.173505339223,4933.380497940439,0.40492573227018913,0.40691320200587183,0.15730319958601027,108.48490903963854
2413.4727374529193,1715.159780313544,678.0520028036902,-0.16913904397284904,-0.1077843305480413,0.4333539490289632,5.0
1422.8410099659698,3828.2831910698874,4646.97286466545,0.45808137239856733,0.48628864158204504,-0.09659763293463508,116.87303768135646
2991.2446970569254,7789.016199895753,2195.708541817863,0.4450515203903823,0.4660295691281705,0.5601864650459817,177.3349794251955
2258.8365761484883,4938.7505978881845,4969.140583611573,0.3723350557023356,0.3622921300866878,-0.003067250655423615,102.84630064651418
1828.4777820861134,7174.58191170387,4221.085754871918,0.5938096947987044,0.736522093966963,0.2591771051059663,178.4695784593839
2272.952678128379,5836.837139003901,2190.084022616181,0.43945460249872426,0.4574818007548182,0.4543153025309366,151.3186092023211
1564.1046425134368,7071.6885176849255,1935.656034563664,0.6377623655830148,0.8366467154216188,0.5702049536085416,241.04243109009835
1670.5489793691054,7876.0738294086605,3405.493562598996,0.6500230472794821,0.8666756113744701,0.39627297440784165,206.9194955783083
2029.1316052940053,4951.872535813838,2940.130015008656,0.4186705624324899,0.42661118924515135,0.25490900536272787,137.57776464432928
1050.273979719102,5351.845441796959,1075.0623760171768,0.6718980353520677,0.9227284319216909,0.6654495733173461,260.8321880669614
2198.0379181095095,2302.117659197266,4118.773804821691,0.023128031748386273,0.016796433744135045,-0.2829289601796845,5.0
1121.8469626092992,2617.7202708535424,4072.1484509255934,0.40001241171937724,0.39997459325962775,-0.21740758157476156,74.36290687744112
1475.708034525488,6899.563029443823,820.2937267762501,0.6476035166914577,0.8606664518961827,0.787484728519331,261.5308492340376
1580.8695759486511,1974.756014539432,1238.2008978087963,0.11077837878479593,0.08591906255037128,0.22924525183348018,68.38133327638161
2131.3602997599482,6955.266621795293,3528.0580701024537,0.5308797602398777,0.6107933614657426,0.3269200041104048,171.30379606839546
1894.1275786943938,2231.9466150961225,2724.1458577551084,0.08187420304468856,0.062109536191418756,-0.09931195700158367,6.071324848202334
1935.0402893348612,2303.6904957194,3786.246383401837,0.0869718377957443,0.06623284257611216,-0.24344355563385126,5.0
687.8227395684235,5383.174446996528,2278.789153287812,0.7734069976256055,1.2341754198045016,0.40516836874405693,248.1575145498412
2796.0055982589097,4025.5172897093166,2561.373400838761,0.18024005950911262,0.1477597265097976,0.2222814917437846,80.53143242925316
2767.1008407818217,3395.550327233536,4065.002964834384,0.1019771311430767,0.07855950348457644,-0.08973230420093366,24.846522978908308
511.9027002440186,2221.4657739806057,1106.9995823325696,0.6254418638511947,0.8073296125916056,0.3348288391223223,196.76178258283122
2245.3282615382004,5861.714885785816,2509.569743432552,0.44607960733442464,0.46760352265661087,0.4004337793333186,151.5097382845416
1943.4145875560678,6767.659422392245,2513.4175001285894,0.5538059748743882,0.6544313809694204,0.458378047862336,179.9072104181357
1737.4293762336563,2095.6123726943706,1583.7619491620903,0.09344615055848007,0.07151537426721909,0.1391134412045655,43.69743794638768
1049.129687070202,2705.7779937788973,820.0943150164912,0.4411954825725253,0.4601005329865199,0.5348133775360218,169.08322687656172
1922.7583261437112,5853.691546690977,1524.2101418534962,0.5054920026905364,0.5650736923732742,0.5868174430913015,210.3116468971454
892.9707139211158,6464.397509092682,1469.5727415502288,0.7572581153389771,1.1780686544021188,0.6295492179981592,255.7274566290783
874.5723018906851,3440.4863614606356,3047.0288681097013,0.5946417555729064,0.7382718475193693,0.06064841150536216,158.12081072673706
2812.175047293047,5624.366955788546,4778.12701781875,0.33333466568825976,0.31248774953292485,0.08134971671557663,85.80409922665511
1802.0433705306232,7384.78621614847,4608.2678349615835,0.6076898229510141,0.7669426034587465,0.23151053677594213,187.50439756220123
739.6243716202404,3462.7716128532584,3397.274543429867,0.6479987251668268,0.8615899171170143,0.009547613517710036,162.32158362300686
766.7122096886151,7691.070555799675,3893.211650929934,0.8186966415769136,1.4082664890692835,0.3278458549926918,231.06277221270247
2579.0460910515694,6254.827918831092,4057.1322919945183,0.41610077563379766,0.422890492044829,0.2131210343806687,139.32876542520654
2382.40347691436,4317.8534610482375,4886.834539844436,0.2888620543607905,0.2599556035381024,-0.06181427101920287,61.92198815847385
2683.026280397998,6943.100021596186,2228.952752103443,0.44255327710307546,0.4622022932741515,0.5139686158911275,169.9529048648373
1073.133571299501,1118.0347657683378,3063.9443267660577,0.020491896349885408,0.014852529652291615,-0.465308294822951,5.0
2886.233644624412,4829.12370805966,4992.817629479236,0.2518211372941165,0.21931231739468598,-0.016666147330495703,71.86412708804761
1687.8865743953368,1088.0707883742084,4248.095024457038,-0.2160752877006089,-0.1336918058010798,-0.5921900380029613,5.0
892.9428935665891,6520.498713852354,1908.2372053249562,0.7591016585191595,1.1843340942396106,0.5472067878513356,257.6050084204665
523.3400178106472,5468.958603435298,1825.1638726123263,0.8253291261661132,1.4360102573850444,0.4995521726278768,261.6327499022983
2487.529413941461,3041.6415944579912,3513.136569754946,0.10021614082374256,0.07709786715723976,-0.07193149232711489,13.285330109085184
2299.3226307671275,3245.3746404704852,4504.148070802321,0.17062284255630242,0.13877989341038707,-0.16243238158891185,31.576033526633097
2214.6618727530686,1409.2645248253084,711.6827491377778,-0.2222443999535167,-0.13698877896045708,0.32890104526510283,5.0
1287.261614020545,6161.816976541957,659.2055144097501,0.6543836667319866,0.8775780700981678,0.80671357829781,270.06860076283806
2506.0327820390735,1678.2429046158468,2820.022735788672,-0.19783349358779032,-0.12380617820832068,-0.25382667947914267,5.0
2709.3042992685882,2850.3130158207027,1280.9488943911588,0.025363025642797642,0.018449742520809262,0.37987524276067686,41.60344733803602
2433.025045528663,3610.257296486607,2772.0896088065183,0.19480014074116034,0.16162418333140974,0.1313259369924938,53.85317110629401
2782.484422136536,7662.519954550992,1664.6031454188944,0.46721239704208456,0.5008570170721767,0.6430618256242807,200.54583258599448
1539.6287640230585,2421.951987825344,4046.5110315282227,0.22271998953142366,0.18916560852566733,-0.2511507043622366,12.18966353955307
1077.427285526116,2429.0153760449507,4507.801386617239,0.3854584890111379,0.37989096419405427,-0.29967434363580103,56.7590751806822
1621.7976314664816,3125.657228821838,1818.3970463043408,0.31677175271704494,0.2924103173730507,0.2644105645906817,103.58681964370474
665.4929979570429,1968.4324084744512,503.36787630974595,0.49467589584778193,0.5463158749820194,0.592711531182586,207.5385367377129
1433.379584384781,6466.303260805214,2248.512341383995,0.6371045236136036,0.8350583537944523,0.4839793647358077,208.49088779862268
1344.6863263215118,3001.6546793598777,4638.1372218358,0.38123293834772737,0.37417631255864414,-0.21420512016899265,65.65557705442879
2991.0289423840127,6894.639050324037,3339.3927850459145,0.39487570394075167,0.3928467453597668,0.34739448949566504,147.56921055931858
2430.473745183195,5923.450826958612,722.8040795686002,0.41812408661259326,0.42582132012836527,0.7824928203551179,211.62713833630292
2257.578491910508,3084.7925382194003,3777.548805311818,0.1548402463042588,0.12434624206724756,-0.10095042381482429,32.160241890219766
1880.410408258541,4748.75229839561,3031.130472921298,0.4326853958230999,0.4472778613610448,0.22077734019156575,121.407183673446
1743.3386906354451,7826.632991268109,1414.2987395901532,0.6356648172220063,0.8316116704481904,0.693905597156543,237.7636009220381
2988.7267645731986,6151.602895683982,3079.7626429540046,0.3460352359627863,0.3283040197805443,0.3327611976299707,137.0212459191847
905.6759456267256,4868.5982662960505,1094.5601443317287,0.686306568503508,0.9615332443530299,0.6328924810391063,239.40760260862
2832.7166939178205,4599.757099036048,4614.472683070142,0.2377459314495896,0.20454643237239875,-0.0015970498219041664,70.66266694093423
2500.9837063635186,7686.248716394952,2639.245024779632,0.5089964373384135,0.5712367820152612,0.48879054286777424,196.76136155250305
2730.3000652433807,6053.492372671336,2323.6771523035623,0.378332289900802,0.37029204672581484,0.4452357337168384,156.596230216521
782.6697511828384,2316.8875348371034,2878.406598468705,0.4949796508292103,0.5468485657213031,-0.10808224695571184,123.56393106307718
1368.6622687192357,2182.143444194015,4145.294407468032,0.22909763051447354,0.19564021526948003,-0.31026001503090067,15.627026705126097
2500.5967314265113,6027.627578342452,4360.228052781692,0.41357153826995424,0.4192416284189521,0.16051431446586287,128.8916573462046
1975.785792746903,1564.692507807425,3821.538458709959,-0.11611235825368606,-0.0765798825705872,-0.41900281746416773,5.0
2900.2470488948843,1305.9903725718482,1994.4216480325065,-0.3790220370841763,-0.2130393946088109,-0.2085894945704406,5.0
705.3288610753132,7881.406221165163,1126.1722894259528,0.8357166362446726,1.48090074003812,0.7499500474013577,292.61268144638285
1052.7430918031591,1804.8866016674574,4753.239482725844,0.2632053800811427,0.23150441644124548,-0.44957246058827016,17.35713646881868
2697.339845612628,2058.307732637183,4152.673071511373,-0.13437331137902572,-0.08757057021389207,-0.33720364054870006,5.0
1599.4629380703075,6930.402709304215,2874.2919882609945,0.6249734744942657,0.8063409979660435,0.41369067020891326,196.932582056539
2517.755505424213,3347.9627175975434,4987.995355860448,0.14153547450905493,0.11246070322533948,-0.19674194898941363,5.8068137114852085
589.2669532244811,1858.3520056015948,3638.2870907678175,0.5184978026429788,0.5880889425002588,-0.323822440155852,96.08937885526193
2458.438834451883,2512.795430761311,4987.818538462223,0.010934225465667644,0.00787118387763223,-0.32997606829606657,5.0
614.892377040918,5176.529124665909,4818.097858777833,0.7876540751684102,1.286144338595485,0.03586239550970346,211.34330504866023
1671.1625710280791,7003.794999669934,4411.982621979296,0.6147156783843565,0.7827478141309184,0.22703774226894613,180.09531675137254
1235.0867607301625,3562.3122297914806,2399.267665299988,0.48510150462243845,0.5301760817554027,0.19508999036547472,147.07287741131933
1264.3561031169038,1839.4264680531237,2452.6829982706195,0.18528049293548168,0.15251326481447486,-0.14287998358063295,27.781790946669915
1365.6484111927368,7256.810559787366,4809.793121902964,0.6832345816592218,0.9531575420599259,0.20279255888669603,202.84807892543296
1425.9602863308119,2632.453340254659,4323.54294701235,0.2972819344295478,0.2695660615253364,-0.24311249412397293,59.026284075414566
1463.0679278901534,1099.4457755648011,2524.987855970072,-0.14190056884113117,-0.09202033366212473,-0.3933144388708999,5.0
1198.45602037591,7048.18023195708,3383.530748802671,0.7093466999004502,1.0269941315088322,0.35129898533061255,214.2562531236989
1982.881046625192,1401.4785978281934,4243.039952689856,-0.17179097664105114,-0.10928810662230636,-0.5034196147867114,5.0
2332.743637802082,3160.608575818179,4541.75523423007,0.15070305082801333,0.12062325753850049,-0.1793146483720722,21.552288144405825
1249.2599522943838,7189.152663099584,1109.4624080205788,0.7039111478461367,1.011168637648487,0.7326150450698928,259.10482571110447
2909.6806794959475,1155.4655440633612,1440.0438926244121,-0.4315257160577922,-0.23559731112831886,-0.10964257899773595,5.0
1083.345412749693,4121.732029502449,4776.684149368016,0.5837351412881892,0.715062254754955,-0.0736032240599361,126.81311294785931
2168.541964564472,2799.775174625601,3026.2043734196636,0.12705171434305415,0.09980270264805924,-0.03886542973381515,23.505422773461746
1983.753841814415,5860.211587108705,1813.4324536134404,0.49419617920629766,0.5455578210736807,0.5273608094788657,184.8427406937789
934.5759793144694,1965.7675931679416,680.9439376975339,0.35554119287161956,0.3403621566179385,0.48544151487669995,142.85226064384716
647.8260690142228,6133.856852741221,2286.3071977885525,0.8089482870570402,1.3685225012838842,0.4569447378229699,259.63220189491864
1955.3100854247573,3946.035499001963,4245.0606654933,0.33733415282325957,0.3174211711256098,-0.036506123289208936,92.74543268488027
2281.0562961487594,7620.195762803405,1802.2640553072172,0.5392388189216991,0.6264379986435105,0.6174535969573747,203.93023648563633
2479.0722569909976,7278.702472752936,2550.3588166281274,0.49187753849652704,0.5416178510163361,0.48105750045043166,184.86622091785452
906.8493692666339,1271.2565368802886,3262.0146553147047,0.16730461380134995,0.13570237593988824,-0.43914383975589033,5.0
2295.5451658148677,1259.0224930480424,2336.825997026637,-0.2916030223509098,-0.1723711895863893,-0.29973551629158746,5.0
2580.4395797146185,2366.4332110747637,4119.286557491625,-0.043260940324775246,-0.029972762064100572,-0.2702635033110674,5.0
2252.7082094427233,2762.8041931935672,3606.634079586765,0.10170366309552338,0.07833143566177093,-0.13248105250769238,5.0
1009.1000696203226,3200.6507886541954,2743.058345872403,0.5205891731587058,0.5919109880910081,0.07698769107772813,133.4606481768564
1509.4196110316802,2175.8384608361994,1928.2493044154203,0.180833699194887,0.1483124994589073,0.06032745168286431,47.521064189760104
1051.642244094107,3857.540637944625,1625.8496210337737,0.5715611865968409,0.6898577999543958,0.4069910969495071,201.267375906351
1418.2837874132078,4123.690439201682,2652.1378058243276,0.48816658841677896,0.5353258001273635,0.21717679078427243,144.10241141118098
1803.9095417722647,2932.145509097205,2005.2764921923024,0.2382227307259847,0.20503535411874813,0.18772327268665887,76.63142200954582
2983.7745231776044,7577.12284171579,4239.819057989293,0.4349392063379468,0.4506681236480164,0.28241687331367604,136.3236946806325
1271.5999052064644,2049.8858221351766,2198.812799332767,0.23431860937644208,0.2009935185473926,-0.035052374957836675,63.547956845421396
1244.4062228431899,7730.205619831956,2922.625930325294,0.7226829984362645,1.0669087659491137,0.45129594572293774,234.20419191304802
1024.4433411324349,1699.2946257836497,2543.989440299215,0.24776659597969314,0.2150041999763076,-0.19906628949691518,43.10857215943456
2458.0659601663474,3852.815299822685,3603.5184540585014,0.2210070641445969,0.18744402682779773,0.03343423912602959,55.12370134867288
2480.656948761685,5283.283576033017,911.5521719220975,0.36097991966321263,0.347406203315559,0.7057057816017641,181.63700912859227
694.0176396501195,7441.06193656084,4014.30668342331,0.8293765577673532,1.4533316310826239,0.2991396755980718,256.30436848663555
1342.5484006998458,6637.006544851365,3063.7136898249223,0.6635029371456111,0.9008288205346716,0.36835335606164193,201.1317908445624
2541.637739498189,7515.349296418416,4880.228119225429,0.4945528455652786,0.5461733686810759,0.21258559312087758,135.09618944336665
816.4369362211276,4062.387262695641,3160.7300670335235,0.6653140579506612,0.9054750921164,0.1248293713610625,191.64762921731247
2889.9488071321716,5162.39280443105,1300.9366318165207,0.28220908980729564,0.2524591552602477,0.5974407169099742,128.3617311162691
1131.636615391505,2329.9456165554775,1705.2471759733787,0.3461737784989162,0.32845626451819665,0.15481253871783102,99.78842262740491
1310.0309021717205,2471.6683675705,3370.233523449588,0.30717341127201503,0.2810543655373476,-0.15381380456020816,69.80790345218702
951.1356790907231,3272.920610427399,4407.257322680416,0.5496576682816616,0.6463237732715579,-0.1476966708304252,114.5245562817731
2356.4506549772186,1212.6027009695672,3148.6366248993722,-0.3204905725999507,-0.1862664649542628,-0.44391829450912984,5.0
1129.0475850349976,7641.702814601623,4936.277439513865,0.7425425342276194,1.1293369812817213,0.2150921944711637,219.26278613976086
558.1158265249862,6899.744668078892,3153.2340103030824,0.8503281665421406,1.5468233074681086,0.3726766739752136,269.6600603956846
2588.808137825025,1335.8486042442244,4893.974888245824,-0.3192532788487721,-0.18568198076628029,-0.5711439959285715,5.0
1021.3527482027913,3746.053955829497,4316.966996342828,0.5715269068088144,0.6897858682007656,-0.0708063446478717,140.01317349806578
525.9117096131287,5774.300097746161,4545.779487268217,0.8330495144892319,1.4691869176058636,0.11904177678463032,221.41537754187138
911.3338213974735,5399.740070129048,4066.734543432803,0.7111953251009592,1.0324115330874248,0.1408132996676231,186.48578092736173
1420.1971288853656,4321.470450032296,1109.5438800913203,0.5053015140226101,0.5647289892321303,0.5914045469433449,184.6307620976033
1850.6079410308303,4692.947585076105,778.0006257316971,0.43437235800487534,0.44980574613354884,0.7155883784267746,185.5027254102802
1666.5193121764014,6959.046300976446,3021.5293398786225,0.6135860795164614,0.7801869771761355,0.39451802204526604,198.72120685505882
1866.5744210242183,6164.26860629284,4647.542722096501,0.5351485728353534,0.618739517534658,0.1402841612740207,145.0521685019432
752.414223220185,2839.1415078580826,4854.943783341559,0.5810093007885484,0.709324663235037,-0.26199375220432264,112.84615175071143
1134.3707022433564,1180.1418821996444,2415.8265839617616,0.01977573172172982,0.014326118087024782,-0.3436305721383438,5.0
1204.8376628242995,6902.135948698189,643.0440082469387,0.7027651202754035,1.0078603535414612,0.8295483971671719,274.7448446774728
606.5736327609718,1824.4386318771303,4483.147858656537,0.5009703226637107,0.5571325004558011,-0.4215097534291521,74.20641799039178
1878.7025892385407,6141.28039369992,2359.883623521418,0.5314946195020613,0.6119295416025926,0.4448092945946557,181.7463638376101
2592.108695095978,4398.53963821117,4410.8945396376075,0.25840678242245324,0.22634492496203248,-0.0014024625390925793,76.05966196377172
1702.690460708628,3392.590300451961,2359.141010343185,0.33165980809009477,0.31042119483702757,0.1796762112286902,104.04863273254868
1065.9435545873723,4852.947311699647,1959.5451621013224,0.639816452444254,0.8415856672356077,0.4247200507451359,209.3418012702125
2544.543232017797,5692.585588997327,511.0202565343415,0.3821771426672183,0.3754670147860742,0.8352505721103979,207.93196226400505
2769.110396114349,6260.466816211606,762.1522079107275,0.38665779555488733,0.38155017296164884,0.7829435981976964,196.020924329628
2602.424818551938,4628.544751780628,2883.626001958721,0.2802003124534383,0.2502112427145334,0.23227889870861307,92.59039476307348
761.2375247432346,6191.098623540802,4988.721759892586,0.7810124513839486,1.261640666877803,0.10754885340755445,196.090671973846
1834.094254667821,4705.887950117332,4394.69411564282,0.43911338060051197,0.4569586288512446,0.03419493744374293,103.50145597269815
1810.6831213616379,1102.1907900926838,4536.682986414806,-0.24322794345464635,-0.14800601468439648,-0.6090741399500249,5.0
2914.5651896751165,7622.15472608455,4639.8311734159415,0.44677941272041977,0.4686864994772141,0.24321701043114727,134.13282109674523
1067.3852127497885,5125.925725986348,1205.522187786914,0.655310310224707,0.8799013740594157,0.619195418010452,223.771500896291
695.6977375638392,7116.035205076731,3719.2003116275723,0.8218838910436134,1.4215329566716384,0.31349894406068773,230.93037448446648
1777.4312743949326,4879.573311613569,1397.3558148416932,0.46599668013938755,0.4988919133104153,0.554764507622154,174.72832318037294
2103.5477722440837,1132.6141741824117,2418.5601271072674,-0.3000262699565425,-0.17647048343705435,-0.36211851164154923,5.0
627.8328818195257,4970.93279454945,1615.6170490064856,0.7757245369788138,1.2424575635273634,0.5094193203921893,246.1097803449129
1105.5119424592165,6941.071921719051,2487.571660125086,0.7252220416807338,1.0746773959306088,0.4723373221676678,233.7645003381039
1957.2674677760083,3815.798001078401,4700.331456369819,0.3219313106714625,0.2985993608691466,-0.10386566568852917,80.33330880712639
1132.54519325826,1072.1447057501723,4135.441358474694,-0.027396364226940362,-0.0191908029970995,-0.5882373549580975,5.0
1113.1519068404855,4708.731532807953,3604.9617809513443,0.6175973226916741,0.7892906192210902,0.13276527171108016,163.70434181223519
692.3054003382305,4211.734466723545,2702.0114874870624,0.7176591465550828,1.051634774930658,0.21836541131492776,213.78712590401156
2485.071793909373,3188.0525172448197,1057.1348054436849,0.12391421105110804,0.09709955699191344,0.50196082041196,98.15825558048532
2749.5152634877145,1214.4844238371634,4222.94792704003,-0.3872429264239499,-0.21665832785103287,-0.5532875277361821,5.0
1410.1998225394022,5065.795594163251,2380.962864335601,0.5644839960249175,0.6755612895317444,0.36053710408761297,172.3536296126247
2838.7835297798238,7674.568930122573,1661.154651486507,0.45996606870418544,0.48928813905714896,0.6441294266507708,179.87446586773706
905.69940994432,6600.003675950102,3230.603219165938,0.7586636721546457,1.1828437005286077,0.34274592529128345,233.03475236709681
1076.858360860635,5214.79960902729,2407.610192021266,0.6576869351947112,0.8859208372447812,0.3682810935003232,219.12001555190298
1076.493334091227,7880.876874301909,2202.459982455132,0.7596407629859121,1.186190108306405,0.5631485858253769,258.8816922411088
2821.1707752089933,2521.924903265428,2106.474523961705,-0.05600608521631433,-0.03846357944332465,0.0897611335724448,5.0
840.1152969843979,7270.57347725211,1552.2973396369011,0.7928374961077458,1.3057016813953886,0.6481196716629907,273.65153476833956
1053.7354539897105,6619.078729302183,3458.822499403033,0.7253327321162131,1.075013898100559,0.3135827746142328,205.64249924319208
571.1340689590845,2531.674452993492,4012.07374930324,0.6318599325519426,0.8224462355985525,-0.22623109116025042,128.62923169099395
2656.2579069409444,6108.564338165569,956.4212848627267,0.39388208160846605,0.3914692393388617,0.729250323706279,173.71287354248665
1485.5210951356025,2567.4258603536355,1102.6705318496029,0.26694273989591155,0.23557458185731658,0.3991054107506977,123.72035965516993
637.3152046343617,3649.630737176479,517.1039843976894,0.7026716857938775,1.00752782139597,0.7517941412990998,253.15106959690843
1625.8730566244992,1478.9992791020863,2359.279892386504,-0.04730428874162969,-0.03268150227548511,-0.22934251880216364,5.0
2520.364585762046,1212.988465005637,1626.4526694467202,-0.3501881827483172,-0.20007376915974376,-0.14561464200778843,5.0
2669.399201712609,3291.1438323932343,3977.7120063512025,0.10431006487474927,0.08050125249075889,-0.09445340354722276,13.169926722971367
1981.6813073947662,5431.674215486536,558.4214147111053,0.46537534817775844,0.4978987900675208,0.8135517528959864,200.7277461746163
1120.4582489493587,5549.939156553305,3274.767448932629,0.6640505261779229,0.9022309905820203,0.257818396585387,183.86037338062218
1576.606441992064,6162.081062120979,3461.268325878835,0.5925390600278454,0.7337830262675387,0.2806520502445197,186.10367380943308
794.3642648584419,4288.5852282625565,2477.988477263386,0.6874396386282361,0.9646392984805691,0.26757955052687327,203.37909851753614
883.0818061248756,7329.4706457964585,3492.207405965477,0.7849433993421254,1.2761122220107004,0.3545904083564587,246.29451597766655
710.6203812269183,6511.435414163854,3261.1170402965167,0.8032082825829034,1.3457521673322927,0.3325966669077572,237.56299703532403
1602.482747714304,3173.1400139802076,4867.143828030738,0.3288905645008912,0.30703197739587956,-0.21068955364343903,49.035910097070484
753.802746628663,3682.652779691948,4288.562844840615,0.6601779314650672,0.8922381661533839,-0.07601225379073667,150.98005023262087
2418.8899972680074,6082.722006900875,4678.398370037968,0.4309573299046463,0.44470323137847934,0.1304997609488584,120.4031113055265
540.1438533867682,5012.313478422377,2180.722433335317,0.80543971019999,1.3545171864013263,0.39365729289143414,255.86804393485357
724.7879244738871,3927.5167454199404,4689.55517420705,0.688417687040846,0.9673294359390971,-0.08843356952412006,154.67445252676035
1611.3639539202711,1519.753589443876,3462.478962521899,-0.02925804067665522,-0.020468960079488265,-0.3899306891890416,5.0
1335.8463499409572,3570.6073597516147,677.3433612003728,0.45547377833005354,0.4821829801201169,0.6810964128184968,188.89961368955582
1688.658161620157,3747.1031111676357,2314.7130048848667,0.3786856791290055,0.3707559844789322,0.2362971886021601,129.35285518407179
566.2206229274628,6468.326387129183,2849.0000965642503,0.8390171755089567,1.4954684947807426,0.38845116101821553,264.35799471864806
1080.3388169319269,2753.3471302422267,4587.541445624214,0.4363968086919309,0.4528311707465931,-0.2498599857736757,87.56962121810375
1415.5861245631845,5299.7856177104295,2588.2233714818026,0.5784042405452557,0.7039499697674695,0.34375749946534295,181.2084797371623
561.5308897541064,6130.36820104536,2354.103947658681,0.8321759241880291,1.4653981181456779,0.44507945653618586,263.42602958589936
2042.3206327823525,7062.724029249356,1473.1608762897133,0.5513870148106839,0.6497172225239343,0.6548311293041986,220.47361494722847
2873.978556424198,6330.451525284714,881.859971367822,0.3755227578243778,0.36653506177041156,0.7554570480892706,179.3238221169073
2198.5665045005508,4225.810957069206,733.1297824915657,0.3155550034816534,0.29096624372171426,0.7043200064904743,167.4087493075819
747.3911244317873,4910.9038865714265,995.3461052125492,0.735824617363955,1.1077590745199395,0.6629515828389844,268.4781225592342
1820.3214754249536,5554.3340082835775,4052.3488308879128,0.5063304368049679,0.5665401718106997,0.15634795094045725,133.4115708034136
2740.6370846100067,6462.164266133872,720.3523607484,0.4043906892349313,0.40615634197918304,0.7994150522528501,211.01946601221098
2758.6696851097636,3466.429678691831,1685.435660599224,0.11369456969376827,0.08838405547311964,0.3456988683621124,83.31875358864426
2444.5174125804288,4345.265144841635,3547.6490852008424,0.2799423569026543,0.2499225242838355,0.1010546974530402,86.39404922310568
2079.6269281747554,1209.123922211116,3754.735564807864,-0.26469107734227165,-0.1589915050282047,-0.5128291098370057,5.0
2961.4144553278475,7852.191584554816,4959.511024607567,0.4522799435023395,0.477210847471416,0.22578424179568,129.2353633062676
2659.525493209059,3735.4677933396997,2224.6029781309744,0.16824760429780783,0.13658512998288003,0.25349779774215914,70.64986699590875
1255.5458472864225,3077.359386269277,1714.8275171799314,0.4204600470957831,0.4292019160986391,0.28432360762563963,144.16376339861927
1245.468600549138,3157.496502986812,4371.5739959420625,0.4342591542385598,0.4496219758008727,-0.16125197565446084,94.86599391101822
2392.4556560322685,6319.3653823713885,514.3488365969442,0.45075647313892997,0.47483565445475157,0.8494672675676134,208.0942442307879
2462.8825382264395,7793.426272425111,3859.930857993217,0.5197331546943063,0.5904006628135808,0.3375418233623763,181.59935599538298
2657.7278584819046,1027.5718005188348,4906.550714553484,-0.4423401645343387,-0.24008275709109958,-0.6536735471046645,5.0
1306.7083524808324,7428.081032205858,4268.157331989296,0.7008036953650932,1.00223327085471,0.27016580900228926,209.2502810793652
1162.155905558551,6785.999994061089,2226.779620482861,0.7075659006718906,1.0217787936160616,0.5058617394477435,245.99863399748816
1888.416247164921,4635.916205658091,3654.368120769547,0.4211158732236643,0.4301729779266891,0.11839739701582762,110.1119878996488
2145.042748550498,7936.508976829555,3754.890124379407,0.574461787774666,0.6958299098897462,0.35766624814476455,176.51029548592737
755.788678949366,7969.634393998454,723.4701503104548,0.8267617115997541,1.4421500028977063,0.8335531001520364,298.50129866032074
1609.9547779125635,1342.3550148067213,1542.8021949346157,-0.09064081407551854,-0.060801083321930266,-0.0694753060185548,5.0
603.7090897444099,5349.127616326174,4356.050835817185,0.7971692757749111,1.3222292710879966,0.1023244225032613,216.00541409881126
1586.8695582510845,2382.486088724382,4048.463033616008,0.20043971894508736,0.16708029196221857,-0.2590561537557736,7.439301568714807
2362.368313198365,7286.066568561766,2293.1511831796774,0.510310564893907,0.5735560822011536,0.5212237068056191,175.31018753893235
1372.4018421332821,4695.017874571664,766.9661048580099,0.5476159862062732,0.6424025164016428,0.7191620817248623,220.51639877955094
1077.3948103274183,3231.757102020027,672.8675013533318,0.49995041600170737,0.5554125778333665,0.6553484290911402,189.1857187265735
2915.39432108077,2908.1109915124634,4262.746708230523,-0.001250677929546311,-0.0008925002828939514,-0.18890846440554845,5.0
1934.490312822929,7410.820252466802,3570.661854332032,0.585997640292235,0.7198588822951144,0.3496939994472663,183.92424658622974
2555.4751905797375,4421.3468564949235,1606.5800917996387,0.26743862077291997,0.236124141342155,0.46695435899811166,125.7107160870821
1230.8241492420425,2323.9479142323494,4976.773095721658,0.3075088205836725,0.28144588885163335,-0.36336482074975984,24.14836817151295
1330.8091879312506,6036.721967720813,4116.34878162662,0.6387367327982922,0.8389885731781911,0.18914210619762295,184.27540050184496
2526.159105053137,6849.12385275578,2926.0629359529767,0.46110232263878825,0.49108798687515326,0.40132848621705847,175.29606908315833
2802.960125886885,1574.0412187003017,1617.5912478742243,-0.2807673130888016,-0.16703802239081555,-0.01364506396534386,5.0
1520.481491101753,2739.2389420319673,2853.7542065225302,0.28611207467141386,0.2568372907993826,-0.020474772886085953,80.07632615473648
2668.342517828361,4114.314557648557,4978.482329665379,0.2131866646826364,0.1796205565309786,-0.09503871939858805,34.478256226864524
2690.3245039807575,6845.8776635072945,2658.2505504089017,0.4357660508979532,0.4519101363417721,0.4406113867999116,166.35923782279647
2305.6548780717135,7060.313123916871,714.1878454438089,0.5076526253696356,0.5688685199922046,0.8162742924165649,227.00890366100873
869.0719738016055,2617.757081518147,526.5417805201848,0.5015115680956922,0.5581012805288008,0.6650815943676625,191.27856303334306
2407.34921390747,1137.9040636352743,4595.057398475603,-0.35806895884008433,-0.20365866705084304,-0.6030309739714128,5.0
2745.3327955153004,3720.1680826833704,2193.772210398821,0.1507749059789611,0.12068876945870011,0.25810133284773673,75.51765281328302
2190.0784434464963,5639.170187629106,3498.2120437715826,0.4405393041232649,0.45912860110060266,0.23430760467322861,142.56698802779187
1447.0303243895382,3508.9181147525146,655.6303759238974,0.4160430269334836,0.42279176270529284,0.6851373551133857,199.0980468866505
2760.163296589003,6526.848214218534,3370.2265108076726,0.40558633020326884,0.4078471326748084,0.318944919664993,152.75405575560842
1038.1216664808833,2538.8938079534637,1183.3201056319433,0.41955986821397406,0.42788132280863417,0.36418479255309244,152.44663265271316
2351.724560608319,4483.133158316363,3593.7955710003785,0.31184388688804066,0.2865646871917369,0.11010838612180107,91.70138080466418
604.7555785460983,3737.0350237084854,2998.6069468692394,0.7214257276282385,1.0630049280389993,0.1096299476657427,199.67857554143714
1792.8468324488585,6997.289513633525,1904.5746065948415,0.5920775828365986,0.7327983776435355,0.5720953316838475,230.08100143782934
1269.510525232928,2462.0421565066868,1699.4000393050924,0.3195805426491342,0.2957636837232846,0.18326389773859653,89.39855729215111
1844.8403800399867,2184.2960068130656,4363.344803119046,0.0842502199221803,0.06402726779364452,-0.3327990736247755,5.0
1952.850739606681,6396.069343627743,951.0532669829635,0.5321908173982114,0.613224022480102,0.7411086440887735,230.23377926463073
1335.9555139673303,6447.850880320074,3263.1481596787035,0.6567346497014197,0.8835192527886695,0.3279480007356507,216.28148486171952
2871.8832502995583,7696.188342396622,3448.47394591307,0.45649814626300844,0.48381445379374266,0.3811433927933458,150.4157892528963
735.6926384095631,1484.9924540003472,1587.4242212252316,0.3374183119499478,0.317491942348552,-0.03333915221119045,72.4116587549604
819.1929861011431,1836.3557769029476,3067.4738447323175,0.3830329928749287,0.37658671902415125,-0.2510523738726021,79.59217242032011
1304.5862572865763,6305.430163839066,3702.0638881494647,0.6571396997269088,0.8845447871365317,0.26014167601849936,190.91403887675364
2654.818459265673,3159.680724901085,3206.2169504199114,0.0868281600113308,0.06611747901353168,-0.007310237752002469,21.88030917301035
1600.983801473024,5706.767423807781,4246.736383883119,0.5618395447794065,0.6702807948649016,0.14668513399772207,151.8687297488735
1035.249492845649,1066.1532659280997,1892.2784034772249,0.01470625892095907,0.010614527465816594,-0.2792442853466143,5.0
2049.957631943475,7755.7015279716,1350.3302689903362,0.5818827477474404,0.7112106901458816,0.7034206997184965,226.26299163024277
1062.2708551370467,3220.1221949349156,3756.4863966307194,0.5038891372331454,0.5622480891198394,-0.07688036308463118,127.13294492279024
1137.181832350278,1034.0017151762083,4876.221134862733,-0.04752252164221434,-0.03282606893026573,-0.6500972157100829,5.0
2633.6930956477468,5551.484910120114,1660.3723658739018,0.3564726157524993,0.34158751194530906,0.5395437534044035,166.92197985577127
1393.4192002268526,7083.370086762106,880.2283802750223,0.6712389199761674,0.9210089263192361,0.7789370259417457,250.55855264762408
1359.9182456757187,5265.853650255824,4085.601400794077,0.5895064703916203,0.7272884265858848,0.1262105461548497,159.8473307432833
892.8967789517757,3566.7652577485806,4890.781765200915,0.5995675134557049,0.7489705208550117,-0.156548524495705,145.30939504337672
2271.2746602286034,3658.4941741639886,2026.6707639994333,0.23394158397129855,0.20061435011340079,0.2870318500213434,80.5660837846107
2347.20918272594,6558.520744293625,3453.463832163095,0.47287663061933727,0.51002244006289,0.31013400870812047,169.57779787369975
1534.4261042709577,3007.0576760655445,969.6274496584431,0.3242622109202401,0.30140771035043645,0.5123438646714145,132.09439675643983
2520.97098487913,5542.325205946598,1709.835114456507,0.3747046058075363,0.3654424659514019,0.5284618543497124,151.0514713019881
1172.8760205877718,1219.9176340846275,589.6119000046401,0.019659703370300236,0.014240925075443934,0.34832575089684464,47.442175685294764
2583.2385235631136,4697.02327947578,699.136833933825,0.29034460748925206,0.26163999579696073,0.7408761713475146,169.39095181748777
1026.7672433244174,7364.250071065337,2828.9456874089924,0.7552699022700742,1.1713646782457108,0.4449344926433782,243.44573877029396
2294.0429677627035,1449.987993178649,4523.435510407353,-0.2254401694761615,-0.13868572773856416,-0.5145202771692168,5.0
829.2646385476633,5536.405113322566,2255.722652389495,0.7394572224945364,1.119362606722974,0.421025239723113,224.895471312023
1012.017165383902,1049.0713372608664,4495.204371222541,0.01797796252389882,0.013006622051903373,-0.6215659564092586,5.0
2540.666071228149,2638.8099569228257,2740.046181509197,0.01894861278289657,0.013719658386158979,-0.01882114374545467,14.767465814192322
2071.1676264210764,7003.850301954234,4663.711329360879,0.543545226458049,0.6346129083321257,0.20056795467117816,170.18630786750865
1095.0604260114596,7848.933822049582,3781.221593981223,0.7551294430614328,1.1708971194043196,0.3497556208158439,243.8186453189952
1726.370625227525,3044.2149948212086,3302.1332542675796,0.2762437307023907,0.2458034080934354,-0.04064042017277614,62.1019145206033
787.3945166589592,7807.963188060489,1374.0202191519525,0.8167860968403867,1.4003797295032139,0.7007138526469091,293.07453504067115
2656.8904534276103,6840.005279066874,2204.4216869683924,0.44047180710702005,0.45903025729687025,0.5125348028121688,169.62301240886046
2508.5528452208528,2563.160020644732,1567.3677529698227,0.010767008475704082,0.00774988595806643,0.24108112135085033,17.5792900883633
594.6059200607682,2451.1306171957594,1806.3820690340144,0.6095486834845283,0.7710119690328142,0.15143784541045302,171.2824411640947
1802.7312778935277,4009.8912013179993,4582.552956393125,0.37971843706322217,0.3721451425734681,-0.0666471314212213,86.54336232565487
927.1225333326148,6467.6249189708915,3541.6416043463055,0.7492483577871385,1.1512626857756652,0.29232744552420514,211.57623228660364
2193.2825235605414,5335.068443838254,2775.54067819088,0.4173272385235168,0.4246629107531768,0.31557774845540165,148.55876561340938
2331.696074958027,3560.3673159438563,2820.044490941475,0.20852987472513082,0.1750089988362607,0.11603057095584986,51.94251452174234
2368.617816512898,3768.2481538334287,2416.29012873153,0.22806923661940015,0.1945989983849542,0.21860290342039704,94.99560613901139
1744.224994066997,1546.003992544561,827.4698092614815,-0.06024535139310424,-0.04125357157990838,0.3027352492509467,6.460328216224777
2929.1877858104262,4363.760442525215,1237.7006633563635,0.1967068202876126,0.1634662756494315,0.5580793509979717,129.11561552194001
1715.99955333328,6081.1062681358335,4310.028503850103,0.5598367925472446,0.6663022204177362,0.17044122735180378,161.42394753421928
962.6555081919741,6814.998069974069,1923.6615146535746,0.7524560591717188,1.1619231606367664,0.5597353355387834,255.52331433596103
1308.4762653233183,4619.504937704037,4350.182182853412,0.5585423702307406,0.6637263299239621,0.030025880635606933,152.67955492967886
2657.170080827738,6843.7297282498375,4343.456474402857,0.4406487523404288,0.45929936130706883,0.22349438083283393,148.92655391385188
2042.7215014815845,2848.2558846406587,645.742721206085,0.16469803873557368,0.13331731092122268,0.6303703610867472,106.16259963667426
962.1503587561388,4174.052365086112,4129.349033052091,0.6253456450998284,0.8071764905639756,0.005383737324641586,157.77781511140873
1053.3614332045518,3597.3960920632517,3343.85751356092,0.5470151140948145,0.6412305454569962,0.03652633844992712,155.4895726094528
837.8136593198253,2728.2491351718118,1558.6038447072856,0.5301183922621757,0.6093358446531006,0.272844740811398,157.07033489082278
1109.6852178259492,6944.735196743593,545.9790348307499,0.7244531174010039,1.0723161969908515,0.8542251063439347,287.47072467308146
1368.0835811320326,4574.052356778568,897.3484861887059,0.5395313753515879,0.6269713443689435,0.671985836066785,222.9223362965819
2831.0182273237965,4889.924693261921,3125.3320468282645,0.26666515823889403,0.23528171832553219,0.22015422630038514,88.14141083201102
2557.624900430961,6430.097066808347,4914.779140619063,0.4308624788418997,0.44456301005518456,0.13356848486928824,112.85810032506069
536.5435613607104,2759.2297259952556,4399.724280060651,0.6744050546460039,0.929295708294289,-0.2291528276964085,134.99033365802893
624.9865473343981,2706.3677840052324,4334.8686129378175,0.6247853062238107,0.8058265083883555,-0.23128052189929563,132.8860401008784
2752.049188143597,3371.0753181842783,4560.033191743858,0.10109644664253671,0.07782822841804475,-0.14991068044540498,6.99057179388573
2717.9612284884006,1259.8904764275137,1486.4834678376983,-0.366547287293899,-0.207481807194532,-0.08250624129348232,5.0
1552.8896567667068,6445.3217179212625,3830.820098193007,0.6116907682667653,0.7759035920491042,0.2544244392748616,184.96650521809244
692.7884734844862,6415.392516110297,3182.8899647791977,0.8050729223408486,1.3531015976532157,0.3367792683149659,244.7709961220086
700.7381695402933,1224.2433916984062,3716.6807868278197,0.27195336954255867,0.2410390456043634,-0.5044476103190088,5.0
2741.6663385074703,1989.9752949697227,3496.51358342402,-0.15886474538995876,-0.10190501204149333,-0.27459060276465375,5.0
2953.0166768979934,7026.66959738741,509.6406897946696,0.4081944870930241,0.41155043636365685,0.8647506085056361,193.59052841048558
801.2470579983045,4903.341149307564,655.7690184581136,0.7190868019775062,1.0559536250969734,0.7640741057291485,270.3424858239367
649.9048840782743,7165.036406488231,2529.995296828103,0.8336763232553981,1.4719514958955073,0.47808416217933114,269.2868504899427
2823.5085568075388,1531.5723239060871,1241.336814406509,-0.29665034197782886,-0.17483524839884776,0.10466823646862357,5.0
1158.5347348888058,3302.9206836090743,4156.770304716106,0.480647176109542,0.5227593746713881,-0.1144617950433725,120.2507202928831
2652.3111274132243,7517.7870772376655,1653.52212425798,0.47840992795143306,0.5190914335492876,0.6394141581644563,198.07530620545748
2537.4886378012425,3789.3029816269136,610.1743022244141,0.1978592656321683,0.1645804477878993,0.7226150911948469,131.1789265494537
747.1100758874614,3589.7529782665706,4488.7561305716945,0.655460609714398,0.8802481520863354,-0.11128329993591135,142.6463196351924
1238.533048033313,5631.91256634818,3335.8777885243207,0.6394606353449632,0.8407345067776626,0.2560312726668856,176.35141718782714
2824.826762992531,1425.4027872811603,1631.105669594992,-0.329258445650776,-0.19039405478626995,-0.06729995520992817,5.0
1835.9057709494377,4289.827125364792,2617.2422848652245,0.40059228757611237,0.4008035068139982,0.2421554990862198,124.56488863959669
1982.3627178344184,2699.888936877169,1697.0970275281895,0.1532438390336164,0.12290562033346211,0.22806347739991745,51.68771830444562
1166.2476622656245,3365.789527861531,2059.5825182805165,0.4853318216148314,0.5305585193309128,0.24075897435809812,156.74903040908546
1836.2558558356802,7264.6935086634885,1258.3728788924886,0.5964693830081614,0.742270109757801,0.7047135802949698,238.1071085574705
2744.8015788295606,3273.7906477155584,2880.2116175964325,0.08789249194603824,0.06698234689371235,0.06395496996704755,24.488399592050143
1313.9756897300572,4090.1252625416314,603.7596000791559,0.513711641735869,0.5795729328348226,0.7427463100944383,211.52895809278834
2067.608362329903,1850.3425493660525,2930.198858218038,-0.05545393952226649,-0.03809811388345646,-0.22588577664298887,5.0
1983.535658171275,2815.6108317812195,3055.377246840266,0.17337982392881723,0.14133800102969685,-0.04083919296162231,43.535911070778425
2244.310594644491,3928.5583788867043,1294.4440488541736,0.2728468385107955,0.2420533099739683,0.5043295242479033,114.16086398997535
507.0813996841598,6469.654589513691,1430.87424060489,0.8546364945164623,1.5669304029146351,0.6377776040841805,288.7206363084643
1640.0319872270536,3134.604365260743,3368.1435374515067,0.3130232896044382,0.28795388444563186,-0.035913920645369336,80.43956619219836
2080.638345992851,5431.014394957005,4634.741581587658,0.4460238197984737,0.4675157867109472,0.0791071048360126,107.75583249095784
2518.5114535936254,7097.06600630533,2796.7461961098156,0.47616012364624616,0.5153909200891478,0.43464740605356655,160.8738899393831
1301.7542998844876,7618.56949452791,4133.679516866968,0.7081374330707676,1.0234569317869564,0.29652962373291225,223.7056653072278
2217.5012396830152,6550.35135831947,4936.309724634857,0.4941746077174473,0.5455242528426432,0.1405144299015892,146.22782290647206
2017.6179594934913,4092.478362445955,803.9479419403001,0.339579000606375,0.32021059386229683,0.6716184856878467,174.992445368887
1483.245128073163,7987.2213367118275,4355.791071424966,0.6867640820160553,0.9628278642430557,0.2942093992062044,207.48104779553935
2682.5937370430524,6395.705430630157,973.8482640034832,0.4090096200398488,0.4127097940804426,0.7357103822771587,204.0164636374712
1714.0355860517695,7183.8384639602555,3067.5535670603695,0.61473143433474,0.7827847332651408,0.4015342388665372,190.47466701015858
1227.0079230110416,2973.123010626157,3892.171622019988,0.41572872722024845,0.4223312394540573,-0.13386877919115994,73.35498897619064
1793.5915582800349,3273.5066562635834,3570.9334365250115,0.29206362991816953,0.2635916915258914,-0.043455239024057825,78.74902292830807
2915.0930847351196,4034.6636770932373,3098.376078366321,0.16109493188974336,0.13002404494273634,0.1312606729661124,48.34091641502286
2498.655716932508,5221.915092524336,1520.6189364788584,0.3527277247303281,0.3367894712567139,0.5489473452525865,163.5275319503146
1384.124332421461,5899.075219301841,2789.9786267082477,0.6199131101923699,0.7946159298514034,0.35781762287771246,188.95331136828727
1346.34203912867,7147.316032126649,987.8753552570181,0.6829771040521352,0.9524552886338946,0.7571353128415352,255.51236942203124
2362.3468853544437,3315.7820034288484,1592.341803812786,0.16791360967341354,0.1362761661436212,0.351140327129094,81.11235551238316
1215.5601553332262,2751.2416780417425,4831.646790741239,0.38713341044687877,0.3821775512933199,-0.27435523033072334,61.858945860530355
614.810107465132,1814.983961648843,909.795787622624,0.4939405643242081,0.5450534665318858,0.3322059971768493,162.09436914662612
2892.7110181464923,3908.114559023191,875.6959836104772,0.14930592311264299,0.11937283850382037,0.6338918625128831,101.85815230150935
2874.0826003302354,1845.3913296240655,4212.138899237427,-0.21796735944638715,-0.13470972752490926,-0.39071163986043833,5.0
684.673064082449,4121.585439949691,3322.8485511684257,0.7150910364618973,1.0439404257730287,0.10729316555522389,199.959204628885
570.4846847222316,6020.812577786721,4044.6463498730873,0.826897600755901,1.442691656587116,0.1963314581004162,242.45042774506763
1717.4565287002351,7726.1535025837575,969.4814569150187,0.6362711879611873,0.8330652087184616,0.7770188233937985,266.15219687978265
2327.3086286003168,7823.788658255082,4893.834817844159,0.5414665896494423,0.6306589031276748,0.23038532676226195,164.41089971018414
1023.1189124114633,5408.964743763514,4496.294983058409,0.6818701473914518,0.949425931797971,0.09213991210564576,195.76750290994852
2040.6686119409537,5501.7970323823765,2681.6696500416665,0.4588855399808786,0.48757053707011416,0.3446128018157631,154.04763404288275
1194.4243516231045,5228.873588208149,4731.335548592856,0.62809623245702,0.8136319467412982,0.049952569542645035,165.12331061056977
1139.8341345392212,4588.704216875409,4379.381746123012,0.602050622718177,0.7544312474532843,0.023340818943161694,142.38151027629002
1328.4494958989583,2228.578444328179,1078.9275619337172,0.25305647391644776,0.2206138832998686,0.34758844877992984,114.77249018288944
2456.3444808286217,7588.102194370245,1945.8084336765849,0.5109049685834601,0.5746090889652619,0.5918131583385483,211.44136898715684
2820.7522151537496,2132.6999582267326,4073.771791502566,-0.1389035833404549,-0.09025665836719138,-0.3127496444413439,5.0
2700.8446234960575,6810.255819226003,763.9230417888161,0.43206474582469806,0.44635834052528167,0.7982822808370796,214.31300788595544
905.1079708557252,5690.466667312298,4039.8965374759687,0.7255408297616059,1.0756404952732794,0.16963088580850308,204.58710343813394
1653.5794556794533,1901.1247932102365,4771.8073008882875,0.06963879977876221,0.05234135659923262,-0.4301980698689646,5.0
1018.5516775284551,1864.6780586349998,1738.510702881921,0.2934647802082434,0.2651772724160919,0.035015472146662605,91.6434439001629
2268.3053440249037,2816.0027917817833,3696.968354070201,0.10772310273485376,0.08335407468334104,-0.13526323738041252,13.37123631032701
869.6543316365785,1936.5771756060112,2123.361416811583,0.3801977281046196,0.37276303961567436,-0.04600666658072271,99.91282212332982
1763.3797906781194,6715.741317673669,2375.0130576463043,0.584065431207663,0.715782474281394,0.477488234786576,215.83745456650755
2591.9014841147427,5301.52413675549,1511.2065306010134,0.34327588330385017,0.32483352747606337,0.5563580582687043,151.39821733154207
1334.2183213984035,5803.996353570579,3558.402333738731,0.6261759046305821,0.8091381068808359,0.23985242399855158,172.9914778266261
1769.2073136372344,6828.501072379942,2907.5842673044217,0.5884467733730546,0.7250455326266693,0.40272005306805514,200.8219466878366
2461.5376607975295,1445.5947165653552,3683.568737391675,-0.2600226575015258,-0.15662835760767085,-0.43632339668634496,5.0
2792.133688833869,6143.064778717967,2420.174026145513,0.3750259271439772,0.36587222858957136,0.43475264873184316,131.90178683881524
765.9520248870217,3181.3035623972087,768.0543858881836,0.6119065470903742,0.7763392448124378,0.611048481170385,218.4883854798521
706.0688822744966,6292.861718655082,2550.7109707689488,0.7982352096533615,1.3263644182734493,0.42314920438638975,264.0703161658649
2780.1941920207805,5262.907463715796,4651.629766276245,0.3086761025350955,0.28283265623634046,0.06165468777793747,78.23865301249542
668.3017383893842,6173.920028793617,4143.694738629629,0.8046535872318397,1.3514393710510078,0.1967727363089222,231.84105031313035
1867.983701222758,6136.627244392846,1352.5580534603132,0.5332730811826519,0.6152368474899007,0.6387970119613853,212.20815423797333
1771.9778449584862,5541.17964025237,3972.555323717384,0.5154000583743491,0.5826003014079828,0.16487996799477508,142.34741343204425
2162.6542993780618,7626.721146615433,1209.6560118807047,0.5581629672723902,0.6629975341725338,0.7262099635299675,239.10128300003302
1319.0676685578271,2957.311490500074,3355.8704902519203,0.3830913398053472,0.37668683603338926,-0.06313123887508162,90.0250438258607
1088.0432743483912,4287.400494403588,2163.745462961541,0.5951801110930073,0.7394512674198479,0.3291903555039438,183.30339803338805
2860.975429338143,2276.8445453128606,3305.5511100096182,-0.11369236111688949,-0.07510542881581542,-0.18427689974494565,5.0
1037.8058151178393,2253.7558753689173,3726.6266983483965,0.36941433101375315,0.35840860924183765,-0.2462837125514667,57.955281083544236
2365.703621677554,7404.458177199241,2858.1310192776937,0.5157288751948026,0.5831978271385188,0.44300001397690797,183.97766511161447
1980.530242325904,7381.525110088284,2912.869546903335,0.5769026847072342,0.7008560586408044,0.43408628789220716,189.13474197273152
2503.8792996741117,6212.862190464896,4469.50511393265,0.4255010768142139,0.4366151989026892,0.16319950687815887,136.42019268702094
1502.4383421708071,1244.4619270467206,2250.4376313298744,-0.09391546461337577,-0.06285918674636656,-0.2878410916228435,5.0
862.6633900556255,2468.4103410063863,4721.244970184045,0.48205085810477283,0.5250702736715129,-0.31334389916549427,77.1159254167019
2741.0359720973656,1251.509615244785,3123.9825920634034,-0.37307685632992005,-0.2104002292768621,-0.4279456773487483,5.0
936.2694633456804,3785.523905342372,4813.9890851404625,0.6034263295568414,0.7574467825686603,-0.11959574697040486,135.5626161172949
1640.7335570576975,5987.704203374804,3288.576752779307,0.5698375974559714,0.6863736608343249,0.2909708603116273,166.82034335941384
851.3981900850349,2660.1459174551733,2056.547201475938,0.5150861477067012,0.5819999890198698,0.12797074149866486,129.1670326068172
743.922130334178,1244.600906531961,4057.102771826786,0.25178424723459863,0.21924463653875415,-0.5304902037895491,9.352411259724825
879.4874350121638,7295.726970225085,4004.6877060699157,0.7848405211632952,1.275731137895269,0.2912317253956694,231.43181550491505
2178.8566485437577,5375.100524445951,1943.7990163442034,0.4231217893196051,0.4331132073574111,0.46882751819578516,167.37483631074542
2113.855613214485,1353.985493901031,2536.709879401531,-0.21911907022936822,-0.13532263651899418,-0.30398791776714534,5.0
2393.4365501053207,6438.210616491512,2333.976666038764,0.4579863744134164,0.4861547044498109,0.46786893824741066,171.108299080948
1337.49977304866,4806.002014820131,4087.8438132311644,0.5645806513893974,0.6757524285447782,0.08074776822003586,153.90979703151316
636.2560451968634,5257.8602408788765,788.1537377883117,0.784104685178334,1.2729733076175003,0.7392815362521882,278.83475763629997
1818.1793744387157,3417.2484912654077,1538.5407948702002,0.30543236532706913,0.2790243723234909,0.37909353839397797,126.3326020177757
659.9932969873311,5999.061178882791,882.6280145067534,0.8017756725734012,1.3401246601048786,0.7434850688327116,289.9438928966987
585.805169778941,5525.085281356863,3000.971244362718,0.8082750214989708,1.3658129186422328,0.296047068077005,241.7046887525366
2865.4630200974407,7682.137032845389,1646.9438654286475,0.45666066101429514,0.4840700314982982,0.6469225889000901,186.1159440912314
1740.8511619559833,7270.333438112761,1229.6160711676448,0.613624348068618,0.7802755728914524,0.7106768528023688,232.355968791629
2031.8693366019709,3248.712355838584,3631.1083932538795,0.23043730594077425,0.1970158447809518,-0.055582267519129244,47.390228466913655
2175.125714185666,5640.851305331154,1310.9974458962042,0.4434155297601326,0.4635155829903426,0.6228348765567826,191.01726571275225
2077.8318515250994,1757.8291399825125,4877.319952742481,-0.08342830927124795,-0.05623624963946933,-0.47014630247120437,5.0
2981.0082879993975,3877.6253430683155,4689.749971717716,0.13072823293502114,0.10298994266412641,-0.09479269889729239,25.763423540577154
825.3676901610492,7934.052690828757,803.7223182366629,0.8115474187406091,1.3790141669090594,0.8160350162802726,307.2908120337637
2464.6261094117363,3683.1028376899358,3590.1396845366185,0.19819948774001286,0.16490986311684075,0.012781528026385268,36.678620019120245
1076.6074027896238,6202.31519297685,2699.5785116897823,0.7041849562274816,1.0119490127440187,0.3934821957104867,228.45988045348224
1403.9165390214166,1285.4437854885502,3213.479485784466,-0.04405239134715097,-0.030502947672688508,-0.4285549193911465,5.0
624.8852749968906,2098.744690065423,4791.884075076711,0.5411379054546693,0.6299560687154998,-0.3908408762701491,86.28301724110105
1682.7075714351392,3478.18784811729,2700.6454820029226,0.34790092229575925,0.33064879773673184,0.12583967303312907,116.87963600890046
610.4261987421554,6779.122290020406,4141.64587315002,0.8347866043269528,1.4767991542859271,0.24151015544159174,224.09855455185766
1824.8686078514588,2604.0706183240354,2534.2654171779504,0.17593422950838358,0.14371878850047257,0.013585176339227147,38.63728005068433
534.7568501294537,6734.55904642149,4245.72065823172,0.852872854016534,1.5586634548423304,0.22666438878678002,251.30739362192068
1968.1092479695128,4036.6734379167833,3455.1768144682965,0.34448610346295444,0.3263475407524827,0.07761722455487498,88.84504365405249
565.5941632588872,7237.059187690486,3234.7404876259784,0.8550251720159828,1.5687784198077845,0.38219970050767377,253.5424709563539
997.4728777465066,6168.552437352642,3935.434883495619,0.7216105625511565,1.0636238605168198,0.2210134952394747,192.0148893302997
837.7722223665089,3199.7220817560233,1242.6602380290074,0.5850038862947281,0.7177123571229984,0.4405433171679775,194.99900406755978
2911.4177542129346,6363.542125059085,4841.098647029728,0.37219830763784445,0.3621152733640501,0.13587615246764048,100.38023182491658
607.3721534740981,7286.339929117453,3879.02108414047,0.8461124126286221,1.5274489470347687,0.3051687124693873,237.83961680578113
1231.3514679927398,1928.8814831073087,504.9038704425501,0.22072107521410533,0.187146045801186,0.5850875920519008,122.54567000600893
2100.5786222869956,2909.3726647992125,3391.9005893926724,0.16143750627586934,0.13033423916984,-0.07657625769456747,19.999982623387655
1527.5896429671975,5057.200513571828,4467.94388267597,0.5360248065860573,0.6203732764284918,0.06186327538153844,138.57545904570566
1469.9767424863437,2185.572169565701,3852.6629258394187,0.19575594366261714,0.16254027337784235,-0.27608907729780585,5.0
1998.8372805980969,4393.729570242338,3258.6069006034095,0.37463703472334364,0.3653478687025621,0.1483367431392018,121.59110659957793
1960.572604843674,1488.5205783703304,3778.5505274417305,-0.13686264802408263,-0.0890465529133441,-0.4347824251147161,5.0
2341.052360077989,5198.435802642692,1214.7857755709997,0.37898904813116724,0.371170706265228,0.621162075544584,159.87042626347116
2040.14721513681,7512.550788000444,1667.1542422878383,0.5728647101053072,0.6925538275392294,0.6367738969595477,229.33887471065248
1035.7783735789017,7717.3133190048875,738.6325108519085,0.7633342799691794,1.1988700977833888,0.8252986653115618,289.2634387128899
521.4460946248144,5091.406900397927,2301.995971696959,0.81419570564406,1.389707580357187,0.377283772652486,259.2693352558807
1627.9883671459306,3478.0065599002533,1104.7433638926334,0.36232276350149734,0.3491407534217479,0.51786879820087,161.97695253038026
1950.4378604717106,4835.222688489519,2264.139054849057,0.42512955176254597,0.436061886701814,0.3621570116061188,143.5914978857328
1334.5255302223798,6166.122496613729,3029.626417884109,0.6441572712731644,0.8521770487906183,0.34108109166003875,201.67807384360412
2444.9889436669273,1296.7895033635675,3468.086901368122,-0.3068592799522165,-0.17976881055808058,-0.4556880836180119,5.0
681.7011445598371,5973.07446942563,1839.5475684330145,0.7951242282234857,1.3143942294036384,0.5290831785325286,264.78293472432375
2521.9165420258805,2900.3052500390722,2606.2931806478246,0.06978480823066896,0.0524583832713246,0.05339268389345393,31.997860187491852
961.0180232999503,2464.7727120817863,4520.60279676197,0.43895112238235456,0.4566862409209118,-0.2943048776380194,85.62680988934333
2741.6026015679968,1437.9629669341648,2043.4403530320071,-0.3119079275000133,-0.18218882359355132,-0.17391762179677822,5.0
1867.534586469956,3116.4569381340693,3096.1580791490514,0.25058677271983376,0.2179975582437366,0.003267361477458417,51.35319532095147
1448.8557602963142,5783.548010280685,2758.997839316527,0.5993432317785553,0.7485127934684412,0.35405723584763793,197.30364099184658
2790.7995663689835,2093.5691421827096,3053.597977092876,-0.14274729563777516,-0.0925230716610384,-0.18651596353428007,5.0
2580.555021322259,7112.653758424174,2175.4304010299716,0.46755402051217515,0.5014052715944579,0.5315653122971696,180.37682725365462
1140.2727685256423,2853.7220753273086,4046.5785263626703,0.42900638918194484,0.44177648594791263,-0.17287021533095884,87.05082969780068
755.611275778786,1172.2084250086436,3107.4486381412707,0.2160975680680089,0.18249789526405757,-0.4521951605290672,5.0
2577.6524494661635,6354.708664352115,4601.337692186975,0.422850819210615,0.4327194352564264,0.16003683399519464,132.1099567488857
2242.3161851905297,4994.925968964506,1011.493700698667,0.38033959963786923,0.3729859321444927,0.6631957949461804,161.18952168386994
2463.797268261274,3076.9084229229434,2937.3741179349945,0.11065578803915374,0.08581850489700399,0.023200490501871868,44.740000936342646
1428.449775835138,3504.4401429329105,775.464596864566,0.4208466843702419,0.4297711383234642,0.637625300407937,173.1484758548972
2008.590100121027,6164.667394912855,2160.1013063180367,0.5084970462277235,0.570350475191745,0.48104232463800045,193.33246455230523
2829.5077738428577,2700.9130989298865,3432.751252720126,-0.023252240263089856,-0.01633656918340576,-0.11931499862297704,5.0
2554.8348239688844,1791.4264598959023,1852.4438773113477,-0.17564713992953873,-0.11146967909997725,-0.01674522190750217,5.0
2300.048040260045,4383.203909583492,2769.3624399745445,0.3116979405602863,0.28639181287122456,0.22563110784467408,113.89569875666538
1376.2471291301367,6238.355738192764,726.0087969389865,0.6385242530886571,0.8384774040062949,0.7915075255833071,258.57542639185607
1595.807277054432,7268.031385056455,4644.71732846462,0.639928627267148,0.8418823002494442,0.22021064319052916,182.90753276841141
1196.4610816664888,7985.701874652479,4065.371850200344,0.7393945004618313,1.1191940515353225,0.32530960424231437,236.85555739085922
839.6320102587697,7525.475585865961,2025.2685223411381,0.7992537451526938,1.3303289461882895,0.5758930404409557,280.1370261045804
659.2188354908483,1819.9630833980932,4872.203405546955,0.4681964798933522,0.5023756779225301,-0.45609151038529,66.26804534057801
789.5364393029745,1215.93512279111,4721.226055947859,0.21261766625614897,0.17903412507260863,-0.5903984795155689,5.0
1917.0106611546619,1690.521429896287,3212.06411090069,-0.06278231918087017,-0.0429165432379154,-0.3103551519973483,5.0
2757.439592591154,1573.0992797944436,2296.6740228338554,-0.27348566712456224,-0.1634137527852665,-0.18698117079907192,5.0
1706.8939860849916,5441.6073124669065,2081.989143241879,0.5224470374812724,0.5953073478421493,0.4465441745256364,188.94033128789408
937.3734307219229,3858.246202411174,2726.6329189597495,0.6090709844666937,0.7699891499222731,0.17185027430601957,185.4664619049474
1416.5153955106366,5677.505987282945,4482.484821380007,0.6006452985194852,0.7513597302364422,0.11762029988908838,156.88814957317916
2708.873380009784,2343.0896002692944,3383.106102062143,-0.07240428742173378,-0.049171545336652155,-0.18162433763620378,5.0
1662.6161867300175,7065.660147951811,1499.7236129376886,0.6190276010320339,0.7925904668219994,0.6498175317933791,226.7435176399962
2601.1635795107654,4547.44496314121,998.6749224341902,0.2722601708774162,0.24140910506215163,0.639865367731584,133.05815604481933
1102.2718440325173,7366.5950003773305,4290.079231748719,0.7396884696256733,1.120131225869064,0.2639274039147237,225.59531212813175
2013.1434715750852,6363.259277010176,1984.1675470303894,0.5193298287442634,0.5896664691663575,0.5246037877017875,183.0591284126164
2605.879487605819,3354.4801927754447,2753.1323753058196,0.12559656550729228,0.09854803319609409,0.09845873664512461,46.371399791837234
504.29164779073983,4857.882432800708,3424.885587981597,0.8119077670297974,1.3804038693782488,0.17300941437096473,230.3850808123491
647.176252995555,5422.9171653449985,1052.5814135522373,0.7867656364452251,1.2828392347809339,0.6749033603930028,284.49988503077844
1585.704226593354,1126.8257686145057,1134.2598508689925,-0.16916991097623413,-0.10779840569549046,-0.003287837571094356,5.0
820.1622220830194,6681.773948094798,921.7635671574492,0.7813465207197964,1.2628704297566082,0.7575434945412665,276.90529141269866
1003.3581460679156,5503.267094713682,2044.8388185138858,0.6915887701277281,0.976168545096343,0.45818491625573765,239.30356393973014
1176.0015201591016,5423.593599458401,1221.3643231518356,0.6436140402052218,0.8508387324019271,0.6323936621743836,237.27577755383138
1194.574616789475,1482.5292258639379,4692.794387810816,0.1075619870918024,0.08321447725430717,-0.519853753788409,5.0
1807.7639624308554,3235.2632186727524,2219.4766248984297,0.2830639623176573,0.2534109858832712,0.18622090561940952,97.96453322204525
1132.9286124189382,4955.47876119803,2435.8189609053106,0.6278407329830774,0.8130282768664274,0.340895454991198,196.30845651443911
1157.4356690770824,6194.357515072593,4925.042971822159,0.6851283379638436,0.9583205402450602,0.11415314563337164,182.37135547028288
2388.5387393844267,7049.973393817219,1180.6123111557386,0.4938738847981657,0.5450133035228817,0.7131158452553467,204.06775351603082
2378.185490578592,7372.542992210939,2277.5829637706747,0.5122035250940897,0.5769113454091017,0.5279682411558777,180.67608686332463
1612.4824847958466,2081.5593742968294,4467.031512016269,0.12698201787275215,0.09974031754823576,-0.3642725860827449,5.0
2366.8228343309675,2615.807028884575,3913.05407771259,0.04997043756787408,0.03701212749423421,-0.19869423279942372,5.0
2976.4629576459324,6535.511988151614,4839.147301556326,0.3741650971971838,0.36472707122037407,0.149135428432662,113.31619306647207
2259.8283183561916,5092.047382586594,1485.5302344304882,0.3852376154131616,0.37961296890595136,0.5483047647020164,154.8510776610269
1583.3136250518291,7160.855899590289,3646.741345806266,0.637858433346062,0.836878840570916,0.3251522492620356,197.32746551034697
560.0889522999989,3912.209989724563,2659.3500554699567,0.7495297340650409,1.152130585725843,0.190648784375046,211.35383243660908
1904.3141409980276,5395.961655894117,4805.1902236951355,0.47828980870890586,0.5188847669901485,0.057912227865472836,123.81924598508297
2602.2028222082763,4622.789183197846,4141.748719075061,0.27966624173396915,0.24961527774448689,0.054884863233137716,76.8477311501969
1075.076593160464,6696.752725887454,3348.278291874031,0.7233401431276323,1.0689050364672872,0.3333463508235416,229.98347071455902
2084.2977493431936,5808.291497665878,2935.7070798630903,0.4718342271849599,0.5083234902956143,0.32852068673209367,154.22795887546334
2333.7683471434557,7180.856575078682,1165.9186188077224,0.5094355549534111,0.5720097071830997,0.7206301614491751,203.50650013123482
1722.0070622078124,6979.927447715787,2260.6465594183373,0.6042243111468685,0.7592458774955019,0.5107129583230703,207.46280831683836
2658.917315119321,3407.8822275619555,4335.183990038609,0.12345305083018614,0.09670359167866453,-0.1197589864657323,7.883994836018955
2444.7426100867224,5971.751503991767,4881.341442140941,0.4190591528587022,0.4271805502694799,0.10046998281157292,114.8468740844434
2162.563233744689,2930.3488695705537,3790.5250505341446,0.1507557209116798,0.12066994901388689,-0.12798576361661687,28.76611711549835
1755.8111936764212,3828.314460130205,1516.233877257965,0.37114194675577244,0.3607068124320312,0.4326054207921199,131.53083417250244
1438.406307890365,3131.0585915074284,2097.236609851803,0.3704268050006708,0.35975617344854355,0.19773596203770596,121.6653031574402
2402.7637844241553,5809.653854472549,2159.536104255146,0.41484617799969137,0.42107705367601367,0.4580287041296888,169.73699823373462
1742.0874944580085,5855.547724698519,4409.171716649469,0.5414132307020347,0.630547841079562,0.14090750518537318,164.7383361170455
1491.9816514903662,3189.5565446196338,2509.170201912184,0.3626104971603589,0.34951253431949575,0.1193926946930966,118.30751042666162
1836.8295428454749,6480.788580951591,3676.4285698513218,0.5583279934746246,0.6633178837394373,0.2760953092946815,176.3414772059687
2219.223766559783,5042.465050130586,3032.231742141766,0.3887857707002039,0.38445324683835624,0.24895464925242752,114.43023310622145
2180.2843341548178,3964.504056978515,1938.6150080674024,0.29036308640145964,0.26165861104900057,0.34318959625324186,100.14058725210252
1015.0924390602099,3905.5341379887645,4463.286871880939,0.5874133411835963,0.7228208543378514,-0.0666465124738295,134.31512405727312
714.9349405612833,4852.582794960361,3737.219066924356,0.7431764118607209,1.1313465953790247,0.12984743371733976,201.12427954302484
1659.1441331960862,1754.913039385122,649.2692576458205,0.028051348094026807,0.0204446082722372,0.4598835049425489,76.08922700588127
964.2335014005871,2993.0061049605993,4498.473813315046,0.5126736828839289,0.5777077476199359,-0.2009573174561764,109.51298355164461
702.8450650353791,4014.0885094598975,754.9868688831834,0.701990687684602,1.005581732805346,0.6833822872025228,245.11828871168126
1491.7073729246315,7804.445969415521,3429.344259467359,0.6790699726369501,0.9418798209021926,0.38945908908909505,210.26793801580067
1942.0817824160886,5412.918785283564,4207.788171694957,0.47190166342585493,0.5084310509160768,0.12526424709248457,139.77729634979667
2601.9201743303347,3288.197889272554,529.3385558928525,0.11651340557440731,0.09077402257727617,0.7226805486430621,127.43202230857621
2785.020203755744,1103.5200225413398,2229.3194432530076,-0.4324245302672905,-0.23597165922148344,-0.3377898731481672,5.0
2918.26518898646,3287.0829576006495,2124.3321601569514,0.05943546757446649,0.044334016269225604,0.21487000570576303,53.1458329826462
804.5360860171131,2667.849761390691,2209.380214051671,0.5366090511594398,0.6214304964752314,0.0940020359001905,156.2257740780222
2080.8592903643394,1693.663447661653,4289.621132458258,-0.10258140418637443,-0.06826529970493322,-0.4338683292765445,5.0
2548.9553010357317,2134.9524272237386,1907.0475202524374,-0.08838834958805804,-0.05938186662867732,0.05638419343800853,5.0
2393.5551765995024,1671.3087422669441,3549.705486125564,-0.17768034762558252,-0.11261423532924116,-0.35977621613898203,5.0
2754.8667562985993,3543.5337057061597,2834.0328042431775,0.12521702201058735,0.09822125517864519,0.11124947113367994,30.522253734516543
1953.0921630265204,2796.156706286499,2876.2464389093034,0.17751534322192988,0.14519864367419946,-0.01411918909122614,30.490302083114976
1457.915253987989,1888.5222438098358,3865.996417839542,0.12867623853023946,0.1012048586248625,-0.3436385021852163,5.0
2587.1823732693406,7936.548035302695,1136.0503771393142,0.5083145855929329,0.570036148131401,0.7495644961081631,213.61978839893783
1819.1686202258127,1172.0493209539961,2452.5111402069097,-0.2163397357800807,-0.1338343877084306,-0.353273681766512,5.0
2315.1326737953977,5399.041019688745,1796.8471747944352,0.3997717018088964,0.3996597368880453,0.500590579930826,171.58541644111935
658.5418991149573,5649.006899244277,3698.698745360727,0.7911892811096898,1.2994299411990213,0.2086403046720371,227.60549601381595
525.1462351965934,7029.073061347141,4544.848973904331,0.8609661131052031,1.597082424598125,0.21463978067778605,253.46550839495066
1416.1436065578116,1060.6052715036171,4128.418661925477,-0.14355041726673834,-0.09299041843483237,-0.5912120331661923,5.0
957.3557069677686,1519.8324115960058,3407.012278040627,0.22706257154474316,0.1935579099887526,-0.38304025901834643,21.47956309573429
1947.3333657421722,4903.691580144643,1534.7976470063238,0.4315205735378141,0.44553817964861353,0.5232429245060354,161.35387065260207
2649.334025551533,1968.610203286623,1667.848435529934,-0.14740841127238286,-0.0952561452236868,0.0827073253256803,5.0
735.3289373982037,3579.8180799989036,3223.099602903983,0.6591870753125129,0.8897045137054695,0.05243610075409122,162.39108450615402
784.5691890137555,4568.690399074724,4073.79746318162,0.7068816946172612,1.0197472682983286,0.057262786332295375,198.55255174219803
1973.5622892620054,1096.8153387441278,1411.1922486708786,-0.2855502014589901,-0.16939758463267798,-0.1253492658391152,5.0
1871.6880699069281,4001.6590729985387,4585.601139449606,0.3626502828632893,0.34957013024515304,-0.06800097492522476,83.54845522710082
1198.1746073434572,4354.478448717271,1698.7811580854238,0.568431668418446,0.6835065848541683,0.4387218561068542,189.89665534405293
683.7234390867359,7849.8880716211825,1117.685846805116,0.8397575425952579,1.4987926711492716,0.750727263059657,311.51875779067433
2183.9903372901426,7729.254653212289,1865.9718853558943,0.5593793274226059,0.6654041432344181,0.6110624635778804,219.38043045523406
510.13216032369394,2543.106303881865,1636.9845542511493,0.6658419139958338,0.9067844251698984,0.2167708263209027,182.98976673820175
1176.9604783437512,1915.3717898192563,2151.3967068437114,0.23878782976816676,0.20561378823349855,-0.058037460740657,65.0602287697505
1452.7327127488434,4026.339864332042,4750.393660718931,0.46971583509934756,0.5048768907217362,-0.08249695564275282,116.60067135400668
1384.0384720696509,4264.6210685906735,4200.284345994817,0.5099586150087434,0.572914983248508,0.007600406553557032,134.20973646586805
2635.7254249202847,5685.722294412045,3273.1583914937846,0.3665223855266802,0.354633069698871,0.2692930051456572,131.6977389857164
2274.6393664377106,1193.5453273539686,1094.6127240477485,-0.3117175508868565,-0.182095783818686,0.043236787424879804,5.0
1636.8897086177656,1082.8818770241367,3360.11229068271,-0.20369645536214367,-0.12700519225055534,-0.5125440923820459,5.0
1284.433467544797,4051.013993622434,3251.3068864150546,0.5185283044571235,0.5882028991923676,0.10951410109682277,156.2424325565759
1088.6830819645777,2695.8338184404556,1552.5880485415898,0.4246647005009305,0.4353566269780634,0.2690989278901097,134.62954830547454
2438.483859156452,7958.394728434541,3559.29119587487,0.5309200085625083,0.6108718550078099,0.3819433487844038,188.88517598375657
1451.9219863785738,2291.7316962352847,4754.745712864966,0.2243288992068353,0.19079189196031357,-0.3495383399795273,23.929362582819852
1703.3009801542921,6496.732147179627,1888.53911274718,0.5845624148105439,0.7168267179902117,0.5495580156011688,226.11910913836223
2440.251513279717,4299.308403226465,4806.292172687064,0.2758424752805891,0.24536411192122545,-0.05567823507940953,57.492814320939665
2151.7874691742527,7987.275338329165,3423.18626205088,0.5755450951798831,0.698058259525471,0.3999916248547104,187.11689459934064
1909.5397313914032,2341.5231500824048,3067.7687255039377,0.10161774375814896,0.07825921801039372,-0.13425889968426824,22.654466565817103
2394.339896543903,1217.1362303144042,4148.175916742998,-0.32596191267851715,-0.18884599604774815,-0.5462943451463163,5.0
2702.1156802229457,1187.3454358681724,3011.688322073362,-0.3894550424218283,-0.21762640140794381,-0.43446730627501745,5.0
1124.4292167965054,6411.527599756247,1889.0324188687698,0.7015828926520691,1.0044564631272614,0.544842175732112,232.22239691531672
1139.0377845761532,2189.9155072341932,664.8367710365327,0.31567812168697484,0.2910972751618869,0.5342245445504142,144.42478311012846
936.4030264888245,4762.579289039169,1334.6213658717593,0.671378862056441,0.9213487774690459,0.562218322246649,223.813139658461
1894.4601991771697,5989.439592968071,4977.705650086959,0.5194103808056179,0.5898098783034553,0.09225134894876526,129.65620961577764
1361.0113989396204,5326.405702260673,1633.301631519473,0.5929635078416686,0.7346874265179809,0.5306407141986329,208.8117810397221
1800.9415248485116,5002.023652685149,1938.0878816200782,0.4705421891526735,0.5062224653477825,0.4414822089642854,178.55796092280545
2922.7479846608376,7486.641045824652,1804.296018933083,0.4384400513189885,0.4559492429878017,0.6116008521717543,191.78465277928814
2551.0172397254382,5345.472309178888,2683.1109807473126,0.3538857427459405,0.3382695581914831,0.3316103516594941,141.06411494127775
1846.2943597709723,6672.589579108735,1046.070826100395,0.5665407879011335,0.6797079742307186,0.7289501619325284,241.09835796994204
1565.8171243999484,1800.4026685543226,2110.6363925295873,0.06968812451750471,0.05238012350061856,-0.07932258385830683,11.944273049380913
1352.7668194870553,2726.542597572883,2572.8936151773764,0.33676675076517637,0.31670914725757754,0.028993458209165553,94.74409674389662
567.0584287696216,4351.832191484607,2640.839510583471,0.769436455114738,1.2200788420597182,0.24468368508569155,215.2354230785478
2206.028294635164,3585.6263718163286,3811.0611748333163,0.23820447806295578,0.20501913976289315,-0.030477805310110916,48.761836191793265
2605.0444310731696,2591.411039776455,2464.847076561293,-0.002623594365538188,-0.001870388037417388,0.025031151550823357,14.035684260160945
2211.8649400339527,6878.211636422361,4675.199013478514,0.5133451469442072,0.5789396737474957,0.19068071667409034,166.18452444239242
741.3564693342018,4727.39115002789,4168.925550690814,0.7288752301993722,1.0859319087519967,0.06277492338252579,177.18564418917686
674.3046313062902,6174.246237755098,2607.336739503737,0.8030810766832353,1.3452455174175793,0.40618069738476564,261.8209413852352
2450.4934421530343,3164.7270880520127,4824.715448067421,0.12719600983252946,0.09992810555715124,-0.2077727391245386,5.0
611.1053453938393,7342.8453131668275,2914.9434810956177,0.8463391660195203,1.5284850356760968,0.4316624099451368,254.73054054897244
2306.7659912239583,6396.339279566406,3528.5271093385495,0.4698981754935338,0.5051865769024435,0.28895221936134496,159.690611851207
2957.4798209784917,4939.628913700724,2240.116351272883,0.25099680896716836,0.21843781355256375,0.37599001948180877,118.66049192622462
2892.637258496381,3620.1483761480795,4400.502011086877,0.11170506114465549,0.08670354331633986,-0.09729306192967278,22.419370912439952
1966.6202506829782,4582.967240558328,2847.579455301804,0.39946744630477804,0.3992304527160761,0.23354779346045063,114.90045091757071
2031.1766535646095,1760.3708199531263,3262.2585805115896,-0.07142356397526797,-0.04853697140439975,-0.29902420435807536,5.0
944.75519480039,7172.638614822365,4349.7044506288275,0.76722696536811,1.2123892467072168,0.24499653828333567,206.2711099042148
2429.6385498464847,5951.901797089912,1609.684605880774,0.4202405645056206,0.4289013001562894,0.5742468523442361,159.7616721996003
2105.990822770975,5212.145496352934,2494.6461899703463,0.4244461346040308,0.43505783743507853,0.3526109718071838,137.33123024437265
1273.9939898443756,4558.826312289868,1811.274359941434,0.5631636415543954,0.6729123196132596,0.4313200204031796,185.3186524363628
2879.4749653762897,3765.822984374705,4455.707962786622,0.13337972587041755,0.10529863636525513,-0.08391198461233113,28.548387850904625
1790.6369556031768,3241.571527839677,4210.236594475389,0.2883295826717207,0.2593475217507884,-0.12999060772981696,70.68101954524701
1010.9406809337796,5413.97321223129,3700.198942610861,0.685306076287843,0.9587969917193008,0.18803400246526014,190.37079457917582
1674.3726234037802,3267.8549135759417,2745.2372900506352,0.3224218791884162,0.2991872777249224,0.08691328949241714,88.62270667485961
2373.6337228561306,6466.8489675572,2866.664925245807,0.46300811704283606,0.494119285795666,0.3857265423584721,154.76570914224558
1645.5775161011902,3355.345039622808,3914.633069411463,0.3418904220427783,0.32308995857004114,-0.0769311848431437,76.69201065704328
2075.3530484707644,3763.7500414966507,882.6514422981631,0.28915348243083594,0.26028406940642246,0.6200709535382987,153.14905881703737
2479.42500548138,6587.381409514657,2650.4350305744997,0.4530764434085467,0.4784497466316393,0.4261771603762224,173.676143361598
2527.0940623373854,1377.3253589062524,2551.998930977423,-0.2944787890565377,-0.17377673178337355,-0.29895052815989265,5.0
2629.130691356684,6987.076499842024,1325.331545458443,0.45318759479525234,0.4786245757814781,0.6811197095772272,195.090215557974
628.9850279932641,4354.03806552399,2812.6541854736065,0.7475488206404954,1.1456134700756957,0.21507605264070717,215.14170546558194
1239.0231396475656,6397.524408020832,3691.733625586444,0.6755017546211398,0.9323044262463204,0.26818530888527436,192.73715992713963
2056.915390823973,5712.432887919859,4440.7730121961795,0.4705050366485069,0.5061662468756847,0.1252471276667303,124.88559070176794
1573.943154455016,6855.652302030759,3670.132119265524,0.626567333416386,0.8100626229541719,0.3026396945787237,199.31305725748138
1981.144378027036,6522.087016500425,4728.471533281769,0.534025528325836,0.616642335841294,0.1594245721332614,140.0343537743207
877.4498284841995,1202.9872917649893,1960.740516016285,0.15647551178346708,0.12581281965992747,-0.23951277418622055,14.063300890771547
2317.476200432459,2210.3141928574933,3111.4194168871313,-0.02366761670551465,-0.01662336620551287,-0.1693255036686352,5.0
1642.5410319909274,6243.561147775193,1495.6604899130386,0.5834339969631595,0.7144526668391904,0.6134855518450955,210.1640866821339
577.4821376562504,7306.754325463686,2688.5569120220352,0.8535096858689383,1.561657059131507,0.46203637918345625,270.7185906137631
540.820544006388,7071.648929908399,906.589254237541,0.8579119308685458,1.5824527958557972,0.7727344725241597,314.2879037018269
607.5395188539777,2747.0915686864914,4263.847059096783,0.6377905627659907,0.8366346219301017,-0.2163412876249238,121.2151446999772
2948.5844906066377,6720.275275027522,1448.5614486914046,0.39008640888933416,0.3862413909481447,0.6453444968956099,182.79873425626963
1787.3703395053576,5169.073732584269,1993.017544379327,0.4861252900976699,0.5319051944948996,0.44345374345857164,181.781539226882
1841.2930245508435,7553.122350119781,1638.3031883944582,0.6080026374351364,0.7676413852835546,0.6435148863794111,232.042429839422
2135.487358689399,3255.5723159368918,3093.437078269056,0.20776712272571346,0.17425638685581502,0.025537092099794604,56.973375186480006
892.8951504094048,1548.2628043081013,4404.263190662322,0.2684658943776011,0.23722397977208962,-0.4797963735542855,5.0
2435.535159188923,7026.821904238776,3205.8366342412487,0.4852159682612382,0.5303913605793376,0.37341080573100915,164.20691248690682
2884.167926951957,5808.534168690544,2745.1697808176496,0.3364162500021834,0.3162907441392405,0.35813308545602557,139.28297770638048
1737.791856948951,6894.368681195758,3378.883435921295,0.59736804023315,0.7442185016860496,0.34219789457662053,201.08487713534976
1916.9703941226421,3182.2471174066973,3586.1620887267763,0.24813154570777393,0.21540189592270342,-0.05967649989223144,62.50636051689263
1167.4846758901595,4874.69785947376,2632.8166073947955,0.613555310729579,0.7800976671907007,0.298618305921887,201.78805711997623
1668.758803475742,3832.5957429887953,3904.624049184992,0.39332802873254574,0.39069292979484704,-0.009309326621397551,87.60598331880261
2857.0030198331583,7279.989419728959,1129.6980221398749,0.43632136709480834,0.4527479255863768,0.7313341238150711,187.6560569658134
1828.9803610105164,6615.236377460271,918.2915593504067,0.566808759665934,0.6802478341187813,0.7562120782106578,225.45041082727647
1377.133541936982,2247.2346321480463,4952.742886493091,0.2400697302753056,0.2069494148418295,-0.37576620857003634,27.572186274023792
1902.7646880073519,6938.025765701401,1071.1401478411444,0.5695487415395288,0.6857930640241027,0.7325214236363278,221.28402046291515
1503.8449315808175,2010.7652214918198,1846.5160981134636,0.14423229538661536,0.11484546406774288,0.042581577470367726,48.65654288003252
2550.5480604406425,7673.620341875345,520.1940944520852,0.5010747162354198,0.5573910519136058,0.873027611515753,244.32287766673113
1905.1049132673618,2681.200349254151,933.6843488287245,0.16922018736076852,0.13748047794068327,0.48342233456817724,87.03036986333437
750.422712846835,4614.211756574876,1607.2463468841079,0.7202334222455068,1.0594142954668824,0.48332165212776157,232.43180504607818
2453.481644320576,6125.20231905071,4091.034190314098,0.42800512176219635,0.44031568553438094,0.19911129961340082,141.24413439144286
1193.27735631194,5309.463843785379,1896.3550622276846,0.6329925119546268,0.8252093510042878,0.47366008299707424,220.10865975985087
774.0664334166879,4663.412346068757,2456.5854283806984,0.7152847982801392,1.0445334895553,0.3099476976379744,211.43397525264322
540.0045708200711,1055.991455439804,1007.6145023178087,0.3233008577757036,0.3002004988726489,0.023442921802338878,74.34050329580313
2665.722495055625,6138.903035802129,4077.25377480957,0.3944722609927592,0.3922859847020367,0.2018028206702236,109.63425424024321
1308.5505639007365,5917.245868624989,3587.2965065332223,0.6378113952036019,0.8367549329991696,0.24514061486393682,193.48796826834734
2717.931056537792,7944.695665482809,4898.109340276056,0.4901948407947581,0.5387687950779272,0.23722125529457203,153.06979080458308
2690.5128409719423,2258.1195198380065,2108.587200171133,-0.08737632734062896,-0.05874207999992104,0.034243728562635536,5.0
505.16129305608484,3701.7737571933117,4697.584071311631,0.7598435500419434,1.1867891189337227,-0.11855791053695501,161.92657114768787
630.956010432213,1830.5663383135125,4965.497197042746,0.4873448855766915,0.5338907549679222,-0.46128627873453365,61.11079585017052
2027.0778731911314,7972.531182904184,4199.2758777723175,0.5945685752078878,0.7381622188649675,0.3099995987458703,198.46252479400073
2685.040859468991,3546.99013302994,3508.823598223806,0.13830952934285926,0.10961681718275357,0.005409232195524914,44.6885387946127
702.7059668333911,5231.365457824435,2141.6765756967334,0.7631622820396058,1.1982354231430228,0.4190521181978256,238.7922868900101
2005.7359075884829,2307.3746853743564,4734.18645320773,0.06993532190157246,0.05257672583800742,-0.34464115552327695,5.0
1019.2318494778045,6071.16548869853,3707.728306600673,0.7125036013577752,1.0362892684338614,0.24168758055152348,192.88106651850512
612.2808263464431,7397.856592127879,1779.649221714887,0.8471235149205155,1.5320727709653217,0.612171485778486,271.91112051873176
1915.7875907236926,3219.543990493518,841.2224390605068,0.2538796918751097,0.22149720001448558,0.5856829226960805,119.21413898780196
1749.8927821397933,4701.514767191638,3338.867546436288,0.45751597027848745,0.48540437814061466,0.16947542634586868,135.8016116146368
2238.957782662269,5346.679740607661,759.2966259098084,0.4096850064351698,0.4136695858058427,0.7512939517915237,188.0745695916865
1852.5877842577902,3838.8689511122466,703.448930697843,0.3489934578895332,0.3320342056564133,0.6902687353256497,177.60418983339653
1914.0457753707155,5772.311449966472,4406.847994502597,0.5019628363583554,0.5589231384605361,0.13414304616985512,142.8278244212887
959.4738357884598,5944.9705072732695,1682.020819825304,0.7220706581222079,1.0650209588726056,0.5589294000824213,255.78002435949765
1808.9370243607705,4855.41764149548,3149.275952066804,0.4571306254581156,0.4847983611613215,0.21314266052453087,127.69861084397577
2268.2077124841935,5428.592655060166,3662.6781930100346,0.4106102264899555,0.4149918167543592,0.1942428612420824,121.27066840646151
2956.5991114764433,6007.658669140605,3462.1790224447077,0.34035830204715345,0.3211877852909504,0.26879865625246724,121.00916715902453
2223.877092502464,2853.572792560636,3463.3073783513105,0.1240181024310254,0.09718824869898868,-0.09652464020163998,30.93853068540873
879.6758762943947,1786.1694984597439,4972.966501810538,0.3400398351719526,0.3207589473238331,-0.47147993512068426,15.959059537635481
1566.2267935697587,7361.170821617568,2588.0662188493175,0.6491190688695558,0.864425118228455,0.47974579185064015,224.99598908081748
2028.4584848579696,6831.779047114824,3539.0913695348613,0.5421209695994731,0.6318984648262562,0.31749385972235233,161.34469515061434
946.1699269853789,2965.0320793251085,574.3003689721975,0.5161743496158582,0.583955249875928,0.6754753176202942,206.82466521713405
2882.6352040824822,1737.3113414669251,4785.863045776416,-0.24790846627240484,-0.15043034669006852,-0.4673417454244161,5.0
1725.4085374074568,5708.957218411749,3233.143328931317,0.535828988148769,0.6200111109078281,0.27687162273512905,158.23687303237807
827.8820287219228,1427.901113954157,1166.680128928305,0.26599147480747126,0.23452194859353157,0.1006794393668582,88.56706131976983
724.6106875926835,7961.630170303574,4951.513919899818,0.8331589694866559,1.4697088690123596,0.23310482940047794,248.69538544994845
1729.6217278907977,7961.181923044016,4518.350010834845,0.6430385362218187,0.8494533802131272,0.27587828855879204,183.58042093096
2736.4074742424623,6749.857269059008,618.6969849022273,0.4230800955905727,0.4330568282743429,0.8320709968347836,204.7737869965563
1047.257495082195,7737.645443510166,2686.8551863509883,0.7615779018200992,1.192821476334143,0.48451148270897443,247.1937794805248
2004.8929923806372,2214.107914070388,2452.389067603529,0.04958873588300577,0.0367186322785445,-0.051062103847457185,5.0
2402.212541376436,3280.9338806996766,4799.905211507977,0.15461881041024025,0.1241467864153706,-0.18797198079158275,20.562843138839575
1974.9519499605415,7536.038161754322,3436.2101109309906,0.584701082210083,0.7171246149454452,0.37365432758716627,177.02729749303467
2405.08050208014,7336.928266319482,970.7208567116993,0.5062454654866094,0.5663995986057946,0.7663067270369577,209.04914794179862
2996.4969592297284,3143.09087820501,4490.150602979596,0.023876833890637054,0.017349975725384444,-0.17647282978253986,5.0
1464.025652849303,2931.4984386337755,4352.8222577841825,0.3338561579707965,0.3131169085739024,-0.1951209835742429,63.401141917503224
1607.5103754039374,4537.800889793775,4567.690823877987,0.4768335381981222,0.5164831479634078,-0.0032826271244692715,133.44771616389167
692.3231017199431,2297.787739954655,4043.469456576714,0.5369247906537986,0.6220101981259679,-0.2752895304895766,93.41314315793151
1391.4884179264157,1493.6534604930434,1015.7615092259402,0.0354107516498236,0.025947115120421575,0.19043958725175703,46.641587739473806
950.6593324894503,5028.281625663007,2766.963577512711,0.6819974174408938,0.9497652146793996,0.29008940564678637,206.1219482779409
2255.6208490566796,7341.333078229231,975.4678587165654,0.5299298368186393,0.6090364602278063,0.765422338109369,213.36184695129987
2642.958147655603,1050.1637964558897,4077.8681852644495,-0.43128669317515,-0.23549627068253115,-0.5904222904636431,5.0
1621.9283359158153,6390.01558416069,2259.3312945478738,0.59512239416726,0.7393490359801118,0.4775718151972184,212.65922674875583
1115.4433770578141,2674.3422818897234,3715.1054616555793,0.4113422353425363,0.4160168876637893,-0.16288781462441096,81.70838684738371
2511.3655014409433,7028.698390693384,1762.9282144090996,0.4735118066141483,0.5110592689159875,0.5989528914511888,181.102953949072
825.7597252987584,7395.64519067164,3527.4743874008436,0.7991195582413784,1.3298067355916399,0.3541269300650881,246.0998009443646
2641.446442376166,5010.47958996791,3323.4202983933897,0.30959958803423243,0.2839184055863534,0.20243335220862782,115.84122212201956
1885.0551379081746,7657.759521042887,4090.2230803973143,0.604926805019214,0.7608040603267052,0.3036722611339713,173.35631506569175
2276.9965545279756,3541.8192771098343,1421.2550644580385,0.21736771861509213,0.18378923689745802,0.4272682749206262,96.77604441086135
1432.0074050084763,2610.669739580895,4284.3921733904,0.29155490090480246,0.2630070521093898,-0.24274219067099048,51.019426115830846
1921.0347804995931,6410.4695496274,822.1597610916132,0.538850439332428,0.6256989771622792,0.772652592533819,221.0755689020636
2507.3666731252033,7184.101016662763,1840.6628744997806,0.4825620321659781,0.5259650687935747,0.5920861981556583,176.88523286749333
504.34460138881985,2440.3633641592714,2422.421161644752,0.6574569650925124,0.88525066549124,0.003689697212702062,157.10295503377236
1149.6299062988642,2744.5373869336204,1198.9269441396714,0.40956316463263354,0.4134748213771199,0.3919422904939369,143.79600340049086
1489.6740851809423,7569.977932064677,4937.411005446643,0.6711409924617803,0.9207546763931018,0.21048093567412263,188.27227958487947
2566.533706946368,7892.8205120062485,1816.626720155474,0.509236678771169,0.5716611859894156,0.6258022363104353,200.15501492302496
1251.3363315860174,5354.448647736481,1543.2868405284355,0.6211392481549025,0.7974351766630029,0.5525236236065347,225.79604967129956
1136.6031007632077,7023.110691486579,1753.1942189420986,0.721411037185281,1.0630277912896322,0.6004709870189094,241.29541195170358
2827.6405978322723,5972.418359244022,834.4132365929597,0.35735871502606414,0.3427287426228131,0.754830650583247,192.260663482152
865.5204000513943,2233.0479463178003,1272.967237744025,0.4413417401063592,0.46031243476447703,0.27383814898019193,132.81564073758926
2859.563405693887,5420.440340859204,4253.934158143445,0.3092845140223648,0.28354856977276777,0.12057690992998464,99.57281369458376
2914.643657644157,2855.5711999715004,2640.185458793107,-0.010237479733437301,-0.007259044433580836,0.03919128056656328,5.0
1639.7581291319555,6553.172016187676,1872.2200786007068,0.5997138751711301,0.7493286120263019,0.5555767475708158,205.02231428482784
936.2812023650023,3501.9229918857195,4336.397656631836,0.5780810608638027,0.7032538754401553,-0.1064608992230342,117.49323929861745
1869.9024633634262,2702.9963849513533,3988.820838618826,0.18218070179111023,0.149585096587937,-0.1921487707324616,17.317919719303738
636.0522320344087,4553.487925366363,2751.6022265927063,0.7548714479047727,1.1699703363846674,0.2466616648178897,224.2955559568462
2903.0083376620382,6062.755752325477,717.6283010618727,0.35242366212151977,0.33640379327041925,0.7883222260551684,196.81076632216076
2133.7254746509625,3938.728948168762,2230.288716021277,0.2972444661647057,0.26953091848186606,0.27693878099712904,95.5500142664728
906.9982211084924,2082.8097264107946,2045.7112019100105,0.3932732555228595,0.39059357584891347,0.008985911694745202,111.9458823024362
2165.0657912056995,2603.732623519304,750.6300184665455,0.0919868684042317,0.07032113651348937,0.5524455171618652,92.20589474113723
2049.494082391533,3722.1893135832256,4689.568139988025,0.2898106351551507,0.26102983330338764,-0.1150031764027018,57.08457552282408
906.380773263246,1541.8900411614104,837.4273093496638,0.25957474307756856,0.2275796327125853,0.2960776675563481,106.72117592630806
814.7034825759679,6360.919372322694,3966.001144723423,0.7729246646773672,1.2324770531154239,0.23191020240876184,214.25717603467112
1133.7949712389172,3668.8068036888744,939.6028432018861,0.5278413557326914,0.6051547584088368,0.5922225168797932,198.18087466081903
698.4305838236139,5427.24241695234,4956.470628758172,0.7719660895639956,1.2290512045104218,0.04533751906244224,184.78400946476026
1488.933861134578,3995.8644636328663,2340.096196749366,0.45706887538978264,0.48469449716508767,0.26132868484733984,156.7388333631828
1673.871821804361,3061.545309115039,827.5705882113508,0.2930414467517488,0.264706466428444,0.5744171115767053,143.33230581944576
1241.5784667389612,5489.704416327369,3158.156852290844,0.6311019790364447,0.8207241939208636,0.2696097325506076,194.2977687214854
1362.1603396595792,7571.592204211885,1887.0774511281702,0.6950530399587695,0.9859023964876313,0.6009845950453973,250.92990099847452
2844.556688945415,1962.4337639360606,2782.2893440757707,-0.18350835797834197,-0.11588111573331811,-0.17279313487915188,5.0
2977.5763220493786,5204.892636241792,2679.3386078416097,0.2722058983998103,0.2413508809958616,0.3203297759658071,119.99538376043282
2179.1277520805943,2456.367371378369,1426.7710359920234,0.05980798422911364,0.04462355613381462,0.26514541257838625,59.7349078566627
1362.8227892967561,1751.9074769370682,4586.989222470899,0.12491761862443908,0.09795840682525349,-0.4472516085254027,5.0
1252.9311948972072,3843.4522151634806,3507.8576882179664,0.5083057555371643,0.5699947281888469,0.04565098347241446,138.64181574675374
1700.3931203201294,3807.418440242866,2209.5293577634116,0.3825521800031969,0.3759651044934175,0.2655647241518951,131.13677482510914
1662.3079711312557,2625.6022132005837,1613.273140623246,0.22465354926616285,0.19112298350699153,0.23882020296381434,87.7289120365594
2652.9969375858077,1725.8744935419045,4581.889393820193,-0.2117263451129485,-0.13135874242728945,-0.4527777118524793,5.0
2019.4354975828692,4754.908846355326,2427.827248163605,0.40379898178875545,0.4053148331994353,0.3239826115348313,147.05680959177852
1199.681155452429,3928.7932413320555,1542.7032944373025,0.5321489149012054,0.613124881647425,0.43609457318666567,170.7698153810879
1044.0511464023018,4155.416142329609,4038.8180783952575,0.5984007250265309,0.7464369290244653,0.01422928131895746,154.5527764516783
1413.0823856175111,5307.533535029186,693.5936341241544,0.5794783089549699,0.7061803298252591,0.7688455468586807,225.62343118160803
2270.548537565567,6976.81243046901,4211.118610572232,0.5089304839145666,0.5711179327477671,0.24720333093795835,164.88867344609181
1888.3298513147618,3548.146824078354,2833.8291661731814,0.30531115491969957,0.2788834808497677,0.11192734959899016,86.21281131860238
1859.7185370055804,7429.912284142094,3773.035672760284,0.5996141131740623,0.7491159791163444,0.3264209228788132,182.77978539887962
1189.414446455134,1023.0118530537292,2173.1364040077333,-0.07521271708039809,-0.05097807221987702,-0.35984705905087805,5.0
2853.9571107250135,4123.399587463977,2208.374196216417,0.1819374487313392,0.14935923123238984,0.3024469060914537,90.05068504124306
773.7392119450221,7565.006318829304,4129.193532606403,0.814423114484851,1.390690829894542,0.2938048630584399,238.7857904725589
2188.704993763845,6801.219489869822,1398.2193381055245,0.5130760001366056,0.5784602312579061,0.6589475529314353,215.68030032316477
2267.490236706435,1536.627721403552,3134.9824736391083,-0.19212404114668308,-0.12066355921284957,-0.34214214910086654,5.0
2867.168549046069,1254.5887921453732,2736.9669702005435,-0.3912359760711495,-0.2184049371770771,-0.37137854659772274,5.0
663.7417668743346,1308.7600664528295,2707.50226980361,0.32700517097289067,0.3047017305619478,-0.34826963128765126,52.37194574310414
2233.555067212127,7517.673498845001,2772.5697991613215,0.5418925825905025,0.6314671900106522,0.4611264828055028,177.5055728382674
1894.6041676056966,6926.520177129142,1116.536809810845,0.5704393014203979,0.6876026343677556,0.7223600897059376,242.57827314395422
1766.3441712988938,3995.601666206578,1966.2118050634867,0.3868931707080931,0.38186166591666004,0.34039808031269475,138.15758492855355
2945.6309549073076,3579.5338121033737,3056.1064466993125,0.09714741002460897,0.07456165039263365,0.07888121491077117,24.065365850554308
641.877854585862,3151.6837892352964,2020.40502048271,0.6615961910295399,0.8958536276457362,0.21872763793387734,188.31099044311253
1982.0061550660735,2296.7332412850515,3263.8696008705997,0.07355603064159942,0.055449644781259126,-0.1739265304257365,5.582527177859262
1116.9845963529358,3562.146567646641,3382.9556896575345,0.5225675205653113,0.5955063501303279,0.025801042421636056,134.20300679284605
574.8859826306239,4456.969011008796,4286.422324806597,0.7715013712664349,1.2273754753175055,0.019505782096711777,204.05910057159173
1952.5213027117961,5056.878994138375,1443.6783074223172,0.4428849201805047,0.46270142952247045,0.5558293725512965,183.72301929690798
2247.731655954238,7421.800298493479,3380.608317219839,0.5350898747094189,0.6186357033176285,0.37410101067841206,171.25680229495404
2289.4242694409377,5149.22328434346,1075.1618091312798,0.3844514737175784,0.37854529669613807,0.6545323615707263,176.74059487258216
1442.4379683922796,3742.6757963178297,2437.413747625648,0.44362340574614734,0.46382108006449285,0.21120439100435714,149.94729723251953
2289.841362057261,7655.8055720307775,1259.5801667526423,0.5395289260714157,0.6269864565914319,0.7174367539405556,235.14755414220082
1882.3520867929947,1923.747016068373,4508.1855983450205,0.010875946249897222,0.007828763358907085,-0.4018136906601501,5.0
2386.5071721018367,3351.966278821829,2886.6786959169867,0.16824319478141847,0.1365802679403569,0.07458151324755262,42.387297795609584
2065.2037393016526,3333.680113516885,1785.2727105524918,0.23495159528539603,0.20165398619196162,0.3024851870838266,82.56949338648529
2193.871084285525,3457.5806795317967,1492.7230358298127,0.2236079591289089,0.19006802045689375,0.3969165845739504,115.48616455266561
1116.7173301874345,2295.3318286567373,4266.855185567112,0.3454271738931013,0.3275153411200348,-0.3004369354815046,36.191184988230745
1841.8842097779973,1499.6579812052723,3148.619627254163,-0.10241565388393528,-0.06816189269213088,-0.3547468083001725,5.0
2781.42069854485,6837.64747835639,1762.6593129154203,0.4216860411833111,0.4310151297370234,0.5900938522334257,163.14918009482489
837.4659489522813,5468.195040238508,3912.1750509301837,0.7343764751213046,1.1031859110338247,0.16588044757502535,204.08698443950178
595.8243188406555,6346.914114281289,2911.3572072931956,0.8283604301114623,1.4489496424426742,0.3710797391097363,262.01203703328883
800.5247884448208,6419.108494134088,943.734143782395,0.7782367171569176,1.251549259085052,0.7436495140357161,284.32241115916804
1029.898001331273,6047.208868581975,1896.0153134127343,0.7089494278900518,1.0258170345934488,0.5226081323571786,246.37142513976917
849.5628905708581,7476.144735190606,1218.0195960015935,0.7959181539500393,1.3174619685723323,0.7198075513729162,297.5539696338034
1722.588651967401,6198.0083994638,4294.741076693941,0.5650356555031016,0.6766773770611606,0.18138880823498063,165.8721917107037
912.7990231795742,1504.5775138846452,2899.7249199745347,0.24480195012521877,0.21188305353741244,-0.31676921072621494,27.308954819460666
882.8519451718928,3710.20686651754,1881.5747240741641,0.6155712427488185,0.784651128165743,0.3270213817351287,189.35780094470533
2863.161860309366,7479.9588321275805,4330.555001096172,0.44636402384318347,0.4680464394003311,0.2666610339937342,158.44667868334926
864.4858961610516,2350.91639030811,741.2940859958512,0.4622844550244522,0.49292467985542426,0.5205409903777499,180.26220228303984
2314.578708842959,3530.7202108846677,1715.2428036116644,0.20805462963223834,0.17454045366326704,0.34607133178601657,96.9222142891143
825.7616040014855,6881.337975076053,3588.6281975871693,0.7857140430270195,1.2789608097351972,0.31449096614768085,242.2467960057893
2102.5330870964935,6120.0489320841725,1823.8590374169696,0.48859541140818025,0.536061964209886,0.5408156678829421,175.290287523936
2947.5864379522204,7511.801501610972,1004.1938232171276,0.4363749666419763,0.452829299754311,0.7641628992746119,213.95987060273268
2235.3204589311563,5537.998359961125,1446.005023847204,0.4248735935773358,0.43568830787186325,0.585909414794223,177.62608693724567
1617.553167310998,6075.294850742866,3951.5197567042396,0.5794657157389314,0.7061606190120461,0.2118095503879616,164.4987953107613
1330.8281366987953,6151.195738430953,1271.530717309799,0.6442598528869713,0.8524282895879066,0.6573952373914864,229.50962624990697
2823.985805733802,5830.121519087285,1703.1933293838933,0.34736519899448626,0.32998143962268767,0.5478236702124687,138.04903338338133
2524.6286065599643,7509.766643281035,4038.956011295929,0.496805030308454,0.5500286442285963,0.3005363221108289,145.90907134183374
2728.3621927990553,7534.5180280286395,1261.928331483671,0.46830477715286695,0.5026162805826833,0.7130822424727034,189.59790096709898
1695.0985549723102,4052.431259029002,3513.1537871563637,0.41014710317882075,0.4143224410200316,0.07128033965770648,101.30502820475265
1440.3635733734209,5627.922402949395,4250.179649520766,0.5924433226118638,0.7335730430505994,0.13947444012735524,158.25725416100704
2731.658565612537,5152.609798015906,1024.4982608344317,0.30706098783554775,0.2809367507607186,0.6682919413395355,149.6569377768925
1427.5870557118778,4152.404145354411,2952.8616911749536,0.48831924477470945,0.5355831512210151,0.1688244298817905,152.3511790397307
1121.6320782236523,6900.409366547274,3358.4009232780973,0.7203624323544335,1.059843687646978,0.34526503004318687,224.54543843903045
2470.282572744465,4668.684568626691,3133.8605605366756,0.30794398573909704,0.2819710553213446,0.196708123116986,89.90255749684086
1236.7940060984968,4126.3865456770145,1601.4141431415937,0.5387833788446892,0.6255530959250398,0.4408275600482501,175.17489194524512
2852.7811895302025,2660.250363110922,4086.462936467592,-0.0349228595095056,-0.024336565227850042,-0.21139368308927187,5.0
1069.079652200643,6622.330472176908,2111.142853523398,0.7220068530286142,1.0648359478505414,0.5165399205905554,229.99854308250667
2928.0140972468303,6231.625652579336,3388.1913357560884,0.3606704679662245,0.3470076651669856,0.2955809159337951,137.11985201582388
847.7494812662932,4884.7198301138615,2160.9317415845285,0.7042288634897889,1.0120544065386985,0.38659136921898035,216.53770673780204
1857.654449145219,7091.553495743001,927.4972894796931,0.584844946976848,0.717425327096497,0.7686765392300046,245.92623538997321
725.1813247267037,4590.09773814381,4694.353132223985,0.7271333013703943,1.0805290084867676,-0.011229031800005247,167.39181371572303
2160.4630047776673,6870.162513174574,2002.040733742824,0.521525280669964,0.5936414272370115,0.5486936720678103,189.03569430153487
542.4145081494046,7251.087966920406,2101.5186368861514,0.8608034037802887,1.596303611945761,0.5506025803959028,273.87270931505776
1929.7681201782787,1173.9234642211345,2455.317921276098,-0.24353085194187385,-0.14816378807372518,-0.35307501502172145,5.0
2722.080056308874,6844.146320850076,3563.5818369876465,0.4308978380390896,0.4446169494875077,0.3152046665512433,159.3958854650404
2500.3097460134577,2204.047392997378,4628.523408514911,-0.0629761610776424,-0.04304410613829203,-0.35484096478386584,5.0
1232.9305814487197,3509.386388437025,2712.4278159295413,0.48003029341227704,0.5217414039071864,0.12809102718304807,124.35162574449184
867.1559236378519,2709.607480561399,4038.766835920383,0.5151169781723122,0.5820564669045825,-0.19695993328582462,103.24613310130893
2479.5108371458464,3263.2540166178483,4147.7360750068165,0.1364748861033161,0.10800526380769561,-0.11934735404236944,20.67514063986671
2065.752366881283,6875.9009673885585,3895.6180613275005,0.5379484554085673,0.6240004377475205,0.27668176585300236,177.53136136750902
2841.125818039017,7677.470227857095,4180.200301211411,0.459789917614073,0.489009137752856,0.2949373502811837,162.3605412888024
1300.7768030484417,1469.8529801960258,4571.399769954709,0.06102445664485991,0.04557056914064676,-0.5133946413958432,5.0
2102.2786790813557,5203.284278057883,1689.0761069478574,0.4244718191801564,0.43509557684675537,0.5098700552927091,170.1045599360815
2574.8840569636614,7942.371784800606,4475.581736486434,0.5103505903138892,0.5736290814689571,0.27917563406016727,175.9842921534524
782.7142850018624,7036.419886209748,2806.0147346686413,0.7997951516720232,1.3324234083438267,0.4298128780187671,255.13382947488853
1158.5254196002738,4663.545832607938,949.3503434402883,0.6020229331745548,0.7543714349607794,0.6617253147056985,235.00964322809784
1530.687886896621,1492.5355444549218,954.6616232911884,-0.012619756129643138,-0.008932746547883461,0.21979182063181615,34.16346448432954
2531.9881082505863,3602.9162640314544,1359.716606637971,0.1745631375192805,0.14244214089701387,0.452018054811069,91.31658217670108
2678.6551817860463,4121.82086974857,3402.5822724754275,0.21221539151286897,0.17865603038697886,0.09558746170064573,68.34202177755733
2257.5472685289396,4667.265153467976,3564.361758285537,0.34798312759151395,0.33075897455210346,0.13398364708119573,102.97657972759504
2314.6979284852277,2790.5925159974668,2119.802723320465,0.09321596735663178,0.07132806683191018,0.13660606933823327,32.896629481955195
2571.146474736983,7382.0837515203275,4948.279738985023,0.48335436505913476,0.5272846520138015,0.197382989902285,144.48914512539343
1086.769194781601,1179.8059434090546,4883.944806151104,0.041047281874217925,0.03020116264039117,-0.6108659499897596,5.0
1881.1346557340935,4194.309614664386,1013.8059309783612,0.3807416965077079,0.3735236720039954,0.6106822429729385,170.11622581156377
1556.3543345052462,6760.43366622944,3470.720805788693,0.6257318727661141,0.8081089541174579,0.3215387734704293,209.01982135385907
2048.740583772238,1505.5496729356314,4952.10257479693,-0.1528268293954433,-0.09841133043646969,-0.5337160889296494,5.0
2148.945912994719,7279.095307722755,3170.6075653960893,0.5441373530390117,0.635744979115006,0.3931679007354655,169.5177961861387
1604.5325163989903,3191.112432385152,1197.1610106768762,0.3308376522030838,0.30941217225984924,0.45438176246887757,141.91885266129708
975.2094318462741,1502.7792411735122,1809.049467074694,0.21290242964323797,0.17932265095633285,-0.09247767707488284,37.43038944261126
1728.2380864405397,3821.538294742115,3090.2942134022683,0.37718640610854803,0.36874737586182377,0.10579597818268999,102.4084249082429
2499.55417942365,7877.795325245835,1615.8736724043858,0.5182673227767722,0.5877571296357011,0.6595892118981344,199.43283737410647
1614.1336201445545,7067.042465671361,4838.950800098842,0.6281301969911804,0.8137288189411368,0.18714034315735378,167.54815478639276
1671.2399262875063,2079.5349195902972,3979.179511132773,0.10885617238333072,0.08430291005067451,-0.31353921907856375,5.0
2390.4508727859175,4257.54685803828,4854.529284993062,0.28085087579294876,0.2509368691609408,-0.06551552220575124,55.43398958346744
793.7322325808589,5855.393828618128,4037.0928291765813,0.7612521628689478,1.1916760099844426,0.18380626248558285,213.0920214046914
2976.546908580377,5720.5201098215,2680.958265348871,0.3155055831028693,0.29091178199641865,0.3617889267077001,117.78621782230906
1955.479436124361,7425.404323512851,1342.6979778083696,0.583092705011509,0.7137434990963889,0.6937312243829747,228.28499534433732
1604.1032738718334,5614.910811475133,1595.3187018588837,0.5555893768359284,0.6579179690502177,0.5574846267549812,211.25606855004838
2520.4391497084334,6489.590095738348,3969.0635187006237,0.4405258670603316,0.4591113712939429,0.2409991447959368,125.33525493680597
2157.96797320113,4051.9151087071446,4349.879617286995,0.30498917777032003,0.2785097935700451,-0.03546438805777056,80.35900100817092
1167.5113215576685,5633.038015598809,2892.7230477311296,0.6566420552213322,0.8832758253417418,0.32141587679868294,205.54783598677352
889.3353546299313,3871.3815344163395,1030.1819251451718,0.6263859516664988,0.8095999935441723,0.5796517034068324,221.44830071310832
2000.9612614987277,7745.482930685772,2014.731555652825,0.5893966615233972,0.7270717923105332,0.5871542456845742,213.2696019085887
1104.588291286167,3589.2014016205353,3431.9219842433763,0.5293405270286816,0.6079170302145445,0.022400890671059718,146.52381394582372
2126.4214338293737,3059.351843236442,2063.7627822753157,0.1799018891460353,0.14743938620991795,0.19433277089078252,72.56508836405439
859.8612393360656,3629.8671389234696,3977.194066550317,0.6169651403375642,0.7878256552837151,-0.04565848994763761,152.0200321833936
2136.460338754415,3619.884660333615,3537.1275142464833,0.25770246945874764,0.2255864054279624,0.011563085832032142,64.90055109404575
778.464766207187,2050.749951520321,3191.793056128007,0.449695520418248,0.4731416473421191,-0.2176506902709947,86.26391316985266
1828.0447323907429,4925.778163812458,4249.205379787249,0.45866370477444784,0.4872167911065414,0.07374103514588128,127.87832965517953
2692.4608172698804,5224.439212464124,2901.4923127800944,0.3198194224210122,0.29606574163732435,0.28586838225028566,113.45521701549151
1751.0961757832144,4849.733915454508,4614.498757642678,0.46943152548573414,0.5044238776067875,0.024855174836904477,116.2012507977837
2980.5814435949364,1965.3035419562914,4590.0624517797305,-0.20527729706602005,-0.1278700919421088,-0.4003985302927599,5.0
827.8859856889799,5243.076958483506,1865.982102430118,0.7272636997900639,1.0809472879635722,0.47504104645099654,233.52618840975063
1449.7252811858095,6364.819179554467,847.6740068953895,0.6289674238124534,0.8156927357422129,0.7649428608486203,244.51556532452108
977.9085979114182,2267.5348213324214,1665.836982515336,0.3973651844850557,0.3962722399664954,0.1529725306098731,121.77855824435753
869.8304906950428,5589.688484621511,924.1096684187467,0.73068258042612,1.0915822060407487,0.716260882801363,265.05532839759115
1824.6982373405872,4228.308547794674,3517.73818355173,0.39709360907370633,0.3959167569835915,0.09173329167712121,110.39854310178674
802.8651771059467,7105.499247653505,910.6981201226829,0.7969579714888148,1.3214520644478858,0.7727855044662613,306.5855378761355
2475.2042079936527,5195.506370525936,2193.6184126659446,0.3546349629974768,0.33922817482548046,0.40625758063825906,134.5067274723386
1008.6510399455299,2134.8426133672265,2027.1822770500378,0.3582611251263713,0.3438648380755783,0.025867297559704863,79.0131871857117
1088.963943436091,2977.6708444600795,4308.206370853114,0.4644397638511942,0.4963773808368859,-0.18261843932998822,102.49523622510031
2177.2191629586214,5682.981038491664,4014.8191076466264,0.4460143234570768,0.46750233640300887,0.17201446776950674,133.4200023250222
936.494945314646,5421.48209726051,1338.5238807285118,0.7054110326614061,1.0154885529812414,0.6039873676476565,254.6924779530407
1274.7653874173216,4916.568175042051,3184.068394112068,0.5882097532457761,0.7245257586349285,0.21387205387206024,184.39540510566727
1945.128376586549,5569.446336135207,2320.9355686116555,0.48230513337376024,0.5255310638087651,0.41170513751147314,184.32581366602855
2489.3293935370684,3099.1840997479426,1001.9728811612893,0.10912646213246702,0.08453222451787609,0.5113706273224217,96.44533358184486
983.9042169013089,1809.312184497876,746.4991394996092,0.2955044825340411,0.2675123340354541,0.4158417464557219,114.10578013687872
1759.8246880544752,4891.143396783034,2071.45240144813,0.4708064552882686,0.5066500809408495,0.40497697649578696,166.77556043014954
1318.4357433566017,6053.442614526339,4191.271975709598,0.642306701312314,0.8476526171453189,0.18176891334872078,193.09115317032567
2497.6109770061166,7486.904493965547,4361.349153979023,0.4997031183901991,0.5550178985720096,0.2637988207034161,154.36509525829536
2687.3944091982494,6048.989974979532,699.2054617131294,0.3847810967984184,0.37899584328045127,0.7927726104944578,177.57923755033343
1721.817001774042,7320.475965370561,1988.4637855236886,0.619163632866157,0.7929043570225641,0.5727840465141991,236.42047358204326
849.1741718116223,2358.426555718871,703.2798327322712,0.4705237688977227,0.5061567296810668,0.540596161894972,177.56165005489171
2935.3711177505393,4008.6113167706567,4140.517673725584,0.15455687121702272,0.12409215602587467,-0.016186558967538022,21.994552357056218
1570.3277197278192,6257.769883749733,1647.206088696618,0.5987971025477209,0.7473249507553708,0.5832482996204523,233.36350547857188
2722.2633231523555,5907.695098952079,1964.8145826126492,0.36911322391444795,0.3580379896364813,0.5008416217094962,165.63347286705587
2844.0706868593793,4145.3505243836735,4666.780603645509,0.18617848288280311,0.15337486009709667,-0.05917184749374925,39.013651690991686
1880.270428947628,3346.3107439364658,4117.491719051006,0.2804969953043628,0.25053780121186675,-0.10332280078893505,53.6764411575497
2558.141486385397,4820.843026308061,3520.581935551486,0.30664131842581915,0.2804442140774117,0.15587997213258262,87.79947118900628
624.9438025733022,3401.690489780955,934.8415217758878,0.6895949532319148,0.9705710025470926,0.568852936139309,236.8286834206871
1595.3687529933047,5644.399263547684,617.7068068143544,0.5592762780166602,0.665188232011999,0.8027159552153672,246.32123308510072
1197.971836698306,7364.702231055895,2067.8068907097468,0.720187449019042,1.0593184293975035,0.561557404440981,251.62024397591634
2104.3775990199447,5873.83596390765,2560.7648352478873,0.472468972494143,0.5093559365999211,0.39279524984735115,169.61259716785108
1476.6224484382901,4496.5873709519165,835.1626449764888,0.5055849389727856,0.5652264931156471,0.6867210042388213,218.67604155695784
1108.186452355109,1160.2875238706065,3492.3725663638293,0.022967453908911844,0.01667681229626751,-0.5012369261375544,5.0
2214.787765901614,6135.264537685721,4167.208498936234,0.46951523520760263,0.5045660954131118,0.19102753596759317,153.34219872218128
2036.5306242284164,7734.805078355376,2949.6285422652895,0.5831622847669666,0.7138909603587307,0.44786431415577904,198.32454669484056
1353.3280312874042,1401.5257931611986,3753.176977443471,0.01749557868680959,0.0126536603673736,-0.4562147011146092,5.0
2838.83716536298,1832.9409526454306,4811.823340088916,-0.21531335330862242,-0.1332880340020931,-0.4483052002690916,5.0
1532.0779842784036,4476.551765952257,1337.3600059914534,0.49004080856717436,0.5384911383460236,0.5399448568465912,174.54410278962175
631.2613401163326,3626.3447407603753,4669.855439881484,0.7034665356650001,1.009817474904596,-0.12578176469635194,152.62709613392784
1303.4302457088402,2920.130338371726,4824.5701646680745,0.3827813192437126,0.37626686529673353,-0.2459023206001255,66.10119086852444
1170.6244267094444,6560.6474214897125,3392.8062699241427,0.6971715779647035,0.9918782999636256,0.3182655236523558,207.56968883753666
930.4619233131882,4776.782769005112,2699.4002451246506,0.6739365582476191,0.928116568626468,0.27786672954319114,199.27956548835732
2229.732331803796,4194.989216439339,4670.175220668418,0.3058898147682462,0.27956271088698237,-0.053601487885148145,67.30294353512181
2113.2780131910827,2744.0619575571855,2106.3352251238866,0.12986201254903498,0.10223581593731794,0.1314792806203376,58.00799896370749
1723.2825268392048,1297.289905718251,518.0170141978821,-0.14103042734162952,-0.09150910116260104,0.4292788632828504,30.078790020369336
639.4994420467222,7280.270975510577,4224.556705865814,0.8385055604520374,1.4932118374414662,0.26560278467496234,233.67212607962966
1563.191223332101,5728.919557617238,1544.121090068783,0.5712650916654818,0.6892762409676221,0.5753849964119888,220.84950071985432
1149.8648327691858,6077.658898394934,4556.169414833687,0.6818094617518788,0.9492702691330805,0.14308012491845612,181.77136846442377
2611.2964608591415,3509.1189254243964,4904.453945856059,0.14669306047930533,0.11703869723508487,-0.16584333928202663,5.0
1230.886028350944,5726.670271209632,1570.4537796219743,0.64617288723865,0.8571243978209551,0.5695691154578127,241.8754714120182
2014.8566745883372,4447.172727023273,2463.108433022755,0.37640126667512874,0.36770122292444773,0.2871177377246087,125.49187437692561
2718.4963158024793,7303.588834173639,2361.626153240292,0.4574988587005356,0.48538878729754126,0.5113143046334169,169.45608643889346
2215.232454584081,6372.233281657177,4773.32656190163,0.4840777191162967,0.5284870917894261,0.1434568332192055,151.95710209897553
1748.6174278961287,7130.8909705604365,3941.209590192061,0.606145441902359,0.7635038961088026,0.2880827682677325,183.39426767866644
2553.2038773693653,5216.101212630785,4560.155119391471,0.3427458831995259,0.3241691737807828,0.06709583616620793,95.94221992290369
2936.848277036358,6673.70770183765,4815.593081593198,0.38882864140501905,0.38451705955633253,0.16172564850616353,129.87930293684252
1344.825743419637,3092.785372948458,4436.198280865905,0.39389653200741015,0.39147190913837693,-0.1784321721907856,73.77490455395727
614.3953948876133,7855.99769714657,4699.5368745516025,0.8549310784896452,1.5683466484567212,0.2513999546828254,243.3189995091354
1419.6459731934276,4273.407420252392,1731.5915987221945,0.5012708030883941,0.5577115103668218,0.4232833033070095,181.47665224464743
530.1476817703689,6684.230615746777,594.1614946844551,0.8530302514412541,1.5593984738705988,0.8367327601789186,299.01104226052405
1729.3121313532397,2412.9847224416444,2511.4066219624347,0.16504673978085968,0.13363569346333015,-0.019986612073926078,30.676628807189562
1057.5426915927917,3597.1651645891234,3882.733792433138,0.545602978944824,0.6385182707141686,-0.03817813976454051,144.87101046791764
2086.6557764254153,6253.907795720778,2806.4341545078187,0.4996367430988131,0.5548984005384918,0.38050149318541737,163.8780800466097
2104.4608898716224,7648.191273216081,3097.365027632966,0.5684331082531783,0.6835349977940866,0.42350773824525306,192.47019519965062
1376.4386492226913,2999.9302621846614,2813.1278648939538,0.37096772357541485,0.36046952586818864,0.03213496118134488,106.75744610247408
1189.5186390350477,2791.2516497001066,1445.4883291352344,0.40236760578607117,0.40328189547610926,0.3176412352351098,138.58999164762454
1011.4257115079163,2069.5375405470904,4922.563617301266,0.3434353941060403,0.32500918216447766,-0.40803558357329134,43.92834104430521
1793.660421353505,2585.7405099575135,2439.275643459355,0.18086494039860065,0.1483440163333694,0.029147143411552934,53.78661340956185
1051.159523687354,1563.381496836385,1891.1793691054881,0.19591276974897529,0.16268578848002496,-0.09488843441895528,39.0227206022651
1699.4199429240346,2502.5846113352645,2328.9912705443435,0.19113845733602922,0.15810198314263388,0.03592892774509418,46.42398561261682
1636.0936653315066,7358.370488671811,4259.6124631505845,0.6361998585715853,0.8328917265166348,0.2667208273677518,204.9076901666391
1261.1707231485602,1945.6909757750063,4714.16248677293,0.21345487167181584,0.1798772167302473,-0.41569555939194225,5.0
2679.931776059372,1431.831898494685,3140.4297381828883,-0.30354368004783416,-0.1781735042161493,-0.37368767911454553,5.0
2236.6932127183572,4263.496521696159,3527.7468690579703,0.3118067920287488,0.28652003919780783,0.0944328928829088,97.91282917091816
2725.344160716132,7347.590666025629,2101.3854300415737,0.4588778329607988,0.48756525741379,0.5552141504106868,173.00009626217627
1546.7811732966913,4327.955467436028,644.4009167369142,0.4734125908525911,0.5108830545447259,0.740806624738946,203.19931501600948
532.4462070542742,3595.4655782230484,3374.4108665832537,0.7420263633906525,1.1275787640265296,0.03171572887390291,186.72313169112505
2860.2516060986845,7551.894985709847,1470.3944703046752,0.4505932890775462,0.4745859197612923,0.6740529157681826,205.16588911077957
870.9622443644892,3466.4098123437475,2241.714847818328,0.5983917297034073,0.7464030967773234,0.21455294640956435,164.45426439120112
2564.8969151538113,6659.4878104834315,1149.5533246563425,0.44388769730144445,0.46424208227262315,0.705584000617879,185.32255442320758
1125.498230188756,2230.52361145096,4741.631101523282,0.32926644493858065,0.30748060083344986,-0.36016233045421764,24.91205977893575
1405.1463815069549,4887.7451062904165,3573.069326943483,0.5534178892140754,0.6536593831181324,0.15538406965026097,145.59415237526193
722.3046322836511,6741.681183195801,1930.5267220344813,0.8064560543003976,1.358590636153226,0.5547784962241152,281.0983594162359
1956.3064083236293,6930.4365441658665,4884.136106913044,0.5597247677664717,0.6660850699092711,0.17320139267946794,149.77425665399068
2870.672084404234,2388.130143232009,1061.0297942252,-0.0917589063427019,-0.06150741083828387,0.38476045549816223,31.35688053829022
2135.18694445803,2648.2994990099896,2914.6869733509634,0.10726748377124826,0.08297195610822103,-0.04788569514173781,10.223273862875047
1524.1339386613047,4360.347385142829,3069.917585856489,0.48198189269908653,0.5249855126912889,0.17367211050336392,153.74742028146454
1329.4235187388585,6089.402095966478,1126.0935649613562,0.6416080959162792,0.8459511257544121,0.6878679945985894,235.75905025752908
2151.3379861333965,3673.5331759579426,4873.145716527477,0.26132684263812905,0.22948734838210477,-0.14036008085946944,38.828545903977954
689.7450016764108,4000.208987031449,2851.4802285629366,0.705862785140297,1.0167673647015412,0.16765628477228056,207.50817376587358
2349.035571645705,3423.3417742936917,987.9656779055365,0.18611156861004594,0.15330976072621463,0.5520758011600253,111.68616741614585
2889.6091052697057,7560.667417635374,1177.0098873386041,0.44697939826573874,0.4689945275543847,0.7305897559220048,212.58192868106937
2802.1875140017873,1284.8368863654848,3501.8234713518073,-0.37126047672450607,-0.20959083594405203,-0.46315936766827986,5.0
2850.8735043499482,3642.3014085693617,3703.6617426783464,0.12188612115204885,0.09535945798498653,-0.008352932466072847,42.81551021933705
2434.324771385902,7925.599743129062,1969.4102461150624,0.5300497087135585,0.6092603110421212,0.601938704749812,207.03747202152596
2098.7971774817433,4590.252751255659,3948.551239434225,0.37246777942226017,0.3624665940571632,0.07515121701422696,90.39024947967549
1416.9108420799091,4908.03056667634,2176.669101776971,0.5519608006504793,0.6508185498397336,0.38552960497055677,174.139214882476
1609.638117051492,3394.627948076413,4509.051760004835,0.35669363048197644,0.34186152350922017,-0.1410006291940146,79.97354173911326
2905.4340603071964,1359.713883936282,1459.1337086271224,-0.36240716528830186,-0.20562097605062998,-0.03526967010130559,5.0
2703.9770199200902,3870.5085439763625,4355.249873455759,0.177433125761931,0.1451244099437375,-0.05892968220330879,37.016627419021255
1240.1485361684265,3435.0666046730303,4969.671576067832,0.4694795858399957,0.5044880435522512,-0.18258807570338148,108.1130859851219
1344.724285797984,2407.1852140195624,2021.173300720355,0.28317871952670143,0.2535335731458861,0.08716817121450027,71.55528854851406
2038.8422845560972,7502.689600984376,2377.8624269901557,0.5726383752000788,0.6920907911545792,0.5186782235411302,192.32116971201333
855.6790689197445,5879.365751178925,2498.8541993600466,0.7459024870215608,1.140250118739739,0.4034880405828832,232.37186543463315
2000.159497376104,7881.610847851124,1696.069547198913,0.5951819506431361,0.7394864191548313,0.645828744003946,217.22581920014397
1557.3034592498846,3012.02931954242,4673.239337355697,0.31836723880694434,0.2943156733832152,-0.21615510033029992,67.16463944179759
2641.208159440688,4889.7094303928625,3030.463850078113,0.29856936340519713,0.2710610693911992,0.23474809379037231,99.66477972233481
1351.3596023783052,7744.553269963215,3159.8068909845174,0.7028644355556887,1.0081541341123987,0.4204507473054496,212.9580647918283
653.2639422941376,1570.9164898299687,1404.546154836345,0.41258008292379733,0.4177604131569439,0.05591410641163242,100.20566179097906
2449.4939369441313,7340.462604743417,2457.4021476309213,0.49959043704361644,0.5548228146548113,0.4983800634144079,180.51125199224103
2887.4590990755946,5084.398411512262,4182.587330058495,0.27558687661479225,0.24508303355311967,0.09731439181038332,90.00021781145786
1159.8218264907337,5050.248843529169,1924.9495809825694,0.626470651162412,0.8098186457285963,0.4480588324363418,207.26186656262414
2422.7733913597167,3097.360527721026,3990.713668025301,0.12220484976050036,0.09563185467203336,-0.1260360875898217,20.876187607011996
2975.8658489593613,4842.526624791479,3144.6700690754783,0.23875250338997658,0.2055909578276853,0.21257227292363326,82.62281576189255
2486.345073945511,7549.559165175175,1172.519678921572,0.5045100042892374,0.5633648089997163,0.7311375647376263,222.001528352901
2730.8447096610416,5445.0120240647675,4539.033228991659,0.33197344357511543,0.3108145908654065,0.09074265711135654,99.10648855622796
639.6014229869477,7331.964505635581,1993.2183104224302,0.8395292896944692,1.497766286598098,0.572508475163328,268.8748802176667
776.1788235534684,4710.814672555939,2423.712393403463,0.7170841101005985,1.0499207619842392,0.32056816908639113,206.55313875988267
2882.9256559124624,7332.537948811679,4329.53071466144,0.43557614853680426,0.4516255627037257,0.25750210537676615,149.95986912623576
938.008662232837,4015.6665282522226,4766.868675539232,0.6212877806985838,0.7977573076635431,-0.08553363348628294,131.76210720526785
2105.579690571957,1018.6064442337555,3558.3637198527754,-0.3479220504439875,-0.19903437193236856,-0.5548992420777564,5.0
2778.435753560234,1910.5693040461838,4078.000887556878,-0.185085415491529,-0.11676055646476391,-0.361928058585312,5.0
2643.5870256701814,7609.735786756888,4369.765742265588,0.48434530458588193,0.5289381163943218,0.27045950420987347,163.5389411595144
2547.933636387602,6575.323694073118,841.3628358750939,0.44144211999780264,0.4605062864170525,0.7731162472987713,211.67193731815027
2736.4717575416116,7668.890053366582,2859.340322940867,0.4740266013797011,0.5119012314946593,0.4568241345470764,166.23921595390746
2559.739532558166,7324.766854751592,2919.512152707629,0.4820703366461419,0.5251481726744007,0.4300209608120123,161.26213984439133
2149.2697323787734,6194.353107604313,3221.802584527428,0.4848113885681016,0.5297115674322601,0.31568621207539077,166.3113554193633
1168.9490677831154,3621.2925549117667,4046.812883535472,0.511945676184299,0.5764259339495579,-0.05549223755253672,119.21843528819548
1268.0771201208636,6447.513204363331,3389.475486705516,0.6712948544112118,0.9211504863927293,0.3108713259092575,191.6471210022746
1535.6389547124718,2871.143711156452,2046.3340185837287,0.30305664186359194,0.2762508789911376,0.16773023442824467,83.53090002402026
978.7997839092734,4055.0853021924668,2642.7178368774166,0.6111155628414167,0.7745798814179995,0.21087025637787166,183.26037505382598
2806.3511080497556,2496.0345375007964,872.0438222345846,-0.05852395341158077,-0.04012339082075992,0.4821712980904732,54.3824189776514
820.1965674659915,2948.3218653150907,2458.2464939761176,0.5647113939453068,0.6759814987677002,0.0906444418493539,148.92243798539766
2935.1336352053117,6078.922931675889,3968.4327875189347,0.3487652060751978,0.33175317878484556,0.21005428721060856,115.72977806428193
2829.6198757903126,5552.934317473258,2912.622108958707,0.32487883508663623,0.3021653995516329,0.3118887968142091,117.5192547418032
721.1838067640673,7903.551479182776,2485.9864418421994,0.8327638395219974,1.4679877890293869,0.5214442719204845,276.27019654437004
1131.7514579341605,3285.8851345250114,1207.9045991724715,0.48762129501106943,0.5343975093626959,0.46241160758101807,187.1375999114174
2226.451842750509,2865.442892052416,3696.573660398017,0.12549180265038343,0.09845685460488288,-0.12665782866831946,23.917755590657322
2936.1047666670083,4265.575574815398,2464.538359915963,0.18460563992349088,0.15188255768301814,0.26760872581033296,75.302970759279
2919.5560644756397,5062.576386839831,4619.980351379536,0.2684771688726538,0.2372601523952531,0.04571065756501605,60.79263597400489
1675.34762828767,4396.130876249099,4985.454387261136,0.44812531996617666,0.4707492652757949,-0.06281705003965578,117.23831553601161
1862.348774964009,2155.0479210029243,1482.3688693553675,0.0728579147436195,0.054894234701539084,0.18493317929517877,30.064414748956523
2499.7208101074975,1507.3011605420895,2090.657133998061,-0.2476701292348678,-0.15030625402968298,-0.1621352793830519,5.0
1566.680926205133,4618.484030117508,1544.7289884378577,0.49340690587392233,0.5442041363856165,0.4987260754945317,184.64740614758182
745.013613209173,6616.067267321815,3143.3900935313295,0.7975803755727183,1.3238420630953378,0.35582687080166586,236.07413706591544
1842.9255481381676,3401.5417289686884,1146.8299589187725,0.29719246935470417,0.26946852335896715,0.49571845140945847,122.41653987532963
1275.6467571268895,6842.84158469224,965.6336530712344,0.6857427876323282,0.9600119899220315,0.7526703680181871,273.07616712740537
2503.6423221274263,6908.987166728187,4357.621485475369,0.46802488606914633,0.5021631363067202,0.22645374129750756,154.15809328663104
1364.5019842907204,5427.416363228733,1085.3015587758905,0.5981983543461874,0.7460129602012986,0.6667131688776748,236.5719207942065
591.2601203716912,4353.082759742102,1523.9396998990503,0.7608336901026166,1.1902025977105526,0.4813905474736618,238.2143829473913
2566.711237845435,2269.5710454516347,4433.316847982451,-0.06143979505881717,-0.0420382135312669,-0.322807995092315,5.0
1053.916739691534,5626.049047805847,3924.607398473079,0.684454449749927,0.9564690547258382,0.17814918364250507,180.7595076880061
1878.8301627707806,6682.437068878152,2751.0467272514543,0.561085967248927,0.6687869058760343,0.41674851265689666,194.60830310972563
2538.537273337591,4891.08234798675,3951.473097245799,0.3166440806175714,0.2922662255459664,0.10625992185791498,87.8505305191595
1845.2446085432512,3341.533777776646,3124.265564299259,0.2884814151480558,0.259520088262793,0.03360268420795566,71.91863135921525
2283.590530572169,2488.3455815113657,2972.75744935986,0.042908171041478566,0.03161578309748522,-0.08870220265419758,5.0
933.1937076713866,7092.727733718635,876.5462888557079,0.7674550604887324,1.2131858930226946,0.7800185344956772,282.3033196452353
2268.342996339817,1769.4359843263705,2838.611905256833,-0.12355976250279375,-0.08109411395274893,-0.23202361310423472,5.0
1623.0815758587478,2897.6524080487434,877.9039510362513,0.28193891444291147,0.25214776529127336,0.5349538622612493,121.38255546840564
2161.766415820747,1231.3939505811977,3597.7459760239017,-0.2741905375819038,-0.16376345844180737,-0.4900152120082057,5.0
2027.758268300505,7218.9396828388435,4096.538832634529,0.5614092123921154,0.6694328890827911,0.27594068122339155,176.74443002332117
554.7577889754908,3183.9828514498645,3245.6317774723884,0.7032381528000321,1.0091399094919988,-0.009588276991846617,164.04713929893992
1859.8515745351183,5861.703701138204,1221.5356484802103,0.5182702167130251,0.5877535036552874,0.6550912404580647,197.0638825835074
1533.4535835345978,3660.478371725442,4255.217185325704,0.4095211115785269,0.4134255432981793,-0.0751341191988298,81.4420311218491
2286.365981139562,4112.732473926331,1573.0461733541297,0.28540996912705774,0.2560528586472728,0.4466734387101534,134.12440484644537
2049.2343492133286,4798.25416135687,3650.010387388742,0.4014639539005467,0.40202902117874206,0.13591475115474494,130.73143809504
1441.8682050295029,2580.54600776369,776.913143937982,0.2830831789599306,0.25342798329836574,0.5372017295800501,128.50516151818417
2581.2732045870002,7535.369138856645,1712.8501719974693,0.489697645285501,0.5379271775178796,0.629582708900083,210.458886260434
1194.9692990225521,5491.949242361518,4977.998228029984,0.6425949286062298,0.8483494582253835,0.049088213263330564,176.03566612681715
1056.338353367063,4312.134273136377,3214.4312991353445,0.6064659626072066,0.7641877919482423,0.1458438066226628,180.21623218031968
2034.8447395119147,3130.3402400510554,4968.952649793714,0.21209221057166072,0.17853101628460444,-0.22700900368981325,14.717074802696974
576.8988609777285,6448.465537531609,1132.3911879140683,0.8357668503236585,1.4810943360893614,0.7012498113930202,288.7610569230042
1081.34837419998,4389.142504892471,3028.7683153082116,0.604661300639366,0.7601864674812204,0.18339047507773432,181.06743552576847
2725.797889566896,2015.0504867694167,2265.4840617859536,-0.1499198764076102,-0.09672223575213566,-0.058505210533238206,5.0
2667.7953730558042,4016.792010839202,2792.733393840091,0.20180701666518583,0.16841772697239102,0.17975681770395027,77.97951434448805
1405.5025621524428,4668.748705425221,1211.484948040369,0.53722607099803,0.6226255246149237,0.5879466634390154,202.87330839221755
534.7778176851979,7442.90022898794,4016.4626303604796,0.865931461513121,1.6212341878938226,0.2990076883317473,249.9660275412686
2546.9883819326215,7733.482511278534,3276.326211175048,0.504499665697841,0.5633473571409691,0.40483503501824286,177.66040953580364
2511.146990687076,1545.3802907253944,943.0662133998994,-0.23807721056108058,-0.14533068314781322,0.24204421356253683,5.0
1794.3057129125016,7506.0406552071245,3522.086473062849,0.6141421744527239,0.7814499583859738,0.3612539223972475,183.3302038142988
2818.9052582886884,7219.218338488426,3927.0261682498767,0.43836012152452103,0.45582755826207366,0.2953633547113504,147.3504423337803
1034.9667735173027,3609.188487732865,2484.2861458281436,0.554292776372061,0.6553524857416303,0.18460770075655894,164.52381057334009
1823.7908641913884,3993.4575253793073,3607.963338252947,0.37297129424708403,0.36313135451705975,0.050713438183640165,106.60005247733625
978.844732430557,2229.274735561691,2254.9020770737034,0.3897703982713355,0.38577596402139336,-0.0057150604396519564,109.53730611663157
2425.9606015754416,2454.6972511410877,3490.5228722146653,0.005887863977960196,0.004223130776530367,-0.1742283043196527,5.0
2543.722340306995,6956.760725775878,1568.476471412298,0.4645067365847016,0.49651435239378044,0.632039218276381,189.75401807897092
926.1761728800836,7783.08854578071,2983.465844466502,0.7873124303388596,1.2849182122723046,0.44579003893911623,255.63146347500808
567.9443971162389,6093.220216434275,2579.791053706017,0.8294759458802046,1.4537312568598062,0.4050991118182101,247.3590829090635
1661.7519745787313,2960.4090674636063,3218.494977119747,0.2809631860057585,0.2510564945121501,-0.04176888130195502,51.089476936995524
995.2269089756539,5559.145587171495,1532.769072757659,0.6963166466633273,0.9894454085573716,0.5677418168320593,246.092697258964
2699.1389302671405,7722.837989929246,885.2932989999873,0.4820293786531828,0.5250813203231249,0.7943123147910851,227.09798277221256
2379.197479636577,7062.855795607748,2924.7555585232894,0.49604235211794373,0.5487194091395559,0.41432331414843754,180.21509857716546
2090.635109796067,7897.297328060514,2800.7809879365705,0.5813677909628706,0.7101349603968771,0.47639549731343883,215.08902758744333
2762.172633843773,7868.812605990545,3357.1091297289317,0.48035434688892525,0.5223040996170649,0.4019004926342963,176.01375730341113
2041.4943890541538,3345.252983613965,3662.460508978973,0.24203076627148631,0.2089997210010574,-0.04526548148051807,51.784823742112366
2937.5366627841368,4076.8876410467024,616.7714924486438,0.1624297203518033,0.1312428383908788,0.7371894825443227,124.96246839787172
1214.3294182863774,7968.832382710601,1196.6729612299564,0.7355313028411831,1.1068739474994898,0.7388746355615774,278.2449526537819
930.7407419194628,2254.135124654984,3345.618524780656,0.4155246351071755,0.42202339101128294,-0.19491632458523578,91.77509641407042
654.265212863465,3327.361579576345,2871.330543103913,0.671357840749192,0.9212550796435292,0.07356891217911937,179.9767696191497
2974.5661529862896,1738.268997602223,1662.2242070521572,-0.2623255674383941,-0.15779831553726267,0.022362870898732443,5.0
1230.2467931082274,2737.499306987669,4387.500570834036,0.3798762510189694,0.3723457220527052,-0.23157912868894465,62.40649797932511
902.4972572594523,3626.2712476368893,1323.493975157748,0.6014381143198537,0.7530682482620827,0.4652295954178133,219.33296463731045
1131.549292855108,1497.6539001570777,2490.8020512641606,0.13924545966464125,0.11043280378158674,-0.24900567110542635,5.0
727.734413313213,1990.8140165587472,4910.597871249528,0.4646154502535046,0.49663251060305746,-0.4230705110392946,74.70575232235532
1879.0505623977278,2310.779591325043,2053.2797425286603,0.10304213129992171,0.07944324902492388,0.05900466264054926,37.02408812184055
1073.9690683639606,4388.503383223623,2491.0425962768427,0.6067827972824944,0.7648936314036504,0.2758119201942954,187.28689792207163
1790.2904276203028,4909.567075944851,4158.033552804366,0.46557358066184745,0.49821347771273805,0.0828811891731132,130.6246748920319
1830.350856408503,2084.9387092117477,3543.632291278294,0.06502401635213141,0.04870427735226379,-0.25915877789946845,5.0
775.8803152173256,7109.969220834424,2735.9780986039827,0.8032221355297627,1.3458171267232866,0.44424279146312584,243.75096764783981
2355.6913198363613,1327.2508442300546,4004.6306931249255,-0.27924426437137945,-0.1662808745514237,-0.5021454114528039,5.0
1466.732795799562,7514.480493373721,3204.726255600296,0.6733775829810489,0.9266660318308575,0.402059064471713,206.53652376575565
1586.3674160248952,1070.748227422459,3171.778835368691,-0.1940522196239142,-0.1217236757475641,-0.49523092636885546,5.0
2476.1259984339904,7643.801087764449,4694.330043747325,0.5106435100572505,0.574146388106886,0.2390533065615648,152.61857639335963
2357.1948900964317,5809.584470408816,1977.6657495133861,0.422735747776595,0.43254888441233397,0.49207597190085367,152.397288252557
2236.123778095642,5787.774636964845,2046.6021326825348,0.4426340756957097,0.46232168631106574,0.47753288025400453,167.97952411605837
1314.279255497758,1111.8469854697644,3240.353081017354,-0.08343847345051036,-0.05624041880564205,-0.48906439560269344,5.0
2467.9403439422017,5576.891073391426,1262.5945569687262,0.3864531856272508,0.38126924478119634,0.6307925403982061,172.59644389092765
2954.238535746038,7862.699355799906,593.9712109170363,0.45377544632444783,0.47954548578483613,0.8595259903620931,224.4445467940305
1838.9310608798971,6973.572102689188,3384.4428601625896,0.5826540933855501,0.7128215040619461,0.3465074394130754,178.82213150852053
1793.9214953173162,7853.776651216579,3851.660874283526,0.6281140913854418,0.8136958430274731,0.3419022798483702,185.7228219027963
1973.4914669217958,1650.9622298095019,4697.487819122515,-0.08898699335410987,-0.05975901648709242,-0.47988494283665933,5.0
2592.2714848817704,4905.729460996457,2475.7697804252184,0.3085433027422981,0.2826756421180694,0.32919595339198776,117.16773606665649
1320.481360223923,1361.1720249139773,1676.133064733735,0.01517372263708425,0.010955950708396882,-0.10369753133775292,5.0
1273.5584100986212,7445.126616367402,4601.4159428561825,0.707855391819616,1.0226309168173822,0.23606031849344497,198.70166828424496
2081.6994988657707,7457.895327795437,3818.744076021211,0.5635664748927006,0.6737394040821765,0.3227159370033431,164.9663429604209
2732.269866540997,2993.346254164076,3695.1203279825922,0.0455979552372315,0.03366474788838138,-0.1049230141310444,5.0
821.4768276397825,6899.286687584794,4195.167072483293,0.7872032147044747,1.2844986887508383,0.24373616523515707,212.38755647638467
2473.3464002885416,2672.311988343106,1871.0741513861972,0.0386666919932878,0.02840192327456584,0.17635257319957712,33.03967393993796
1425.9426191403331,7257.526214371572,2310.0057493998147,0.671573043718885,0.9218914423354619,0.5171156452039066,244.3312322048708
2830.9234007123573,2954.711319063828,1616.6036605828183,0.021395736911448762,0.015519075741694427,0.2927183237528131,45.16407128088309
1758.6649209893956,6817.408944587703,1521.4309866897697,0.589867123616248,0.7280696571501394,0.6350976875570649,227.31399333505595
2808.738775954297,5826.331964620355,4746.5181820423095,0.34945784220822534,0.3326305672898121,0.10213081312012728,94.94655553567277
1975.1073578669555,7497.93928488213,4038.8893710741095,0.5830048277720122,0.7135595381678445,0.2998267562656704,186.3234962301739
921.9276582767297,1221.4561908528835,2083.536304784995,0.13974563284968342,0.1108704288883896,-0.26084177643643464,17.0253890872959
1006.6550328289652,6426.11859918393,3097.044924355291,0.7291307167332863,1.0867575107320537,0.3495764476006639,218.204884916104
1605.5441149309936,5667.194327920516,3820.6294118418828,0.5584760464503308,0.6636050536655635,0.1946247070490215,176.34009904603414
630.0522450007438,1644.0190952427647,3996.023276536674,0.4458817240480957,0.4672371868671866,-0.41701888493699935,64.3802062268854
1047.4731207427785,6760.488289255597,4554.375959342764,0.7316910097000999,1.0947554745692383,0.19497470594851743,208.977614353584
1332.2013863204372,3701.2052961339004,2425.4253417815953,0.4706561696277753,0.5063959232203203,0.20823516701802297,154.59115582076882
2528.664803630021,3017.96323380525,1037.4434621087319,0.08821547556184463,0.0672447528694621,0.4883652663501351,72.81156650433584
2588.3811344676924,4329.767808911989,4875.214958364305,0.2517128047465649,0.21919614896307593,-0.05925564047030314,63.034041181279534
2826.5195154983535,5411.997685650645,3492.0788210321753,0.3138280963324171,0.28891749793594773,0.21562245820348472,112.22499813470239
2615.653742646099,7212.183624634478,897.4737885781757,0.46770512267772313,0.5016489060024718,0.7786654248784172,220.00098046103216
1088.6213856862223,3820.598147913967,4943.601579687249,0.5564992037884569,0.6596857474374802,-0.12813530802001882,131.68828098845592
1192.4378074129968,3961.7854907314327,2524.940749769603,0.537296799651294,0.6227500608544873,0.22150537689861602,154.20647302797332
2168.1278520384108,5428.871128605717,1825.0923230144347,0.42921465231809497,0.4421073880263179,0.4968013457924974,170.56494814894992
592.7894237197763,7005.917467441328,1544.0543154460192,0.8439762363169178,1.517734308080406,0.638816511919763,274.60425762270705
2394.724135382772,3411.112584174653,2796.801371120099,0.1750632161584965,0.14290808528266452,0.09895614168937535,65.33726810607327
851.6374196376462,2641.0723310608555,2015.1735193210322,0.5123342729962055,0.577095821289274,0.1344213410797602,131.84630540539473
1323.6940239778696,5287.359344996103,1736.8563481397416,0.599551251396695,0.7489623000092578,0.5054661120131168,216.28979273478416
820.9944425837766,1198.257772616058,3434.0668914037456,0.18683318854653946,0.15397939065726318,-0.48265380353648624,5.0
1967.7806346188177,4499.664846590378,4552.050610801512,0.3914813381784707,0.38815080637026655,-0.005787385214652013,84.08207009608466
1985.4539441270074,1560.9010300967598,1590.5319261109612,-0.11971528992341193,-0.07876896827268115,-0.00940235645706245,5.0
2157.3021912895697,3394.7736056090007,2879.603801168595,0.22288445968043283,0.18933640014885803,0.08210692009087805,74.82268936173911
787.7425532934033,1721.965704135208,2455.1186414542835,0.3722437250243358,0.3621345029966381,-0.17551786760487148,65.36641871619192
2217.3529744401158,1774.9405650267117,3705.401199454393,-0.110816603270528,-0.07334394823549067,-0.35225186987188034,5.0
569.6606117162052,6452.960254666551,695.0892213784318,0.8377640989101236,1.4899070555215834,0.8055163932173052,300.53549719122014
2166.8990103812034,1842.2893652404052,3851.3338637053225,-0.08096642378633614,-0.05466766043303588,-0.35285870127449015,5.0
1835.7082763654794,4954.317464766859,3006.01404603122,0.45929269001887646,0.4882112903232203,0.24475154280296504,144.56788671003133
2413.004778040228,6009.489484239954,2993.3277797155292,0.42700945750470093,0.43884148666019596,0.3350242058411189,133.2930057124402
749.8043876724773,7150.999286942498,1061.8071646131052,0.8101954132877209,1.3735496332852155,0.7414264730949065,296.97178359349954
2372.6361339007044,7302.617978029845,2617.434211237411,0.509545463776547,0.5722041797004976,0.47229426588996704,195.1263533890902
2347.3298939286333,2429.917098306597,831.6454964904511,0.017287614497410408,0.012501925847461567,0.4900324782592641,66.73738036656844
1851.412171593674,3051.529461663953,2600.1556610624907,0.24477494932529278,0.21187011491839272,0.07986534824924015,74.15744982634295
2321.96545674486,7832.467781239642,3128.6759997840345,0.542669609894039,0.6329469751807671,0.4291332980386451,185.50762814817517
966.8416475075096,6931.166758952232,2870.0716345561386,0.7551682403644143,1.1710169704558575,0.4143451022139736,231.53317013841274
2218.357397429859,6127.096998884619,1964.6623396797775,0.4683674986843821,0.5027126071162936,0.5144041591613768,166.0430058459162
631.7586693080697,7882.336506792337,1971.6570754467693,0.8515969914202383,1.552734083296718,0.5998257844818555,275.0143082014282
2701.696688438686,3199.639828488524,2983.88255677487,0.08437802835631814,0.06413216199760115,0.034892292488979376,35.162159334398446
1223.1588845576146,5522.391035164006,822.8137710134386,0.6373434636366121,0.835623747141792,0.7406502086165274,251.11763807066146
2470.980121561137,4419.681877388279,4336.605949804938,0.2828032714188342,0.25312334930175956,0.00948757386844405,67.81197194174693
2143.390808948435,4409.812811650419,1670.1062259217829,0.3458494705142431,0.3280645754352263,0.45061563621939676,147.4190727964592
1248.0342448425558,7885.487878361321,1017.1369591161169,0.7267134784651675,1.0792822795769825,0.7714972880312742,261.15852913002163
1624.674998827964,6892.8386693763805,1759.2326008851712,0.618509564545323,0.7914011109912007,0.5933383934946114,238.53454331863443
1916.8741952084354,2972.4849595626447,4317.755054630309,0.21589961602805047,0.1823195933213057,-0.18453028875100191,27.078975187913848
1396.482601976957,3810.7653202039687,1358.2576484926544,0.4636389036672197,0.4951090699021498,0.4744625214647199,173.60796284950516
1199.1628021271358,1436.4412366417646,4360.544883869385,0.09002810396945447,0.06871725661241436,-0.5044179140565838,5.0
1485.888027020726,2702.1714960716936,3889.2773397186847,0.29041694896028114,0.26171267909642787,-0.18009786209992598,55.03321650687582
1762.1997263732321,2653.742819778336,2473.714007162088,0.20189191410114227,0.16849619328642682,0.03511074176875349,67.74997467871148
753.326893853261,5851.674267000009,933.1172453322488,0.7718919721909971,1.2287974712864695,0.7249385647300572,292.43478969320313
2119.8561487567567,5034.901784788345,1292.5143647775503,0.4074275695557723,0.4104532928663459,0.5914558693402981,159.65180074213163
1178.9536656324035,1563.903362543287,3841.029880949969,0.14034624948226784,0.11140363224238736,-0.42130520681762396,5.0
539.3337013813797,7835.224728936509,1211.7533607695373,0.871197101004284,1.647340473808925,0.7321197533319173,298.29272160384335
1770.6870696962883,4084.815790621678,3823.8553643391524,0.39520580481870377,0.39329341294259995,0.03299674763766572,94.70157382550563
806.5069566553166,2414.791542047078,2030.4369094094384,0.4992659281778282,0.5542114211593063,0.08646453984276964,128.791401885937
2950.2708770752556,7104.855280379039,4266.1343521355775,0.4131807336709178,0.4186826223778365,0.2496458988825981,119.96445116818683
1548.3603034235273,3697.616591496614,3076.1908292294866,0.40969610250182165,0.41367560133314635,0.09173950831167502,124.51419655701942
2539.4469984185007,7754.684554070101,2012.8694424722871,0.5066223924333079,0.5670618491510544,0.5878457506395675,182.84557042647359
937.8285454011396,6130.044918192787,3121.1784412896313,0.7346221460813827,1.1039737249517385,0.32523984771093606,234.76595000215994
2186.825356619518,3504.0694445815625,4042.033171393285,0.2314651972573049,0.19806964662039578,-0.07129027447911734,58.38221923400478
1867.5036449277336,4525.395567221338,2299.2817440949666,0.4157568942783873,0.42238595679213153,0.32618594568698006,137.43718553175944
2180.597837034348,3069.961225307542,1794.7751366647456,0.1693845126859938,0.1376335900340137,0.2621285088229684,65.93684430862
2389.21951142328,1265.9025713125582,1262.308480592033,-0.3073267908366548,-0.17999313015076876,0.0014215944180751932,5.0
929.1645474574545,4381.245765110534,1598.0985136869685,0.6500592259006961,0.8667270315881728,0.46546027811561635,213.4790458463664
2361.833484230841,2292.5177508857064,1001.2082419527019,-0.014892673506731196,-0.010525016672554621,0.39205128518542964,37.486372753401824
2077.5234822008015,3683.3335281790232,1190.4112115501364,0.2787449927686371,0.24858549635707303,0.5115003860985795,145.3693221802313
2900.1679310436107,4286.033406734299,2273.5824931134925,0.1928509111221715,0.15974996037427333,0.3067940172168784,98.49731083863556
2964.309610410459,4169.729277538683,4035.4467184291525,0.1689673529808561,0.1372503466069378,0.01636559156795099,29.76950654654268
1116.8863371197747,3259.605347064635,1529.5274932385262,0.48959741365407716,0.5377272366007656,0.36125075481417235,154.1183027512608
1690.7772822296902,5691.561883318793,796.2748865913991,0.5419399611464366,0.6315475810005353,0.7545330083945104,222.15098915021056
1324.2859577300328,3601.236646015313,1467.3163489467604,0.4622759595279536,0.49293385764750053,0.42101173624278315,171.40091621118432
2633.7074283398483,2619.2948625897893,4598.93973353463,-0.0027436816032236472,-0.001955833206758177,-0.2742561002012163,5.0
1899.193641906716,5822.108092089532,1819.0604586150782,0.5080638711996562,0.5695860360896688,0.5238789860984605,199.14640915657225
1808.5702091397714,1593.6070951817433,3804.214883358943,-0.06318398327500263,-0.04317905839369156,-0.4095369940979983,5.0
2840.869937979499,4666.228487442331,3549.377789960539,0.24315100798976308,0.21017419820279754,0.13594257801980625,79.77344757735679
1718.0928865499357,6205.1860429633425,2467.6643763786988,0.5663177070711467,0.6792556593199394,0.4309450163948801,207.3257624072764
1409.2427897333146,2445.564275835517,4468.022795338988,0.26883874295286936,0.237644351618158,-0.2925338899170549,46.13008742403685
1769.2093192140724,3549.684403970796,1398.479643008334,0.33474537696832535,0.31421759597853716,0.4347480681932992,137.77630012861053
1888.6194700456115,7204.763640890048,1378.5939211057057,0.584616759835693,0.7169453505267118,0.6787751386359464,230.66244848917722
1008.4081635825274,4452.296022155977,601.914677905664,0.6306673536605483,0.8196809465043995,0.7618165470310799,237.1457215906292
1381.8373172853962,4445.673829105645,1954.190591899218,0.5257538654716978,0.6013324731215814,0.38930250282175966,171.49832047919523
2281.473277532791,6824.254655342805,3412.652862030758,0.4988927201426396,0.553617101835882,0.33326488367593277,158.65539891478963
1396.8558435166383,4516.945031238581,4936.000907582339,0.5275945628324005,0.6047115696209924,-0.04433071753626226,120.45811117514903
1987.8585113357901,2749.3652556262705,2738.749634542018,0.16074958279162696,0.1297063357824247,0.0019342927935665926,41.19561904406572
783.5187704712657,1287.9763035799822,4037.403125570655,0.24352340451315652,0.21053841575072146,-0.516287498018315,5.0
2347.199522121439,6985.62710125319,4259.151421060225,0.4970013658046027,0.550363819795279,0.24246592981269086,138.96875865413446
2981.6460112922477,1316.5450226187052,4507.091698800337,-0.3873957614143223,-0.21672625659102435,-0.5478615559756845,5.0
919.1240455268396,7984.812926305197,2613.2350360858222,0.7935465965603083,1.3084069006162409,0.5068459690666138,245.6732792538441
2474.8537241131903,4060.338975139621,2206.085055588692,0.24260726863725027,0.20960425346218184,0.2959030397819275,96.35307762558644
2142.2355487248606,2920.337417344687,1571.5462588394957,0.15369691927032667,0.12331444771131464,0.30027294904277324,60.220074198270865
628.8136088057034,2388.010076818093,3832.4526785156118,0.5831286978461611,0.7137404165780646,-0.23220822280895106,127.58980832349702
1385.9319346903226,1573.730585504095,2027.8684339407132,0.06345272458225519,0.04747030661307029,-0.1260933951443964,5.0
530.6716381069014,6209.958520705452,3390.0209449335302,0.8425453923371242,1.5112543707926407,0.29374412576313574,251.1818234500644
1879.1561027420255,2926.4685669491037,1162.1180352450904,0.2179347194121294,0.1843547713719471,0.4315306737848284,109.81983867106271
1402.2584690343776,6044.552544818577,4669.336229409956,0.6233935662560743,0.8026593974249878,0.128358278143436,163.94400005402272
931.9163721300142,4934.726570093264,1152.354774577505,0.6822999518978748,0.9505853330097749,0.6213769096754134,243.92332410652938
2721.739824043717,2415.277483695958,4151.741691423131,-0.05965764215479098,-0.04086880248141893,-0.2644219791594047,5.0
2774.7988857503824,1913.9958116859596,2400.804291783872,-0.1835872818981583,-0.11592502320149625,-0.11282295084623105,5.0
1994.7174520019255,4042.8322175081807,1351.3691139528669,0.33922946845639973,0.319775363919475,0.49895488463856835,136.29398325977078
1272.1820754525584,5065.650799347332,3107.6520817252144,0.5985435082044513,0.7467609085873925,0.23956027885823536,183.41922701306268
1822.8125944083922,7283.884218079677,3268.026805560624,0.5996764508051708,0.749251401654911,0.38058105334108877,209.50360615321927
2721.6389067644823,6864.530359113457,4574.170090712678,0.4321738263754076,0.446521499740661,0.20022906257986353,134.64256974458
2657.5870373618222,6681.994913453548,3508.551640298539,0.43089807411663494,0.4446168358730337,0.3114105073859026,154.491062072507
2516.811938883381,1358.6180053264,2965.994828175843,-0.2988555979417368,-0.17590514604728522,-0.3716810924727438,5.0
1322.4183923749756,4569.113412296931,3375.5763403310243,0.5510782470521998,0.6490989014415077,0.15023079679365398,158.03344884608427
2417.6466966482776,4384.705945983906,1204.523623969601,0.2891733716829619,0.2603089063339128,0.5689840221524082,142.96888037264762
1449.142325185806,7657.480798288277,950.6206791254948,0.6817388167099546,0.9490936509645337,0.779133486748656,254.93717471916932
2933.7398743816925,3675.768787244769,4275.2219774721,0.11226687954263334,0.08717769379547369,-0.07539352112092201,10.041775474775116
2601.3809344399765,3936.340700790761,2839.1197600364267,0.20419342404434995,0.17074916727575973,0.161940424113764,57.922550004928226
629.9288892566839,3543.931569693039,3333.783010421483,0.6981552709769929,0.9946073892156132,0.030554998581738404,186.02603793063705
2762.4493470037423,1718.4101362957072,4417.501480540102,-0.2329997658632813,-0.1426742577976593,-0.4398843256475048,5.0
1419.4949666658558,6686.523950969175,1170.70743601199,0.6497676648884791,0.8660316269933798,0.7020051011090839,243.08529807893106
2543.787556211817,6732.478743301743,4883.984578012761,0.45154926038055077,0.4760697768290662,0.1591271038353076,142.83375621269465
2738.196245139763,4242.88068805749,2825.789567082085,0.21553758210956447,0.18196200476878022,0.20047492238650888,63.86777633371227
2208.792019753478,5398.209389921055,4394.921653842532,0.4192739291058923,0.42749087927347995,0.10244810689171609,112.486278031074
1092.2604896296384,3738.6973823947214,3258.947706324928,0.5478079011085052,0.6427596335970056,0.06855873224759589,153.92770959478727
1188.2519464209458,5562.705116534167,1485.8358650423029,0.6479752616809573,0.8615730040583063,0.5783990277661174,216.65023637978248
1333.9773182053232,6437.886146890457,1223.5099681115212,0.6567162239726141,0.8834724704180466,0.6806039134157188,245.0061955741643
2009.0057547729937,7229.523010328188,592.9671730001908,0.5650810196868978,0.6767743108711048,0.8483942684419995,244.07092015005742
886.364218895138,2672.296948701406,3665.8523347377177,0.5018552329640869,0.5586988343458971,-0.1567579653694183,92.16751407864253
2490.2086713000763,5431.947983261104,647.3722640394926,0.3713306161266063,0.3609637814446578,0.7870247862923628,191.21726826495828
912.3060196655648,5470.597467481474,513.2430465591548,0.7141407442992975,1.0411399905310716,0.8284569764955808,285.59991373738615
1235.3941802519053,5979.330863539597,1000.7495360894472,0.6575353397164404,0.8855455060638308,0.7132555847066575,252.88063341447537
1308.3896545164748,6066.631394672576,996.2560918623252,0.6451834791758498,0.8546939625583416,0.7178898590355317,261.26027279485896
2975.1412157687387,6148.970072713658,4234.092053834283,0.347850739238952,0.3305959135026859,0.18442324579748912,108.8254596563746
2702.2070451541686,6064.570698962425,1941.805261085201,0.3835347206881357,0.37730507212759784,0.5149352788246737,172.14868624882428
1628.9108591492293,1572.926411639421,4352.585271453404,-0.01748510082104625,-0.012334210726215477,-0.4691002242516949,5.0
2070.3514597963776,7118.185591531977,1677.707915525677,0.54936211314036,0.6457906576254323,0.6185247321403381,217.63420549776328
681.0363682236218,6328.711598174895,1809.4655037485172,0.8056887717244502,1.3555379438798743,0.5553142967118477,273.7434752196033
1065.0059288284447,6051.157978849077,2771.783015615437,0.7006797642674403,1.0018635438466108,0.3716872826101209,223.97254352078065
1097.9053003823938,4895.962993421139,2616.300063607031,0.6336571820124115,0.8267866440937078,0.30345887946214667,206.27783277899886
1496.2995855114136,5490.452035865173,3341.1324588581842,0.5716751741340882,0.6901105058776386,0.2433673796641796,158.56771269277374
1405.6485719292573,3329.190647136731,911.2438021065643,0.4062528812077943,0.4087743655512708,0.5702120557226008,156.15575670425014
1196.2447936240746,3529.1045705719,932.2129415352822,0.4936904335857661,0.5446751809551144,0.5820907436888427,198.75412696027033
1043.6931096445742,3050.7261934339385,3637.1606669523076,0.49018748074730123,0.5387207153170172,-0.08768606372578715,106.41366474118091
706.5792861663549,1057.9261650421086,4200.197448198183,0.19911918007167742,0.1657796476644679,-0.5976031591661389,5.0
2169.3155210954146,6190.703187464014,3735.2826973350684,0.48102615628961015,0.523411102646646,0.24737295804962492,154.36957936087157
1276.8987588502898,1439.6975085602314,3526.3130727439707,0.05992747306731561,0.04471466130500355,-0.42017944376098393,5.0
1681.9346089764324,1351.8804075152627,648.9679137067595,-0.1087918015957521,-0.07209894398315887,0.351307236036708,24.14680094806017
2381.6229229966098,5770.174396308567,3229.979256726648,0.41568151662351455,0.4222828309614662,0.2822390858230541,123.57583086266047
1399.0362257770266,3759.7946253040413,940.1138522933059,0.45761500371245684,0.4855524625187534,0.5999437618521986,179.09703129686795
1856.6391222210377,7744.71911999001,2069.732160280595,0.6132549008815841,0.7794423244747792,0.5782276356640812,237.64416272526174
2915.8355533208955,5754.267740098281,650.9032476475917,0.32738158824525704,0.3052040725281557,0.7967569486306445,185.68320995398594
2124.2718902162023,7361.557684438279,1911.6169830445388,0.5521167919423353,0.6511384226992207,0.5877103469124456,203.1197625148659
1316.7072052235683,7505.503830801462,3728.39658258599,0.7015017663491351,1.004234800606429,0.3362240280658056,213.909579000689
1577.7708700270741,6473.032713160325,3197.829866334448,0.6080463635640105,0.7677320885388406,0.3386670857501021,203.92960384674194
2519.4566757669763,3184.991257750744,2195.8790909572117,0.11666941124251576,0.09090645688692854,0.18382010762389317,45.92918093291441
1199.5053216610952,6703.423837113328,2041.315959217626,0.6964403203140105,0.9898097378560321,0.5331328302436921,235.5804026867169
661.9135404494796,3663.7486054818123,3273.1986095253155,0.6939596674608285,0.9827608403341532,0.05629998092753189,186.84852796644327
1994.1328547365017,4605.412819698154,3426.942600816805,0.39567571669085677,0.393948295437888,0.14671539754388516,101.79876141615091
581.292821912014,1844.4662735568922,2849.0985280996233,0.5207332638610471,0.5921247822769566,-0.21404461145910209,101.47285920452697
856.480705001401,1464.0305743062095,3451.4578494662856,0.2618172445273659,0.22999610356415806,-0.4043193887191507,31.07816227228419
2906.777747789318,2713.0308272464626,2467.075376087341,-0.03447571530621857,-0.02403247708518584,0.04748077384076594,5.0
2706.9164713786427,6695.903082830129,3203.8692018563056,0.424233027979544,0.43474983860153443,0.3527388085504526,159.5750613034454
1799.945397423782,3473.5376792560696,3471.3244384437135,0.3173599416514312,0.2931146932741192,0.0003186875094894648,86.93761303425026
1863.8332872202595,6954.52458421762,663.8106890921629,0.5772833639365571,0.7016407744484267,0.8257334008833567,232.9552647563442
2643.003446648966,7669.769291428941,858.2303835817536,0.4874310694089271,0.5341079854623503,0.7987264501203113,211.04074868201022
2642.574018256395,4717.240744701794,4458.416304258406,0.28189116071307485,0.2521019862440706,0.028207728235059824,67.21524928944743
2722.284449977001,7737.977636621892,701.2787793564854,0.4794997624955515,0.5208905160446985,0.8338055522413965,220.56488414608197
1952.031172531733,1334.9798452418063,1855.0774238325082,-0.18772414323094147,-0.11822567356478503,-0.1630370662839498,5.0
2884.097977816914,5592.9432407344675,2163.5204850140544,0.3195507952314652,0.2957444355474659,0.44213740649542277,137.0897497704359
2199.3197550317063,6174.547728322314,2943.131057079845,0.4747182804979944,0.5130262108506812,0.3544122080788489,149.9192543831207
2529.0812338395845,6143.300336691916,3056.7738150759365,0.41675047079531097,0.42383027906846205,0.33548930914729574,156.45014527382423
2637.734318474577,4554.9107720336015,2639.061175114474,0.2665467890001263,0.2351519313760399,0.266313187030472,98.32791632482254
1707.2383045639665,3075.0048944476193,4301.390952329039,0.28600941706192173,0.25672384347546573,-0.16625816770002494,63.361981213997765
2290.639984423635,7668.424065453835,2256.154587610805,0.5399889039328325,0.6278566509131079,0.5453399752770783,194.59579544792226
689.2889434348433,2466.883060402973,1776.297826230614,0.5632120537928267,0.6729623296094727,0.1627517780788028,163.61553682404983
2028.257857765246,1711.5190745430173,954.941453298904,-0.08469456571091175,-0.057041001349643405,0.2837385414336903,5.0
2802.6883826805,4521.589347492636,1228.8746869233257,0.2346853884986169,0.20138286100610056,0.5725998180825299,139.76617505250965
559.363127652882,4047.705953542075,2541.676990094581,0.7571718078573358,1.1777167903512877,0.22855386856417365,210.4401423167924
2632.117357508398,6871.494630682405,2141.2119381328685,0.4460806352359271,0.4676086580049133,0.5248459667367702,180.27260472545535
1687.437478292179,3206.27326328713,2701.661899024251,0.3103648468185563,0.28481236689598743,0.08541247497036605,84.72933825327631
2561.0647778435778,4652.719229835417,2693.8751648168145,0.2899524645422351,0.2611942031935859,0.2666329403155645,105.06848679663995
2987.817831349603,7566.479796434283,3606.377166777102,0.4338196748022023,0.44898726176291803,0.35443957103738843,145.2606292207057
1059.7740398399073,1794.4022546796962,4119.719744710031,0.2573871193566372,0.2252342488498363,-0.39318050758457496,11.064037174552574
2855.655799506606,6545.958339104162,3220.977650764696,0.3925179745517972,0.38958650317596155,0.3404323209907388,133.3059775266764
2090.0478968598964,6936.809946405059,3260.11298853246,0.5369268169681505,0.6220784771783466,0.3605692600573291,166.19685829595886
2650.3842096723192,7010.817481727294,4196.8293023121,0.45133446240805547,0.4757364400960278,0.2510775217480503,154.48055744803895
2217.9987558270204,7675.074527277571,4161.21985604418,0.551605715912218,0.6501451500398632,0.2968711792001229,177.0684985203129
783.2183443227632,1502.5748315371475,2859.817233459896,0.31470760106239987,0.28992819434202277,-0.3111234344344849,45.43434333155829
1145.3972509931239,2302.566614867779,4570.3543634630805,0.33560948100310756,0.3152723556245812,-0.32995981699997523,52.27011538346138
1331.2056458636143,7636.1109477945465,933.3556896547101,0.703098327730145,1.008827149772596,0.7821671453934007,274.3134579222344
1144.5637178159816,5658.369431401922,1697.0503497651237,0.6635087562842448,0.900833234322423,0.5385578524343201,216.8045741857334
1296.9599034776102,7184.257983315846,1610.8669963423158,0.6941571549896738,0.9833786386513844,0.633690936653007,250.39319005201457
2083.1172055309617,6479.260432817688,4528.4627974994855,0.5134255241306018,0.5790810426547982,0.1772208107275215,163.27977672325562
685.0060836212836,2464.045283677508,3957.477944074083,0.5649444839057397,0.6764323464406099,-0.23256673022841548,109.03074429548653
2407.4886685063793,2950.045455083079,3481.3963463985915,0.10126987042164201,0.07797158676960356,-0.08261769407763006,5.0
2684.3115139756055,2750.349080623665,1949.4487052488184,0.012151185062326354,0.008754945463331812,0.17041166698957314,26.482674971817136
1378.7266318517554,4437.236083686348,2260.2092731449957,0.5258818876430386,0.60156688993219,0.3250533142455202,170.7181877837811
1384.6784587433103,4226.298325453203,1399.204688425923,0.5064394267691432,0.5667204230381895,0.5025494839394419,185.4347346639373
1612.8827903676952,3845.5054721204297,2685.3222178876827,0.4090259933847214,0.41272096529694496,0.1776472001902807,134.40282109149877
2586.624575987835,7697.736038277973,2124.3517222641685,0.4969790202322692,0.5503278738645658,0.5674337728722088,177.76125424076787
527.031250935623,4688.625545087598,3526.3177741395107,0.7979041674151489,1.3250424670325842,0.14148701039558167,228.7710186259901
673.2117842561054,5870.137043066802,4609.642074554162,0.7942302015622013,1.3109766496598092,0.12027877250513166,208.37316306725094
2367.725519342388,6165.212137193744,3370.174083529741,0.4450385986937906,0.46600496435345923,0.29312268938790925,156.27767982828013
1754.8706995436762,1185.7277836684134,2722.0368722897088,-0.19354662628405736,-0.1214461523915494,-0.39314268475348446,5.0
753.9657170794065,4638.935630407021,1860.5703360734142,0.7203858669541527,1.059876802836214,0.4274733046226671,234.60055789490235
929.9645948327496,3410.88561444986,887.3433193921043,0.5715288248694467,0.6897829160941031,0.5871121183428868,223.14731218506736
1633.6198719349702,2088.8543287699026,4291.882727927705,0.12229351559412757,0.09570526022554322,-0.34526237004236177,5.0
2233.761625003591,4204.273505687279,3352.4079895276027,0.3060734898733238,0.27977757583183954,0.11273010733433358,103.5919608858263
1248.535058894182,6250.002317574899,3078.520697058466,0.6669923755676231,0.9098729910607999,0.3399768232550267,212.71024061553862
2580.369720283081,4662.802201960731,2175.671747095613,0.2875028376718476,0.25841734838303043,0.36369670675496624,121.25234184589216
1035.4281986038734,7835.74886374544,3879.2399976249617,0.7665635142417172,1.2100802043098016,0.337730484646822,245.06722430609952
1069.8057808030726,5255.504885746651,1619.4695758559894,0.6617381066225194,0.8962692433152482,0.528879827797088,229.7102775928194
2572.110251003662,1225.6256305871507,4241.77494932557,-0.3545493057031498,-0.20206216048968628,-0.5516605696074508,5.0
2661.0372995701364,6203.806119699826,800.518792494759,0.39964257146707743,0.399481759910704,0.771421570839251,184.19462005408045
804.4009651269597,6870.37169174078,3681.1929237764207,0.7903779039494195,1.296393852526102,0.30224700164107277,220.67369496447577
2265.8258249812725,6671.306590522659,2489.934109061649,0.4929411986115276,0.5434232884345805,0.45641989094275404,169.10215059083376
2147.6177608079624,1820.6853801024683,811.2989481302423,-0.08238593903088298,-0.05557280004660271,0.383507766653948,15.84705443338673
779.1427731790718,5364.743269099545,1836.544730271354,0.7463680907521224,1.1417645703090338,0.48993993000230973,231.8085348057034
2320.145666916936,2540.538047942955,4632.725846875627,0.04534184775423715,0.03346902938100356,-0.2916646911808506,5.0
2617.894953352174,7012.884732528335,2559.221911919525,0.4563482835313135,0.48357692885495995,0.4652750941431275,169.26885994449935
1185.3754259051943,3968.6556630946625,1656.1713500080666,0.5400200713941649,0.6278883072990551,0.41112096554945915,175.0568194386176
2300.653240097418,5078.06509420275,4123.090150838418,0.37640843950067193,0.3677135689261188,0.10378859152226712,120.6418123756325
1470.508068767037,4368.008825500896,754.4820060859279,0.49627342160853516,0.5490994892678486,0.7054237747830504,201.83269903614172
985.8709680010975,4193.225602812659,2054.7763921834367,0.6192884396608814,0.7931574386368324,0.3422612880084872,199.73118678227178
717.0322832211805,4353.64847866254,1048.2641226140963,0.7171850024676367,1.0502144201864985,0.6118914909240459,246.83873535938548
1681.6765833574102,7698.875867336617,4536.367735816408,0.6414546813703457,0.8455903801340227,0.25847528940467973,190.5203044512853
1762.4292802519851,1372.7965136688927,913.0874408571137,-0.12427582320045484,-0.08152423615081328,0.2011077910146996,5.0
2995.376558855704,7558.244869696431,3884.6641645235904,0.43235095566947607,0.44678804184601684,0.3210355595649639,143.31700075889603
1290.9870810024004,7306.302505112042,2546.594096623837,0.6996757946975933,0.999007758745309,0.4830770686425923,235.9813534782308
1315.4430347098214,4278.428396413221,4422.150632505598,0.5296842084514727,0.6085615100220539,-0.01651869784736821,142.7388685397957
1640.3236876922915,5955.152222164765,878.101207363167,0.5680787596607094,0.6828083880464555,0.7429917632089562,244.07294680050467
2094.1318136410096,6180.330286749505,2658.422711504548,0.4938325202337701,0.5449391952018718,0.39846204272731556,169.95092602346847
1563.5137974910194,5081.781060033026,3595.2635314232753,0.5294373443834562,0.6081133126407482,0.17131611031503835,142.63340191894204
1067.8805743717207,3342.8203816495434,3231.371054459527,0.5157773853737269,0.5832518675407364,0.016952552759708663,119.63320116287034
773.0954250599118,2572.558627740731,4786.887277680055,0.5378509474512585,0.6237626431923928,-0.30088252269201704,98.18867587545505
1496.5564027281703,4791.896390831089,1920.4376251759677,0.524030329201808,0.5981854133034601,0.4277884202990643,181.21734632431026
2354.429316908804,7998.177142560431,2331.0708631523858,0.5451523582203106,0.6376899143754456,0.5486465496544455,210.44623459626527
2360.360243403683,1777.8331120435905,1545.6771779978176,-0.14076846613571586,-0.09135677336693139,0.06985262981479376,5.0
1128.8576584633788,1409.2100710374505,1666.3780337337016,0.11045899571748252,0.08564713909141354,-0.0836158659261594,32.29276045058096
547.8354248917445,2688.4267349591464,4758.750650154701,0.6614394025187964,0.8954292046801404,-0.2780011550491494,125.00892174043051
1573.0686061741176,2365.2138054642055,4365.7956588010875,0.20113976507830383,0.16776161241794735,-0.2972186955999224,5.399314470601741
1852.1181135840152,3127.9751924526845,4081.625014879021,0.2561914004835868,0.22396527864267873,-0.13227499374018828,43.30245755735335
2458.3346332595893,4402.300355946295,2088.4525242785444,0.2833506993830564,0.25373759286174463,0.356483735247538,111.00421791123583
1769.6714266867823,4720.686860516448,3792.887603267258,0.45467681486758343,0.4809436408871617,0.10897881507785248,137.3231281771738
1583.0273977078957,5483.335933612854,719.5351273189822,0.5519541456445335,0.6508106879088229,0.7679993278483886,220.4343667012937
2861.744819146109,1417.4556807707972,1507.1263169480421,-0.337513780451709,-0.19424054508154392,-0.03066100940802021,5.0
2722.846999585093,3976.0388200532902,3514.3885182643526,0.1870746649550704,0.1542266869094172,0.061632037916676825,43.021541950142236
1891.7814224600113,7404.434057260576,2558.960918568393,0.5929996616615922,0.7347804174016482,0.48632751687159775,206.2298563110387
2320.928893154291,5200.612903915093,1922.4568100148542,0.38285820754196354,0.3763862560845241,0.46021676399280864,140.11816853927567
2409.942008670937,5837.930991697624,2311.3521880343105,0.41562097069849213,0.42219560050605287,0.43274711719449305,141.23256416431525
2378.760735944071,7380.469333937814,3877.568517268318,0.5125105732384653,0.5774569135514553,0.31114665474171105,173.01465135151983
2641.8854840663953,2715.911713686562,4750.860701075144,0.013816541924617185,0.009966788847985401,-0.27253395096025446,5.0
2659.9962388652684,4620.715864329002,2301.0200655886665,0.26930327657568043,0.23816306038579596,0.33513208563459246,94.09753613865387
2278.7736179070016,2339.3140459588067,4156.028514733498,0.013109415075073988,0.009451788443077966,-0.279694943187317,5.0
2447.025129290259,3742.957718315178,4015.599418789202,0.20935964133032847,0.17582830762161705,-0.035140773680070785,38.832835861598454
768.3997720376658,2146.763298082955,2459.347291116377,0.4728255306539099,0.509888465332421,-0.06786289363058802,124.48765889363246
2065.1156695923764,2120.584996294381,632.9061198276814,0.013252100691486322,0.009555585075416484,0.5402882425208677,79.44285316199021
2054.982858662015,5305.765656622756,869.4636621275196,0.4416375305811324,0.46079902321097593,0.7184027936106896,182.12388272110175
604.4372518356213,1730.3444150910266,2411.317527303435,0.48223231264927774,0.5253424333551118,-0.16442025484443332,108.90569968033284
1253.73946903665,2862.467645710726,568.3981189063161,0.3908278012832648,0.38723834377656646,0.668656159560303,183.85439631393766
2269.427168063121,1835.6411370936148,3363.789925920513,-0.10567084360543248,-0.07017736044996885,-0.29390692366389753,5.0
707.8584724133561,1073.3987622155423,1796.6363061783204,0.20521476768801836,0.17172643191616682,-0.2519960650221331,28.478753998799423
723.4029356397124,6310.806988852415,1028.5824406598722,0.7943186388230795,1.3113232826036536,0.7197089891745729,295.32077590639915
2631.632352161324,2755.666464074046,2741.0945098120465,0.023023432729572114,0.016719377721356093,0.0026510074439431994,10.26555969018883
2354.4038097030943,4685.413107180229,3928.2254215799235,0.3311178862557699,0.3097631454614826,0.08790567226430732,97.91753520221829
1912.9557319013422,4496.288397683824,544.1104385789404,0.40306354589532895,0.4042768357655243,0.7841002441884442,180.77168527909942
2177.576656295093,7471.662585672732,2690.329502540629,0.5486531939018783,0.6444218456841286,0.4705113959109789,189.19114864168515
1590.8818010002417,5320.50418451873,1508.1039020624398,0.5396345090251531,0.6271732383974965,0.5582982993839846,202.29120401848417
2608.936394375593,6242.648811856251,1653.9058882721308,0.41051544242175675,0.4148591223649584,0.5811069633859953,186.8301247383576
1013.3018736250158,4590.293987635092,1058.1988576670597,0.6383387028498806,0.8380088184680389,0.6253163854638424,222.5515986078942
2249.575312004471,5062.870082643345,3802.0594770794014,0.38472694405530555,0.3789189662122944,0.1422245486473049,127.64574543520335
1316.7320471552337,7750.472294561477,733.4907825436312,0.70956162497586,1.0276315987070728,0.8270877003374567,289.9251343822425
764.4319329767,4463.413398161194,524.6487393907437,0.7075537301085032,1.0217046247379373,0.7896382501589877,270.1824555411808
1491.1022186237317,5192.151508716502,4957.049952483188,0.5537795571636803,0.6543689617697362,0.023164537339113903,135.47428354041426
1315.8580223273332,5728.44345448613,3944.0458647768864,0.6264049666324694,0.8096729732250183,0.18448173273979088,184.29151255920138
1919.9632963801616,6359.1370447111785,4481.064924297587,0.5361903546164366,0.6206927292053441,0.1732506576546814,141.84694836052802
1980.2588806281638,4269.714488434512,1296.5446278468962,0.366314458037985,0.3543551345381795,0.534141475979244,149.4676650330201
737.3544188982987,2364.8983773267573,1459.0013470749961,0.5246329247843005,0.5992407924209775,0.2369039711564571,149.606912870332
2235.75497415165,2470.777384044158,2178.342124575006,0.04993536471353738,0.03698505991753723,0.06290121363068751,33.7856626558594
2203.717148170207,2340.4210418010734,1526.36865198565,0.03008356873971888,0.021958737869948123,0.21052409209452058,21.639187931498263
612.3573061482988,6703.803621222976,3304.64028516433,0.8326014660848577,1.4672601291360379,0.33962955355624247,246.92861726628433
2032.073714310749,5720.452508526413,2153.489476451832,0.47576476205585505,0.5147371407152825,0.4530085487582402,167.95340997593505
1702.300913383927,2720.1316709117796,3340.519735449585,0.2301517858999302,0.19672124140012132,-0.10236326474482133,33.1470372028478
2698.503754150567,2606.5572249217394,4462.166377964885,-0.017331851523330572,-0.01222785583438598,-0.2625097905968298,5.0
959.1103878930827,2205.618930235253,3749.955704774669,0.39387524702602295,0.39142837126662466,-0.25930944852940013,56.46011958637624
1133.3169249279367,2908.273884115984,2558.07593896363,0.4391728511399595,0.45703081876300977,0.06406431282712825,125.83537348226841
754.2751865252383,1481.1483109068201,3566.8868174883773,0.325161261341046,0.3024706187530525,-0.41317828682215374,19.98305377974601
1830.2073318487278,3996.5116347845246,2543.685666390699,0.3717880191183693,0.36156279550908554,0.22213794191050257,112.05895874255422
757.7807228514937,2672.610548386345,2363.1850436460963,0.5581957489897935,0.6630026390547812,0.061445207420327295,153.77620943060833
1684.625782967563,6213.972022985521,532.0895512855213,0.5734367479795975,0.6937177711626991,0.842251795110796,247.96789289076872
751.0361722278503,5035.415774339296,1356.8845414818752,0.7404156538295922,1.1224312221915018,0.5754628303644405,258.53868851598526
2595.3792930904524,4199.706439799836,974.9778720666661,0.2361010897490004,0.20284334586158992,0.6231739701908192,129.18767579740714
834.1504434709498,3042.833119131169,3087.7602852405557,0.5696910083384839,0.6860340356681628,-0.007328355207836942,134.5174602916244
2411.7622279094867,6049.60549796271,2071.5706816993616,0.4299356070413899,0.44318156548298704,0.48983481305771187,154.89421107170205
1660.0425638427087,3946.9760479117153,2002.348378305404,0.40786978642568844,0.4110755374290323,0.32686529258851305,146.21926189354159
916.5661585597163,5147.467465203109,1668.5061323070704,0.6977041303607333,0.9933685153012375,0.5104129707392737,246.49473488541247
2463.503476408163,4283.727804589298,1978.098112482762,0.2697735192563716,0.2386772689013131,0.3682040545797241,100.5468915917649
991.0756329251823,6864.433840726576,1325.5196836079836,0.7476737475466878,1.1460758893665575,0.6763059326264402,263.32603601996385
2779.0057218989555,2405.721766932161,4282.044667350474,-0.0719968321766037,-0.04890843332455073,-0.28056047090989905,5.0
2870.1754208478305,5099.795320562375,555.2831371380278,0.2797525827604586,0.2497127382925322,0.8036161154285247,171.72218732318524
1901.4547158888074,3241.557022176306,4383.793412056342,0.26056761568487097,0.22866633835292205,-0.14979460938639297,44.784010528834514
2939.324755286002,4115.885131576432,3974.7978213362453,0.16676475894991422,0.1352192080468873,0.017438244835926583,54.08579722205738
1140.6526194283397,7664.218055652836,3078.646660545653,0.7409041740892404,1.1240446084923392,0.42684810018747055,235.18759606223676
2057.9144604449148,2988.30012788897,2978.3271240129475,0.1843729890937652,0.1516591568499941,0.0016714642047016058,50.004939003499956
2571.4385162628237,7472.523799739013,692.0982750790919,0.4879633284943649,0.5350026346265978,0.8304641000766119,233.13209341967578
2529.3614062366464,6935.576239066494,1889.2498061765618,0.46553025466056275,0.49815331580199596,0.5718329637827,185.4441846882509
2992.9604303916817,6309.055262225522,4767.6619384945,0.3564920702197112,0.34161444315594486,0.1391561502980026,113.83354259734028
719.1489556146253,7008.434846116629,1465.5028272897441,0.8138748218141749,1.38844564739101,0.6541152686982896,267.4219365601011
2734.477083826989,4764.953214202767,4078.6238734567687,0.27075071697625785,0.2397503664013947,0.0776076619070925,82.88175949441101
539.1784477813817,6486.647718891936,4700.6222782169725,0.8465152893300414,1.5292711932542145,0.1596480143034782,229.56168061632476
2961.2348040976235,4628.951924535824,1035.1148633958185,0.2197201702465546,0.18615107591455943,0.6344976489618471,137.04736198756356
2551.7597444617572,7243.131843578416,1552.2226789601336,0.47896110502805256,0.5199996136683904,0.6470357902444976,182.6631143401874
2379.830014785979,5013.764457933383,1650.6465380583513,0.35624545713316597,0.34129383707488226,0.5046384326226455,137.0964329233464
2279.8500044060124,7877.360139870487,1026.7436011694267,0.5510873611360236,0.6491384064126854,0.7693774395682857,237.00496017536997
1700.7043435719522,4938.065002157191,1480.1432864557382,0.48764469580197933,0.5344546051764912,0.5387674503019274,173.27788148741965
604.4930193516208,6554.50138307079,523.3603003325965,0.8311234830515752,1.4608475398792466,0.8521134421188645,309.1818194057696
2558.570577944577,7977.7631649695095,4852.029107624225,0.5143338013713853,0.5807060903923436,0.2436309170631443,143.49340598963727
1843.0439376994684,4623.5133452788905,4650.555385551702,0.42997676900943194,0.44323613933881456,-0.0029158766292077722,99.46138612477175
902.700143390199,3830.929834466353,3358.4746493515627,0.6186013068523561,0.7915733967514748,0.06571548257056453,152.42740135439115
519.1617050593851,2184.4558262466826,1022.2511832273098,0.6159503336875,0.785452953877529,0.36242932055323135,183.44641378224887
1469.4513933755147,7871.976972810202,4085.804160747192,0.685390427220454,0.9590542679002599,0.31662837523603427,217.08473685299197
1465.6504403255108,6653.374737951526,987.2796706870514,0.6389590108510981,0.8395311933572452,0.7415719601343016,241.3407776416559
2916.649085306957,2898.112587820274,1142.6075724850366,-0.003187834433380392,-0.0022717401631511917,0.4344534996870807,38.53050846232588
2964.9746942129564,7077.112053743864,2925.5943561054582,0.40949032430516286,0.41339713061643835,0.41503944303868695,162.72904150423366
2487.2672007636766,5813.011334260453,4806.155768419931,0.4006786180804268,0.4009313760832403,0.09481492813985071,123.92272629015577
2250.4788846662777,7374.158445055248,2192.201927324709,0.5323504028597892,0.6135252140853453,0.5416852716682329,209.37290732910142
2941.9994907145083,5276.574394494677,4795.338743150835,0.284060828083276,0.2545375651911563,0.04777996441384711,86.6826276957785
2877.691615174473,6748.349750412276,1431.2892173662258,0.4021027946829072,0.4029333373508464,0.6500360900207394,185.6406170854853
2040.6499287250192,5947.69049159495,1438.629202553008,0.4890928974987703,0.5368999891078028,0.610461159974422,183.2465515751125
1030.1588099095536,5652.331129970365,2191.996860450091,0.6916841418323461,0.9764368347485343,0.44112564815047645,239.91326594183496
1498.2559412566397,3116.422254143254,1270.0718114558222,0.35065637169435004,0.33413974138409686,0.4209171184674459,144.89700817097662
1452.031776421743,7848.615172001555,1116.037481050526,0.687756822763436,0.9655624907441533,0.751013781655875,275.20822536851006
515.4735632472994,2701.934830409955,4204.50560075959,0.6795721894657318,0.943127023879144,-0.2175608093788521,155.8220796241162
769.489472931933,3438.080241561858,4644.772263105749,0.6342356631200216,0.8281358959427463,-0.14929036756488767,132.32641770891428
1080.596222935226,1509.87085836155,4094.9902851530856,0.165713217650972,0.13424148387207177,-0.4612280947087403,5.0
1615.035471373601,3726.487256335476,3010.6923555389226,0.3952902369231637,0.3934079185800394,0.10624548281727665,122.68571823444933
1222.2956599935483,2995.6356045922184,1135.9172079319237,0.420428838911484,0.4291552850633071,0.45012577125305764,165.130220041827
1480.8087469050151,5496.174029776452,2272.9063135049983,0.5755160089711142,0.6979832222779323,0.41488407551918144,189.2960015570317
1826.385807725389,7082.430414003687,3433.148004037967,0.5899823809215576,0.7283170960499665,0.3470358229041955,181.69460453030047
1723.5118463414574,7706.040942281448,2270.5701467290905,0.6344446263160732,0.8286918167951591,0.5448213573239142,210.45804347597712
953.2091935621665,5464.0417462877385,4368.160696455054,0.7029228861865505,1.0082959594974308,0.1114583488392372,190.4244999375011
1702.1412078799015,1318.4990656975417,1117.183447402691,-0.12700689499878545,-0.08316654125940107,0.08265265161999939,5.0
2690.6376453041576,2638.6678465651503,3978.8359840023977,-0.009751701944755026,-0.006916950530896966,-0.20251867948216806,5.0
1667.6180183875877,1310.8742321182153,600.5940299033316,-0.1197732799502894,-0.07880300215079829,0.3715888021557369,18.94446440422036
1023.3062546129929,1067.9838841220676,657.6199791890449,0.021363668608285393,0.015494082512552763,0.23780886993831937,48.17806146771831
2243.279770855146,3166.7808170873313,4407.074996586301,0.17070068459486606,0.13885179654796745,-0.16375994075514563,36.49391720168306
533.003511327423,5632.814800891737,4009.1921403492706,0.827110211572503,1.4435875409403245,0.16839053013221558,237.7633127427612
2560.570059443077,4534.545863768883,3456.090014051753,0.2782161455022388,0.24799979336356362,0.13496495974439301,95.52370939569424
2614.052949344385,2870.7932043137253,2115.244605863836,0.04680901664877119,0.03458971768756809,0.15153286578696237,39.50657470698643
778.917112343589,7088.272322217983,585.7577702484883,0.8019833844796724,1.3409580672651646,0.8473402466203013,305.54380094205743
629.5956513802821,1038.346884570777,676.9661119643563,0.24506313864845605,0.2121434266663755,0.21067920147851554,84.26000798247651
1247.1558184255287,4683.7603171250275,3268.8042604249104,0.5794390646532124,0.706091916832811,0.17792449752833303,172.41886266630195
790.9643847521859,7042.4705033621685,4318.661026221045,0.7980542644577692,1.3256785856748956,0.23974808053307511,240.94979080670444
935.7942954673738,3483.9785829617053,2780.994125953663,0.576541907697187,0.7000702953483807,0.11220870218563786,145.8847304390578
2388.583645827855,1518.1198633728704,1653.1227306323756,-0.22281286004482598,-0.13729174111029954,-0.042570968071675326,5.0
1742.9166796002048,7944.833763441865,1097.425703181551,0.6401813423730186,0.8424991277952791,0.7572673715876042,245.3771689277177
916.9267022067016,5128.622595307889,1675.5817079904261,0.6966605820476914,0.9904109375569047,0.5074863617978264,226.94065080102428
2157.299989206076,2017.4268739105253,2058.3117021746257,-0.0335047345247457,-0.023371039130692946,-0.01003126856417274,5.0
2084.7392207952626,3944.176287923568,1239.4930387301754,0.30841982511296195,0.2825271908225937,0.5217700200829746,145.05146397649088
784.7493251199096,2273.2557621733185,3244.70299833814,0.4867573447643257,0.5329225849120012,-0.1760519203116926,102.46233993157325
1748.260238766665,2295.074117584171,1993.9794859170365,0.13523835292606728,0.10691957327252881,0.07020071545646954,36.93193713445876
556.4453001892367,5405.175241525917,4112.297830841919,0.8133241467811333,1.3861677390360208,0.13584250785030094,218.95651055428021
2607.7929213301804,2592.985809800323,1873.628940999877,-0.0028470950779695726,-0.0020294007836824486,0.16105191711698894,7.112415245430517
1091.193232775508,7193.152331160424,2820.9752573238934,0.7365650129579192,1.1101485832015006,0.43660089556155507,229.83628759986144
1212.8442904171018,2287.3446095218064,1038.631161628463,0.30698352275115076,0.28082964545198474,0.37544273724099936,126.2565302183321
729.6901412577431,1557.8723916397266,1584.2171644063137,0.36203698832702746,0.3487369056698897,-0.008384475454402544,96.22963594786472
1266.2638680187629,5967.91488638323,3484.845221755847,0.6499218746638785,0.8664083733354921,0.2626819718218293,183.8584346036164
2193.4033169108434,3245.064701347879,701.2446104232001,0.19337456443853093,0.16025087181941539,0.6446073759835164,115.14957027887849
1791.308543132838,6848.17695771204,2759.656278715996,0.5853205510327388,0.7184264797954608,0.42554034587828865,203.78926157014547
1566.8967334908336,3791.083575896801,4764.172199798066,0.4151166509690018,0.42145619344359336,-0.11374161676755806,90.83330382347503
2604.3587119529634,2982.778422322528,4826.565601085336,0.06773052123248187,0.05083572268363562,-0.23610013504336705,5.0
2697.353705396923,1101.5751091270877,3296.4314714399416,-0.4200601468889907,-0.2307813003178562,-0.4990570890712075,5.0
1317.8381914175393,6667.940403069323,3694.813783513079,0.6699537368435654,0.9176237286860006,0.2869050607336528,214.3087329748634
1031.8658236633266,7789.043669036945,2424.490996938873,0.766040945120168,1.2082580866707175,0.5252395813022185,263.68707604825204
757.6187594264043,7564.3436709511525,4992.504477316812,0.817923052122937,1.4050642618733078,0.2048156641747932,240.40270208568495
2362.211794495921,1948.1981287376643,3621.318459367469,-0.09604971987249461,-0.06419824228476864,-0.3004067415658113,5.0
2972.384498169349,3904.6054647246447,856.0331373645979,0.13555654020868152,0.1072015548060418,0.6403704589929988,113.2918665688437
1498.635019624613,1602.5978989243893,1286.6029949170138,0.03352308001260835,0.024530173622428868,0.1093710390895893,7.727288067459359
2169.45469648636,5902.994897167507,3029.749760899384,0.4625039966993111,0.4933136257091641,0.3216531140125817,162.33969064215896
1055.6413213365445,4083.66676862922,1713.3016213643202,0.5891893215383507,0.7265972011026571,0.408897373142075,194.274473295892
761.7609170920732,3280.675104804414,1145.681141837978,0.6231178857117664,0.8019730652905432,0.4823366768329134,219.77570179217247
1220.4674722345544,3725.821988301716,1795.206318718467,0.506511908684176,0.5668414319533687,0.34968407366771126,157.48508563593649
701.8947624737818,3049.328812745393,2973.3938975272094,0.6257782301095393,0.8081561117803938,0.01260807094373741,152.92183102866497
1144.7277278476943,7388.263854070538,1500.3066154506118,0.7316936933022956,1.0947710154802137,0.6624189185592075,272.79178118572594
1757.8960882273418,1944.199990546987,3524.3858435277034,0.050323897139644705,0.037282921986250904,-0.28895694437959457,5.0
1206.6905248311978,1482.7115914430658,2068.39953954801,0.10263287324679367,0.07909951358218481,-0.1649308980585337,20.63821040008892
1955.2908803221385,2185.633122420305,1961.3946702632982,0.055625807643412434,0.04137375695040095,0.05407208808644773,16.999251645735182
1687.6546972210365,3953.0395457116542,4921.167906699217,0.4016145443315487,0.40223544756757373,-0.10909462800708533,82.04542592293186
794.1489910722961,5492.956835273597,3215.1306181381333,0.7473721571161952,1.1450619431417643,0.26157594639009524,220.84285880279145
770.7143497275047,2017.641789858812,1592.5661359608168,0.4471908813875949,0.46926877015396373,0.117742706933908,123.82667876809963
2188.2143598476223,7903.425356621132,1840.1938085289082,0.5663312560475586,0.6792917874367644,0.622277148223966,211.40157094707843
2196.6960643108196,2028.5739560706938,1902.3696217060044,-0.03978967199477485,-0.027633936202191848,0.03210535380005733,5.0
1473.3625750128635,3862.4707952509325,3801.577863331591,0.4477479062792036,0.4701619074753215,0.007945269481451677,117.96284906943654
1976.4315303552141,1343.0582966966442,4785.911337347793,-0.1908043905741636,-0.11993299727843634,-0.5617343934885047,5.0
2416.8909939803766,4286.05335883477,4906.037222816383,0.27885691215540426,0.24871229485132237,-0.0674475363799994,53.889753623118466
954.3753634959877,1876.5020573355082,2046.997543795994,0.32573882808494453,0.30318138413567963,-0.04345495189240277,61.47638846415819
1941.9901948452168,7963.370103944447,1939.3799295612448,0.6078910536174127,0.767394519960317,0.6083148775232007,219.57591541224676
1233.6406652751132,2668.3269086706787,1419.7813375310193,0.3676827692284186,0.35613690245038604,0.30540912706856194,131.58021607143607
1698.520284363221,6039.600639389952,4502.658141299648,0.5609992913318554,0.6686105550917866,0.14578872800578124,170.75419609860006
757.9078584526501,2596.199436927819,3377.6780753783473,0.5480717866297634,0.6432409062942297,-0.13081597952249088,118.18881874210736
685.105339088334,6916.688611423148,3304.4790249767807,0.8197516681040498,1.4126319573917852,0.3534047884342542,246.32762749753917
2925.9491623589242,3667.9392146974224,4298.520752603446,0.11252693551922265,0.08739727216691631,-0.07915454799436067,26.42017990335382
1398.472578068739,4371.9371927300035,659.6798818030258,0.5152952272459467,0.5824031604138429,0.7377861341989576,211.36332032726432
2347.9633322184973,1232.4331908754991,1821.4316747909068,-0.3115660887938322,-0.18202379405802746,-0.19286985823912944,5.0
2297.733001324131,1294.2718449069203,2874.3721921068554,-0.2793596331560474,-0.16633787342644157,-0.3790442006539858,5.0
1872.1184012691747,4114.491066411285,4424.744751948523,0.37456471427997845,0.3652500700060629,-0.03633272251761026,79.64869536166181
636.4376163984157,5826.630442450211,2016.770167439346,0.8030540260430674,1.3451314039022222,0.4857408749109872,261.86691777270164
1596.9924305205739,1247.6943423240157,2465.253538324325,-0.12278964819894121,-0.0806272298642824,-0.3279225119259636,5.0
2887.395248465557,6068.815430997366,4888.926179455922,0.3552194444768655,0.3399797771522943,0.10767631628657831,92.25877180467414
644.4043486688454,2805.4481572156046,3367.307730548723,0.6264162900397128,0.8096375444196915,-0.09102248387236847,143.38218434641345
2862.9685782241027,3314.995435970737,3341.3304183668292,0.0731676093669151,0.055141885038132554,-0.003956384192786266,5.219645614296468
1936.0293249037213,3392.872343030747,868.7110453503103,0.27338523182363883,0.24264462541061807,0.5923059734018344,135.18559068632666
2394.0648779740336,7884.320357168462,2759.487547896051,0.5341554488431428,0.61689068888144,0.4814849022549945,181.7015434299346
1250.088003163226,1665.921405824024,2017.7254389461489,0.14260358736723566,0.11339942643580952,-0.0955042781927077,38.09847296233695
1513.9599207198453,4062.037969794695,642.0653399373447,0.4569725632343714,0.48454348867389646,0.7270190308225062,209.98016949491418
1470.3856845356058,2116.5473202813564,2001.7805903336493,0.18014321279429094,0.14766220761301468,0.02786731227108654,47.181141348227925
1827.1540081575745,6435.3810429663845,4357.479240718214,0.557725565548339,0.6621280290313103,0.19252559075528636,162.654247001633
1532.5928119837463,6426.498837525449,3737.345905766046,0.6148824816244712,0.7831224116080593,0.2645802842737991,199.73555720679988
2822.3022089734536,4098.339063737906,2188.129197587182,0.18438130287312912,0.15166971116569083,0.30386057583375464,68.49848884294268
533.6926720658745,7960.830494862571,840.3950808450539,0.8743442893696819,1.6631912365405292,0.8090277146016679,313.627327761463
961.6577755133758,3301.9044942385644,780.6962829827753,0.5488946965262577,0.644848758324656,0.6175495347733216,200.51021503087685
2604.314296580628,6103.168899879134,4738.579420747752,0.40182157392152407,0.4025363321590464,0.12586433835669553,116.49426990408868
1729.785573263618,2189.3616244398445,1749.9436523540235,0.11726429957217835,0.09141007767782044,0.11154707266858703,41.71941755344115
2795.623920889755,3652.9453660071986,4403.989852458253,0.1329475433762515,0.10492149279312883,-0.0932171434910561,7.899310862650868
1197.3247086292427,3404.0485232494584,4156.907281954493,0.479579400091318,0.52099454308669,-0.0995719030770283,98.09972056834698
935.6849117309034,4582.371194015328,2186.3659986190023,0.6608642992640255,0.8940164738470533,0.35398112334006,211.85842826445932
2276.976692403739,5395.951234112298,3380.2692835097846,0.40649079089138107,0.40912500760473064,0.22967539914539284,126.33766020335766
2016.746784181991,2801.3786225224985,3195.75098580807,0.1628500240126235,0.13162437843162986,-0.06576018678535668,23.523080367971147
2741.46854678259,5615.967239931116,2565.4340611099637,0.3439450527845318,0.32567383589723575,0.37286194212965823,132.1312768208818
2802.480721817791,7800.535447298469,4648.146849345883,0.47138046809428513,0.5075935869750071,0.2532307052730479,162.21675614491207
2713.4547909727357,2728.2743721387133,4526.621493536399,0.002723322076319712,0.0019489188236856071,-0.24788048711467725,5.0
2355.8390276886294,6457.003836722922,3058.472078755418,0.46536229814450136,0.49788244071440196,0.3571583584255757,170.66008112012935
1922.9071110798352,5602.412700666264,4879.815690401968,0.48895006207632835,0.5366572307469438,0.06893543846183278,137.39996907416577
2252.8122755754316,2310.659809012404,3256.918813720969,0.012676210646639853,0.009136590824119793,-0.1699588041154676,5.0
600.4355469051862,3301.04923768812,4885.364829095178,0.6922015179337029,0.9778224798478006,-0.1935298628054928,150.7136606433054
785.9914371582183,6591.057159384192,1517.8152005421452,0.7869089711785108,1.2833973191133374,0.6256408700287511,276.9793902457953
1768.5008905051745,6498.307651736182,1195.2475208423716,0.5721442242784159,0.6910754295782761,0.6892860337319403,229.12310542161222
2641.595505619335,2698.793513334678,1365.5015983263959,0.010710457141160765,0.007708889623031005,0.3280499762073914,38.44429652877884
1404.652954736082,6305.165426086065,1511.5201217598596,0.6356197031702049,0.831492604589456,0.6132580458010046,233.07621395673513
2538.4028328394097,4007.921615992793,2593.555440558508,0.22447998024159194,0.1909523519376852,0.21424995695719623,91.48095985937525
1427.3511919458072,5830.018330795055,2519.4680705987907,0.6066477839452582,0.7646107608111387,0.3964974730957236,208.3814174927439
1902.5253023894616,2064.567678055377,2584.734284437598,0.040846629112005046,0.03005076542045185,-0.11188058131449581,5.0
1282.7913464243043,2065.558607485307,3484.271757117034,0.23377701602344422,0.2004360014064058,-0.2556318042484438,23.85689609083997
1449.5894669664826,3002.956976434991,2429.822565383606,0.3488717139428552,0.33187376306560723,0.10549561353156528,111.15701730040902
546.0886263647906,7001.911671150371,2445.0078699902815,0.8553024363360936,1.570080882579612,0.4823692824769739,261.35148810200224
2819.24560115077,1622.7974192605623,1309.8933748066986,-0.26934637420735075,-0.1613397015720865,0.10669520461555759,5.0
1425.8398367231696,4027.5910781633575,702.8004546405484,0.4770852114145172,0.5168920297787981,0.7028573850099901,213.88964490577968
1521.7493276005275,1044.8539216194986,4723.051594059572,-0.18580799581709653,-0.11715777544653183,-0.6377007497442213,5.0
2441.9674814829023,3844.961913174445,2963.2058166283205,0.2231605197698977,0.18961673140111146,0.12951444961567576,74.7145476230269
945.0986009110691,4920.153261472873,1018.887606960502,0.6777295763507768,0.938243582738054,0.6568847967676266,234.188891027853
2574.2964848068223,3500.1742388491753,899.8769842355282,0.15242114021296665,0.12216710344206848,0.5909697688018528,118.64292055957554
2591.699500600717,3141.2015957991525,2366.493672050812,0.09585061487414456,0.07349272115564295,0.14065918427438767,43.105070966125126
2267.1965111255995,6633.425554840256,4866.903504173107,0.4905532457017429,0.5393707809490234,0.15360621782635295,135.1392438968581
885.7041133667163,6792.1692547428065,3007.3756079973273,0.7692840005853235,1.2195987784640967,0.3862213704179073,243.26691367675062
591.300679620544,2428.312911779277,3498.3107865923366,0.6083600354636031,0.7683521317154369,-0.18054088281773467,135.48052700177988
532.4763941041556,2153.378031534194,4700.139622004897,0.6034957149404334,0.7575387949735604,-0.37159918728508423,113.96583736658803
1720.0488524093298,5511.4337200706295,2943.627759495558,0.5242887373559411,0.5986626478316709,0.30370044812531866,181.89576629957776
2972.727456665036,4476.592998063021,2615.144263274796,0.2018795607378667,0.16848933289334855,0.262481344969426,94.84984779069896
1712.1322076878591,3759.961643469701,1222.1336964079048,0.3742314169144622,0.3648042615629346,0.5093896791254005,163.49254086779393
2472.2337286132147,6668.994414208143,1921.9071459374948,0.4591024990916083,0.4879183423185077,0.5525714890903256,195.292538547721
1819.8324991166185,6871.766292307618,3974.292046658671,0.5812433263249981,0.709869825659172,0.26714536791417925,187.16931883168164
1528.1834813385738,2900.324202471237,2940.336800403963,0.30984268715152785,0.2841947799776122,-0.0068506968485549866,75.72998872233954
888.7720840761835,2881.3312657500837,1130.4990535390339,0.5285157981775764,0.6063810010033821,0.4364173139019683,189.23021903646477
1811.0620624970975,5865.605305127194,2241.4137015538095,0.5281645078438114,0.6057713277550216,0.4470436790810087,181.03910810558565
2724.941117947106,4907.661666268339,904.4045904285376,0.28597329243298514,0.2566902913822445,0.6887837987975992,153.46500613595592
2228.7749061231325,4590.512464352192,4265.394584105752,0.3463320182264305,0.3286734960462626,0.036711979747612644,98.96265011994115
2147.347932440279,7098.526110974525,1691.1970447928127,0.5355013657713763,0.6194047597535833,0.6151876424024265,201.6966074615017
2055.7249427304278,2650.9482163151324,1017.720568138713,0.12646369385439607,0.09929458206437577,0.4451826380871761,81.8033699928844
534.69545669506,3193.3873379172796,3236.8372412066424,0.7131525845808175,1.0381362489363537,-0.0067571362007585395,189.14110537015029
2164.763547954083,1225.2506652310738,1661.4964343284423,-0.27714128123466764,-0.16523460949667862,-0.15112018957698595,5.0
1458.3512728084481,1388.845366269689,938.5946784808838,-0.024412049930225957,-0.017136644153422097,0.1934531841586513,21.874132748510007
2426.618571886569,1906.6064485104357,1896.0148536756287,-0.12000579725455489,-0.07894608690542664,0.002785340424494206,5.0
2721.4749043222982,3950.3052491528715,2315.293390056,0.18418327888192207,0.15148187532565283,0.2609506214784237,69.3460507030928
1459.659045494926,4707.047477580034,1758.4874034721365,0.5266001259192782,0.602886530879994,0.45604271385077116,185.91118993554505
694.3832422696481,4288.039841280272,1220.765524736766,0.7212668490867936,1.06254062482714,0.5567948243203958,240.77601935083146
1016.2162617807742,4772.743211651827,4014.7158864750286,0.6489122901036104,0.863883924521456,0.08626240152311122,175.08556137074214
2280.7506725479975,6209.773526063736,1926.3078056819606,0.4627538607917059,0.49371299814738473,0.5264777409662678,166.08387861249219
1564.1912206665513,2046.4358098360922,3031.572976964961,0.13356255989942112,0.10545398697830363,-0.19400068182147948,11.235420367465888
2413.6994505807447,6375.579981389849,4350.609658172873,0.4507628368199543,0.4748457436722609,0.1887874810230132,142.2571053359425
2369.521925219745,3936.548278067466,1659.3992826772014,0.24849491078966598,0.21578821102524567,0.40692822265838213,110.27524532504752
1791.2994504595174,6951.920025933823,2929.3824125599567,0.5902425975714918,0.7288716969168689,0.4070857701203953,200.58260774306208
672.1102989317055,2893.4164342552544,3769.762414333276,0.6229952264907275,0.8016749855640205,-0.13152070503587612,143.2338037883966
1391.732905170971,2708.7433290962026,2420.231867288496,0.3211847474198127,0.2976929617102588,0.056251288162754404,75.74985829837233
2383.9196993311084,5031.316535714097,3339.0425476772666,0.35702124006705066,0.3422915112170759,0.20217459860145068,101.54718177506999
1515.4882009223093,3258.0176179106816,2462.1212547835526,0.3650418545104733,0.35268315227867053,0.13913934271548825,94.77417297467224
675.3220582287643,2848.540678444202,4611.931014172708,0.6167148898797785,0.7872299911396285,-0.23636445631678243,140.5046618319871
1647.9423342867237,6175.681055455386,900.0093175822543,0.5787265688844953,0.7046259157204859,0.7456052284637558,236.68136500761742
2621.6425550383497,2474.2892482864695,4512.317443224302,-0.028915871014369585,-0.020235118995672256,-0.2917050128387044,5.0
2257.196574181444,7768.442445616764,2588.6898969808,0.5497151712725972,0.646476756789695,0.5001145468453838,211.02944325276496
1353.6427848756123,5043.645494050172,3634.253777275415,0.5768073201818206,0.7006421774358254,0.16241162435123016,159.34803660321722
2548.3323847358083,6807.469348391004,893.6835676462066,0.45524019049263287,0.4818363201397795,0.767909148727818,203.5083379780495
2967.5424435701325,3057.595935120145,2981.601888982788,0.014946294321399751,0.010790612587705004,0.01258346693355121,5.0
2243.4859434508853,6708.13796262868,2931.546280760133,0.498753306162342,0.5533763199832056,0.39177545510029255,167.42522133815672
2561.3285023155686,6440.338745102282,1169.657137573307,0.4309213099904904,0.44465073466925475,0.6925997974368501,179.18479266805662
745.6384135215089,7139.997701780477,4149.639809987013,0.8108869334003251,1.376335316278689,0.26487634243452524,249.00859120163813
990.3858490386388,6576.606112730842,3482.0916025522424,0.7382352579700209,1.1154663378763021,0.3076456413606286,211.9377565058994
1043.325462437208,2286.1188431859455,4806.050245225168,0.37327351542612974,0.3635143813932652,-0.3553118052136657,58.15454757306239
968.4554385374839,1101.5990566468702,2876.701900635363,0.06431889515701368,0.04814741434399978,-0.44619621858748315,5.0
1459.1479797522252,3526.908068892707,3005.7171408837144,0.41470855292285197,0.420865106363906,0.07978276897765693,105.619908750047
1780.4504888747167,7395.822337367964,910.2421581437604,0.6119447355381841,0.7764822035481798,0.7808246832116383,232.61015915195532
1274.283256388704,7326.431006629955,4096.984663832314,0.7036796671132988,1.010501399835444,0.28270409093712434,203.13610028295312
2447.607575750135,3377.6343322776142,1031.6228639144276,0.15965461538793052,0.12871074400765523,0.5320650085590839,92.66038778246416
1732.9384141227463,5325.761459984438,4401.653871767605,0.5089921811992517,0.571218120626263,0.09500032193602125,136.94847121539232
2324.429581164485,6987.786402942761,1828.8605932564235,0.500778421509579,0.5568755391948841,0.5851346675584485,204.29438632908935
2891.947218033192,1973.0939048729947,4640.020985871656,-0.18886856035914476,-0.11886369472099105,-0.4032785041021843,5.0
1465.4053063978004,3075.141043661731,1074.1791874861888,0.3545246789273059,0.3390752521936926,0.48223847382821367,152.31561474089096
2111.786855353061,1898.1804535034196,4525.900949592003,-0.05326886364499731,-0.0366519980581814,-0.4090422164347703,5.0
1501.6740112802986,1915.8908942496978,845.0000037290515,0.12120234561688889,0.09476968711090884,0.38787874266120687,70.53465063849508
1599.5404185580553,2760.044320978158,3027.9588325703576,0.2661959731232027,0.23476229314092434,-0.04628790006475004,53.36009369612849
786.2524123838741,6961.732696844635,647.629280243499,0.7970433856807747,1.3217785963714892,0.8297809244432298,295.3011170674939
1732.9292271764796,1264.5285895592729,2484.827732237222,-0.1562659647270805,-0.10040222558250875,-0.32546897056926744,5.0
530.5713150083234,7364.732858537032,968.4490724550765,0.8655982584638354,1.6195983989636629,0.7675679996287897,295.1897140375321
1828.323772496212,4488.409924179362,662.4862713028249,0.4211173494082877,0.4301742491323756,0.7427685410335889,183.49096589511504
2471.2585915232794,2128.720124825525,4669.89176624543,-0.07446522859026969,-0.05050023277383408,-0.3737780125945426,5.0
1063.9308101417569,3051.444317579906,1926.3077837697058,0.48294832069306876,0.5265757104644585,0.22603305883374752,159.08076977799053
1670.243414113944,2463.5838382449415,1345.5623330504168,0.19191426624960667,0.15884542846651514,0.2935097406673724,74.98198588095417
656.8677950631788,4892.028279581269,4906.825431258305,0.7632437924197776,1.1985079807609098,-0.001510090068918671,197.6850992794242
2913.905090702336,2554.0377615175057,3972.8576361258342,-0.06581402528245511,-0.044897060455700966,-0.21738051369771297,5.0
960.0856375021253,3396.075748873022,3117.4477397141886,0.5592056617623914,0.6650194605569254,0.04277684875233191,143.05087430310206
2961.047449878698,5775.632311434925,4153.329394885384,0.32215726547482804,0.2988780935977664,0.16339099337581978,94.49064223997313
694.2855404486354,5527.102166194242,2638.856454280281,0.7768068560987714,1.24636596167168,0.35369340524437193,234.58627576187712
755.670414965446,4964.593796236327,1704.9609726140425,0.7357917790393171,1.1076561554020097,0.4887331967581119,241.1353164269373
1979.2228607874283,5026.737823563518,1708.4312236964188,0.43498887585085433,0.4507338109911468,0.4926834911032262,164.71362144727834
1005.2932041972676,6591.159846700633,3471.9267536347875,0.7353256321524677,1.106206917736051,0.30996782762973624,230.3509625934642
1823.8626278266674,5725.720960310576,2373.1589489079834,0.5168309333110924,0.5851653427013721,0.41395378726045573,184.0412756789008
1198.2956593285428,4269.666339696594,2063.8065056656405,0.561703003852977,0.6699940406148831,0.3482859858312862,196.83721453098607
2340.551515741915,5374.939171832494,3752.7646295758263,0.39328511673069527,0.39064175071067664,0.1777198929076403,110.48564963876231
885.9807068369037,6539.133614233738,3809.857315311518,0.76135567240941,1.1920429305213731,0.2637239047979746,211.3126934926492
1696.9486625556847,4504.4854019199365,2161.0522196644397,0.4527237909363996,0.47788909115244116,0.3515745188078161,143.2258312432592
887.5334684243328,7196.148713857566,1057.79020923439,0.780413566787703,1.259471162567975,0.7436883845488932,277.5412192681119
605.7820606795779,2337.5899182509875,1071.4556614898925,0.5883754650719558,0.7248141707176824,0.3714043202924641,188.55327308643922
1724.722164621558,5492.710123857603,1389.7436875757317,0.5220676562118407,0.5946183728789565,0.5961487789238415,208.82987103520293
2354.4809128521965,2858.2801116947203,3161.81879726368,0.09664728468722882,0.07414845866898803,-0.05042088013983434,16.02785352065825
2489.0621596020546,5497.60197694304,1977.0916841211465,0.37669542195945366,0.3680986037247411,0.4709905786091682,140.442397039668
2953.840935097582,7995.613492369185,2358.5394686865966,0.4604587918247168,0.49006992443888986,0.5444263808290666,168.41239551169042
1268.741048279769,2172.7432056215875,4507.093971851378,0.2626779872824756,0.2309382415331227,-0.34946222547948863,24.36587859444135
994.0247936627404,7387.384295500407,3258.629051571615,0.7628024635310119,1.197031206422975,0.38782172339437315,235.46467517531124
1749.9741710128174,2999.370858391146,3023.8371785930567,0.26306715544565507,0.23136605704501273,-0.004062008160372082,52.49935080999066
1039.2255663276728,5012.083651707806,4235.13722323225,0.656528685211259,0.8829800237659082,0.08401945177897277,187.8571488348871
2372.7862593769996,2349.5098035659494,897.8244168496499,-0.0049290547428352555,-0.0035081896609530307,0.44703910584339895,46.5807821543947
503.0722528712987,2509.548243539748,1680.6828543763138,0.66602348101686,0.9072538477636015,0.19780899181857697,198.46844031881585
647.0928659578847,7442.075355889298,2140.5218381541763,0.840010035981147,1.4999123578641766,0.5532480818955126,269.97949400162133
1587.5639934664666,2175.9893322505714,4731.537686270577,0.1563483462840662,0.12570641100929505,-0.3699657412555679,5.0
501.41418207840917,5869.860789690413,1559.3338460375278,0.8426016190726406,1.5114983352539322,0.580214566238822,281.57068322830753
873.0475613285023,1212.7787490873488,3698.865779006021,0.16287606781997024,0.13163662883504382,-0.5061618395209015,5.0
1828.4239285845533,1358.6922064873934,4073.998328042547,-0.1473845639889654,-0.09523980939104824,-0.49980872346712546,5.0
632.4380092512956,3208.4571937204023,4340.393401998149,0.6706819758595237,0.919470242296442,-0.14994815353343907,161.54549501414655
900.6547022681431,7754.637416141255,2395.6223115861685,0.7918834649731961,1.3020913658385056,0.5279682735002257,254.02379752678232
2144.4922144184948,3758.5101669353276,3797.6665115797373,0.2734232256693149,0.24268810337147836,-0.005182031377133267,60.129440843263986
1222.4534541581447,6179.762837825456,3850.0743435005033,0.6697060971274557,0.9169685569595936,0.23227580388146327,181.2047763107538
2864.821521715513,1823.249689149214,2722.7570780432193,-0.2221749170384303,-0.13695393106769968,-0.19786758682096378,5.0
2807.202475194793,1826.6610596672888,4990.988938186747,-0.21160342939298157,-0.13129290508519018,-0.4641376249956133,5.0
686.2314670890253,5822.52598906999,2670.010561879662,0.7891359534885615,1.2917057005455264,0.3712101099484344,251.70384407266704
966.1692561435576,2526.0459098679094,4657.971287547274,0.4466725499790002,0.4684842440517029,-0.2967595036033146,87.36134642106137
1762.7332393907027,7085.916486913603,4360.2908423463705,0.6015814176819698,0.7534235461012313,0.238124783688094,187.83525304903785
2093.132167762668,7628.046271951908,4070.019102556849,0.5693665781308694,0.6854267596230885,0.3041551790986053,175.4390996675359
2886.0632206027262,1871.7798211736642,4047.3187775455126,-0.21318134926056478,-0.1321427624545558,-0.3675456523861696,5.0
2553.551474438386,1567.1577430184207,3038.0647607657006,-0.2393747481627366,-0.14600723566138393,-0.31939977193701985,5.0
1641.3989492103321,4258.996966081417,1556.532286747626,0.44363091121454434,0.46383710227900565,0.46469797698196463,158.52531358601888
2707.053779632363,5102.157425017223,4723.326895122666,0.3067023777833181,0.2805164880162853,0.03855591414252112,68.04886290074543
2959.3293990964107,5396.2113931754475,1329.365873679831,0.2916486262674093,0.26312596956605067,0.6046834877554673,149.15936659234563
2000.0986401629177,7122.725410742713,2089.859131415259,0.5615176552166158,0.6696483204020027,0.5463034022374619,199.77530743759507
1414.9682708655394,4651.818542907057,1879.0701530912654,0.5335361816505243,0.6157159417889454,0.42455912486920516,188.6180694287109
2865.201478546945,2031.5102000869567,3189.8745835950695,-0.17025533317132496,-0.10841961372886338,-0.2218500323719496,5.0
2437.3518752584346,4825.520935928276,539.8611386931906,0.32881879146535814,0.30695262725280437,0.7987613438952866,185.136134190321
686.282674088736,2102.1868448009427,3864.9854522149444,0.5077710767906205,0.5690125485001444,-0.2954160730368286,94.26228328619557
2113.601242636506,4677.899171715768,4278.379230212778,0.37757458179383063,0.36927175918531835,0.044607807342428536,103.4578544450205
970.6748044911685,4172.101371149203,3308.680351767842,0.6225094106174839,0.8005847924710813,0.11541855533906178,179.84369842062435
2403.402974376404,1471.309165259138,2019.8697337703795,-0.24055820801293934,-0.14662269861581523,-0.15712760194174055,5.0
2053.7831429632506,6036.992122928608,3537.659185087552,0.4923148707720245,0.5423555388180357,0.261036444793296,163.1542979875003
2247.330604926785,1913.9492707116929,4830.477873564135,-0.0801150953788767,-0.05412409684069644,-0.4324353336510338,5.0
2804.554794714335,5339.774752901394,4750.97650636075,0.31128651450725786,0.2859085302182024,0.058350288432870136,88.03803900470434
1423.5708903877403,1691.1001847129355,4651.5278792592535,0.08589327341111118,0.06535609199838316,-0.46675095310973413,5.0
2323.6558853528823,5079.67596184364,2181.2398277828984,0.37226753210611974,0.36220317452727047,0.39918327352074107,134.67169205458393
725.5871497440762,1885.551117498671,651.7690927869414,0.4442368992336937,0.46472364141323386,0.4862539695321292,171.19266943731728
1322.6082181294237,7992.342295209886,2459.8146215595384,0.7160246387582159,1.0467916367366403,0.5293192321141533,233.31288935287566
640.3997048707217,4287.009623104311,1537.3684637129345,0.7400663664758156,1.1212875124060224,0.47209180412630747,235.43748407720656
2974.022356582755,2633.7067053612172,2031.320870312655,-0.06068689257302978,-0.04154478930224599,0.1291280330389941,5.0
2901.3663762119395,3426.434039945705,3700.5994145893974,0.0829779116152368,0.06300116745243793,-0.038468372058891614,17.10729993174231
846.5133776896406,4146.8427853606645,1302.4196009740504,0.6609441223984308,0.8942118052927271,0.5219831570228073,229.67605438515602
2078.8388195852986,7015.298916428237,1407.9203195146035,0.5428178283193723,0.6332259282801906,0.6657049328979354,220.9595616957053
2777.7122333466386,6913.93670673089,3612.120816556168,0.4267823255393712,0.43850850472148034,0.31368020577090266,153.37646124815433
1906.420473021657,5744.384596131615,2297.05197553984,0.5016418648649573,0.5583660377874479,0.42869611535672814,166.36625083001928
1093.168155732112,2706.021028833432,3332.469091585047,0.42452554856418195,0.43515207686091417,-0.10374250022031309,102.05998498252919
984.2117068408877,1015.3162761789375,745.7996156854434,0.01555595599893411,0.011234624193689764,0.15303743585842983,11.817756726020608
2303.189015808834,1077.2393080979668,4287.966106315653,-0.3626610564933859,-0.2057325265586789,-0.5984350177895585,5.0
2551.151827714741,3072.770608679062,3214.222548358053,0.09274999553621971,0.07094660484118136,-0.02249914006955175,9.743052130058896
2431.2959367495173,3590.3308965303722,4707.222239143516,0.19247870910610168,0.15939107880456663,-0.1346049039055452,35.38147622348328
1070.1719000148105,5305.772670727092,2392.23876450373,0.6643095345408749,0.9028972399983128,0.3784787708304465,199.89148118931314
2432.457536504895,2178.0594844305588,972.4736248960626,-0.05517777092330139,-0.03791597323502007,0.3826609076358861,35.77861563939332
1307.9527344306093,5501.384638612219,4144.139778301964,0.6158355319809762,0.785280929707016,0.14071239691120446,155.85755779101967
1409.3381043866484,6097.876082179299,2082.7780479554112,0.6245376594633711,0.8053192500557605,0.4908040322769357,228.58565260948117
1590.536111892401,7695.88905200702,3152.265816042542,0.6574492155702139,0.8853415747679381,0.4188383453971245,201.29977864919886
1144.1794193374592,7275.581089241043,3516.6989606757134,0.7282156853426375,1.0839255625204238,0.3482936053207801,217.85067654762793
1790.5711384906451,5821.505819421966,2374.4578317733003,0.5295446568247967,0.6083168943769525,0.42057873044927224,194.84602817605855
896.6683371286156,5268.3070726826945,1935.7638430809684,0.7091088681209795,1.0262720830756586,0.4625916746387095,230.45954472400553
763.6684498120101,7053.535623983964,3551.6509039589755,0.804618520124296,1.3513174355301745,0.3302049153466454,230.80399740391266
2049.0544089962905,1810.9075374529507,1511.204292198352,-0.06169668892739038,-0.04220596221642327,0.09021467684784157,5.0
2361.804025045054,7053.281326417987,3802.6100864237274,0.4982936559513627,0.5525858642405355,0.2994384446264374,158.10878894778224
862.2907584354934,1216.1181715880991,3017.2922000350886,0.17023955578286978,0.138411443232638,-0.425466437200349,5.0
1075.0011747463955,6067.25491540721,1864.255710823704,0.6989743404530423,0.9969941823919248,0.5299115644065998,232.0419415893188
2744.025087196263,4341.5726954155725,1656.0297932626472,0.2254640549756086,0.19195088907509,0.4477694056541264,113.05895472189714
2140.0952632804665,7034.543406674242,2319.013496062696,0.533475847816082,0.615619318306586,0.5041429649856082,203.80407443771344
2046.104230389864,5920.190551104811,2010.7252726319405,0.4863096868104801,0.532218582560111,0.4929399535775096,173.73996194850966
515.7138011982527,1565.3053571013152,2647.9127127926567,0.5043641963663302,0.5630145374917349,-0.25695497775685533,82.77710480278338
2998.2716681281777,7893.856596398084,845.3575943537137,0.4494608224330685,0.47283002005655317,0.8065369319700219,208.644719638162
1336.9659420600597,2322.907077591457,2511.6284428413505,0.26939217015673506,0.23824895255230022,-0.03903609031586189,65.15475702654959
2385.012229064727,6568.959530866659,4817.674256560055,0.4672727827954107,0.5009507552965744,0.1538018440609372,126.58021572138372
1609.735735763071,2675.7469264517695,2472.6809634774436,0.24874938821687095,0.21605132701889496,0.039442324390344244,60.937337378059766
2065.8814162006547,2973.9697528966644,2614.529614778863,0.18018157799657297,0.14770219242901572,0.06431782745338101,44.98444373051004
2511.0764340793517,4223.593239722125,3157.032816232789,0.25428371224357854,0.22193149698027106,0.144508123736237,82.43377021358546
2146.9992244427167,7942.710082481592,764.4899864398442,0.5744180214872007,0.6957400408067228,0.8244005005510934,256.1679228114534
523.0068914593911,2676.538717619128,1569.020866789034,0.6730742701013996,0.9257596841504379,0.2608649881246735,194.40604561289487
2709.6481891418066,2209.5530323169232,3794.6409159828577,-0.10166186220268587,-0.06769590422113764,-0.26399678242419033,5.0
528.0970224060104,7434.0325090624365,1473.6476011088944,0.8673477941416289,1.6282031455402646,0.6691287555868203,289.6786132635671
1324.0244080242405,4054.633845564084,2744.460276742486,0.5076748341857314,0.5688873818321639,0.1926982543645723,152.6986708995588
1691.3382007540697,1948.410670062804,3302.0430752880616,0.07062917755103527,0.05312538685328781,-0.25781246166887,5.0
1778.1181028266078,6964.444681800214,2054.4874051567085,0.5932272614044212,0.7352673092813506,0.5444056157380123,206.7941014201946
2542.155086796954,3086.1180344138497,4800.68879725762,0.09664828550523953,0.07414960570848596,-0.21739733192666513,5.0
2833.3463719599563,1413.998932309081,1376.6519411254012,-0.3341728391826551,-0.1926882286461826,0.01338289627191295,5.0
841.5184755828855,7770.576562806413,1099.6710532824818,0.8045728775091272,1.3511479264388022,0.7520540347342907,280.65127112846204
1133.3045834042905,3904.391824596149,4049.0313625614417,0.5500703131377634,0.6471346258910469,-0.01818582194653701,124.95125642062865
2530.4205672708395,6092.869179674603,3749.428591208835,0.4131194377705493,0.41859170891592035,0.23809893205632243,123.50494884318067
2952.828078798666,4639.288043004364,2567.7479499272677,0.22213305709858566,0.18858082643258822,0.28743301612775984,85.27478932250227
2030.597712795639,1325.7450484135852,3092.3158358590767,-0.2100061627549932,-0.13042845645613282,-0.3998520693397975,5.0
2985.4763127913466,6731.768351057637,4724.520592659613,0.38553027812689245,0.3800159106973355,0.17520924691093892,123.36666042674528
1923.580636871678,4460.103014386481,4054.888552341538,0.39734462352587524,0.39626755404778213,0.04758835740727139,119.50326177119851
1549.894169882113,3961.5243254632796,3826.2636548614364,0.43756977576286626,0.45461662604936054,0.01736830418678593,96.76942101471641
879.140041111258,1801.714975238191,1838.0723847145953,0.3441345869718383,0.3258805142457496,-0.009988882830475825,70.31398607947028
1556.1183994115179,3523.3144724014082,2185.5123958927293,0.3872865578200823,0.3823948894133999,0.2343392271544031,121.50216028170229
2633.233840623912,4152.773812824642,4330.660192862355,0.22392252552273478,0.19038822528410226,-0.020968676116003913,43.14271261937368
2428.735586251757,7789.662828313887,3832.969553738766,0.5246347836561014,0.5993056544591983,0.34043004580825487,157.14931706839496
2561.342288752214,5617.530262346194,1967.8621332133455,0.3736686143629749,0.3640644869053693,0.4811442755141061,165.58217161896692
2754.175862529117,7708.700839717749,1406.1708893407476,0.4735337247786865,0.5110970556237535,0.6914556931824813,192.94656385278182
680.84955289644,5880.404525004767,4544.227848154054,0.7924635914997334,1.3042577662497314,0.12817494458249712,228.11724952316976
1225.2321585499099,5079.420071905182,3030.0365975449063,0.6113244270835441,0.7750655327105598,0.25271526288906504,187.31501539019808
984.5435940737416,6135.327848849551,797.5251811340654,0.7234378170088912,1.0691962499757561,0.7699287210994245,282.4638524377007
2333.078362931691,6755.538391181801,2927.6462326498686,0.4865933009841039,0.5326979285019613,0.3953133506011692,176.98145269328043
1854.6276605202493,7653.85530738035,3074.187781040773,0.60990040849078,0.7718874223332984,0.42688750298323896,211.44094484216672
1618.00855510311,4837.915411230428,2473.399971814703,0.4987522889705317,0.5533639612415224,0.3234049299221325,177.8682606177645
1413.2986411250629,7409.048189711769,2240.195899411719,0.6796093673114387,0.9433306966634594,0.5356743224674608,229.866862073995
1219.6045178455597,5111.636411789587,2329.3846676569638,0.6147344472568635,0.7827734078279722,0.3739072519823657,188.15909919649735
1955.272595071547,2431.9747317228953,846.5374864666505,0.10865631705586931,0.08413611925824002,0.4835843636563196,88.5718509793063
1989.174636194124,3097.7685422892646,3292.7373287938235,0.21792928817571836,0.18435004785029213,-0.030509131891464127,42.79906949218366
1307.5609141715456,7977.3696165536885,1373.3263416091752,0.7183477226450314,1.0537664874260493,0.7062622187467371,265.897836582028
816.3271926723024,7201.097647783362,4095.891340761239,0.7963617472405046,1.3191608204763878,0.27487026055314395,219.5241088716577
1394.4446131326463,1677.1256261309413,1069.234337120298,0.09203143372493305,0.07035510946244267,0.22134436014340064,54.116397160106736
744.6611666995046,4764.414936455958,4400.7333408315335,0.7296602359013297,1.0883752554953814,0.039680928729325306,184.98099855347994
1857.6142624873485,4739.974341670202,4857.667593622206,0.43688084415109163,0.4535818249895477,-0.0122627258584174,111.37239715041042
2253.323001296383,5314.12391869679,4425.0544370626685,0.40446942665819163,0.4062637183446234,0.09128793508715899,106.03737387433722
2229.6516938618543,1330.876809371181,1644.2567983371025,-0.2524273807728654,-0.15275117276823097,-0.1053330808568231,5.0
1360.7898438269294,7607.042097970617,2086.284677711238,0.6965175411388392,0.9900366001423881,0.5695420723399156,241.35454805019424
2429.474756191281,5101.133530102344,2083.711432207818,0.35477330276479063,0.33940510296481063,0.4199703839544446,138.3037749156537
1531.5326580028623,3752.4908569013314,2368.6348746815256,0.4203157295219611,0.4289986755405486,0.22607867289075875,135.539075912003
1610.5851105623772,5391.692848110153,3188.583851295081,0.5399825255900873,0.6278321979813274,0.2567643298392722,175.52739691607908
705.6259820906192,4363.964371762204,3652.7493274663266,0.721624063011259,1.0636287369580113,0.08871653284507376,200.6451316378363
612.8353650848862,4655.4693581759675,3991.6918468259955,0.7673500688892413,1.2127686278158434,0.07676247678709244,198.48879124755825
1345.2969896667128,4007.4848453382847,2265.5099668906537,0.4973466016800103,0.5509373061494254,0.27769429599623296,171.84502632441206
852.0601870236873,6825.680924775237,1390.6268380056076,0.7780440431617867,1.250858468015432,0.6614959228679884,261.71269866842295
1068.7308946054934,2335.3747044793968,2365.2432607192454,0.37209298379060757,0.36194952182751905,-0.0063541765050102875,90.56934446015518
1706.885455799265,7089.296716601432,2572.2473585383677,0.6119031137256756,0.7763865317724888,0.46752872237248216,221.65875976170884
2142.749135388037,7749.368017479391,2004.750937230574,0.5667764336878468,0.6801883101271289,0.5889426924495292,216.56422054387235
2872.4652311050463,1621.6659989237276,913.6063552508663,-0.2783183596298749,-0.16582288993259364,0.2792834632648768,5.0
994.2360456502431,2796.752856730891,4883.489871881429,0.47547404042069513,0.5142308633470875,-0.2717019615935852,83.49910800569408
903.1967091123986,3125.6862539174767,4500.49184910018,0.5516391428213744,0.6501650659329354,-0.18027451974383105,106.78258598164653
1739.2343146182905,3726.6184143441774,1504.6459144960704,0.36360000861924674,0.35080503594096013,0.42474865725547484,148.2712691247815
1216.0742562354205,7830.959877075978,2962.44790279318,0.7311662057019573,1.0931234058722192,0.4510634706966248,228.43112890507334
2699.2982721078174,1726.665003457026,4622.005952449013,-0.2197562898456059,-0.13566487158836799,-0.45605465595007033,5.0
2477.2296574969537,5168.03636624716,4539.320120926072,0.351957237333709,0.33580659162509346,0.0647669884264652,85.88992875127823
2364.386334264919,1837.7409612195747,4389.521379997511,-0.12532827681968045,-0.08215966227271389,-0.4097756411318025,5.0
2311.1628707750815,4680.187734802124,4022.604638594221,0.33885081686482027,0.3193071752927946,0.07556001199597913,94.97154979000405
2911.035635898044,5676.524728802426,4385.185361374886,0.3220343118576502,0.298729728520735,0.1283419374763998,105.84798543764501
1714.1910992296937,4447.157230430292,1707.7850783948008,0.44356624305768655,0.4637395256882638,0.4450686966899186,154.88348839678798
1306.4309909290932,6690.274719091019,3052.398467706199,0.6732577041996869,0.9263412520628327,0.3733961081586203,224.8205486019268
1387.8941847525225,7511.724594276423,3317.394060393858,0.6881003064160442,0.9665081644778618,0.3873196579747839,221.2336435288694
1190.0087425876523,6668.9697458600795,1638.8315385840817,0.697159434986244,0.9918450751517529,0.6054716566330426,242.55442880950415
1427.1793278439209,1231.0578101621534,4561.7614566361035,-0.07377878925997482,-0.05005585481072314,-0.5749710965417171,5.0
1008.9286733104937,7290.798971178282,4579.271872214955,0.7568766791139501,1.1767882460275,0.22843394403531314,229.79373283288987
1274.8275515601708,5507.45089791764,4319.1565504790115,0.6240710075917454,0.8042276841588374,0.12092620505682142,167.10345743361665
1716.0797551646529,2882.9683417538554,4465.36513888363,0.25372393628962625,0.22132948105925418,-0.21534090703476846,24.07670247007527
751.3599654308276,7522.078100001536,1686.905020548098,0.8183681415397781,1.4069038853314382,0.633639241427074,274.19778682484724
2676.0826705681916,7009.77705549275,923.2970283462768,0.44742485510262137,0.46967996283100977,0.7672284365500133,189.39673166791653
2274.4343977153576,5102.568945911459,4045.734633142508,0.38337173186399975,0.3770810803217868,0.11552243577412162,106.72556423111928
1434.4237808684356,7914.980936271174,2119.4257810652166,0.6931518477138159,0.9805640627102857,0.5775682925643665,243.3899009985672
883.1315246803715,1479.286859136151,3962.5500050186556,0.25234960000621565,0.21985125031087993,-0.4563281126237623,5.0
2543.4124344097336,6770.295551896042,3098.6777419085965,0.45383461917073054,0.4796349870102783,0.372036452051229,164.16037701608036
1513.2323619732624,2226.1727871832973,4609.75640918944,0.19065610614035386,0.15763857141470644,-0.34868465620185607,11.708575119896132
2771.092061504118,3962.1891715051947,966.6897961583613,0.17689697914070954,0.1446226398297011,0.6077445590349015,115.15389963640907
1564.9590860990777,2708.9026431151315,901.2604346227811,0.26766040392203294,0.23635867155501897,0.500709294585188,112.84465032894205
2187.3578172016505,6542.889495123488,2200.1767655938334,0.49890129358350577,0.5536307221664121,0.4967036277129454,175.42881731614827
2853.847078660466,1160.5321927213897,568.2635090266068,-0.42181238269855365,-0.23152181724803167,0.3425903261752362,5.0
1541.103502009424,3353.095676914278,4690.852976625131,0.3702326178995237,0.3595018084350032,-0.16630604659018078,70.31028074767262
904.8030536239913,2118.230446223165,1990.1110084199538,0.40139396148244155,0.4019010177003604,0.031185197040335934,93.02177481688943
803.2373014676784,6822.402192339196,1344.7591164952707,0.7893324743414135,1.2924621759097474,0.6706911824121845,279.09119242253604
2606.3484029518263,7038.650866406421,948.4689018234467,0.4595440952573513,0.48861815732932024,0.7625003932012153,192.88103597647748
1386.0270183124371,6185.964709802317,2504.2193916877904,0.6339068851638912,0.8273970418878265,0.42366712542482843,207.61599329588995
1954.7655849145287,5794.008610261934,1184.5430652968105,0.495464563574692,0.5477245772746371,0.6605189383992837,189.31515617719413
1257.8190004436433,2410.478666328966,4835.038834186525,0.31422195532600217,0.2893689032454402,-0.33462898507255434,47.60248765394839
2285.179835366511,4529.98305265791,4964.271381532507,0.3293836484681203,0.30764110018241503,-0.045742225662808125,85.73190884502557
1377.5057964231526,6077.479583032282,2157.841688915213,0.6304470829588671,0.8191810019727779,0.47595446057372764,227.44782498245226
1220.0310479298118,4871.923568258866,1382.4518402608628,0.5994615439230461,0.7487615061920861,0.5579248924979319,231.26143781195356
676.7935781651067,6050.081895766672,957.0829682709768,0.7987792159414188,1.3284640900216629,0.7268273296818358,289.1415865892637
812.5141907433097,5716.0563912111265,1792.772665790357,0.7510897122366362,1.157353823104194,0.5224894181390478,257.9855926140734
1839.8809242564153,2502.8665413805934,1226.6623777955979,0.15266501730011697,0.12238392009282231,0.3421891050853427,86.95443243634818
637.760836148158,5400.358645455662,1193.129914413566,0.7887551452118213,1.2902679908216301,0.6380884249971994,273.3080816682341
1925.0826355561205,3823.12876828419,2018.0679403936556,0.33019769090778567,0.3086329234661485,0.3090224345466508,120.9705294110554
1367.1748948923466,4566.611124139843,4602.553227709949,0.5391896874013228,0.6263255199050717,-0.00391988868199699,142.0324263476263
2556.893215901208,1099.9800350711446,3147.9774648091106,-0.3984040682963978,-0.2215185369227619,-0.48211344612406853,5.0
2693.4109531647023,3618.4747274126544,584.9428906407112,0.14655901911340957,0.11691943370035215,0.7216822385245443,125.4021700619486
1004.2397357651985,4676.048957528993,1072.3081000624784,0.6464124306660857,0.8576999659277341,0.6269166686645496,237.3094558892764
639.9049835351698,3726.989085511443,1869.742200739312,0.7069290100603061,1.0198603075212194,0.33184492687774797,208.78623001999597
2262.854149515032,1055.8238526071145,3225.835188652256,-0.3637081680634178,-0.2062037932401677,-0.5068155391700824,5.0
2148.2352067051474,7077.185308765629,2472.589037544418,0.534279179280824,0.6171186013757111,0.4821680705490408,203.5688148749655
2999.5591450554475,6994.603189364749,4279.378623346032,0.3997377579259956,0.3996169675841149,0.24083989231884456,141.44929348067808
2493.5491782407034,3152.166771634192,3910.944824714585,0.1166579401309457,0.09089665472422877,-0.10742829737607562,10.109495588399716
1418.710709592055,4974.527267816489,2185.1444069887093,0.5561839822376793,0.6590805751142423,0.3895964769242128,193.73483318457204
952.7873439386959,3380.8233317821228,1134.9094538987351,0.5602801379658513,0.6671493487705428,0.49735313934157144,190.66239402704946
1681.3626052917655,1116.3211257173793,3489.71556248829,-0.2019676038108153,-0.12606346059531248,-0.5152790993465169,5.0
2561.2641139818734,5965.658777420224,4393.350140654558,0.39925242744622824,0.3989354801369033,0.15178176300924523,118.09025838211218
727.4958221002101,6294.660789383738,4163.6185766939925,0.7927998867735669,1.3055424442940555,0.2037660439056721,219.77468416824053
922.5103192529737,4555.036292679256,2792.10159336551,0.6631666017866573,0.8999332625847268,0.23994849782557298,187.66444264176562
2454.4797685275526,1500.4956479960722,3797.0087094213573,-0.2412111378251776,-0.14696236747080943,-0.433508479851698,5.0
2249.1337215082854,6905.600441943569,1069.8013034532673,0.5086402987556431,0.5706061946700853,0.7317247862939099,209.63143839523232
1998.2029939884474,4376.511647349724,4769.179319572589,0.3730847240699296,0.3632840386942788,-0.042934719049671735,99.86540737462718
968.8949046750668,6494.859823760982,1749.4535074113949,0.7403733267509782,1.1223214723766588,0.5755975210004751,263.88161491987506
1121.9966179986436,4405.549515770335,1749.4048949261605,0.5940344626194469,0.7369808059502996,0.4315457829868896,206.81957550992166
1804.2999486674462,2428.8923978052435,4773.82132340959,0.14754643726753708,0.11779702728949584,-0.32556186682417265,5.0
1276.6173780666168,2029.4804910136543,1230.1571985548403,0.2277195480993907,0.1942334257908969,0.24521844705980458,84.43592183994981
2802.407211896712,1486.1459425025125,4278.781989999434,-0.3069243219562397,-0.1798014989315438,-0.4844182060400042,5.0
1018.1698266119297,1587.2588676907033,2456.373946441896,0.21842433919024265,0.18483451352625468,-0.21493422337920476,40.23260525812256
1800.650382467857,4305.559830664948,3685.898731578299,0.4102232580200868,0.4144329649545432,0.0775404257161244,118.92712293619549
1130.2201971364198,1958.928230098071,2902.27470632249,0.2682642327533852,0.2370107503559797,-0.19405618081951032,56.826974512521424
2406.184588649092,7704.63931373601,1086.5604509074776,0.5240378801684991,0.5982156100624508,0.7528072435223646,207.4614018947385
1648.1647350264445,3974.4377800691454,1725.5317291325557,0.41373599474324846,0.41946796303087336,0.3945470316835097,164.158894160877
1889.7567450117274,3190.493645586557,1668.771616392165,0.25603795094942317,0.223801418878503,0.31315887214224203,96.89762421106867
2136.1712286701977,5539.515649151694,723.1929954297766,0.4433928160711867,0.46348038195473784,0.7690478555345183,199.70771263838571
2215.326242739028,6197.332174837493,4091.478411822135,0.47333503085131173,0.5107679269308343,0.20467416958196444,137.92458106179222
1609.2607154203129,4787.653123206219,3179.6205572905646,0.49686340749142693,0.5501150246334912,0.20182971367610392,152.7586372503497
1691.0850475644397,3916.1618295497897,2078.3997318903184,0.39682161858613657,0.3955362375844554,0.3065715613255631,121.96075467891828
1574.4033671557424,3216.766567951176,1050.098647865148,0.3427895947539572,0.32421410677769485,0.5077891637042765,139.95612986892306
1712.7171913670682,7599.753547514489,3313.965028351719,0.6321669641264608,0.8232670031132522,0.3926973642372774,197.18965271051098
1645.5341628650554,5887.6192315796525,3957.673419577995,0.5631220879266554,0.6728417048253642,0.19602726705931892,169.79816742406493
2908.640702050435,7675.1167591439735,1150.7568362971956,0.4503576422758719,0.4742203379046337,0.7392310632544721,213.9900313468476
1094.235368522586,2178.346913034012,1236.1479973619237,0.3312709814173103,0.3099317914644052,0.2759409342001018,122.94355586748846
1399.456333694975,5305.747133837731,2651.6381113795437,0.5825760274799783,0.7126454988225038,0.3335403452685515,193.73381525220844
2044.5082538455022,1160.0806402689993,3953.390935069205,-0.27598785445610236,-0.16465948773548106,-0.5462649499658541,5.0
2974.692473666826,3136.5954358019417,3690.711935731413,0.026492445537997365,0.01928724968036573,-0.08116179185936664,5.402712515812444
1716.869521580874,6487.75101813244,3384.4439900186208,0.5814871599335151,0.710376793839913,0.3143482300782348,173.60862024987503
1597.007864427626,4838.938733611265,2700.8133359855815,0.5037224624685002,0.5619771935583484,0.28358033229817187,166.96124040996153
2983.918645473043,2967.5914564560826,2630.5603004878994,-0.00274336911717997,-0.0019556233455931666,0.06020400491821673,5.0
2629.1915060834494,5710.464909945043,1961.9113599982675,0.36947246382597176,0.35851081649504035,0.488577908273768,160.35757203964408
1882.6098358268382,4175.0781638068265,1829.2861069122318,0.3784394851204262,0.3704283981642966,0.39068116968576105,132.7791176012037
2978.3247212322162,3665.714309883715,4798.043535143094,0.10345959518431447,0.07979295588046703,-0.1337856358675166,12.002814199110805
2264.406331402399,6215.249165637731,1157.1424177498134,0.46592020573813103,0.49877610087715935,0.6860876406238962,198.1574682472386
2067.1930973978638,6725.9130063245975,2797.178727814688,0.529815045268782,0.6088215465943004,0.4125481920974531,177.109896106751
1799.790319405112,5881.962486194492,3021.57401808589,0.5314115501454659,0.6117738434069988,0.32126430507834763,182.58375166664632
1851.8567355011637,1259.5849121540728,631.1319050991362,-0.19035286218627,-0.11968254382081926,0.3323887538248854,5.0
1618.098691416368,4646.24025475045,2784.146681693171,0.4833936332106717,0.5273364647682895,0.2506051957635897,152.10295921516405
2741.328129891942,1630.5727511414839,601.2868001236002,-0.2540669170509263,-0.15359285755076352,0.46117863911879015,5.0
2374.229272319146,5208.250850206426,3533.2833447129033,0.37375918323799906,0.36418349899963176,0.19161024460390727,122.31414901285882
2795.371554806134,4730.066778452307,2450.824111734637,0.25708737985915847,0.22493007746267749,0.31740388501306543,115.0649071775704
2342.3343484270536,1286.3142405291771,3928.768505337732,-0.2910229750053075,-0.17208755262050238,-0.5066945996966348,5.0
1972.3703877805974,2107.2527476133787,2170.2996803526403,0.03306245585027378,0.024185512097747573,-0.014739020452988688,5.0
761.0413428538191,2901.6263023965366,4465.219351838072,0.5844333055264064,0.7165018637696174,-0.2122472931587081,105.75245720220842
2706.549456422955,6707.146164863624,3102.883652348582,0.424976212208243,0.43584341023109013,0.3674058671894932,140.57480594828286
816.0123587979591,1577.9684872339205,4015.3726878442067,0.3182799600843318,0.29418961804451177,-0.4357689123335967,33.88389969664368
2922.9708606719,3863.336793804136,4965.4887259723455,0.13856812583105216,0.10984473612816006,-0.12483562276483598,27.59650186869184
1353.633454561713,1707.9906604522207,1016.899112204515,0.11574157782368831,0.09011410981862902,0.25362183635056834,70.1202337018493
1935.5385728177334,4303.131297800035,4394.120980753607,0.37950280648018225,0.37185694082034865,-0.010461888425092533,93.98845289248527
2966.9681796120108,2249.752262732196,852.5898017548654,-0.13748406200199595,-0.08941699575239347,0.4503573208513933,24.263128098171684
541.2946233784992,2328.57127139961,3124.7506073972004,0.6227735765111508,0.8011332305070693,-0.14599896238423685,146.357987086123
587.2668410792177,1297.5281211298077,3693.8853218582153,0.37683742471452125,0.368230119602612,-0.4800959142374256,39.08408292902886
619.5630251678529,4471.564800889402,3025.1921433082166,0.7566106973880601,1.1758329082223806,0.19293311336546984,217.32481834337696
1396.4450269371414,2888.874596386475,3838.907072488136,0.3482656371716718,0.33110521400479903,-0.14121036066846193,61.08767167376611
920.9879632827638,5962.671545242607,2078.668164778692,0.7324132716011499,1.0970103132788156,0.48300451417822554,251.2025791243518
1196.9814536327672,1714.5852058803887,1948.9188380709863,0.17777499628203436,0.14543559117311197,-0.06396434378543396,48.66238753549104
1303.8363249064669,1389.6654245121626,758.9059241656465,0.031865247383765775,0.02328848738397958,0.29357158673883565,46.31629451435936
1283.5214142631817,7110.291468783924,3348.554579425389,0.694174403815319,0.9834264206107088,0.359670356716162,225.00953388302415
1194.2703689382874,2145.0323885777257,2687.3011573894937,0.2847187237559607,0.25526129894628163,-0.11221675067361539,71.61889963784854
1678.3140546563272,5465.689573742045,702.393082368933,0.5301474796989526,0.6094290065257211,0.772249134158678,218.5971775735702
2077.6643479776358,5745.331626956662,4183.941638151067,0.4688315436006597,0.5034597101271215,0.15725118515321707,123.37078420056713
2498.212309150842,6810.556086000769,3233.4054157710625,0.4632561036358705,0.49451601023207997,0.35614938082374376,169.89071161981704
1132.739408728533,4381.643323952065,3346.895510254093,0.5891691005377563,0.7265588895126568,0.13388660337505698,172.9655820848946
903.2540317004715,5979.60905518372,4614.212750353109,0.7375353771628969,1.1132227392029754,0.12888609321218752,208.91403449600983
906.443465394565,5576.421257658983,4765.235202070279,0.7203571246731825,1.0598091433635517,0.0784386968053957,193.62134701791388
1516.7800696805743,2940.0133500806473,2914.610459201069,0.31934019507616856,0.2954802928477608,0.004338945029220619,65.59572206105193
1195.8103409488222,6103.073686046788,3456.709230197753,0.6723306366117969,0.9238811460937479,0.2768226515975959,196.20925110602644
1949.2154984350752,2659.9391294421275,1173.9212362769194,0.15419826155413355,0.12376569720099534,0.3876035512573759,82.86243425184261
1207.8536699203578,6002.345892428488,4993.436651836542,0.66495971163956,0.9045892292950584,0.09175420088917627,174.65762547981242
1772.348864061023,5119.384628511083,1307.7025650854466,0.4856594886572192,0.5311245165032218,0.5930652483803622,183.30557517544514
1273.5154080963516,6448.656142920818,3192.0164991348115,0.6701665069163902,0.9181805887067411,0.3378021186241428,215.6912153127224
2602.8177102281907,5391.665500957571,4604.181638889449,0.34884653788232606,0.33185443071835935,0.07878110288923376,91.35854047981317
2963.851267351123,6838.4342283109345,4778.164577132623,0.3952734249863678,0.3933979468214968,0.17735566885855694,129.79850691906523
2476.9972075176274,3307.188226459013,2881.5177724022033,0.14352773234434493,0.11422443374304209,0.06878181869785956,31.95186264291675
1767.3680546993387,7917.76725479969,2480.071094552667,0.6350349275381937,0.8301041013284173,0.5229640985967773,209.20374464022473
596.9230207785779,7017.393299340005,2745.6876696152876,0.8432103432259597,1.5142716546301116,0.4375366385744805,267.8699909715448
1491.2781011290383,6438.391984844761,3243.7575784630662,0.6238738597514201,0.8037782548296313,0.3299509458269847,199.70259719008962
2516.6415115330483,1662.145228460557,1862.7305213649938,-0.2044843003568338,-0.12743789502926572,-0.056905635002158096,5.0
1291.294685201021,7097.861790640875,4237.308557981829,0.6921514840578751,0.9777584448167402,0.25236085073518644,208.1523812126416
1504.3068798969825,2243.4205007915657,1284.829208373077,0.1972164849839141,0.16395218569696957,0.2716903198934173,96.2471024483915
1703.9125366279072,3266.9494013217004,4776.552079606364,0.31443980619266165,0.2896352513897104,-0.1876797911551829,52.81660429727313
2623.1737446765974,1251.1913036764288,2755.6475629930437,-0.3541180099250776,-0.20186621810865585,-0.3754721138041827,5.0
2125.7402952188922,4972.396929440619,860.8411877811458,0.40104277273355116,0.40143876000246115,0.7048496321135714,181.74454451851585
1502.1347698153209,5186.634106418578,4518.050083729018,0.5508486545474659,0.6486592368764849,0.06889291908122344,160.2136569192047
935.2745246675041,1192.3546907652235,624.9871715220406,0.12082940209326078,0.09444529633814805,0.3121963625582866,58.78581800613162
2324.215860135434,3898.021789247925,1739.945111310969,0.25293246859761565,0.2204911980543969,0.3827756912407998,108.68652256056862
1934.226348665565,4417.437289125265,732.746643368758,0.3909544147291198,0.3874255258192055,0.7154483593864024,194.35143508301496
2386.128391555608,2540.9486020595186,2396.9234027228977,0.03142232416361995,0.022958477887656592,0.029167463062623442,5.0
1351.978615164362,1503.399317808145,4917.55675665168,0.0530300037841649,0.039365753758734814,-0.5317210394713744,5.0
2083.6777935299187,2055.8875765513803,1797.3714875135665,-0.0067133175798306825,-0.0047720145852984544,0.06709024352440121,5.256000809403177
2600.770790317629,1493.290437563565,3009.6602015295816,-0.2705089862705133,-0.16192260461117072,-0.33675025226007127,5.0
2195.8305932474514,1776.8622426145384,1785.889828429662,-0.10546205504371536,-0.07004826308281957,-0.0025338798862711127,5.0
1679.8390184858843,5376.319726273009,2125.778069972576,0.5238658654057202,0.5978901535777011,0.43328436180795693,179.45813351755106
1430.6015910813528,2707.433981638269,2783.391514799327,0.3085600323655964,0.28268408357100366,-0.013833536177120402,65.17631189147745
2262.1160032466923,6183.745449167063,2351.7848964286745,0.4643255714708979,0.4962218225653794,0.4489422914730431,172.4712099980768
2194.7039110285596,3291.8525312313086,4315.016299100351,0.19997035144887199,0.16662771929001852,-0.13450524658119115,33.85442658497472
2170.451290358984,6043.233005487133,1219.0200576545262,0.47150359998803654,0.5077875059226912,0.6642859874510294,201.8709769645334
941.851762623493,7761.984395957687,3646.88731937265,0.7835777820595342,1.2710758064042826,0.36069272921132106,236.72520497144183
1659.87095281701,6112.2355475667955,2518.3199880054153,0.5728645887645842,0.6925455475497956,0.4164176389726092,185.94728125735753
1619.7788338325538,2812.1505630074016,595.2008805555946,0.26904122835440225,0.23786875926214038,0.6506372232278311,157.52130330945496
2844.291631962118,1409.5982144569925,1480.7594129242018,-0.3372662360722792,-0.19412567583991538,-0.024620205392045066,5.0
1150.7988129656032,3162.909661386022,4768.829196482013,0.46644571832277204,0.49959536509069363,-0.20246752492368073,79.40541123828416
721.758410891269,1328.4470220563348,2076.3927990079933,0.2959160097419636,0.2679721203566,-0.2196713549062595,41.97915055118942
836.1666606159017,6950.646984206739,3587.888864341901,0.7852352196550957,1.2771870434073118,0.3190915861437112,247.0480580019448
2428.6186761681884,7452.343949244801,678.1301004757172,0.5084246811790986,0.5702284334316953,0.8331880535512879,220.28344955225165
1954.7117472733967,7967.253503183116,4756.998595246007,0.6059829482901179,0.763147568567424,0.25229419244853984,191.40443476082
2257.1680741170226,2556.9466418543725,3586.765892632582,0.06227075700554628,0.04654670578946743,-0.16762165300375426,9.434945612889349
2053.685874474851,7257.543764712224,735.757170551942,0.5588797711290064,0.664413016840339,0.8159065505180858,230.7334968971604
1796.974632036853,7044.3214737279895,3352.678874634844,0.5935042530332372,0.7358637206235908,0.35506804607536474,203.89746664627643
1048.9901829555242,7633.302914212783,1549.0898701129126,0.7583610293744107,1.1818275020185691,0.662595598592014,256.96215944685946
2243.3997674112734,4581.657452989106,1425.447695342717,0.3425989863126838,0.32398304341180173,0.5254127702421619,150.25068948496659
880.8472246868994,2418.0887605703256,4917.826303461067,0.46598101396550234,0.49883411033520897,-0.340753337617881,78.96521226124509
1125.9885811930603,1986.8641142211652,2958.8122527677215,0.2765551784765689,0.2461389687826997,-0.1965248160671277,46.041353675388
1234.6503830832623,2710.663890196037,3230.167368190225,0.37411810682240304,0.3646434737394186,-0.0874462605167239,90.90108241457605
1834.5168497786613,3586.1693481605694,2962.5702527711446,0.3231422063731871,0.30005824970203937,0.09522429250438948,83.92892075278465
2806.294377090235,6819.090687584866,1647.5665319505574,0.4168972236554552,0.42404478129127543,0.6108106211139684,171.51918038874658
2208.9432747785563,1111.685634676538,805.072506212724,-0.3304366942801924,-0.19094237582014975,0.15996443252960404,5.0
1037.7524578215837,2682.738741358928,3581.4631361675183,0.4421422320411704,0.4615430654412644,-0.1434698964427374,83.25576751705404
724.7477761831093,5160.536297074196,831.3500605095259,0.7537084811748634,1.1660824958747158,0.7225080679914534,274.686092287982
1447.3698010871015,7116.139810315057,2863.78268071822,0.661968079187781,0.8968801586446195,0.4260911979017259,214.2586055077002
1680.7712557274624,5055.884913749652,969.8948918921162,0.5010072612601737,0.5572616456889173,0.6780848542380944,215.05020260577902
2940.218559501117,1192.3648560508836,2633.971981256649,-0.4229445669383598,-0.2319994359975369,-0.37675907431176864,5.0
2828.7176564228484,2865.8443504645456,1079.9404469169388,0.006519675084804405,0.0046784632281201294,0.4526105692029034,44.76265345160555
2627.497556462979,5257.5439967906605,2540.8421061215477,0.33354883702659566,0.3127503472832761,0.34836719475921146,138.1715531745746
514.240825402341,6223.0784186662,2753.0889531937464,0.8473455666276328,1.533063876019204,0.3865780707213864,254.7930684724769
2578.8186562407514,7001.23804343037,4278.570113371785,0.4616276839864434,0.4919232342112128,0.24137537553556151,134.44219897385085
517.1512331844648,1595.314226417975,4977.7793893637145,0.5103813592890822,0.5735859463284578,-0.5145925739304863,79.15644651377389
833.4825543892053,2839.8119579331023,2664.2240119198023,0.5461934501215027,0.6396341162749408,0.03190167123600593,145.23360859873182
844.6081431932771,2039.7086915959528,4106.957230259874,0.4143444068188379,0.42031529079303176,-0.3363203018691878,65.35956257882039
2718.1187640233848,2269.2761518734915,3412.3041107452686,-0.0899954023350451,-0.06039653429573508,-0.20118134494922196,5.0
2160.026519194177,2763.5271658718,3078.7423671499782,0.12257419846676491,0.0959479629500483,-0.05395423806494358,11.136213766620543
988.1463745689443,1044.2848554453815,4451.384866318918,0.027621343354589222,0.020123733861853354,-0.6199608387601173,5.0
537.3468595242838,3280.097584538594,4468.040627549562,0.7184782292147106,1.0540643208768188,-0.15331980539586837,170.46390438000273
894.523986923491,2032.0454586041471,1666.1810266890302,0.3886876742427283,0.38428795982325026,0.0989296986734395,122.4203835868565
2863.3549377407453,7655.525358040412,3366.138602616745,0.45557799738115673,0.4823687432238027,0.3891777838941425,163.73963096278115
2053.8064857548725,7504.96489092879,897.493234765033,0.5702781445218407,0.6872777675667765,0.7863736488221746,223.57744779235523
585.3349393173087,2246.635653963338,742.393138573882,0.5866235751180245,0.7210950636008423,0.503254608534344,211.26077896815187
2732.500855010548,4366.116364985242,3521.453616964569,0.23013151140801072,0.19670623620571343,0.10708782931201132,66.85708307488154
2510.165034925143,6365.106537945809,4147.814974441579,0.4343463150321756,0.4497741281108276,0.21091107364215378,131.3813655558587
1445.9706245975808,6945.464002482794,4055.3544746573066,0.6553698648240889,0.880071706824946,0.2627176817405422,193.44200827556983
896.8836230266352,5532.553901308295,4210.490550560268,0.7210071269866134,1.0617800251794172,0.13569304308765448,182.30310325187125
2524.122456122977,4032.5188057439746,1620.179938809132,0.23005625733463378,0.19662848161326865,0.42675878823943925,103.11442502932272
548.1467869515728,4815.424918128354,1867.4564603288984,0.7956038186903641,1.3161990185178818,0.44112236779502345,239.5094810321968
2875.6577368331887,6892.719899160466,4086.8726308301852,0.4112312516578322,0.4158851324458678,0.25555112909796834,133.93782413854717
1973.5893446325974,5355.893077719075,996.2601534944743,0.46146556301308334,0.4916588172775915,0.6863236393787984,198.22451730353683
2957.1179866323964,4317.308275359073,4408.437215704294,0.18698248350479868,0.1541395777844421,-0.010443685347929154,52.63948803995912
1941.6728824388945,1810.8882859488112,3795.2279099526645,-0.03485208916965449,-0.024287869463253134,-0.3539597743444216,5.0
2160.013664435105,6469.010541681285,2843.1566616533405,0.49936085168153,0.5544231031030736,0.38936735138735296,162.67890900379655
2674.483005727389,3942.3455506478545,1706.8016568019445,0.19161181734220417,0.15856016705457426,0.395731215943897,108.34231707185553
1378.6068811305618,1061.9521965912197,2581.457740539313,-0.12974678109623425,-0.08480676879590979,-0.4170558816468963,5.0
1666.0443796732525,4310.4769525307565,1463.3145569885987,0.4424701971974432,0.4620631867378192,0.4931183244761906,172.0864405076279
2487.9928464260847,1416.3700204726656,1581.9535040157698,-0.2744680405512987,-0.16390354556090037,-0.055225355814839956,5.0
1426.8016219454378,2480.745145528156,1145.4589016865693,0.26972000235186455,0.23860952816244604,0.3682325170032787,112.29244230008693
1380.0133152015912,4383.584293694326,4940.613501700841,0.521127806239578,0.5929037940999958,-0.059740174990911055,110.84349250205156
2070.8204684287584,5860.71073364365,3407.7720706951513,0.4778258028849228,0.5181230126435135,0.2646537426314871,161.99593964817646
891.4451994234141,3327.070999035005,505.22488329055466,0.5773655201144613,0.7017685165446035,0.7363330498624576,239.61553108122834
2196.6229164861534,3632.73609798725,600.4086191760587,0.24635867814781856,0.21353606279274812,0.716329745543608,145.20440669875785
1979.6186763377189,6897.942712078475,2553.6302651684136,0.5540174626789254,0.6548456175979034,0.45963909466801367,197.13500704737513
2087.3288440129454,1189.5097310572303,1171.40324560409,-0.2739894236817871,-0.16366259055613255,0.007669272702747505,5.0
2964.229782947034,2529.2696928034024,2907.5825039556803,-0.07917723338000988,-0.0535252532657702,-0.06958305971757109,5.0
1813.4813549968735,7984.420892447359,1206.8333469723125,0.6298225253707082,0.8177195033371876,0.7373952855824366,241.12690409204882
1482.2265151657741,4612.752991721454,3689.6348606234837,0.5136237902858594,0.5794218737108039,0.1111870641801029,133.41881627915936
1841.383090198461,6530.494927734899,3622.7995720628446,0.5601027424111784,0.6668326118030041,0.2863794953887723,184.49036528760655
2265.9467974129548,4096.66247649941,2614.7249154467745,0.2877303320046587,0.25867294440674177,0.22080942050971228,102.82282827465505
2737.5455400610563,6802.906548940744,2713.157527207591,0.426118277260687,0.437527395042922,0.42977316972404433,146.22504644210468
1694.030015846972,4790.803663613191,2353.2063355087334,0.47754095175907,0.517647935724361,0.3412085548680441,150.26404234302743
2430.421464165717,5939.880632808705,3022.452605398138,0.4192750903808194,0.4274946595372589,0.3255210389464112,143.0460518030663
792.5896200081991,3541.551156534453,4169.199992346941,0.6342575559081968,0.8281911586544767,-0.08139918194897813,137.2553217984851
1649.9211605217163,6392.415660122836,4361.315411955453,0.5896911065497182,0.7276915240640258,0.18887400422837378,160.03524098315154
2185.7856621223727,3957.3372075544075,4223.585342210621,0.2883796373157786,0.25940757845869766,-0.032545001251883955,58.207184310044866
1398.732827391711,5895.805119944028,821.9043664275466,0.6164985807741711,0.786795558286489,0.7553021998130104,241.8775216395287
956.7229386163415,6709.404921433597,3384.6479586943096,0.7504025613824524,1.1550881319464605,0.32937780313746284,214.8391359227985
1199.4111533921505,6037.708769938373,4443.251386174225,0.6685390966481454,0.9139088384174943,0.15212894237386404,184.6620497823661
2523.2341613680273,4095.3255106243287,1160.6732957291617,0.237527714023848,0.2043191641443345,0.5583433943686201,129.35048687512347
2307.729025259101,7393.269401304231,2037.594021941501,0.5242285537945913,0.5985624168341939,0.5678881284182175,198.08796983531835
1469.84881442649,6364.884177971955,2513.621835439164,0.624786494660383,0.8059010136701655,0.4337736930381786,221.4409070947545
2864.8153693165536,5877.606475752198,3063.2392529282142,0.34461744805764793,0.3265190503214399,0.31477639900231036,115.8361903296756
2684.9661696962626,6250.9838510610925,2793.282085422594,0.39906419269157156,0.3986732655839498,0.3823087235093517,139.30030974685388
2790.4322659796608,1589.5425044213298,4446.402268418942,-0.27417732389682486,-0.1637594565092884,-0.47330780367295866,5.0
2853.753577574547,2360.9747015303583,4314.285359525989,-0.09449751733455136,-0.06322704880603368,-0.29261940955659244,5.0
754.6999230889941,4499.711969562877,2571.4543712136033,0.7127366720143175,1.0369500363126485,0.27269300496540716,198.4387706730348
1079.010663968712,3280.551732084013,3312.7035788772114,0.5049912967419963,0.5641727627011796,-0.004876475317870621,132.79541449991166
1091.4664839989482,2860.848670820332,3325.4915429283483,0.4476824638379847,0.4700479357969026,-0.07510787573568528,111.13895048258932
1978.351616230037,2824.2207444279175,2063.506201626528,0.17612834633185362,0.14390100507563053,0.15563769233464012,66.27009346592007
1397.191678983271,1443.7693257674418,3402.2639746380937,0.016395032064814588,0.011848297917906385,-0.4041438692347849,5.0
800.1118909819195,1624.7150834417284,1580.0359749228192,0.34006681747498313,0.32078805154631973,0.013941522349560738,79.97249651738319
2265.4431031107724,3514.560000438472,2596.2850545191945,0.21611007377220295,0.18253170086523945,0.15026971515568383,77.0228836204962
2538.657406111156,4302.083008544497,2638.854230467081,0.2577828561360963,0.22567483042692177,0.23962596412622822,95.14985869206753
2576.861294318454,5832.886447980971,799.9492741277913,0.3871727491775002,0.3822513341546777,0.7587911692609021,199.60239711550864
1933.8586588468202,5560.140017015941,2983.686133689156,0.48389137956015804,0.5281722899620218,0.30155738630199075,142.45302459493792
2509.6996957635565,7707.9052894943625,2689.995659636547,0.5087499077055815,0.570802254438413,0.48258871227222444,180.12456575396263
2394.4229303013353,6357.397601387273,4946.869616688763,0.45281717744142197,0.4780442780708064,0.12477836531661546,119.319808944887
592.8266064280248,7094.786104824878,1461.4710026596258,0.8457709488972699,1.5258881735794394,0.658385440121847,293.29371234708196
1751.4682816238853,6795.799528058664,4962.693245020624,0.5901688537394687,0.7287133297286298,0.15589636514290203,151.56051042713693
1836.441677701254,3315.7470602319013,3459.4009994444777,0.2871217374767527,0.25798123509991516,-0.021203070091760493,82.85361948842159
1824.244363257855,6943.521981703194,1467.8100104063788,0.5838747768185657,0.7153830360734508,0.6509922537574823,213.35237153601312
933.4161468144398,3256.3245580508515,1458.5487891814464,0.5544277257980503,0.655609403296757,0.38129884645648593,172.50796132760775
1321.9367496229247,6500.250445762352,3718.2340808454405,0.6620032947475848,0.8969652878507122,0.27225332263317503,195.6117894507737
833.8534621162323,6474.9541402471195,2250.564887993437,0.7718222977349926,1.2285616917983595,0.4841418875022912,248.60606295228666
1840.5202055610175,7048.291034343114,1920.8389828406648,0.585879336127334,0.7196070307988678,0.5716777481324483,207.19572694739577
2864.678755956882,7899.048035463986,2953.350946007384,0.4677161894384003,0.5016686348842396,0.4557238540017573,167.36872393789037
2322.7127651711908,2611.601111146325,2959.4384425666244,0.05854681180763981,0.04364168241106654,-0.06243670108679061,5.0
1819.2705822603057,6812.406173428154,1953.1725041129575,0.5784664708741322,0.7040903654846747,0.5543540075923359,218.9523242262818
1844.5159846529596,5742.603315985043,4155.57590676204,0.5137769918143392,0.5797033305118966,0.16033528726328852,138.08735655656693
1718.2189023075296,1778.8166862114044,4410.06826813362,0.01732832919558904,0.012531460783847311,-0.42515761739111624,5.0
655.503735206147,7163.865956050588,644.4299211427087,0.8323384718962012,1.4661262587639468,0.8349371151668451,308.5279005069527
1924.003118799918,7007.179689184911,4669.15347757073,0.5691493141615334,0.6849830489416924,0.2002363394417927,166.33624691596447
1008.3987200264476,6297.041553865148,3298.1150779073537,0.723932115633808,1.0707112512793808,0.31254585940941126,225.2795860946024
2093.7961493771,3332.8420877253134,1096.7640506442203,0.22832661474435834,0.19485997928179874,0.5048029027247452,125.34317785387942
1182.849130901643,6459.993661755823,2775.8757427683195,0.690468805041169,0.9730620491632371,0.39889237896585733,218.41127282090193
2589.3114042054235,1304.1978841467235,1124.1620577275237,-0.3300656103667687,-0.19077080638044042,0.07413885529922982,5.0
1218.545851893932,6329.178003910264,4606.801740257738,0.6771090528715022,0.936599662226258,0.15749629240247523,188.20931897793233
1023.5829200033256,1528.0739053595225,1660.1455463566908,0.19771114208774787,0.1644241860805171,-0.04142489027367594,52.4408148778908
2473.7934552857787,4932.73984533119,2749.331312058982,0.3319969397165314,0.3108419485623577,0.2842213367013064,122.24644803216424
1559.4666810973,3670.9689398538594,882.6847563191386,0.4036952964099166,0.4051615034528494,0.6123180129542448,185.4523447769723
1608.127914492619,3398.817443213866,1765.4591880974751,0.3576411165756882,0.3430811728444594,0.31628016301391654,125.34393852818447
1952.3327031948252,2114.183052023508,3050.6332282493318,0.039800743076228974,0.02925884928793877,-0.18131335660889,5.0
954.4735899644703,7621.313420691033,2122.2919841527064,0.7774026828867767,1.2485509102382748,0.5643723455016232,253.7851583692263
1058.7348286483543,4888.907668072718,1491.441111944608,0.6439816853302718,0.8517312227733658,0.5324891589369185,227.0317942864483
1326.9698216245272,2779.6745803381873,4800.712107355235,0.35374495967209013,0.3380743859304687,-0.266614040947481,48.747268576454275
1542.0016988123089,4602.986781810306,2310.620155067404,0.4981270660070836,0.5522852467041207,0.33157317842061124,153.70743775842823
2890.980612170769,4798.444630092052,1882.6972965219268,0.24806327619772747,0.21533480919910683,0.43641451793128117,121.71652009108034
1310.8615753017511,3264.058696115557,838.6403042409847,0.4269357725400907,0.43871452922053356,0.5911762942084263,172.59390707010692
2301.858672948748,7970.212633557159,3957.754913055224,0.5518219053314484,0.6505668744140096,0.33639073081692844,172.39770669891493
2192.3904512395147,1692.3738461998328,623.1690122055778,-0.12871221176547493,-0.08419082544332446,0.46175126046632853,24.17767695408495
2559.305912973854,6723.250543871558,3402.5454766099933,0.4485773557971123,0.47145928539438986,0.3279450879927657,155.39587192956884
570.5081840949598,1208.3894055447868,4364.775115923399,0.3585823179514371,0.3442469986687714,-0.5663543033143303,8.286133592953632
772.6211985211069,7232.237617605558,2936.033487957782,0.8069619423223161,1.3606107447407716,0.42251077736063636,262.0082497241301
2822.560971378298,2900.615968358591,4453.4900703691055,0.013638403597957477,0.009837055578883477,-0.21115742601775336,5.0
2635.7931063725464,6829.454896875327,4609.089329375052,0.44305883888311454,0.462974414438691,0.1941126006411404,129.45974056212324
1276.142303113769,7198.175990522106,3959.296201637765,0.6988212480945991,0.9965707129469872,0.2902879552655258,217.89664076872043
2124.6480492770247,5909.639331584992,4826.534197907883,0.471104791552871,0.5071395983009834,0.10088372087139558,119.35695325242966
1772.686517938365,4224.32477271809,1593.2611264839854,0.4088100114453094,0.4124158921768022,0.45226038624418313,143.76432084609328
528.5308576296467,6121.529514259596,2238.5723666677236,0.8410447940339475,1.5045110758240656,0.464462897992423,251.35355322760472
2505.3039365494424,4539.678322117183,2656.2759474657555,0.2887692701818115,0.2598510900212466,0.26173073144041176,104.14479195458007
811.7621666884843,5676.081141285962,1117.7968229490207,0.7497590097265151,1.1529385845846605,0.6709399759109865,260.6509705980964
1464.7080633507753,4136.632677458936,2868.636344470691,0.47701518926786457,0.5167780444151392,0.18100608682376695,134.5249265589856
1902.266442106577,3537.227514384378,4527.638184213304,0.3005722747474014,0.2733714688115652,-0.12280559983513835,47.30325700334325
2051.0549838463867,3175.971590032701,3928.9428763216215,0.21521157202311259,0.18163384060673735,-0.10597893750145405,49.39933404000057
2157.4659505137543,3653.5848518628823,2395.186197613278,0.25746099147503165,0.2253275199632967,0.2080420375888657,93.92787349126318
2016.5220982961966,2894.1352543658245,537.395407328085,0.178716023714252,0.14632477643989086,0.6867896803776744,115.23400767462131
679.8780687904411,4595.067092331252,4793.73321659355,0.7422236446465805,1.1282529134610857,-0.021159905174710204,188.21091703731534
2315.16213282826,2688.081748917395,4833.978500354002,0.07453556629034165,0.05623015519295231,-0.2852804524344487,5.0
2048.109780294836,3726.573601428262,3983.2218038311776,0.2906590214374546,0.2619941743249928,-0.03328858794288466,61.493210133176284
2839.4055429002233,1341.344358201572,4029.73778670451,-0.3583235591168772,-0.20377595507587676,-0.5005310578897161,5.0
620.7301904884984,6734.549737602075,2274.9338329838956,0.831215073532831,1.4612475973650985,0.4949912910305843,273.93111548879307
1431.1349749830142,7568.422566536841,3854.5985926037106,0.6819543697073135,0.9496780303356295,0.3251174905367535,206.47193984903376
1370.7134459721347,1188.5546864720977,929.605215607506,-0.07117611363952313,-0.0483752775806557,0.12225208799774924,5.0
1749.097381754844,5881.979765953489,1781.9223933694739,0.5415857163622299,0.6308756250235472,0.534983000410751,187.3628117017069
1159.4281685633537,1956.647584729701,4425.892285977591,0.2558408328385498,0.22358089675380308,-0.38687493550860985,28.010268542041604
1825.8504362631732,3419.3236294751987,3638.510258285496,0.3037979622672278,0.2771175556513593,-0.03105579307545661,69.31703460173873
2304.284207063255,2684.0756973499565,3053.148747298298,0.07613554304182495,0.05750659094701246,-0.06432954705620544,7.2976933666818855
2438.2185716586446,5841.96855825759,2945.5581797646705,0.41107162589238583,0.41565350666355405,0.32960473003524393,152.59370299363496
2731.3508574128655,4391.747894355959,973.0327334631243,0.23310038152955262,0.1997508275815617,0.6372516226530917,147.07192250766752
630.35856203772,1232.35799092969,2593.929123631595,0.32318359312895356,0.3000689388171941,-0.35584656654867197,47.49180972503771
536.710960334105,3844.7252456966758,1468.926437367278,0.7550068354422877,1.170399977072263,0.44711225906180474,238.2694046706161
1423.7301617540656,7334.949047595654,3440.664789000481,0.6748984343274702,0.9307053826025498,0.3613979043131639,222.3902786133226
2840.1830343529264,3999.023928858707,4712.928517183485,0.1694408285302362,0.1376876298554749,-0.08194541839667145,39.055192508831276
2529.520895462696,1200.6161253059765,4297.647631867765,-0.3562616500148323,-0.20283987788566138,-0.5632744522228001,5.0
796.8099387633611,2716.667164384908,1236.6531597327057,0.5464265651126125,0.640078137214427,0.3743723966026383,188.46417541262855
973.147107987761,1289.1409147909808,1062.7028823221262,0.13967885763520482,0.11081244297457635,0.09628106792233677,54.39906003032739
1227.9973947559838,1155.6323052807988,1543.199151909844,-0.03035919943593129,-0.021222388127273163,-0.1436054279910012,5.0
1120.48371468839,5202.371266015532,3251.4990470585767,0.645576652183019,0.8556502441427262,0.23076675492751744,176.8669621718624
2381.9626443592597,7484.311459337282,1772.1174840086003,0.5171505231695522,0.5857473888398607,0.6171055824738837,209.8038688087571
1317.4494921868513,6539.41121979099,4934.1054766170355,0.6646371774134399,0.9037595400975464,0.13991401115375618,197.18001289781265
1285.259435688346,4662.270564971872,2330.686406253327,0.5678006043417777,0.6822339981819041,0.3334189196328805,177.0656261502095
2058.415625206123,2978.955823393465,3920.065764256736,0.18274217166584253,0.15011630834863285,-0.1364120881157295,27.214750416798935
1226.7478852828424,1758.8212191477614,3894.233368458814,0.17821504546557093,0.14584850174351313,-0.377744830841517,5.0
2950.2888240966035,3875.4318320901643,2816.418101293488,0.13553777754140614,0.10718508936795927,0.15825425572610607,56.975497517420465
2238.238996541835,3255.848758320133,3356.9026980493018,0.18521905855845672,0.1524620219168151,-0.015281678191088112,51.85318422067242
854.4154017788687,2164.6389391627495,2186.008564011942,0.4339847478668596,0.44919087250579853,-0.004911826303713882,103.92861345439258
1464.6654962111595,2944.900041043271,3437.028587049126,0.33568716282604033,0.3153758395705224,-0.07711282507335765,72.3383615271938
651.8194880777987,4980.600396032143,1685.2658577016043,0.7685472667614957,1.2169728632488936,0.4943595344401585,238.22729594267184
505.7987494503645,2632.4974851022444,1958.245572161658,0.6776602895415954,0.9379807413164803,0.14687206501937633,196.1854159264073
2699.865546330568,4754.597480705364,2036.5936227029886,0.275637819470971,0.24513868427949043,0.40022491139117594,120.66318725667244
2175.5299697409264,1962.51989944973,958.4097084585945,-0.05147595533482108,-0.0354621978019168,0.3437639126697114,30.26702581569786
1070.1189425773568,5268.792025831546,2131.971077208526,0.6623650503243635,0.897880980882608,0.42385101435156486,212.16359652167543
1874.4545597168815,6565.857943055261,4185.2509600451685,0.5558329008839067,0.6584024641829285,0.22142897111777354,163.63307284547852
2499.872614452852,5363.195396808468,2570.681375393108,0.3641482914672336,0.35152754594878927,0.35197345525301,144.31357075881786
1666.1263269882713,6369.177712035525,1311.8776474755882,0.5852984979313024,0.718376896985119,0.6584121357281058,232.90349536829936
2075.2791764485455,5690.691396879601,3160.019688864781,0.4655454441692671,0.4981727384061286,0.2859286314073657,154.48796071695426
2569.370040857154,5946.573688856099,3888.021799122142,0.39657420889464784,0.3952017673490516,0.2093173930784446,112.27928120744222
2494.4695838544258,2136.80093477246,2912.9844396866815,-0.07722905573453327,-0.052276619086905896,-0.15370623644448425,5.0
1985.9143157467,2858.3401406146895,1695.4101699469227,0.18009496250599313,0.1476203210101598,0.25537851026113123,76.1241963115222
2046.744519494318,1879.6329814724988,3040.716400164712,-0.042561250908275866,-0.029501863707652037,-0.23597580748826724,5.0
1643.399733179188,5846.676977363539,717.9367790034424,0.561179465319335,0.6689675761438378,0.7812706715005876,228.40019283317102
1278.944406836512,1806.7441406330736,1953.5723361485998,0.17104763669630088,0.13916698608589106,-0.03904676544729147,24.749999831468866
745.0792385962272,1333.1817215384754,3342.5739452090233,0.28297816970066747,0.2532890692030644,-0.4297470540496727,20.003768015234684
2117.4800946868468,4957.593820752895,3611.654626447576,0.40142530800515314,0.40197552071847825,0.15706618876104175,107.14312043027827
1090.172304556815,3586.278326491556,837.5919448220338,0.5337607981635851,0.6161209251904427,0.6213306929165483,201.776394297809
2245.9410760881883,7619.186308744457,673.0423144205802,0.5446706385538225,0.6367661912713528,0.8376691368688955,237.11601583865763
2352.606782480303,7984.114140831486,1318.8349531947865,0.5448059785677268,0.6370265857674523,0.7164694893579738,230.21869568406578
2686.079763780684,3823.5426835961757,4071.7099327572187,0.1747356208191632,0.14260339335514755,-0.03143246469601023,26.799149270538035
1096.7113133586067,3592.547402261459,4731.708001467616,0.53224533763874,0.6132989492194888,-0.13684834784850433,109.44733220093471
1379.3549093475358,1103.9931060833342,935.927748859079,-0.11088329200832614,-0.07338189045057865,0.0823881753719369,5.0
2564.399586557252,3750.2734304768387,544.4906980096133,0.18779655582052254,0.15491355335622997,0.7464397661462627,132.55783511619725
2191.1461642702916,6723.014005063614,3046.1216448820282,0.508389770230432,0.5701641465042597,0.3763784731380679,176.04077830729693
2158.2797018245246,7422.638904304119,576.612440974847,0.5494628874691273,0.6459870001408297,0.8558333982734342,228.01928295798604
1256.175253857764,1878.9228363300372,1737.7887323151228,0.1986373518017523,0.16532581450792133,0.03902277007639876,53.1667684585437
1194.6701950406514,4458.46581739352,4025.941513370922,0.5773424900085105,0.7017414050480125,0.05097872922758992,136.9208733800121
1652.988921135913,2187.9212714854457,2727.854349303725,0.1392722879170413,0.1104606355782439,-0.10983680284857317,9.942734714530431
2904.559020729232,5439.3269234752,546.9158782394207,0.3037874581930019,0.2771124778067755,0.8172757448156271,187.55786107207808
2785.5664861945565,6632.567629810594,1211.7757255084052,0.40846744119623296,0.41193800657948854,0.6910447003745033,189.28365875172597
1155.1774585350527,7053.093967418868,1396.385858330516,0.7185333186615301,1.0543170491564369,0.6694741244520557,273.5288115680399
2933.1247224430554,1751.0226440746567,1910.4681617589288,-0.2523622733489776,-0.15272028174840688,-0.043546611502258206,5.0
644.6739428395982,7767.620782057279,568.5737492973177,0.8467305380171718,1.5302810518638026,0.8635891358843514,327.0608926452737
2157.245613096524,2744.419873767313,1134.3096860164262,0.11979076542954423,0.09356527576525157,0.41511277404592933,74.18529466477165
1830.3379778744409,5711.094473028324,1110.9083155293338,0.5145914280747467,0.5811561123209612,0.6743160768770762,210.1306041954909
1748.8024601335667,1485.9732477281748,3941.2106726463776,-0.08125113951034235,-0.054848468983394835,-0.45239620777332357,5.0
2997.2427318598784,7919.851195606991,1200.9395934098306,0.4509083182760903,0.4750762442943974,0.7366588881252882,187.4858942588704
2998.451584146117,1896.1897826621612,3443.2441939483315,-0.22519766386429377,-0.1385593553079031,-0.28974127553095225,5.0
2696.0631052133485,3809.2828684310653,520.6935736268191,0.17112383684997876,0.13924533660033778,0.7594935764781673,133.57533111112335
1259.1328596508624,4957.861502285836,3145.2187232186734,0.5949383941354932,0.7389382959600633,0.22369799241752003,176.16861190384142
801.1015786911955,5159.99655297877,4863.632398921071,0.7312234889069394,1.093265264322207,0.029566552737565158,176.63599109513123
2952.82235098694,5929.205936309975,2821.2832053087213,0.3351017907975772,0.31466633808649674,0.35517131446564687,116.90396584605256
1531.2906295441298,6555.577440319848,2013.7002755270162,0.6212895730150001,0.7977934934984936,0.5300186684186555,225.46733917675417
2031.5379566884624,5465.335475230468,4130.512378681087,0.4580306109296347,0.4862203313279786,0.1391042372421695,119.19730140444211
2184.4782457422534,3585.5203765738133,1731.6541337056356,0.24281498528787673,0.2098198962784868,0.3486562720361213,108.83725060873157
1166.10767250263,2151.9493248877443,2535.3225557860615,0.29711414025236965,0.2693675549591488,-0.08179026960164643,57.74468655267522
2992.15113081833,7069.989487054291,662.5328828327057,0.4052654907830983,0.4073944273023343,0.8286373187028474,200.98831695811623
1909.5642569338152,6551.311537197556,4700.384486020698,0.5486130978231278,0.6443399991618446,0.16450204904157611,160.5262061727935
759.9468064215577,4168.667960977453,4123.717196651931,0.6916185002755183,0.9762243532840862,0.005420727989068913,187.9041837381613
2787.6646609429217,2720.1989935469555,4357.683587298412,-0.01224897194554205,-0.00867293397465311,-0.23135232533407277,5.0
2642.032252618696,6964.776267848223,3681.734694885145,0.4499667090865951,0.47361181299572963,0.30836783845398186,145.07158316230033
2965.0940240715595,4525.831593706094,1068.3552042388078,0.20835042944789128,0.1748341952559884,0.6180480762850801,123.3005739852139
1423.7117669784602,2160.6476532481165,3128.722624464383,0.20559765349019463,0.17211825349965543,-0.1830227267530055,29.423365603011916
1319.2856063418624,7869.097912408186,1696.4313449094657,0.7128361906082582,1.0372942001001726,0.6453031924115764,254.89877057624764
1321.7414801152777,7283.090338625795,2266.477501708566,0.6927908625516749,0.9795480448960237,0.5253235455538957,225.68177829621456
2482.7882868405904,7483.0997745407185,2930.190359658332,0.5017426903052454,0.5585484989158567,0.4372210277223162,163.23840587951597
2856.539316974197,3068.118803460605,1835.928014452495,0.03571167857279985,0.02617475415141748,0.2512599970000295,46.88998041838707
2962.279007650288,7174.841216128483,3806.3669441880893,0.41555807912598064,0.42210862257604115,0.30674896809683433,146.4239495276262
1731.8062906740618,1226.7366230349646,4259.537746268729,-0.17071568072514198,-0.10867720334738042,-0.552797931443207,5.0
2139.6203842803716,4433.533402165941,2853.589674520143,0.3489821008397189,0.3320227908684881,0.21681309767962434,127.00326857481835
1312.1971097212322,2293.924790173074,2899.9144888864957,0.2722391830981578,0.2413742393616772,-0.11667471133347647,56.989458957410406
1077.997642823325,2403.9343686178454,978.2442341685803,0.3808048867860895,0.37359085061287295,0.4215301145992624,152.8387180304529
743.3005865795576,1126.5258237066134,1918.4482852387125,0.20495230723768207,0.17147066764310048,-0.26007526925945473,14.510075368347021
2421.694289408396,7686.971728942884,4673.173196144731,0.520867682190215,0.5924526130661976,0.24383197372040177,159.8419082200457
1859.9231306968516,5162.03278422989,3438.12662949143,0.47025496785637877,0.5057581827246506,0.2004504883697347,132.16009064133607
1807.4981182727336,5268.015051606635,4666.512703110783,0.4890835264891206,0.5368803719745062,0.06054664733808624,144.40286756067363
715.230901121807,7195.351793244485,1863.54885020035,0.8191711207214202,1.4102256996566296,0.5885706392324483,281.9634293029721
2872.4557694073833,1742.5513726973868,3582.678541907356,-0.24483264308662525,-0.1488417338315568,-0.34554886800619966,5.0
1743.6912871292636,7312.05656732128,1845.197675448893,0.6148984456143493,0.7831647374222208,0.5969976093643549,234.19262785287643
1418.4945569092226,3077.8994722974026,1306.083636951472,0.3690523793600723,0.3579430510407378,0.40415662898056787,141.64067293272953
910.8301306581302,6567.1319798459635,3141.010430650403,0.7563961631319557,1.1751535035486675,0.35291216424043725,221.0830102792731
1845.8734815674622,2024.7513134854676,808.6606979404212,0.046214200896045526,0.03413440546101208,0.42919653414748654,68.00195890828523
1037.1434504923595,7263.401170973779,1392.1042093044666,0.7501023130011873,1.1540996568987296,0.6783309238497912,277.25622654286707
1209.5584348312468,3372.29461496778,3247.263586541522,0.47202216137407,0.5086088695874711,0.018888122832557346,106.23508865286253
814.4689861226866,1909.1348777247067,1770.2474606051699,0.40191817383228584,0.4026313588290227,0.03774748159084557,112.16576938929225
2114.9648679434595,1322.834802295273,3665.938418210011,-0.23041775013107746,-0.1413142783560867,-0.4696753113198725,5.0
2479.6088757380494,3964.316206773294,4724.5925024038825,0.2304041887194344,0.19698425639498,-0.0874996298142814,47.79119063318202
2693.743030163647,7183.124601852088,527.604673895541,0.4545349536407307,0.4807321925276947,0.8631505126274945,231.5127902252537
1693.378113461247,2476.9925119661584,914.0138566644232,0.18790042149711841,0.1550083485684427,0.4609188202356598,97.6726823237468
1494.837472915894,7088.790146734931,4008.8986283629956,0.6517002974780601,0.8708539016285262,0.27752549026292483,210.51381879743633
1789.1690635549805,4759.762048315463,2426.412841268693,0.4535996689478767,0.4792584931525873,0.32469975231247056,150.99268726811232
1814.4788520675302,2267.021278452944,528.4784019428961,0.11087649437777404,0.0860026718838397,0.6219077355222462,109.779561906335
2227.6629647428044,2301.240915525701,1116.2731550964745,0.016246304340265225,0.01173999932171527,0.3467338350612155,33.21799868959417
2584.6734678206144,5091.683537173303,4246.076972143275,0.32658851944941386,0.3042380971025246,0.0905577481983803,107.36304259623145
2756.9777881460545,5284.611084003935,756.5802653749522,0.3143201344571816,0.28950130169945,0.749526137480316,182.08450134782726
650.207183860212,2970.5483113421483,4348.568466621369,0.6408444673813608,0.8440315541169336,-0.18827683679537716,124.17456813480847
1986.818391509684,4807.433137272477,4512.700419317511,0.415147236365744,0.42150708843827256,0.031623229016385354,95.88925519380152
1793.2104599941872,6345.248679023013,2925.234146882321,0.5593243316349935,0.6652882369616681,0.3689143916231555,172.00580790787322
1159.961522913624,3295.1807201960814,602.2686277282523,0.4792707124234929,0.5204830432366013,0.6909421653448947,214.4540548163019
1399.4754248190238,1559.376954993044,1016.3742689313075,0.054041739699813796,0.04014709365473479,0.21081332731490177,26.291766901118283
2799.8881253780537,6378.449144575196,3535.133468975014,0.38989208105505563,0.38597386746654905,0.2868101055038403,140.3109586206992
1947.3519907569253,2383.3646993095927,1882.945628875811,0.10067911148565373,0.07748044077381219,0.11729551575525685,49.32290231363533
1719.448530570666,1995.885754015134,3719.3495578242364,0.07440440137969492,0.056124476431370494,-0.30155605315800604,5.0
1570.3036111516744,5514.881328102595,1925.221543793913,0.5567360273886315,0.6601713995565324,0.4824744826291885,205.00630274827748
1021.7831908141279,7418.382739582987,2433.962406558152,0.7578760418647384,1.1801772866223745,0.505912070535934,258.184925638951
2730.972893789608,2611.8262829602772,2579.96529117383,-0.022300409741305153,-0.015678288359022345,0.006136801010858061,5.0
1754.7189576417816,5546.971407245766,4883.905928303521,0.5193663740276971,0.5897277283728632,0.06356756556027131,134.86911573707462
1517.8754197776707,1458.478855526182,4584.695192659163,-0.019956147265254142,-0.014052728830732976,-0.5173136354651928,5.0
1594.1451478534086,1144.4855876530698,1877.2965559864858,-0.16419138009600556,-0.10495905557845758,-0.24250953022320781,5.0
2021.6151288771475,7357.445113882028,4076.5488886077865,0.5689088081671445,0.6844972264028327,0.28694227268904166,191.3276665397014
667.8741331124928,7736.4141714666475,1781.5339833461962,0.8410634882268071,1.5046286265792121,0.625647470509036,295.582662293804
2473.8798376175628,1290.0720212123463,3543.6740630888316,-0.31451194395953624,-0.1834297228569613,-0.46622267742391554,5.0
1665.4307529667724,2506.298981863267,3366.3651264191153,0.20156344781265867,0.16817521317680756,-0.14645246664055256,38.61115731101462
2032.981230806978,6935.274244765642,1544.61212562035,0.5466272706843275,0.6405157838706966,0.6356998057586257,208.05348675625237
1756.864161994223,4923.550313197258,1681.2293623932862,0.4740254010419381,0.5118874228762126,0.49090523977594525,177.22057874438315
2074.7912737187344,7494.498106177344,2805.5240133860225,0.5663646083562269,0.6793572066856689,0.4552392254993385,208.97486176091968
2523.7205231290145,1847.5938411562179,1777.7298787542513,-0.15467354334939915,-0.09948354799971043,0.01927109626072808,5.0
1542.578339269233,4138.531145502136,2607.655499164857,0.4569446888384391,0.48450029438823916,0.22692459114224847,145.0128008870358
1112.1176897696446,4582.36790668996,1276.5558021230509,0.6094053900967712,0.7707505749677689,0.5642353900307766,223.32397172427392
557.9742739985784,1788.9999435218674,665.4892457232345,0.5245160597883939,0.5989989619944438,0.45773707305936057,183.72580032185152
1632.5168036095076,2221.714383022152,1005.5691993846707,0.15287032633210917,0.12256753190530782,0.37683245125725207,78.8964659549728
2852.591996071877,3572.4535654419196,4416.89929837956,0.11203991666144653,0.08698600422251934,-0.10569638708234838,22.913906257234725
2556.0256896379237,1538.0016897976986,2821.932389739442,-0.24866076976063187,-0.15081697766809402,-0.2944839706804842,5.0
1225.8418213272066,6777.517884038065,511.7641709982254,0.6936681926585745,0.982001810115492,0.8595844782616332,277.49127655876606
953.9029977438236,7268.272069117548,1965.9551418923588,0.7679682102677636,1.2149849346751793,0.5742025624330609,256.6662420771353
1898.62837118308,6914.296289099176,2438.065017155266,0.569126380933606,0.6849360482574246,0.47862043871976856,201.26813818827415
806.8026261744856,3737.277607407969,3595.8152244450325,0.6448994801921136,0.8539582379925779,0.01929095760647819,163.92159602583328
1261.5889419833152,4609.562907824574,2930.729445113667,0.5702414195573168,0.6871813268114592,0.22264832501276477,171.61883400026053
908.3525182458001,7416.625358012807,1312.1356337712577,0.7817765927697773,1.2644552585225033,0.699353519850989,265.6249110128814
2774.359494774853,1277.5842391767083,1876.9321264261444,-0.3693968508711382,-0.20875827972130812,-0.18999675943824096,5.0
1340.2036710680168,2982.069976908876,946.5227342113724,0.37986172074725033,0.3723291947788703,0.5181364910690693,152.55793409037284
2258.37208853818,4093.8011816797953,3652.575638749789,0.28894506096961164,0.2600489637771051,0.05695895682603503,90.29447734384665
2976.953674747027,2457.7089812811537,3229.6487549926064,-0.09554313234039999,-0.06388209638680106,-0.13572906952068797,5.0
1804.6617241843207,4955.052208582449,3659.049814836034,0.4660538175529879,0.49898409510032543,0.15045124727715362,120.31055045815505
2364.1791303429677,1349.18739978671,3961.3355270923125,-0.2733346471584311,-0.16333675587117555,-0.4918815270700416,5.0
1532.367034090558,1415.7400211073018,3696.7938617430477,-0.03955996534727906,-0.027478005841301435,-0.44616894331814955,5.0
1372.0058773384726,6963.5058129584295,2425.0094731916397,0.6708046419583378,0.919863919574214,0.48340937847527043,238.74001089937204
2864.5084726923465,3869.0979881185117,573.7421933808464,0.14919041098163652,0.11926941341984701,0.7417227852845777,128.9443621069451
1200.3810114321896,6697.1259630182885,3614.739245414475,0.696010142019857,0.9885938882757134,0.2989165058891775,206.40723865806586
721.964733820583,7437.120554340432,4624.0763027955,0.8230280212220158,1.4263397968714782,0.23323093757875124,227.4618771370301
1592.2726706508201,4367.980948554707,3491.305669283228,0.4657030480203243,0.49841712290773416,0.11154641913302596,139.46634141508332
2734.3222026034273,4140.481377095199,3917.563057104033,0.20453808723199562,0.17108711757223546,0.02766407182087651,50.902926260953706
1952.8700128843816,1284.4932681723221,2993.4386424097315,-0.2064571339325991,-0.12850716749525048,-0.3994793300965399,5.0
2854.43694284609,4187.207390549049,4823.45021480621,0.18926977626418853,0.1563196266698918,-0.07061003225873506,26.082165472726018
2428.5489054058153,5156.041300262467,1077.2887650761886,0.3596097245252186,0.34563135102530457,0.6543456694540264,155.19334413718465
2686.3117314064316,2884.674985330039,1730.0887009415483,0.035606484806735214,0.026095558752607318,0.25019402132617613,32.899418668148385
1918.7649154261828,6499.836402339071,1853.2146846934183,0.5441606406400996,0.635785706955786,0.5562783788432611,202.30623678119306
1886.4027972037445,6521.682603989739,1326.138086154007,0.5512883831528106,0.6495227264565853,0.6620365987335688,213.24098682236712
1748.9561799152975,5650.606958179038,3806.986055450179,0.5272812333541734,0.6041448805860511,0.19493552956625484,152.57015548163744
1334.7879194646894,7806.208029993687,2449.330134058021,0.7079556916557311,1.0229271754723643,0.5223400088540021,254.34470242897495
2048.096041792065,5363.237659754918,2948.640083293255,0.44730702340707845,0.469491951080617,0.29049965011704687,158.87246441697278
731.1869056210644,6836.081886851203,734.4762500700638,0.806750116567339,1.3597613137579874,0.8059650986917228,304.21158703225416
1956.9886717145878,4869.441360358491,930.0810720816398,0.4266436006131295,0.43829569384164985,0.6792559790031059,202.56479324042863
888.3713656425291,7922.32710572056,1301.9405075154837,0.7983425788706483,1.3268054459891223,0.7177140641483198,288.5136451351729
898.1116233562504,1481.5167795560387,3735.5516297745053,0.24516649542450666,0.212265070424041,-0.43205008501616615,15.9112562701172
2717.635088589166,5693.936913324257,2150.023426587012,0.3538341969496572,0.33820462602402857,0.45180155593769,155.36777959464473
716.5651603018065,7743.14024537755,2112.0819117696974,0.8305933537032996,1.4585786685390518,0.5713781225066239,275.7476673993243
1888.1865904873753,6976.6429309218765,3299.063600714442,0.5740049853831344,0.6948875241736627,0.3578906538958855,190.894790985753
2541.7927493608986,2498.12393078393,4343.717302802141,-0.008664591369206736,-0.006150579261180114,-0.269750979120735,5.0
1801.7859494140178,5112.047668168143,2784.4581707613515,0.4787881660700088,0.5197046770523923,0.2947619547923457,166.36401802337062
2405.32948515562,3116.9854690278803,3740.648575110488,0.12886914086714063,0.10137571358626142,-0.09094435514895192,34.7650333733752
2475.5183181099737,5724.447483029991,1306.3047659842518,0.3962125261634794,0.39469836284928567,0.6284025606273906,186.57727864754466
2473.312507040574,3694.6502217865163,3687.516461876666,0.19801314765405215,0.16472930998023433,0.0009663504245536585,43.30015288177778
2786.9362615817054,3251.4792828598465,3794.241946233139,0.07693127738266181,0.05814318223147655,-0.07703436534716963,19.715063917304214
2169.888777157287,3908.742440768742,1825.8818825902822,0.2860600686216123,0.2567850950153403,0.3632078476930164,129.87590762595474
1322.9299128823752,7868.734462760278,3058.433627068284,0.7121457313554374,1.0352493432314476,0.44021477437776374,222.77375917036025
1969.0727103199577,7611.740229726771,4079.979109103835,0.5889549826437105,0.726130675993125,0.30207371712996534,187.56673158225337
2968.475045930589,5725.140940479428,2609.1535406467183,0.3170908283205753,0.2928014321417955,0.37387536599712223,136.70452908990578
515.8497750611544,4174.70862914952,1265.054040333782,0.7800476058508922,1.2580648590412447,0.5348863112363,272.7048949192198
818.5591419734401,5838.285530739083,1533.1061406833087,0.7540699287439045,1.167308692815076,0.584038887278527,260.8776069457753
1700.2774391664273,5679.784893274835,2097.5787670483687,0.5392240978881809,0.6264001417136921,0.46059388273699503,197.92482541284596
1870.830141733082,6532.155004478468,2628.7513504402846,0.5547224921957885,0.6562238430934791,0.42609360934207574,190.65585741939253
508.4319986016748,6647.159266014786,1311.970942719442,0.8578923864629452,1.5823499088573512,0.6703230356465668,286.62508441057486
1434.213967422038,7848.699687793905,3695.112915794427,0.6909991795600355,0.9745506161345125,0.3598106547873574,208.99540158900479
904.6280060779395,3862.905106887726,2868.3877174038166,0.6205047831013536,0.7959484409235009,0.14774537600670126,158.6589621184005
1420.8325586782257,5896.979631461049,4186.917069609895,0.6116783207695241,0.7758709763232163,0.1695835064930758,181.1115184858549
1508.3813813743868,4140.773535211427,4902.806404169639,0.46597981330666033,0.4988591224527533,-0.08426230253747306,114.82048230777883
2052.2553272356063,4256.553419151333,4390.396597103945,0.3494000500219206,0.33255185780331376,-0.015478657524968133,80.69865120156199
1501.9739942931833,3510.8371669027597,3670.6394923096036,0.4007458305549977,0.4010129193106101,-0.022252014866552306,90.01526113624476
2361.570745093782,6668.624419669793,1933.573385770096,0.4769613054328506,0.516704684707897,0.5504466579872044,194.22857313044847
786.7020163372378,5646.5971094480865,4530.217332220604,0.7554281244092103,1.1718712690065196,0.10969835241829681,197.3015460491086
1300.1774866763178,5486.65312686308,3882.783692185566,0.61685282541428,0.7875996061856347,0.171180986166166,176.93657839679332
2943.8681544300657,2248.112498275281,3691.491172645346,-0.1340058260152119,-0.08735240373408995,-0.24300925686230762,5.0
1292.4481743815031,1111.7118991590878,3305.3664536443175,-0.07517647312105542,-0.050955256318705344,-0.4966302109167576,5.0
677.821271946535,1640.1632265821286,4147.813928662526,0.41516323980219677,0.42148153320071663,-0.4332516584615215,63.5251845196304
2770.1160256014387,7995.152176232582,3467.573027287207,0.48536051793448326,0.5306361806171196,0.39498278709151435,169.88905548636984
2271.955327904866,7833.405470291657,1547.1052543995872,0.5503465193275416,0.6477003790880034,0.6701447714009021,231.20931816807186
1107.876076865129,5118.170901840298,2703.2451599084966,0.6441157347587037,0.8520629714621598,0.3087581228971329,201.16769339126236
2694.664115182081,6533.9671789512695,1448.5479877872247,0.41602085303741804,0.4227757568427807,0.6370697811783528,177.37793299765406
2918.7687550263404,6483.342986504199,2431.80161355784,0.379124852915061,0.37135692369421647,0.45445604690065367,163.01926538346652
560.9975768662613,4453.720106199452,1925.8342002254608,0.776259557283221,1.2443642379151774,0.39624804244269607,233.6040581120679
2541.3842493911743,1206.5056803204827,1111.007630713972,-0.35616802887731075,-0.20279744260851112,0.041207120196723554,5.0
1306.546068319736,2859.163735944523,4971.453913420486,0.3727138327453162,0.3627801189731233,-0.2697475820923912,73.21041576092938
2487.8668502606292,6025.109883534487,1720.6994006647526,0.41551188772971426,0.42203867395819944,0.5557082964971316,165.51821569329567
2589.986051429861,6890.9593715832,1976.426486156442,0.4536439276677997,0.4793372366044388,0.5542256718853644,170.43863858661433
2251.602266228154,4534.4317918273655,1284.5625517144097,0.3364011299873929,0.31626818835351334,0.5584932804001326,147.76372449135673
2795.3816795594926,7396.575812597927,2230.3420122489288,0.4514534265009975,0.47592259654931657,0.5366446347426402,185.13827799974803
1713.9182417849436,3458.128412588642,4886.121470874843,0.337237903488655,0.31729901277939204,-0.17113498253989762,69.50311997450092
1156.9504710348888,1653.3939235605767,2605.026604332923,0.17664861762271658,0.14438048656763203,-0.2234708090277821,22.56756106498384
2283.982982263086,3750.218064616138,4138.62640604188,0.24298744286426682,0.21000076508582263,-0.04923513739194167,66.32103736914925
513.0068993015914,3997.243805922612,2233.5322690261137,0.7725151291063995,1.23095551101026,0.2830645035864088,212.6261652912864
2014.221062208985,5686.709832615878,2812.444606869524,0.47688893980310476,0.5165815125603025,0.3381824916670416,171.74763233456588
1386.6364213240608,1513.6729568624135,1437.0133689791826,0.043801029107448486,0.032293620807595964,0.025980256588400915,17.64567181009112
1958.954582347833,4884.305094479403,2941.5164096781537,0.4274791035053022,0.4395313394214007,0.24825364129770494,131.92500146714417
978.8574297206205,4499.066950898377,4457.772696244538,0.6426173995737707,0.8483895058104878,0.004610359934533558,163.04120190096137
2442.233048031518,1929.4944607246607,1187.7687011499197,-0.11728512039293454,-0.07729466704077081,0.23794133533813025,5.52986536213918
1466.4728983631476,1025.4132223042204,1496.0603471167306,-0.17699832758160144,-0.11222606258474346,-0.18665558518384043,5.0
1113.3727711914298,1414.147357791388,3924.0371581189193,0.11899987779800704,0.09288459545572397,-0.4701766663135565,5.0
1596.3862686797952,6719.946058962233,4231.435651677542,0.6160840605944209,0.7858575537043271,0.22723255136288004,167.71174628985025
1078.2158811056217,5888.198142307201,4800.719947350817,0.6904531146649725,0.9730114533899488,0.10173884632036112,174.28571211693026
1654.5053601258137,3403.7749545877746,1555.0717228694482,0.3458229843505985,0.32802559685416677,0.3728091130039713,132.79330726327004
2222.527185696961,4516.3996532999745,3476.5548321771103,0.34039135934647663,0.3212245347459691,0.13009517605562876,113.59402992773383
2010.5099107756976,5081.226971135627,3775.414985054293,0.4329992935523755,0.44774945461832316,0.14743872365996016,132.06768034322803
2836.610195561721,4862.5926751924635,3759.1044991113176,0.26314184901704546,0.2314535230513493,0.12798966997379665,80.43115354867176
2111.126997487772,7051.568400288438,3821.83020544715,0.539190837170089,0.6263449754998849,0.2970311594059109,181.29305956595945
2706.8232517722395,4852.1317169140475,3162.2758506462187,0.28381019251274137,0.2542549091163794,0.21085224975292838,88.81612139559168
1282.9264726624663,1405.846995833914,1416.848658933386,0.04571620650306078,0.03375303271905771,-0.0038975732566115134,5.0
768.7162060284013,7339.061243330211,2499.9054476542588,0.8103756026272277,1.3742779403267038,0.49183577373204,252.18693801499032
2590.0244908124714,6084.378473978008,4509.688701953028,0.40283509965427383,0.40396174375943794,0.14863883206762402,128.98858288479005
2609.466212525303,5273.7535751206615,1597.0082565789226,0.33796943812637004,0.3182142811172394,0.5351292051840942,135.85525759913384
2083.6265806589054,3866.690294445812,2487.1704316384576,0.2996586149802095,0.27231576777549926,0.2171152189293271,105.82664161545992
1577.6338317600735,2979.916419371874,4034.6300228963137,0.3076834066625673,0.28165706589577283,-0.15036091243456537,62.94497946648585
1653.9520511381627,5706.047733999425,4776.815777635559,0.5505564946473644,0.6480963933098849,0.08864295096887062,138.95481265768112
1270.2844710540166,4294.210320784208,1440.1847561965787,0.5434322364039464,0.6343767042267221,0.4977029879832761,206.9355825574604
640.801495695185,1170.134666048688,2200.45277191893,0.29229808385485767,0.26382531798658104,-0.3056790914125698,36.83978050038588
1264.9301931346854,6482.917701078283,4914.308700609812,0.6734757288107769,0.926917243517956,0.13763076603431398,191.09174165738443
656.4928446712943,2269.1580350514523,685.8197629328599,0.5512158682384444,0.6493136153895773,0.5358206997909829,187.77909344364554
2285.0474170726593,2014.7756179980195,4259.9796734641495,-0.0628564935829599,-0.04296559294013138,-0.3578153969069171,5.0
2736.8584400857535,5454.221182112261,663.489372738685,0.3317465910513976,0.3105362676291611,0.7830922639502362,168.47333696145486
1183.6476926238738,4419.238685052624,1839.0237987165265,0.5774864549712776,0.7020386944977022,0.41228933631588865,191.4326290139293
871.5059121892575,7446.620524506385,3688.710586931357,0.7904561996702013,1.2966973730178148,0.3374762635821027,232.51427425432146
2307.840059721744,5158.453140936561,4213.781440119368,0.3817976342774323,0.37495252363682297,0.10079471363487424,92.93585807921218
2538.614918311714,1251.0243196389038,4530.956891513603,-0.3397660087109914,-0.19528223614992674,-0.5672679400930898,5.0
684.1631558385282,7071.375713633786,1410.4293213423766,0.823567860914644,1.4286055955462948,0.6674223668523519,295.4722266058469
2050.158473028974,6253.895659339745,1679.5460912648182,0.5062270932722633,0.5663628963079177,0.5765908052642791,205.03943643172957
2369.9135776029325,2501.5532283159027,4183.36755404399,0.027022590100789643,0.01968056715620963,-0.2515832842648577,5.0
973.2586106253461,6770.06480269384,3010.359564606802,0.7486199247920946,1.1491916766108388,0.38441125829597206,229.38613027462446
1103.9305094954334,4816.672888789159,2920.5755647623373,0.6270885125901777,0.811261979649414,0.24506093285804043,181.51725649894215
2661.615523246777,3501.274056825086,3849.7061527545234,0.1362442929623727,0.1078035060753403,-0.04739940605852402,26.078148348274766
1166.282060975095,5970.584610474019,991.47848682256,0.6731669190409943,0.9260929807939905,0.7151768166062308,263.12567219957236
2877.012985790339,5552.796456633076,2515.136593088291,0.31741921200013257,0.29319317630445335,0.37651029631104616,124.84368417480192
2595.2458261302295,7638.173456561308,3069.432369371761,0.49279009201428187,0.5431696198900827,0.4266818522304673,178.7551657433382
2185.072079362074,2013.5401023250458,3392.2198100877995,-0.040854446558397615,-0.028352444301434243,-0.25503901946180674,5.0
922.2189177938995,6691.1792443402965,4498.310010624808,0.7577378987586664,1.1796989381114282,0.19597581118784957,223.25803758851833
2265.460221026078,5268.514574876086,983.3945029643417,0.3986015927588197,0.3980238611722374,0.6854098512748247,170.23857987005763
1748.8698416609307,4218.652849246546,4088.66082047277,0.4138707358306109,0.4196636497116976,0.015647901827994914,105.68667657870957
2986.6454093155908,3386.140332608305,4173.654242398934,0.06268764389832164,0.04687364287736974,-0.10417133718024388,8.432862384289171
1876.8116866351525,5266.184825197454,3192.984239328728,0.47450298099308763,0.5126696925075755,0.24508324278772026,139.40539745848278
542.4168489271756,1446.2829532637807,2631.029361525986,0.45450102769976247,0.4805974154356426,-0.2905704337816277,80.41227779333637
1167.3229940643885,6776.351730900645,1481.8632779489903,0.7061000016154169,1.0175079511525094,0.64111777746606,247.95423187017784
2225.4137975341646,1403.7778873737618,3091.3586162901406,-0.2263963938170578,-0.1391918067299455,-0.3754236889503665,5.0
721.8285422538394,1493.972897420217,3184.3167843788992,0.3484718174618967,0.3313387217423647,-0.3613166352596009,38.568611338279176
2730.7024383280013,2084.9713541844512,1322.6013270981216,-0.13408945701709732,-0.08740181131603,0.22372817784642346,5.0
2090.1995248038925,4376.122662890795,1817.0989035348248,0.3535121002914867,0.33778814378838945,0.41319751465305604,127.26778575047105
1609.1792874633154,4605.290990381869,1916.3817641265866,0.48211859876740953,0.5252146871262489,0.412303610907819,167.29349174593798
2206.2811509240373,7162.626397788373,3098.5438082007754,0.5290206163915532,0.6073561507011789,0.3960642409790109,185.04590408831052
1074.0724663408073,1186.5653199856188,2691.1553369150665,0.04976155590934038,0.03684907360622582,-0.38800887161995845,5.0
897.2072141988536,2538.1710208503414,4436.899542596433,0.4776661240477128,0.5178231481152499,-0.27221638895300393,98.74014583649868
2828.54650630025,7216.688364817278,1284.7890898276414,0.4368381540482599,0.4535271995573026,0.6977492213486844,197.29690932410136
2361.6853470082397,3355.2417144819865,3249.147297198494,0.17379203138564536,0.141723198534081,0.016064228966493392,42.38044483364173
2396.1648321890752,2206.2007592836117,1315.7766046792556,-0.041275311378165126,-0.028636321059605247,0.25281938591156844,27.586067363113322
964.3841405134094,4869.19481687516,2182.1870160946237,0.6693679307703054,0.9160631541694276,0.3810611684416196,224.02406595402715
1082.2542202209424,7354.266594680102,2016.286863312283,0.743435891562995,1.1322309578516871,0.569654690593037,241.68061137449695
1951.4653142542077,1266.4968414344753,3662.8549653506566,-0.21285783967222663,-0.13196540382856775,-0.4861406159186107,5.0
688.6530008905194,5343.077728219236,1208.357520921294,0.7716565834237801,1.227951356827743,0.6311167018264052,253.82867189446023
1504.2358411805872,3256.397595566185,2282.9406674924494,0.36805223029624884,0.3566287717158431,0.17573523797777432,100.37288910498513
2045.9123191789392,4668.94374600047,4127.948079113164,0.39063107250100326,0.38698241012480106,0.06149850169594641,105.43196621031309
1627.0793379280922,4291.206870150112,2973.1153386912674,0.4501518578360488,0.47388609753949995,0.18144728350198358,147.56241316472833
771.9469689064599,3851.981826901461,2996.5321687750975,0.6661077610280828,0.9075300414240984,0.12491025915132763,192.2581940275496
2490.372114779392,1312.594645625294,2546.611145426237,-0.30969964847104453,-0.18113157899211527,-0.319759185255821,5.0
2315.3938143799587,2114.5182369544846,3401.3951107478074,-0.045345274364898096,-0.031371356377378125,-0.2333025906028929,5.0
2474.1389345720745,4871.369579767892,2795.8713069858113,0.3263532592998251,0.3039516586652625,0.2706968912502951,108.67871606431615
1844.2711811765507,4246.485885141249,3920.253771746565,0.3944033028101984,0.3921826196158943,0.039946432366017,92.85750130603641
2304.598129474777,1535.2276107781151,3832.6878073343996,-0.2003659984959695,-0.1251919606570333,-0.4279985836543092,5.0
530.297532262017,5646.115705362747,1535.7896290212989,0.828283014016694,1.4485999536244432,0.572316938805996,269.0446992765678
1049.265741802385,1663.37891076989,1648.2677810249309,0.22638909529074544,0.19287538446148883,0.004563025934450213,55.744571233616824
723.6226557896753,3878.6115938769312,2232.722238484661,0.6855341919265137,0.959389238536047,0.2693175336630129,212.96356685185248
1679.0227789792038,2749.0568029690207,2016.6565471455986,0.24164742388784846,0.20859674838848602,0.15368113897411104,85.09815436992824
2602.794903231872,2036.9822488047248,4739.650858772313,-0.12194823927197442,-0.08012186535685276,-0.39882174033398365,5.0
2161.3168134816356,4571.800417158491,1264.6670278482613,0.3580041043024708,0.34355576249751507,0.566632714035428,158.60937128323994
2672.975122042937,6355.4376076547005,2471.1968469459293,0.40787484970541604,0.41109393941408234,0.4400590938989394,146.24404291259185
1646.1781047250186,6641.605441425895,3410.158744607209,0.6027458738854433,0.7559815217299579,0.3214805517410855,180.46615009481482
967.08357857421,3887.2414333436236,4164.434937029746,0.6015579605812523,0.7533369431682984,-0.03442680640663176,140.55682138270151
986.5091947906375,6590.604638539211,4550.36867357411,0.7396081893818113,1.1198640859225846,0.18312905951975222,195.19535347652877
1456.2536054480038,7077.908326202153,4174.266832777448,0.658723699540633,0.8885783225680305,0.258051572441925,204.30778796763656
1276.0682496408747,2073.097592972993,2528.029798583192,0.2379784640560217,0.20477590116659988,-0.09887407298180864,51.49955041826264
1402.6374712819297,5163.853302641411,3561.090111564279,0.5727893269450898,0.6923836562621005,0.18369897829753967,161.4348810195072
1124.796656867127,2500.4023559724137,3169.0004734240993,0.37945660192827524,0.37177799715508575,-0.1179309598300187,92.52861008056855
1431.5872879333315,2456.5275012252478,4923.1000815646885,0.26360852716751026,0.23194882327908561,-0.3342407936353733,27.134334715594207
2664.777619146579,3402.892609991582,3531.124689360002,0.12164718299600076,0.09515441161499133,-0.018493187111303846,13.914018224012874
756.609864997204,1599.514545833592,1109.5176402199113,0.3577504976409203,0.3431925207260678,0.18087526163601217,115.42733189881753
1891.4091434421916,7283.555559414708,2766.0321365541636,0.5877021427347626,0.7234668867792217,0.4495232599664866,193.89605499897618
1555.56338073587,5789.566067726496,2709.647873717464,0.5764367688986799,0.6998839106552115,0.3623768285945039,173.44662373181185
1783.7490173647116,5362.175134445351,3993.8938840608935,0.5007646373735243,0.5568436122902813,0.1462453138739957,130.01265804388456
1774.760756928272,5072.57590029164,3670.5037793876204,0.48162012589296205,0.524390294622784,0.16036364440351195,140.4707190742654
1855.419565789752,5994.797354573412,1504.7502865657762,0.5272947015666506,0.6041717835886258,0.5987090531672233,204.2604501651716
1228.1130702154323,2865.800748330342,1400.5209964628275,0.40002983704640205,0.40000268941371897,0.34345270684574164,140.75560085763877
1056.715039056382,2873.3867367718576,4622.214140610525,0.46224545848316617,0.4928744934334388,-0.23331383730453903,73.43352623793633
2130.039291118239,4189.726452834548,1912.6845571405631,0.3259119475055315,0.30341343311866753,0.3731380747050228,129.95634608259184
2543.6322318646635,6803.623606682974,4364.607512229398,0.45574780961857936,0.4826328822696192,0.2183887554140009,143.58163194520287
1548.558710348286,1178.903375075256,764.2825879076894,-0.13553087946228817,-0.08825477766988982,0.21337164576761297,5.0
1218.9302390427947,2365.101566752762,3241.1248870776153,0.3197994296637525,0.29602501641593765,-0.15625899656087977,70.18417897973373
526.7974536236995,3597.7073831325956,4037.7470497175264,0.7445523887855232,1.1357768756376776,-0.05763110374074277,176.1682753284472
660.2937854053777,3897.170554463457,3467.249453669909,0.7102363347161156,1.0295496981797156,0.05837813436229315,176.0926628784262
2987.217258224444,4624.827362556333,2439.228060805058,0.21513406524787076,0.18156022406471606,0.3093972471130292,80.1109364787384
2614.062340079939,2242.1456856254763,4351.7085712759545,-0.07658581601307167,-0.05186393044556204,-0.31992864918459246,5.0
2707.8762199136945,7898.844402166609,4582.861830961706,0.48940368722047123,0.5374318046624017,0.26566741028867685,140.39911547366358
2886.0323651814597,6777.837677170807,2427.35498119153,0.40271705792096224,0.4037974854388998,0.47261180259541075,152.36774830824643
1621.2641785921614,4457.852147882186,4062.877297720429,0.4666118916774412,0.49987673533069177,0.04635458180393714,121.34108540615466
1478.408256768165,3917.5664721125254,1635.7933455396067,0.45203292036141396,0.47680724868083607,0.41088155658653736,153.38510865224765
1089.4739809380449,4785.9942313856845,2175.7736066566194,0.6291447959951659,0.8160926119417177,0.3749364651447699,190.72902361076294
1170.5803666412983,3791.388347919872,3716.7941959818786,0.528179061883137,0.6057783258647392,0.009935047728513854,130.6093342744358
1168.674017466275,6944.005431509868,4198.094752692239,0.711889511924519,1.0344828609764174,0.2464446229324423,216.50170520596117
584.3412727641352,6640.181467361749,2940.3306675434487,0.8382339445240446,1.4919935611393451,0.3861850752166211,257.93279338321577
1025.1593353873754,5301.867667561417,2617.2709169397167,0.6759427973841241,0.9334673842771977,0.33900110746095946,217.22935760059264
2807.4682355230975,4238.673419612828,2612.360584911705,0.20311899106419576,0.16969887232265662,0.23738209931372375,89.59556462705415
1121.9979277349646,6363.416704687748,2576.877064544994,0.7002175609016517,1.00054539178362,0.4235363778257791,229.62457580922143
1316.3425596745772,7859.688083004033,583.5854805706608,0.7130910714468005,1.0380500113803577,0.8617632185887707,294.06887926446694
950.1527913865131,5655.381060612505,2836.0020377502055,0.7123161237134139,1.035727940832395,0.33202824438269635,230.77339457691426
2161.667613205488,6010.433324725721,3157.516536695091,0.4709640446540538,0.506911740295027,0.31118372491593366,157.12906638669307
991.8491874388305,3094.698803457528,1056.0302297466878,0.5145784706771233,0.581103546939789,0.4911591570808709,187.4238666195071
2603.2617753414993,1322.8929015522167,3885.716777572734,-0.326112692655341,-0.18891781921370343,-0.49203607745839706,5.0
946.913158783945,4267.67941811369,676.4646465358126,0.6368218052940536,0.8343501016700299,0.7263572266286917,238.67410808487438
621.0068008599619,6963.093569626353,2832.016582001515,0.8362345509838609,1.4831634819588682,0.4217489056533516,244.66927503882135
2878.692217330112,7725.4592685960715,4390.306536621298,0.4570631659913119,0.4847036047695324,0.27527378667746244,134.66578917596172
964.5079014698586,1242.5607183232587,3248.9823336920012,0.12598285990468253,0.09887224967778664,-0.44671098366112566,5.0
2852.4929678848453,1978.687112170146,3229.8892229311036,-0.18086799520085056,-0.11440456989374212,-0.24021959745290278,5.0
924.8160809704837,5565.140011843461,1126.8715379749833,0.7150008203131006,1.0437041596415872,0.6632188901894036,259.55725771189026
2851.4016671771224,6462.5333056880745,2770.3746471926192,0.38771278183106805,0.3829904466521394,0.39989120187682575,144.37317375147066
1981.2727854174593,7337.235055337532,2037.5802948411022,0.5747660849648824,0.6964524592947978,0.5653076420145319,205.62076983443424
1502.4155077593446,7917.092832470939,4114.496330063854,0.6809991660216282,0.9470906231541582,0.31605105948364265,214.2689133591322
820.2962702831371,6957.742993975562,3082.521338767481,0.789073764529047,1.2914936395116974,0.3859680907189209,242.82666076536475
2700.97507482869,3972.0451172689914,945.2692081220652,0.1904789743862978,0.15747517477700496,0.6155343564071802,128.14424655690848
1876.6661479216052,4862.676735206937,3508.2298805435007,0.4430714742705141,0.4629854611846415,0.16180408128710302,117.86217616806651
2196.5324041475196,3540.3554087227394,3167.262561113298,0.23424251060413198,0.20092386583397093,0.055622256549434805,80.14667801818132
521.0882831973553,6796.851582118545,3354.637611740067,0.8575860711575678,1.5808953528278369,0.33908463125999716,241.49129816570846
2271.063156752859,1148.5601260126878,2356.1290842751832,-0.3282534178747659,-0.18992075997437657,-0.3445580721888744,5.0
887.002672352533,1378.3171188624017,2410.1901058867206,0.2168852486957182,0.1832898153599345,-0.2723692804413963,32.53183339407372
1410.8733744385968,4082.6842736119693,4273.804993891426,0.4863534834544119,0.5322788608026304,-0.022870934687825657,132.4141513459412
2968.070607187931,5163.72243416159,1815.8254264957009,0.2700083260283354,0.2389367807511832,0.47967247650207134,128.63889513640711
746.2665211409792,6427.961046241212,3474.286513613534,0.7919590605322087,1.3023571215240535,0.2982832447356751,219.7384168351488
572.2030762149423,1022.3891240517751,1701.638593732503,0.2823204876326452,0.2525385282527657,-0.24935483034800915,33.860476393157725
1637.9704122197506,4335.0974048118005,4642.55538722486,0.4515480277069579,0.47605588985936875,-0.03424703421940458,98.33465356327352
2146.74336606001,6198.182854417364,894.6488137043218,0.48549734063917144,0.5308589208895438,0.7477315532246074,196.94616012232018
1809.3238782284386,3786.9069980195086,3544.9185837903074,0.3533776863694344,0.3376132444134037,0.0330052060698998,84.28841976256385
2375.435910281892,3813.0708227568684,3269.6361241465984,0.23230723892850041,0.19893450434688878,0.07672697777946759,78.64407475004883
863.2539606156452,5065.7941153669835,3205.7732923661233,0.7088052078825555,1.0253781417760703,0.22486920931540175,212.10883416055347
2822.964730317771,4577.36533054603,4023.722384364211,0.23707058814433568,0.2038469123797072,0.06436894547159352,56.95192226361864
797.5298500713466,4211.456196328989,3236.33788750279,0.6815603625067932,0.9485621037252119,0.13092713059993566,178.5084229668166
650.0811622110723,1265.2584309426857,823.07515577956,0.3211844367491464,0.2976618841284765,0.21173977077360367,119.16660179595635
719.2740846558755,5746.010106884152,4184.194563411699,0.7774965295459678,1.248859325556433,0.15727929032389648,204.5150743871187
2940.303684218963,4820.9701119742,2091.5678762216135,0.24231414544805432,0.20929974885405697,0.39484806304408,93.06338105175324
1140.265574666383,2836.1248114187983,1403.111522996538,0.4264820783845455,0.438038175949175,0.33803571564307744,142.64018360675632
2273.621235624122,2249.628501339593,2443.9002888021496,-0.005304313419433275,-0.0037742570095847354,-0.04139141275306804,5.0
2146.485129180065,6325.327705601806,3144.812522122422,0.4932642702836661,0.5439717112371549,0.3358466830124065,154.62225157226825
1982.6028144351244,4551.136481491984,1808.4142745613449,0.3931184809079955,0.3904079799795088,0.43127609350215607,147.31846105766354
1324.3574412139428,1414.0095059070811,1540.7727418449583,0.03273924437141434,0.023942577813062853,-0.04290104152054386,6.478103247604502
2928.1718716950977,7746.464469866904,800.9631367543295,0.4513776810325865,0.4758056422244758,0.8125838149152247,195.5757940225671
1281.1694544422878,6375.510503713992,2567.0223519442197,0.6653459562691542,0.9055944795753956,0.4258847255936154,218.64619657387286
1386.4594791859352,5597.538757460472,713.6688679552205,0.6029611026496566,0.7564471197295154,0.7738407890533835,241.51270425759267
1319.0710015424477,7572.8763470187105,2507.6406678227286,0.7033111083125009,1.0094400925326743,0.5024777668879493,221.3192172529266
2712.30455476983,1100.8401237913806,3191.39245309137,-0.4226077336157843,-0.23185647909526863,-0.48705476494267835,5.0
954.263435117451,1987.231500466687,2286.0339798834093,0.35117111795840383,0.33477872239500694,-0.06992368733484784,86.97524277126374
1392.6791967858333,7538.970825853436,569.56191994627,0.6881473874144531,0.9666384374025907,0.8595154170966218,260.4772754274314
1762.5362715395747,3217.0180878655005,839.8380384920141,0.292090759745739,0.26362230120566243,0.5859660719400205,133.53212193826678
792.0363378822988,1939.1864442603555,1932.6383122736008,0.42001337769235364,0.42852688867431044,0.0016912263330134125,113.74458908638879
716.5177559244727,7407.835649768981,1414.5842412268546,0.8236123613642529,1.4287988845377129,0.6793205811910539,278.98824832132465
2228.903351659669,1624.6024205518293,1679.8129130945883,-0.15681848339472387,-0.10072338545372173,-0.01670809718254342,5.0
876.8722891043119,5065.308964227093,4081.5979766908545,0.704865182641429,1.0138996267689053,0.10754575221795923,178.75108192577
1354.3261973401532,4903.4476459454145,3272.0099575199415,0.5671539970793646,0.6809307720888714,0.19955307303341618,154.6635523921384
885.3015866163714,4852.165103943566,3255.531156896631,0.6913963480019192,0.9756206149548631,0.19692818964638276,195.76308034453788
2049.7936680304283,7395.0004661270805,1547.9782995920127,0.5659421181240506,0.6785061263202686,0.6538114781502675,215.6246634051234
1451.9045688869776,5898.053601124536,1342.9738685782822,0.6049216782992484,0.7607807415514487,0.6290653848471224,238.42265393564549
1166.109525504418,7864.7225170900665,1608.0452614333658,0.7417492606716051,1.1267732927477265,0.6604909358362282,264.421598845987
1068.0178793853006,6464.921251756005,574.347687384397,0.7164405921379836,1.0480214799517569,0.8368160975895486,279.25761037683804
2826.719786028197,3180.8788338522945,4904.229301573504,0.058951849178664126,0.043957349607034284,-0.2131511958333627,5.0
1500.2045645061312,5803.018330679626,2349.3987180105487,0.5891664306755197,0.7265691242504363,0.4236313711159231,211.3722112670754
1967.4238981083295,1207.8809575085372,885.164039764812,-0.23920315525516136,-0.1459152718753855,0.15418537012340852,5.0
2313.78910552205,5247.992920131366,993.6949020393558,0.3880307319447945,0.3834211790911654,0.6815941678946168,183.5069043449496
1010.193025778487,6553.861585828978,1189.194845246855,0.7328964218225665,1.0985375487036981,0.6928358055559091,272.3665732299445
2988.8239496384226,5843.2212144645,1277.3541149402736,0.32318644339641056,0.3001195974535725,0.6412216552260921,144.69890116990643
1687.9969885943478,3956.999998070697,3321.485205484234,0.4019493747178921,0.4027058640303923,0.08731415599893684,101.95698915800233
2779.0546539176466,6111.170366923836,1498.1682375834382,0.37480667866334716,0.36558005430848406,0.6062290520232242,164.94879909631294
2389.5009094723273,1648.5575163524434,4002.730896207733,-0.18349001297202794,-0.11586971420352163,-0.416572860483724,5.0
2747.7178358079314,3222.134282165487,1658.1479515593478,0.07946870992830168,0.060176293078060585,0.3204704677688219,50.55910357111687
1808.1409908767878,2626.228488208426,1656.0227614468415,0.18448789642037616,0.1517666552990828,0.22656440969294458,59.630066457190935
2278.0988346665154,6264.888815443727,4700.151192216344,0.46667397210378625,0.49998665830490424,0.14270240892797206,130.10056684275747
1248.0658408641555,2750.1242242923336,1772.880328094785,0.3756845869191321,0.3667306891803084,0.2160607809836771,133.9245454045318
1922.0755029145384,4666.032060438902,2622.167942399004,0.41650148099754897,0.4234635459591482,0.28043469127680576,138.64879112106146
2911.3833790313674,4146.691963924466,4597.06526997527,0.17502060047445545,0.1428697525523533,-0.05150798380508425,46.95055233971418
2824.424849740046,1084.381103344778,4806.448607895171,-0.44515992014821504,-0.24124479838312232,-0.6318409606742988,5.0
2018.2986042578816,7955.645104703599,1452.9471898888992,0.5952857438443121,0.7397111131712475,0.6911446165927416,230.59426521689207
578.699003872279,4420.2529967772125,3910.605606157917,0.7684718700314277,1.216690877624854,0.06117585411647253,197.7040042729416
2507.697279495555,1917.407387461413,1174.0003567233364,-0.13339569034570964,-0.08698852359483772,0.24047524364782524,5.0
719.9669563454668,7180.883780597121,532.9124488486681,0.8177495105968932,1.4043413058381915,0.861828745943456,302.27034913454605
875.2593718497219,3505.5638828712335,2552.3519473468973,0.6004132916311047,0.7508188049470989,0.15734981503245207,159.54047599712155
1072.0859836850852,1943.2687244841975,3389.0921740290173,0.28891550906099517,0.2599991463410888,-0.27114133435282056,40.00662205174645
929.7591557665933,1903.4221290110422,962.7986950637053,0.34366419760435607,0.3252926492249089,0.3281754935692391,128.17426540792715
649.8519107423468,1116.7586923058996,4805.982712776854,0.26429524451716774,0.23266836043903752,-0.622891287585519,5.0
1665.0747393725057,1021.5780496432784,3523.0671609983983,-0.2395161340239454,-0.1460762603618462,-0.5504256096707489,5.0
2155.1024723077767,7780.9274577333745,1509.5420316004,0.5662045127148779,0.6790360287776674,0.6750342846137117,210.69909757183473
521.8455616919395,5699.007486821767,3482.8432879511065,0.8322270087274501,1.4656082332893932,0.24136356089757047,231.50669197270977
2779.953020938265,2265.833876651174,3405.740436628333,-0.10189077632882484,-0.06783808793088081,-0.20098591622209366,5.0
770.0562766703638,1464.0188230992248,3006.7473656947864,0.31062632862691436,0.2850952727065636,-0.3450702803732713,22.490351880517334
2427.1966252206093,6104.357512414406,889.6779508498569,0.43100715619230834,0.4447775912092719,0.7455895224164563,208.78513280409285
1252.1514575142314,4844.258393409593,1285.8207467549346,0.5892167723536191,0.7266666034775809,0.5804880434184189,224.54885371652153
2724.2972749653486,2966.5972655360933,3250.05607770742,0.04257678451142378,0.03136426393092597,-0.04559668948467322,5.0
876.2275710795127,7268.437894474868,2163.9780228102904,0.7848339934457239,1.2757066107807291,0.5411614496100999,260.6339213887324
2662.0538792954876,2184.397050819879,4867.631274013384,-0.09855806553388134,-0.06576497763544394,-0.3804911295327867,5.0
1158.9225092276065,2140.2567372176823,3497.643192239153,0.2974479876320662,0.26975170250470726,-0.2407610052971413,56.754966185135736
1562.6457496111805,3653.027505797869,2467.9502323689685,0.40078847991829525,0.4010739596565668,0.19360914610844643,123.27056899535759
2393.0132328154623,2671.919680799244,3708.866375622374,0.05506616823670176,0.04094099922022573,-0.16251080752300684,5.0
2571.2260894196597,4351.7908621595725,4700.026161118529,0.25719491732236005,0.22504442672390784,-0.0384713144360901,64.08964107448273
2318.790570462649,6123.480675034401,639.763895380508,0.45067138847859595,0.4747027440027902,0.810811544924904,213.2405741767346
696.8632546534687,7909.9273104873955,1886.8320767205892,0.8380666405675233,1.4912752906141717,0.6148048548601279,292.05906094523056
937.5710561381507,5948.292026345755,4403.73591910369,0.7276823412632288,1.0822554841052063,0.1492032397161195,199.69927776506015
1090.7701943294614,7285.837024521779,2575.4852090156664,0.7395675441855486,1.1197421748431393,0.47765925334119824,255.95431773502983
1449.9928212622199,4323.877136133458,4780.837711143261,0.49773970241438775,0.5516163009859779,-0.05018944388975489,117.13504799537716
2865.88015870272,7296.2257197352,607.3638013477225,0.4359672703269972,0.4522143874830552,0.8463068457311136,199.76185105714646
1709.8025005551253,6270.879353628085,3661.187508316388,0.5715146820582352,0.6897890606683601,0.26275415593990714,179.80425158060945
923.6358738700516,2615.643021601433,2223.6559087251453,0.4780655035177485,0.5184825039269693,0.0810008057858979,142.82605543457495
811.7412106236802,2277.724898950506,4665.71101464216,0.47451036388108125,0.5126410635265404,-0.3439199475684574,83.75600200753294
2729.7842885825708,6695.859050743758,2268.9120900291805,0.4207749666479399,0.4296833901562616,0.49381594808220314,173.17468253205504
818.5861527610728,2473.8947789179465,2042.5495222349675,0.5027542026826517,0.5602546589600577,0.09550549676376255,145.27913407491624
2027.893007131625,5849.317962090261,3505.668993398532,0.48512410920625554,0.5302327772354796,0.2505240231325101,141.09148264484216
1454.8701857450326,7573.198719814726,2923.4179267994314,0.6777006907450762,0.9381971077631345,0.4429790044844757,215.9487302281136
563.4861207134826,3716.4142417568924,1369.8674093462932,0.7366825984908781,1.1104469966703103,0.4613481896820044,230.6062708944445
2037.281282616645,7684.112225142732,4686.589601157689,0.580866409474944,0.7090873087501368,0.24230821062794733,169.69184895896396
1739.0828360799171,3188.046171926534,4054.637046743083,0.2940786273706274,0.26589326209200104,-0.11965052847583735,67.41262344835584
2121.2302677036296,2910.407257746573,2282.5748600993375,0.15684297326554528,0.12615698646926574,0.1209001655077459,64.41556187399371
1715.376572297242,4166.01417306634,766.8955108914811,0.4166765492131785,0.42371381637182615,0.6890697132647631,194.28138083577275
1186.673871359577,3519.652568145601,2307.7611848049683,0.49571119349205217,0.5481264433845997,0.20796384717303742,139.56390816671663
875.9981322103495,7958.908253006646,3799.8467255794144,0.8016961143862347,1.33984664378042,0.3536991403126967,230.04507680483545
635.0244735053712,4250.878530859447,523.801535845362,0.7400585016492952,1.1212610636158453,0.7805919856753234,275.24666646081
2880.7670839616535,3030.887815407982,4798.683755927126,0.02539402823343799,0.018472768806015304,-0.22578450483362947,5.0
1205.4072554520699,6219.5414450145445,4472.365013009743,0.6753089335919663,0.9317884093872063,0.16341112211378658,180.37175760882153
1161.6302699122366,6332.294170925177,610.350010606726,0.6899807892572185,0.9717045859320803,0.8241736159711592,283.60517686890466
1325.0520760697823,4494.075604023363,4925.07284421398,0.5445873851934914,0.6365859209377313,-0.04575755892513982,141.62637049001378
2129.8181724922533,3552.0154185297747,1438.8802612385475,0.2503060364236038,0.21770203047537875,0.42339798153543473,119.7430491150242
2266.1214461987,4151.484467076056,3619.267557961236,0.2937798060619024,0.2655558595123123,0.06848975586037645,70.24612386577114
2422.0835460801,5050.7069077168,4979.551916942797,0.35175927620844044,0.33555394950276185,0.007094033365517218,81.29106727099659
1689.430770461918,3909.7977893917273,1670.0466741335076,0.3965487378838661,0.39515671919902595,0.4014002772833186,160.6790822754607
1742.2633498130904,1806.8348092286901,4799.997230494926,0.018193765431058013,0.013165580787276266,-0.4530404894231893,5.0
2536.767286955509,7838.571815918951,2178.5797782365007,0.5110006020895829,0.5747792899827242,0.5650300870378927,208.07278116331776
2690.5558557181375,2324.216298279044,4842.335126243995,-0.07305208414584476,-0.049589644154858434,-0.3513710679584176,5.0
2593.090931017508,5282.80121714487,2307.0667074186144,0.34151182306545674,0.322625651458304,0.39206670510084424,146.60466598213847
944.5681185473802,5901.096881127433,3528.791871990205,0.7240390469138441,1.0710329674396315,0.25157295817528513,199.13227346653946
2003.6052630544807,5145.590699012659,2469.9454439418805,0.43948794412542674,0.45752923412829216,0.35134036586442996,143.83325853777305
2447.6280813735657,4057.5136449975935,1322.492133357122,0.24747893759950568,0.21471688701927388,0.5083677646101922,130.63106297219088
1459.703870204823,1599.4828317527124,1578.124627334787,0.04569154324996085,0.03373465779243137,0.006721473525662389,15.080555563915937
998.3304091999827,1235.7493905088297,1643.0365854346824,0.10627148646772622,0.08213220940591139,-0.14147880328300086,5.0
2559.158132604237,6607.695271357201,2926.3097440609467,0.44164959991197705,0.460822567330599,0.3861321156173801,166.82638634403173
1633.8345081987118,4508.709838397766,2289.3315569628166,0.4680267927286462,0.5021540202286366,0.32647319309104555,168.74125783565012
1122.994778857873,4579.837202891634,1331.682375255425,0.6061624179864252,0.7635174730206429,0.5494619080843621,203.21467693025258
594.2717967507111,7659.670032870912,4701.381336408389,0.8560029112281846,1.5734030188515842,0.23932338826577337,231.99718520315966
1286.3766429367847,3771.51966935184,829.2382337229545,0.49133925894958186,0.5406819921532797,0.6395210304421731,189.6186341071936
1109.7651836558255,7659.820224728597,1510.098449508805,0.7469058952391856,1.14356220581432,0.6706408195120204,263.05223393554485
2167.238963077864,5445.962028236345,4718.68924702059,0.43066287997236197,0.4442618873204921,0.07154921122720187,118.79440884542129
1663.655717648375,5337.334062701324,1381.129580401734,0.5247369957372959,0.5994800901439232,0.5888555318405327,188.9283211597087
2393.6303316881986,5242.046505204481,3963.5143582114647,0.37304043033628415,0.3632289073829772,0.13888693647501443,121.2399892027189
2808.7533993285087,2951.6373428070065,1733.814184102951,0.02480455751179175,0.018036203670159887,0.2599158590052239,35.7936827729997
1139.7445984867804,2745.9545360120233,4428.533149933124,0.41336446325740944,0.41891997980250223,-0.23452247565812362,60.20068127021474
2036.9582728024843,4977.027576081318,629.0042939516251,0.4191724029964418,0.42734118978506286,0.7755973177028237,209.09145388597855
874.0880177624542,7805.790143020363,3561.716218938434,0.7985944037530316,1.327778158630252,0.3733513568033982,251.3118118966084
1968.9540658651752,1088.6786891580273,1322.0810994414514,-0.28789440948168205,-0.17055101103034984,-0.09681695011272833,5.0
2391.537379329764,2205.5871320541346,3885.3153975624714,-0.04044925186923042,-0.02807930138437796,-0.275776579425626,5.0
2287.3254031485803,4412.6009631702,4900.135676326463,0.3172087935754622,0.2929385671889393,-0.05235139057151111,79.85996392131217
2454.7259770140863,6561.306416765204,2932.057850125921,0.4554753421393009,0.4822044032691529,0.38229319598683126,168.92908160882743
2932.930891335548,2294.706830205682,2184.4762799449277,-0.1220865130683953,-0.0802059376864546,0.024609520871415817,5.0
2272.810990040669,1398.0335678325096,3726.874972109712,-0.2383041308828085,-0.14544813593265127,-0.45441618824460844,5.0
833.8383297695229,4555.190712645397,2353.4288061692073,0.6905422763351313,0.9732363398298048,0.3186978093324315,213.52731721576822
860.9669475108193,3610.366344186597,1453.1559482836374,0.6148947565966728,0.7831111890284266,0.4260296036782208,208.16893039354125
899.5630392182709,7789.706311940544,3360.712116263736,0.7929485200053608,1.3061304027958573,0.3972043043763041,248.75612579450043
617.2705846034869,7588.594350171496,1699.1107292856134,0.849553803301738,1.5432545119896313,0.6341161320118083,300.9053174998644
1612.492402282484,6018.69422635186,1219.6399722839997,0.5773940591308148,0.7018637251977765,0.6630053437307837,237.83318489392596
2281.811517351479,6483.762540992222,4083.7908679046354,0.47936974751375877,0.5206715578420356,0.22710759813524434,158.32824379641218
1437.3805042787521,5334.608073661322,4958.236144328002,0.575492342308786,0.697933017824284,0.03656636798592065,138.33052579147017
664.912351721572,3315.094429613378,652.7315859653634,0.6658737592243559,0.9069048026180562,0.6709877984881096,239.84478114917556
562.075690932345,5946.888643134113,1130.816417163971,0.8272918201735372,1.4443709513329386,0.6804567560048698,293.6341012641981
2792.265603552773,5590.7390772371255,4934.379531862566,0.3338270202524611,0.313093735438707,0.062361249282714006,98.12565673264291
2895.0107305147662,7577.40199389722,3150.184845123758,0.44711676154820823,0.4692063224076384,0.4126945989620909,148.7725763629091
2399.1950575557266,1626.9495745210975,4046.3429932335466,-0.19180768536983,-0.12048925036092402,-0.4264531379955846,5.0
1761.9436836937748,2236.26366043029,2980.922341133771,0.11863316126287522,0.09257606483318742,-0.1427318635635202,14.397178149441473
577.3270144736773,2743.0137048373026,920.7923662465946,0.652248330153536,0.872138827146493,0.49735747546110326,230.57107029220163
1550.343126654312,7285.355626847187,4261.352092376848,0.6490728871070975,0.8643099283747313,0.2618931393901832,192.14125475779704
570.6211277026583,6801.985179925586,2127.0866168448124,0.8452050457285765,1.523305849680741,0.5235592980950272,264.7387826158962
1943.100226565208,7411.749469006616,2242.6710279576455,0.5845790600404246,0.7168670551509139,0.5354105347015832,216.06177497227526
2421.75011995618,2878.849440008001,609.2636691222264,0.08623539937219374,0.06563614686921865,0.6506628940140764,89.74424901102091
931.5466684530189,5477.158577108012,2807.5399807985777,0.7092870921305374,1.026798538926396,0.32223484986540885,225.3491564938144
1184.9286059477868,5972.253817650053,2291.9132398949414,0.6688840562801868,0.9148110300747878,0.445337146706117,211.31563346504365
1506.4246780893259,5198.703688342265,2263.8370936971914,0.5506649251022874,0.6483027328950817,0.393279806432055,188.5504384378733
2730.962351151204,5138.643173278565,2640.754835592216,0.30594682469752815,0.2796323052403307,0.3210901839084384,111.54563181775127
804.558487555325,6848.703663564436,1433.7500641757717,0.7897475685365142,1.2940217779225847,0.6537861576695218,270.25523990891435
1719.2425286553625,6644.747921081755,3109.468978072373,0.5888941912878808,0.7259958750295159,0.3624359576168047,184.6823474593841
1353.669470015027,5619.926676407686,4381.090396377043,0.6117729097302792,0.7760814136141652,0.12387102940539466,167.22705355540734
2077.631831682851,2063.5220945921606,1458.134403912708,-0.003407199379322532,-0.0024276381741488513,0.17190424187156464,6.997668619956201
1738.4903500708272,1903.8946498439204,2678.8402165765797,0.04541098750723871,0.03352109449922154,-0.16910111301482633,5.0
2541.101499100334,1158.6179839425904,1039.984162755287,-0.373672523314393,-0.21066445029769798,0.05395874888575142,5.0
788.8724311087465,6171.16480881341,4846.8969132999055,0.7733137325845038,1.2338595274058568,0.12019064049491575,219.7710586320774
1444.0962883360921,2214.8750033653496,3808.504198818061,0.21065448547430027,0.17710171026809862,-0.2645739445742456,19.398892726855408
1058.4678810795986,1681.476113736538,787.5063590630666,0.227379914920986,0.19388343520917395,0.36208023514144666,85.98226557335225
551.1578372374869,5275.869865382176,1833.4808473692058,0.8108271091983599,1.3760521948882367,0.4842058236562266,266.71630811984915
1705.2606692494037,5047.952443970418,1053.3714806715889,0.49497797836151736,0.5468878921055863,0.6547072425561313,214.38662278129928
2501.2235897733876,5975.128015006514,1325.9594839430702,0.40983486608369585,0.41388584670800743,0.6367775391125702,180.01135109293583
1752.4525337256357,4025.388410695949,3548.993701635071,0.39338844707579024,0.39077774587385694,0.06289552097225418,107.75377727862468
2459.9409420849215,2014.2265528941896,2169.362792493048,-0.09961951348296434,-0.06642589936499683,-0.03708209070109309,5.0
2430.8380259155015,7294.091005280401,1546.6119053608002,0.5000810765059917,0.5556703032133984,0.6501156251220108,203.7653173999899
2601.223292740967,1282.3036154348622,2965.1477680174166,-0.3396190391239001,-0.19521454101355107,-0.3962009215085017,5.0
1757.381455770815,1419.7334192449953,653.1317749613619,-0.10627504818121013,-0.07054897855258317,0.36982706162294215,27.9066492496925
841.0231777107458,7347.690524660591,3444.87373510485,0.7945896733782518,1.312375313274523,0.36162089891313204,246.39819134773023
903.6251477316277,7422.017304067786,2636.4129458356797,0.7829296289494648,1.268686219105672,0.4757804387819119,243.6253330788896
1033.6280903515692,4339.880308864809,1105.817522366147,0.6152874383484922,0.7840183869463972,0.5938748138682078,226.1507160985002
698.8147685192001,1524.144050818713,4991.63961081848,0.37127511078862635,0.36084494925758936,-0.5321686138665223,41.68042353150189
2963.86086142563,7069.774833914924,2519.5733931850527,0.40921497418795005,0.41300433372751555,0.4745058092057048,158.64372888215516
846.4651902198257,3985.1909428098975,3288.712027892079,0.6496169564890569,0.8656183000310101,0.09575037192926066,172.98371667338296
2315.7105184583547,7989.608436614792,4659.484040083961,0.5505795543390423,0.6481529838862146,0.2632698276498552,154.68167492844782
2111.500399260406,1756.3744190742077,3312.794006057144,-0.09181423825068111,-0.061541089760302176,-0.3070364714969142,5.0
2036.9881570247471,5576.1115238511,3416.847709385888,0.46487285267678546,0.4970946851863902,0.24010603831547514,159.6410014864302
973.5969295743516,6633.336049394782,4552.537118681366,0.744023791812531,1.1341328327713498,0.1860202506556107,209.084108044371
1232.4129492050947,3974.810885412053,1395.4872337763516,0.5266525931628088,0.602974567610307,0.4802943140045289,176.64444635370924
2114.8596541750185,2417.2660122714005,847.2777110328286,0.06672506022251803,0.05004267427574379,0.4809212048685863,70.48897589057425
1857.2862250702842,3809.266900798214,2342.6172085340513,0.34447408010213976,0.3263312042689711,0.2384065866586925,110.022684841872
2454.699269135046,1659.2888949818725,510.9817309856793,-0.19334289313167435,-0.12133677974890149,0.5291078217285211,18.57211481559384
2927.291444725269,2464.4542966413974,1339.4527511963302,-0.08584179785167549,-0.05777029032218818,0.2957489578481704,13.92591088582398
1460.4472528250744,6872.078821244377,1732.9662993523257,0.6494587019188173,0.8652650653303683,0.597220868603472,239.46605566224025
2397.297042148821,2604.9411939208176,4920.885900077714,0.04151024839905193,0.030554374887564448,-0.30773291452523704,5.0
1807.1618100678568,5849.361484763747,937.0641220190072,0.5279419285377949,0.6053614088419611,0.7238416283693228,216.9879403684061
1664.0230731757024,6161.468718937995,2351.171477871466,0.5747173167723427,0.6963453067501177,0.447604638810768,200.0935479798535
978.1542598798574,3230.1364838469144,2082.4979754047895,0.5351299044128354,0.6186722170944273,0.21602060466018808,169.73823254185336
912.1896739874936,3148.2270313362606,2487.708237831665,0.5506915962261529,0.6483248325231183,0.11719772528276662,156.01524016002736
2864.00761642635,5448.727855057834,502.689940662178,0.31093498009014164,0.2854937371036118,0.8310688449938016,164.23934061809436
2872.3475194927596,5473.719236672177,2870.838629774832,0.31168834288872543,0.2863836066256537,0.31192552658199596,115.13232306202714
1103.722435013663,5282.506834499217,4452.460166992249,0.6543429968573543,0.8774651541717531,0.08526445619122641,178.86856385064908
2878.9903826415134,6794.347656823294,4628.526299950134,0.40475761911796543,0.40667561048545436,0.18960389170706798,117.0843731743809
2997.3530113213264,3080.705035446667,4000.1227721772375,0.013713594616943364,0.009891854654374735,-0.1298460803708276,5.0
1552.8729970723884,2642.2248086376167,3586.118142106202,0.25967256587506105,0.2276985076987134,-0.15154806676217356,36.15571355660579
2538.532057239009,6211.235160185901,1896.8772308977716,0.41974866430881275,0.42818517495942376,0.5321038634714089,172.88233099156017
1604.598979709426,5775.832847812762,1558.1492671078936,0.5651747709372932,0.6769537650246094,0.5750877918762705,196.11408949608844
1380.6115884065803,5544.979840834187,3974.881795922987,0.6013014620302013,0.7527971499186463,0.16492866227004388,155.5650653662555
2445.1056194883895,1776.242733434651,743.5232282160412,-0.15844768779438487,-0.10166401846344367,0.40984739079983074,17.387363871868377
507.5285530018282,5442.074387700951,4746.939030600296,0.8293907817127126,1.4533467826510258,0.0682240103623621,216.33459665917255
1817.570743558556,3835.9791943595974,3739.1707957805015,0.3570161177681714,0.34227940333514534,0.012779733562018315,96.26134258728592
1404.4921707171256,2134.7828628230786,4530.207164260525,0.20633906237264968,0.1728460078690532,-0.35940403381611763,22.154213996765453
752.3943005685775,6550.293697881637,2614.8798005594504,0.7939404501122813,1.3098856413925288,0.4293878231069141,240.94512154093076
2197.355510692798,1378.5785389216994,3152.70311828296,-0.2289687002562024,-0.14055087639850422,-0.3915282061861913,5.0
2975.249501454597,7440.683682485677,1026.8435103056688,0.42871186880186235,0.4413674021020172,0.7574631914832036,207.55031409952042
1030.9087258451173,6882.680081400785,4775.448384328264,0.7394586068786091,1.1193878752091782,0.18075214242889123,215.1337102158063
1577.4878398294982,5416.29016095963,1367.8604716725206,0.5488882146599592,0.6448639791970112,0.5967482014944043,212.85879357738978
2501.5785094271246,4549.804515696369,1137.7402937960273,0.2904715285896558,0.261783889330027,0.5999186530549627,155.1751548758331
1539.0613302450718,5764.211538205709,2240.7285853457047,0.5785283233266862,0.7042114417971137,0.44016356125555095,182.51597021830682
2520.0593992022873,4299.154148917711,3754.5075042190188,0.2608944179413491,0.22902265438292468,0.06762720711254817,62.667913812384505
1831.5631980520097,5098.17724670186,3513.725279039129,0.47139053391984337,0.5075989977479642,0.1839839643728918,143.70172441962052
2639.9218000419964,7091.773671533619,3477.789800884083,0.45745901976044717,0.4853253929373833,0.3419236640887443,152.03955903017868
2676.9500500776962,2551.5213693251226,2429.8913055900066,-0.023989550801237852,-0.016845813241298413,0.024416781272346897,10.204729812531088
1608.9541855010189,4717.618729502396,1919.5009499740067,0.4913662713248492,0.5407372273558826,0.4215861569830159,177.1562750266757
1295.920997505928,6694.0878514891265,4656.88910220506,0.6756146276341785,0.932608477250271,0.17947342835909685,202.45135082397485
2852.650368950166,3462.5725841130325,3423.876211253693,0.09657968049575257,0.07409351078624865,0.005619205776968197,16.23150029872642
1589.8852763082966,7107.61692593252,4066.9220078804237,0.6344041680803755,0.8285913202137595,0.2721092060970116,180.72301472307387
1942.4677220620094,6759.193626211808,4310.30005775873,0.5535409516427309,0.6539133742849341,0.2212290496879755,165.8766894631096
1680.312826299371,5691.773609178811,1271.0835901969072,0.5441418542015641,0.6357447928636878,0.6348959761437248,197.45362231459197
2437.5038852868374,4525.002043974211,4666.947263065102,0.29981994695537817,0.2725047510402076,-0.015442341372220657,70.53532939660164
1878.304273492323,1868.2469311138948,4034.7131599490185,-0.0026844267771861286,-0.0019136324735371851,-0.36701353135491155,5.0
819.3869694552759,7475.988765070575,1396.3154047961593,0.8024472920626942,1.3427812027460904,0.6852417639419696,277.2640154628051
2923.5910338764543,1673.5977573395458,1700.3055991960825,-0.2719038379832057,-0.16262280287605518,-0.00791600678095438,5.0
2274.8094392879884,7959.074538016559,1328.6974267239495,0.5554357574093082,0.6576291364233608,0.7138824182753257,211.03132128932754
860.8213200754153,2555.831077043602,827.2868510423102,0.49610248847712657,0.5487770848319085,0.5109323003908198,194.89647604188212
1202.4776028898655,1033.820598403733,2328.2296937694127,-0.07541794037716175,-0.051110127123466645,-0.3850058691846635,5.0
1329.8126045721733,3639.837173701871,4084.3104715205673,0.4648264307806296,0.49700552170791934,-0.05754334564488416,106.52747607122626
761.9715449340956,2046.0419210965952,4919.683937572448,0.4572878268708335,0.48500353729744955,-0.4125402110803691,63.767442472345834
2545.8839133756032,3661.745969111853,4516.005280715101,0.17975653778980724,0.14730424834929834,-0.1044613959756802,37.992051358400204
1398.8734476269078,2129.767326034293,2002.9607790754187,0.20713184624965442,0.1736253615514568,0.03068349615630582,48.99967678946139
2092.2683094217737,1617.7633543370875,2175.16432746334,-0.12789781812159473,-0.08370245195081794,-0.14695797540613995,5.0
1553.6465020045932,4000.1547499938206,3718.480631019465,0.4405105866308042,0.459074917111454,0.0364927354426846,109.31798838248085
917.460885705718,2048.7815145428003,1094.4094144538947,0.38139857631355384,0.37438401484507533,0.30363160283422846,140.23057603710603
1264.9582778997092,1028.4874543943597,2743.333736384964,-0.10310722424014244,-0.06858809549033751,-0.4546467594296644,5.0
880.2524026577842,3967.328314786361,2419.668995101382,0.6368281605673579,0.834359026957186,0.24231407097146035,195.86834907843095
1380.8331427947344,6139.075696322175,3164.342255711087,0.6327526908495696,0.8246478269514358,0.3197462970736699,208.4042127141848
1119.834717250254,3251.3446545504826,2941.990802529031,0.48762811029063546,0.5344084063284021,0.0499494745788207,128.79368319365224
2243.7877787476023,6410.465812666808,1800.849197109069,0.48146012702601704,0.5241317398218873,0.5613737397126337,197.34389560193543
2654.8371946614966,3570.490257238214,4004.192108627078,0.14708512435762924,0.11738832750335501,-0.05725677069787779,38.57693152674888
684.2341397234898,5987.9192278671035,4260.910221799986,0.7948985575048239,1.3135315087362645,0.16850792711305262,210.4076317159286
1363.2276917103763,7217.642891131799,1248.148516856249,0.6822635468300055,0.9505149632792063,0.7051312849425743,249.4038198760711
845.2317572355582,1558.8632025569443,2858.664066915736,0.29683995722287926,0.26904092071391794,-0.29423720212138305,48.22482079440506
1803.9176010328663,7105.798815493781,2727.1460835359703,0.5950673361535255,0.7392346902999352,0.44530430877778665,210.0135891724046
1417.2446965995964,4374.653317842426,1507.6431960514724,0.5106113079612172,0.5740703319381445,0.48739639603881263,188.15238376860293
598.6407081296484,7052.080275276255,3937.820255609415,0.8435073740501505,1.5156142142116378,0.2833747230587981,249.89328778344688
2242.978216519478,5632.257415600586,4934.883772388502,0.43037178276001886,0.44382912147195247,0.06599454201849259,115.6437356811067
2673.29549400985,2899.8752991671263,3969.5696183989057,0.04065545692481095,0.029906553620604848,-0.15571772274361195,5.0
593.7183771112321,1106.9480245115597,2951.2322152445936,0.3017814937772731,0.27473301038257003,-0.4544608867321753,21.73479442553444
1078.8180725523293,7480.697008601712,2841.8391673984884,0.7479254227142877,1.14691149129563,0.44939128927822347,245.8836665637141
2444.929745341221,7070.580890949263,1354.2160149261172,0.48611696438870083,0.5319002391244244,0.6785166383486451,192.43594963324324
1740.3995119848933,6828.901903744186,3896.9004077136788,0.5938059760420453,0.7365120298884177,0.27335964346695346,193.9253564534787
2372.7155724427676,1514.0246145062158,856.4337076092586,-0.22092831432339177,-0.1362887466395536,0.27741087049895513,5.0
1155.4931921559014,1457.2080381772814,885.4488467161873,0.11548004127032313,0.08989060733438081,0.24406441886731112,65.65839210081356
795.8179259140778,2558.668679750187,3831.905869639907,0.5255202838890168,0.6008700084701317,-0.19923673213576687,112.76967518641263
2489.3643715472103,5152.787729518643,4987.734862452553,0.34851744932575296,0.3314368853131989,0.01627656420592115,100.74458760150642
2301.050048481563,6671.283649146198,1172.4035130784362,0.48707880775020923,0.5335126702927002,0.7010580638464814,203.48266850783662
2390.1614334587794,7006.307943347004,2465.737445381156,0.4912639337485037,0.540576015627366,0.4793653652557252,191.2126307719008
859.8505067586597,5533.219027221759,636.1197992327252,0.73100542624982,1.0925904248566383,0.7937802356058329,267.8470217704008
951.3781023557581,6646.285427489046,2166.2274753493575,0.7495603486536678,1.1522970370143237,0.5083746260602173,242.4799578763441
2774.7620124334508,6296.372137681699,4475.223724292651,0.388221590220372,0.3836854666633436,0.16906950804281065,105.52418959617262
2213.268423400682,7908.547790163363,517.9035695486765,0.5626736591569285,0.6719567712308183,0.8770767081233318,250.79768663746154
1261.3362045623594,2990.8976650433824,3240.5843742253887,0.40674184748795167,0.4094638730760322,-0.04006859163975654,98.65156393023196
2133.520459632502,2715.430622246072,791.1483984986734,0.1200074310232306,0.09375030785491473,0.54876339926027,89.51016678795702
2860.242046008606,1350.7563520212157,1621.6071636599738,-0.35846266157098583,-0.2038390162819282,-0.09112304404179279,5.0
2118.5431334063996,3082.989590360826,4409.404106950527,0.1854158202950816,0.1526481941107395,-0.1770348129048065,22.227982736798673
2543.4916196900585,1602.401731131959,1856.0441328992702,-0.22699326989308918,-0.1395087577765564,-0.07333999480284502,5.0
1516.0115968296814,6457.858887753774,1799.2531782235599,0.619755149003087,0.7942574761526666,0.5641931067111677,229.63285800142967
1070.7663756842487,6917.759412561902,588.2071905243058,0.7319239107606879,1.095487579465069,0.8432694356236307,294.83555588345547
1485.082925884552,4715.774272607372,3159.988155707087,0.5210072160648259,0.5926885783743108,0.19754101661440127,149.8584873962695
2825.537312294496,5271.703421767673,3046.112209731525,0.3020987259130064,0.2751478123889829,0.2675691924861094,109.46289417755709
710.0517154022141,7425.562622843318,1062.3003220307273,0.8254460729592398,1.436549998476144,0.7496895674906927,297.58610430665414
1624.6700263301018,7284.970620819619,2915.535969339919,0.635300661162468,0.8307361246100478,0.4283546716460683,207.15089329859234
927.2366128738095,1317.5949924309757,1008.3061635966333,0.17389205429076027,0.14180381701208544,0.13297591254032431,72.01539044983679
2465.105093556909,1876.5106243033426,2351.6599738631357,-0.1355703745719998,-0.08828136003558772,-0.11237705253744061,5.0
749.2056434024506,6476.475388146331,3976.891601714027,0.7926269813108048,1.3048896163668418,0.23911757700822647,212.9956406495988
1530.9657160538616,5560.552598021765,4032.122527539725,0.5682262532413597,0.683103698386776,0.1593330380020811,157.75581157106
621.077519736646,6916.775383090898,2557.0908259695957,0.8352110267576919,1.4786630061723716,0.4601800849257996,276.83153733324866
715.7221840979889,4716.492187764961,3308.474122899063,0.7364897128605841,1.1098667234100397,0.17545470101468097,206.00344519643866
1390.0270182301447,1402.024852873029,1189.5637769770346,0.0042971388758070135,0.0030785190434518854,0.08198101865661653,6.680439356473602
579.8877267769685,4215.87732504887,1916.3278653499679,0.7581667488338372,1.1810984177246824,0.3749955175870989,242.9177099275762
1833.8106227240212,5503.786901067444,1120.8398618943274,0.5001604770422078,0.55579930163201,0.6616141852725228,193.9770119379911
2915.102722239279,3351.811631184671,4293.021876693319,0.06968483758472138,0.05237968889842186,-0.1231171672235393,13.466869470862212
2746.9494236540636,6135.357709071612,3364.0619684458634,0.3814783968178641,0.37452473230188876,0.29173316206809063,140.5762436016324
2755.444460718299,5194.507992427084,3332.3813061237042,0.3068022791050746,0.2806337346574115,0.21838288511632017,102.04488010156766
2151.374757926287,3931.3891171528717,3774.6198160682834,0.292632493302362,0.26424390730711295,0.02034377359574563,60.65815034786345
848.7107333867398,4941.579860104657,2715.412573753038,0.7068503834007356,1.0196643367100287,0.2907365137540445,202.34534458232073
1611.2886666853396,6847.537999429612,1647.061870872153,0.6190278556127686,0.7925895696924281,0.612209663474179,234.54832839804527
1158.567524959017,3331.6255495696737,3591.0109984759424,0.4839564776075454,0.5282602921327203,-0.03746917046252106,117.0427174187162
1556.2332071306264,1108.1961602805459,1646.9845227925705,-0.1681549723786635,-0.10722082878759179,-0.19555463844044804,5.0
732.1428212205465,1723.5466236984137,2897.800976989878,0.4037170922102763,0.40515710391228354,-0.2540934927427836,55.773661966645285
2084.6324027940045,7129.63802790555,4235.923813015927,0.5475208984267899,0.6422362934676212,0.25460371032571916,160.76048771059877
854.989820804695,6690.4894424133145,776.050179913588,0.773376934356123,1.2340935968828117,0.7921258790379794,276.71760183785
1326.689225119861,2427.8434239378375,1110.7262552943148,0.2932866221848022,0.2649813380849677,0.37221738941625465,129.18681265905957
2651.5309751983978,6160.455709775547,2675.197997119658,0.3981990508635596,0.3974651943039823,0.39445386022107165,141.01805629362022
518.444336219876,5437.649763905327,1167.8671865952383,0.8259113009574736,1.4384792752914421,0.6463964302355062,277.90278396485184
2350.545920153478,6007.000357063885,2819.8115579554687,0.43750334310925476,0.45452790502876844,0.3610804024637867,153.40447097336002
1722.878646157913,6440.812373374124,3078.218906368604,0.5779167432170574,0.702948631884631,0.35324954481535764,195.47319114876495
1343.1110941839888,4971.391814709811,1336.4771150315682,0.5745948291259627,0.6960832755815038,0.5762508288597274,225.69556495308058
2297.9220361938887,6190.8032111367875,2764.647719170865,0.4585943190596775,0.48711344640482274,0.38257766339697247,154.1015270610169
2489.2377698192686,1893.6658138315813,3543.546964345726,-0.1358852515198852,-0.08846831328579809,-0.30344244698913264,5.0
2553.8766922741743,1999.5518603410767,2108.5309372535257,-0.12173790044273002,-0.07999463851916247,-0.026527965052148262,5.0
1805.9996027545205,1049.2701247352784,4368.437062708917,-0.2650290690468285,-0.1591604476887865,-0.6126515927352665,5.0
2477.6268478998004,2848.301538694862,4180.783403182702,0.06959813647859965,0.05231066615721001,-0.1895669031341012,5.0
636.5431324646488,4291.169406974042,3524.2180068731477,0.7416476193605317,1.1263818724659207,0.09813351013717987,195.18048179921254
1140.34184145216,3577.36146022238,3986.774369281334,0.5165690723680388,0.5846744590678427,-0.05412553637758911,124.77322804484048
2909.3978350699863,7790.076593666772,2164.7656983137363,0.45616060776144746,0.4832840671772246,0.5650828742228925,180.2798828086651
1760.617789358582,7090.797774793394,1595.263350250967,0.6021839045067244,0.7547476173975319,0.632684290934192,222.60749668215144
1305.023660618548,2063.3082120213116,1146.3426458077456,0.22512168629730425,0.19159340285086104,0.28569012847337943,90.58082785383633
815.1840082634644,3494.7044550086157,3083.611902181988,0.6217145684761263,0.7987306629449309,0.06249206186546193,160.39684620821527
591.3741458178222,6511.549565473777,1400.297578156937,0.8334843030076615,1.4711003824644115,0.6460251182665395,283.2840856874969
1635.7983424912752,2331.102037586781,1674.266418506839,0.17527631861190024,0.1431032089934438,0.16398881304332133,65.69179297005667
1421.5685824621905,1520.8590819166552,2643.813791532269,0.033744414730304255,0.02469600701147481,-0.2696381548969089,5.0
667.2288307012324,1706.2686760636625,1212.728983338959,0.43776740525878477,0.4548700072493745,0.16907848177467494,139.09979044242408
1614.6591382716897,3703.2549464557123,4021.574700745673,0.39274718893814875,0.3898900635340962,-0.04120734938977933,98.83214644622498
2203.112432378568,4247.798593813584,3561.0526440501044,0.31696083744081555,0.292641949327529,0.08794455532020255,86.87789659679521
783.9898136144511,7963.611275799526,4626.836364412893,0.8207531856994296,1.4168198753869277,0.2650243268924243,233.9382586444265
2239.025873697819,6822.262185435781,629.6438612192753,0.5058040624381593,0.5656244593015513,0.8310113257755284,226.65443153004895
2465.8680173537723,3033.5281007875683,4512.886378827674,0.1032222577053476,0.07959457124181482,-0.19603459124067313,6.873451075307258
2033.9488805335818,4321.324800410785,3308.893868831118,0.35991776819552973,0.346026475994456,0.13268701400762997,91.30055384914549
2795.132761887291,7245.416275664781,803.7788333104597,0.44323109191439763,0.46323896346027327,0.8002834263976656,205.48797978834847
1108.4994798920357,1678.410477534194,2058.5890935934026,0.204495662272486,0.17103335203981232,-0.10173365255237654,33.15098232980165
1615.04921582117,1367.9015903714055,2744.613910408325,-0.08285340303093004,-0.055869252535487204,-0.33476161231274,5.0
2484.747368537145,4845.284459514024,2097.1638157581774,0.3220364039377489,0.29873003454522684,0.39584315711048695,116.12101955037386
2972.272463674287,2427.3435708288007,1293.572840302917,-0.10091993379946221,-0.0672354006300893,0.30470201556512394,5.0355422142229145
718.9453032152966,7980.057439668592,2621.1679661169974,0.834706270389264,1.4764684897720324,0.5054971730080844,257.6594578035264
2874.9770311377893,1147.9779072797774,2816.2168990568607,-0.42928622116459564,-0.23466141276090574,-0.4208266931508084,5.0
2651.2819813215383,7878.958656498714,4126.801887270272,0.4964441796235014,0.5494107820162293,0.3125297023238806,166.66392628173548
1436.0899628107718,4848.838009441903,3265.448320395492,0.5430051165510671,0.6335683026250439,0.195136038400435,147.94273515133193
1515.2420640267774,1458.2191797556925,2276.0706573293396,-0.019177275093510263,-0.0135116717276332,-0.21901124793062304,5.0
2659.5213740347294,2818.1320211720476,4333.615640153696,0.028955948042852543,0.021118508810532913,-0.21190395558346845,5.0
1445.4472034310747,2648.6856365586195,4471.833557768525,0.2938933541874719,0.26567727308411965,-0.25604143057522405,36.516581299816536
2731.0276106298834,4232.7163130085755,1715.182569051857,0.2156438718353154,0.18206805258017075,0.4232643818351777,104.62596958908205
2098.76864370986,5269.489275021628,1047.8991015517809,0.43032161276831554,0.4437528241798936,0.6682492702928319,199.64106514472306
2211.7552817814985,4977.576707402115,2711.2843608501953,0.3847118799628529,0.37889815837659324,0.2947500710625145,117.33541657168493
1654.4398491301174,1902.736125675041,2031.8676551919643,0.06980151621223134,0.052470076375007474,-0.03281944934634544,27.832646438468913
600.4944508910783,3113.3897326913416,4611.105558462458,0.6766218753487617,0.9352247811247227,-0.1938917390877861,131.01490486854715
977.8954554709899,5272.425790162461,2420.6463539568367,0.6870895375185062,0.9636944618085396,0.3706944875091122,203.45466464419437
648.2779203572298,4839.19729426053,3312.128687524741,0.7637245197892891,1.2001673170323115,0.1873399015032394,205.0525672293739
2766.8563546810487,3024.8327307672043,3535.4703319983987,0.04454251121486898,0.03285993263318388,-0.07783750175378167,5.0
2520.4118401330534,5634.382592817128,4132.6037962142655,0.38185766396758425,0.37503525263822113,0.15376071355394155,115.76710379973835
2506.2676289989467,2950.834105695535,4379.439363001284,0.08146567504664852,0.06178158959781195,-0.19489112694247626,5.0
1854.1272993543919,6762.566931381097,1714.2869698219479,0.5696430092585629,0.6859834641360419,0.5955369786716689,220.282211187859
2346.3120178848017,5151.0745769970445,4081.1688548474426,0.37409869735846873,0.36463472899294297,0.11588794532251194,99.71158990852544
833.1647506321733,4033.5716453006057,2913.480099970115,0.6576084327652227,0.8856992265085918,0.16123264749420818,194.70731672886342
1488.9995896542796,4446.877948422978,1571.8929033643917,0.49830515189983277,0.5525903976961487,0.4776697959396716,187.9322729135808
2725.7364775253195,1375.3312002105035,3021.1036611639215,-0.3292813928228285,-0.19040442061625967,-0.37434250989097323,5.0
1133.1585959604877,1318.630744298136,1100.0461334369859,0.07564766891532224,0.05711346545053367,0.09037363063372972,28.420024141097258
668.9760070880436,6413.260752416493,2493.537626283041,0.8110834104505745,1.3771145975544477,0.4400821663446795,249.70012483075573
1194.0768833424263,4387.376587857891,4819.949820013726,0.5721269057281245,0.6910206252994694,-0.04698141598836272,128.23238913047402
686.7451539445115,5762.558653640923,3590.3106026786786,0.7870327790946043,1.2838421465647962,0.2322547221818836,225.3004280709808
2158.1257385745985,5951.233783492488,2307.3098288470956,0.46774446664109387,0.5017076358366899,0.4412308180778457,174.00236490949158
1291.8436326288656,5477.452808198224,3253.894914817491,0.6183226294695446,0.7909604586537258,0.2546637659687749,170.4278994003957
1172.8156777182023,2598.7130141847756,1187.4416906711608,0.3780688024857761,0.3699168505460843,0.3727452872781036,133.35462879952075
2844.082172465539,7765.2501255755915,3581.46248196682,0.4638527491079553,0.4954712713718227,0.368722447456631,148.11055585641373
2480.1944370365204,5122.723738222266,3129.9399329870075,0.34756776804956624,0.3302354141379359,0.2414715883728461,128.84551174561508
1413.1826267419706,5357.550714619321,2797.7406078723257,0.5825614284939116,0.7126154174742116,0.3138833433666997,193.38845787647878
2971.1588423577186,5349.784446948392,1295.1294265743377,0.2858600908098688,0.256563610283179,0.6101892510480851,143.2023586629571
1587.7644955775204,4952.6190079933185,2580.6006438251507,0.5144735794260722,0.5809403741777593,0.3148744459191103,156.56191101634485
1867.0217154135769,5303.749017500731,1019.7303127714783,0.4792688860951977,0.5204992472454899,0.6774780908262031,192.11136601109186
2486.560316465353,1726.565185505582,4106.992669472958,-0.1803874891511899,-0.11413444762376602,-0.4080575769944216,5.0
1175.9038027880954,2532.7013943096513,3071.8326175895827,0.3658511809824075,0.3537334488690114,-0.09619554846827275,68.76248092035804
2316.439151303146,2133.4890436177025,1752.8572436692098,-0.04111304713931111,-0.028526896604739817,0.09794078337683951,5.0
2606.791752983212,1077.371875735656,3573.2107798258835,-0.41513353666223113,-0.22869320548634414,-0.5366723028928065,5.0
2785.033165948324,7975.666466529505,4367.415702979008,0.4823694998820056,0.5256472625620371,0.29232980172259876,155.12258405616606
1225.204781099249,4329.399937986229,740.7608846834161,0.5588507757648703,0.6643327006550275,0.7077959019661733,230.9226634099125
1465.1225325605824,1269.6361889853722,2347.1255013631026,-0.0714821172206446,-0.04857348370007051,-0.29791548471527823,5.0
506.60939643753386,3938.274255368027,3283.9768604648657,0.7720482979941364,1.2292946580581467,0.09059466145924931,214.64949325400573
2007.184494284719,5080.236242896345,3115.6761944244577,0.43359239730987137,0.4486378997396343,0.23969998011281718,127.53454520088866
1896.6800984619556,4065.3839725056127,3808.373444559363,0.36375051456432156,0.351003277345349,0.032641407945409054,89.07714751692743
2812.009376138714,6099.858532308936,1265.918509127272,0.3689292962572647,0.3577962555413642,0.6562702068406422,177.05427432991337
2172.4834536373614,7712.237577842339,1143.278865094282,0.560436061473276,0.6675001443736786,0.741792842273567,240.96160634614523
2060.7242916388177,1961.4275648021353,3494.45588813876,-0.02468746341662465,-0.01732712674654542,-0.2809862667116335,5.0
1605.8858511112448,7812.855852520328,2379.787184812611,0.6590020404059777,0.8892929664003358,0.5330382558552079,236.98759105099734
2840.830904772273,6342.776950187643,1156.7917462885634,0.38132573824378846,0.3743192979490881,0.6915044602023972,186.6951248627794
1029.2609825668892,6693.538029847686,4262.615765774476,0.7334487194917146,1.1002780319761871,0.22187734027818004,223.43688399597266
2086.222269855404,2298.658954659133,3088.043263838042,0.04844753458032397,0.03584342162313846,-0.1465431495956341,5.0
2058.5768693432483,5984.262100673966,1416.1448162210202,0.48809695748940485,0.5352217464813185,0.617279203040409,193.50188807388747
514.7608121285111,1351.2903496534877,1595.1622601359213,0.448288639780829,0.4709281746570091,-0.08276797311771317,105.62932321712836
1477.8369573645434,7129.708141761688,4201.444893891117,0.6566182481360753,0.8832301871406877,0.258425884673743,202.42299265423054
2209.6922049620057,7274.846255951478,824.4562445199763,0.5340432822671679,0.6166789444149783,0.796413025721612,226.2448525684045
660.3408552094884,3233.7138580205055,1623.5581740256193,0.6608466474308061,0.8939346887415314,0.33149382473131006,209.7185353647539
1064.4052385790496,5013.991609299972,2808.2018432892078,0.6497743515133115,0.8660292571804937,0.28199120605981015,197.2373593121903
959.5583002349471,2084.203822447416,3752.5333523395643,0.36949192365002076,0.35850743780421523,-0.28583256015244574,62.23140377054966
2422.0188884345534,5809.66160207176,748.9719632689712,0.4115371967039627,0.4163201339109375,0.7716073153979095,198.79815546868446
1208.7816378013113,3871.1953769420434,1193.0222900286608,0.524099564011736,0.5983013960097542,0.5288424120969034,187.74548973898007
1545.0514268106792,4132.030857924086,2861.7297785391256,0.45568820406459604,0.48252516598346806,0.18163347950177008,123.77636767278568
2810.8334195302923,5133.4053933018295,1217.32718880004,0.29235928428128166,0.2639357607226044,0.6166340895728711,142.51536611340342
2325.716068370523,5119.955042588859,1272.6322494147116,0.37528369601635714,0.3662126002808761,0.6018412603273932,155.66332642910845
1786.7560620507488,2162.3061165301992,3877.9108566268,0.09509854173005239,0.07287229233144286,-0.28403031669835643,5.0
1087.575605853317,6299.199471658038,2086.7065744299075,0.705534392263506,1.0158593528173916,0.5023300849752476,245.65158003673645
792.8114804820084,2053.0418190855407,3074.4555153264737,0.4428303940867944,0.46257776446753895,-0.1992031647070292,77.26838784754442
2206.735771186487,3745.189346928493,4794.607215948001,0.2584799951197581,0.22642159346454654,-0.12288558177820841,60.75498795755101
2734.7640195483514,6310.009921319533,2490.3903180259376,0.3952830579017034,0.393409967591786,0.4340279417954803,136.46017713847723
2957.176974736906,7629.704323846987,3442.4032671953064,0.4413506883555718,0.4603699069924428,0.37818464297268595,145.8038207161784
2187.479263367265,7737.225203133601,1700.8567924047654,0.5591850072653916,0.6650193081795842,0.6395757541567039,214.49689938490056
2651.765423887185,2339.585982490047,4396.070880275021,-0.06254407191922727,-0.042761545638767065,-0.3053131920730667,5.0
1172.180822939924,4975.419273010001,1450.9749741834225,0.6186541723748457,0.7917142921473641,0.5484326299802356,219.052710419873
1610.6307536484312,7882.491023822728,4691.323054687806,0.6606741614120916,0.8935661057232429,0.2537947474772226,207.31208126311543
2504.797680617686,5679.1915824856205,1401.6243072210991,0.387878551575268,0.3832147043948799,0.6041065523082803,182.0162018370708
2827.060768310214,4513.376774576956,3201.0634418947147,0.22972963071813624,0.19629560836084575,0.1701112842523704,83.22674565135088
2344.293973446862,2628.0846626707125,638.7719434213857,0.0570734270124611,0.04249674520359874,0.6089378746929631,95.7444918987038
1834.9308197383748,3657.6497820600425,3852.1821541567883,0.33185110863789774,0.3106575193845144,-0.02590369181668267,75.8096774075439
986.2396407319827,2251.761537047672,1122.8137879530311,0.39083429141697906,0.3872371521283203,0.3345451323596875,132.15890040914178
2854.398923501453,2143.6717802760368,1991.16802376273,-0.14220029791616504,-0.09220133025552342,0.03688262755124488,5.0
1741.1612529669428,6033.64698449832,1016.8795405499463,0.5521018139450226,0.6511021312463607,0.7115450775787963,231.7146556519045
1226.6669432930678,7591.6069733147615,2749.2874654497277,0.7217897844285084,1.0641855522024595,0.4682689235511929,249.85322670341125
2045.4488815670268,6223.834974136173,4364.401445814619,0.5052899579909917,0.5647222203202996,0.17561314787440133,150.19495820601148
2750.923324702281,4354.653950571657,2310.916292954259,0.2257002581935678,0.1921906571659298,0.30661107491828066,98.98829501225615
928.5965586282181,1463.9626638147665,3541.507733262406,0.22376294803525743,0.1902092334561687,-0.41505491077236584,9.50060075191957
535.1497433262147,6909.392923674561,3055.3433126195523,0.8562303239589253,1.5744639045410678,0.38676885361308483,254.06386166671388
1502.3463389566023,2618.9091324881465,4872.468183968981,0.27092782793909004,0.23993553920465216,-0.3008203906949627,37.65952150348809
1213.784466203157,6136.938945111704,4101.629906602337,0.6697510167041052,0.9170859907620188,0.19878843105790586,204.2179595761751
2587.4042715140754,3497.829438235078,3556.206766478496,0.149612194041586,0.11964634384325769,-0.008275734138723817,39.907245720603854
1975.8082571426037,1527.2205618165276,1870.4765622549223,-0.12805709526857664,-0.08379760619528365,-0.10102607377965639,5.0
2051.203207186806,6413.720868712477,1313.2169142333914,0.5153640625591611,0.5825408098021203,0.6600938298062032,209.12816426759326
2072.1002129017133,2145.5019235934997,1000.1775064859237,0.017403659306607516,0.012586801410173942,0.3640944483381652,60.955385201581734
2475.1849597412975,5868.52499249199,3708.2798590894895,0.40669439035758104,0.4094155504329795,0.22557054953669592,129.38211853892687
2150.5990327799645,7882.9026258665235,2034.1697567566723,0.5713163547020857,0.6893932013580935,0.5897640596803853,200.90714238985254
686.5519689087955,3090.5283207789043,3093.677666059584,0.6364641910835347,0.8334591764341809,-0.0005092562063542525,173.69742936306312
1152.9250881040557,6332.0128816771685,2339.7054601489945,0.6919346310938843,0.9771448264506792,0.4603825059459966,229.6954671459793
1784.4790758821073,7322.936980003955,4408.689409665445,0.6081261545017759,0.7679157873727082,0.24840951060769542,182.58090339719175
766.3486663691724,5610.770153984187,603.353589123541,0.7596567702947277,1.1862112865479575,0.8058121741796196,272.3349203155
2334.1363699876215,4636.927103160834,2697.3956886551214,0.33033564271978,0.3088052072354269,0.26444587582176005,128.3616644554361
2789.6762845571266,6372.287707538738,2770.7789857829002,0.39103094333063754,0.3875381721259239,0.3939059882383422,142.51313912032572
2872.723021942033,7235.994665773418,4875.933708581266,0.43163453349797143,0.4457169442294312,0.19485426961361474,117.97452742536721
1958.2376611879295,6078.509283125155,2289.614599021494,0.5126790292109555,0.5777506570223843,0.45277707847209003,190.85465988743707
787.8571747536216,7459.029421109711,3837.3307214062133,0.8089322155701086,1.368482365983501,0.3206075809987645,251.71658591039426
2009.6131657088608,5122.031164768458,2703.90932798258,0.4364236148628658,0.4528942590631595,0.30898801731456205,138.457035451251
2019.3851301913955,1796.0058722915917,3042.748864243472,-0.058546884892239304,-0.040137672322108575,-0.2576578189178876,5.0
2614.082325669789,3798.655490290373,4463.0868814472315,0.184721907932626,0.1519919009046828,-0.08042267129381485,37.20922227831163
1107.7173406947654,1980.1402169177538,2821.133800119735,0.2825333939998832,0.25280455306967553,-0.17516050532473787,60.1143724502092
1187.6722411998514,2351.7508957532464,732.9305472846453,0.32888937241524596,0.30702213818666213,0.5247933628924555,138.13794168339774
1626.929349337185,7570.292607884095,4036.7337471712276,0.6462128766213163,0.8572388333512194,0.3044327420579543,191.86838997710686
1331.3320567702472,4229.502932672494,4608.76372232967,0.52117548549512,0.5929885004409653,-0.04291121827599704,120.10754875548598
868.6852894255696,2080.9982497971428,3156.2130757227706,0.4109976354548322,0.4155109268437718,-0.2053029291525839,80.33035032146051
1548.9305646729813,2265.6552084096097,1271.7952303100412,0.1878905564547178,0.15499780513978328,0.28095375328518624,70.3496390438428
960.9469812083994,6122.378179493896,573.8721097073432,0.7286734803863046,1.085332055122442,0.8285989664851381,280.7806049036169
1570.7078660173966,7467.819936792253,2265.2024965514624,0.6524416585065194,0.8727118681857281,0.5345325643022208,223.68274684278344
2680.300895200015,7914.561095654935,4117.577025651077,0.4940376009124877,0.5452952730963666,0.3155701863964432,173.66280456509995
2689.295411994319,3280.288127314505,614.3984426759343,0.09900066082157757,0.07609193887746427,0.6844940243703926,103.50993138108858
2040.1772248259965,1178.5295394374793,974.1384356002254,-0.2676999640624252,-0.16050849849817303,0.09494780714556138,5.0
1870.0505123497012,2492.862817420616,4274.963287074375,0.1427514731219634,0.11353448507139563,-0.2633194827814534,5.0
989.642756116587,5893.004970576011,4604.708916809589,0.7124238241528124,1.036050458214943,0.12272158180951756,182.815349005095
2644.6141493376663,7998.705407941893,2792.713959766236,0.5030471207114342,0.560816577599827,0.4824195289149327,178.59248104495484
1993.6859645744496,2490.5641157041,1114.08456490957,0.11080518305704762,0.0859431913635597,0.3818623317760693,77.64184066605343
527.6228796581157,7214.804439562631,4570.531829228658,0.8637060812233566,1.610353679122809,0.22436972096518729,233.56580481132448
1770.593100868169,3970.7573413449422,3454.8540538718826,0.38321371639621865,0.3768613588999158,0.06947620336500511,115.62288434829463
1657.275942120294,3716.5996587443706,652.2423915444136,0.38321015765782107,0.37685477462961425,0.701411777131194,178.75115468519962
2136.683419339723,3307.1728722469634,1442.9171380249172,0.21501108589166562,0.1814344016758514,0.3924674542583824,106.43664737536207
2799.470848304071,3838.4628581177667,4299.216079547074,0.15652340857999297,0.12586953773308124,-0.05661973455847636,19.393325207194735
1619.8327880335246,3591.3086058935423,2724.3982176671584,0.3783193869541146,0.3702634280370707,0.13726260770292853,96.48191666489446
1525.652056944592,3822.98202566395,4267.610549731682,0.42951713144104775,0.44254674596949506,-0.054956237119755516,113.10957474282938
1019.4788423854895,3255.085951540276,916.9886338363337,0.5230022742452337,0.596291712083318,0.5604159919237082,194.43399675739334
635.2754284655387,5374.562720435076,4105.118172728406,0.7885881738841688,1.2896419485495445,0.1339121603226382,200.07026003602792
953.3214315183245,1072.6995267057216,2998.689620665136,0.058922438410073594,0.04393016998880284,-0.4730547790377857,5.0
2591.045758638885,7836.712137923638,2167.5415838397976,0.5030483475753614,0.5608182266865714,0.5666760071452754,184.75070653486233
2137.2869075016847,3654.4811813508177,797.4145546572258,0.2619570138706591,0.2301680348632518,0.6417640473794477,130.42617775350638
1085.2332568702304,7563.399016790805,4383.301765908812,0.7490393341037815,1.1505858323457412,0.2661904159532479,228.9334727365734
1253.3603359322976,4165.229189255096,2624.788702320632,0.537385022292256,0.6229187441788304,0.22686839877385245,151.4753570451196
2181.969747108886,6216.653836483098,3779.518335526615,0.4803982520155083,0.522371096254102,0.2438068751493597,145.3636865350279
1043.728892265016,6030.791770344075,3792.1999718024563,0.7049329721704272,1.0141117407741438,0.22789307545773688,213.26239855196653
2458.47799544167,3160.6633900293177,537.8272219181295,0.12496311202958431,0.0980019769917399,0.7091639381020262,101.36524900373264
2422.157289973616,3244.631309008279,2940.4657454916337,0.14513935089043034,0.11565522219508045,0.049177169054473474,40.214831838091676
925.6087200914903,5493.747212309742,1427.720477740123,0.711619442762051,1.0336652106561453,0.5874515227207359,252.42821937784367
2523.1951669797854,5943.42182897713,3732.9414961863185,0.40396614884394166,0.4055554821035817,0.22844122923888158,139.71220511829233
1511.6366105628776,7504.2435011794605,1455.662112349794,0.6646724241759938,0.9038588316560491,0.6750719984171902,242.8629938337184
2643.923589293109,7819.246196634602,4795.732991570699,0.4946228258483719,0.5462938050511869,0.23967643225691077,157.0063373484417
1205.4855870571032,2556.4457505078353,4923.599648125786,0.3591134557937153,0.3449720602177148,-0.31646250405564325,47.198717409781835
2927.8237207577645,6157.60015299822,607.4068992453252,0.3554899008305433,0.3403269319655492,0.8204268244024674,188.3246375741443
1891.6553434391017,5416.29371624228,3871.541489322005,0.48230198972877714,0.5255249764787994,0.16631994351369453,135.36712045649455
1496.7058549411568,3574.334108410973,3815.8399077577183,0.40970457106923064,0.41368659080231046,-0.03267931158125428,111.72482500323429
2479.840446177015,4938.564714248116,3277.251873328711,0.33143569467682743,0.3101535112337369,0.2022090954694965,107.52526190203629
1983.8413768925175,4445.179073419464,522.426133485518,0.38284801163210747,0.37636911612509616,0.7896668063902589,198.80541327243583
2833.758139628453,1294.8448710805071,1209.1518675479888,-0.37274430701704614,-0.210252508093586,0.03422249006012369,5.0
1493.568213327532,2002.4951017827034,4942.391298955085,0.14557141631559747,0.11603541415790354,-0.42331811164495714,5.0
1148.871995460208,6352.5798179711965,2974.735774754026,0.6936934277842082,0.9820679693946313,0.3621453578229466,222.62981387651806
1664.433935186568,3072.9012096566826,3572.5231179281313,0.29731214514260546,0.2696042943588186,-0.07518284515292141,76.47203630397746
1072.5697723544836,2325.689258887373,1143.581303925117,0.36875337478502845,0.35753939058772555,0.34073674370995166,127.78674082717778
1556.7006578458816,3660.2703567442177,2371.3469005100615,0.40321667354718826,0.40448676237439474,0.21369450365410075,139.21332550863028
1348.3614570181035,5258.263250499942,2022.1613981906003,0.5918153317291852,0.7322225012357659,0.4444935574529837,208.87183889430554
2443.926969871678,4053.937805140158,4168.702357260903,0.24777536787348303,0.21502936501015743,-0.013957141482557101,60.43626326397592
2877.2672430294724,5627.6319821823445,877.7952406425429,0.3233859292155208,0.3003600004812067,0.7301344828122017,160.0419533037154
2633.7899261722578,6691.298108339908,2569.447901216694,0.4351174130169805,0.4509336950803777,0.44508835491488413,153.8954164192856
1336.6320003681026,4695.120574946716,1341.9018065461664,0.5568014490127723,0.6602924788528899,0.5554424939892133,199.61693788210607
618.6153808307274,3914.905891978165,1506.5177825645949,0.7270927634531686,1.0803828527252368,0.44423536206519726,231.33649348744967
1229.6780949686686,7807.273849007336,744.0179983093542,0.7278555639211306,1.0828143427556862,0.825986994244428,294.97900522861914
1789.6136533239771,2432.2186177157573,4756.396110279944,0.15220997021781546,0.12197437877432463,-0.3233136814509588,5.0
1694.6346896727746,5647.04641424665,3811.6568159702297,0.5383524111290384,0.6247546902236899,0.19404241294081642,159.01766072805515
2006.1119240099576,3947.3410393548716,3811.83963306721,0.3260677672208707,0.3036014368482657,0.01746336526893897,89.70298165849826
521.1175991797949,1945.9083584782134,758.6842756097038,0.5775337524512567,0.7020591103012153,0.4389659527524066,187.71247785997141
957.1867904901999,6855.137165081052,3925.2362499232813,0.7549546597629063,1.1702971749700204,0.2717810229846117,218.8553104189672
2080.1968965297015,1402.4139354892152,4981.570248369849,-0.19461920769738922,-0.12203865969440413,-0.5606461747460687,5.0
2454.77963843083,1110.2415331431632,2586.1327610925646,-0.3771472987681843,-0.21220722063246839,-0.3992807843761071,5.0
1380.9431722279405,7644.001029289441,4025.8538984793713,0.6939719201050029,0.9828622656607113,0.31004216872401086,202.3734709272728
2467.107603836587,1229.6544716204467,1945.1198048528488,-0.3347397280709263,-0.19295047259637904,-0.22535943367974456,5.0
2368.2980473674465,7568.45110434397,2657.0798237802774,0.5233253830864364,0.5969162839211367,0.48030476995333093,183.65482012423496
1013.2570811026008,3004.6772805843934,1362.807669556313,0.4956328351143173,0.5479834969626537,0.37593022744113963,171.2333285850687
872.6130034966036,7888.926546500089,4407.922734168546,0.8008082942689365,1.3363791181831084,0.2830809529007404,248.3314220154202
2682.9622087213506,2026.2614967298575,3655.0493023003883,-0.13944988663245556,-0.09057923489300135,-0.28669225516791996,5.0
2225.3386344758865,4826.128254373914,609.0684137486818,0.36882958688237216,0.3576608615494759,0.7758798986212201,193.14979165644192
923.7908793278383,2369.9385877119976,4896.711741956764,0.4390608647178271,0.4568503535444027,-0.3477218579763729,82.16121388838431
592.1882260113957,7656.003091461666,2922.130342188967,0.8564077374914665,1.57531922537781,0.4475149399955594,277.6000236284834
612.2271260666249,4739.130263330688,4644.8099484037275,0.7711880998024054,1.2262752009141993,0.010051248493566005,183.8279161346439
1218.2316728034234,4615.545040771882,2279.727378991696,0.5823523138073652,0.7121691812559949,0.3387563999279261,186.67902334206022
1717.9057642491275,4861.017597701295,2624.2750860648503,0.47775474193129813,0.5180002210188489,0.2988183102296854,149.0636777229783
2501.0197189241976,7792.114690345528,3995.1971910343,0.5140411812889832,0.5801834397804522,0.32211903249858187,168.08529178685347
2262.440237951891,1106.6812119421768,794.4128582770123,-0.34304463132458735,-0.19679431081433243,0.16425718137393583,5.0
1825.8333377514907,1352.4292711142348,4444.605209267318,-0.14895058236149222,-0.09615444326610234,-0.5334065112229854,5.0
2927.677726765595,3036.09631932697,2049.684544284478,0.018179527209658607,0.013155576433301413,0.1939548323653252,38.09134437751374
2704.8843919473056,1864.5939025047842,1119.2744235920577,-0.18389199709709653,-0.11609493250011291,0.24978296533543287,5.0
1434.7573176144763,1090.3785066158073,1577.01346951841,-0.13638031172729603,-0.08875813546763126,-0.1824384893837132,5.0
654.9722414820567,1652.5013606562648,4099.881061948998,0.4323035885730179,0.44665471138692786,-0.4254549717087231,51.71915190079087
802.955243753755,7924.835271048679,2205.4318588518,0.8160003398798508,1.3971520250553737,0.5645856459945574,284.2188785896832
1106.9541799596404,7288.285962740732,805.3377805491043,0.7362900497157837,1.1092755155968292,0.8009945096305516,273.951833485106
1783.4306383427024,7649.681090135407,3798.64140492046,0.6218786143983536,0.7991615942149793,0.3363846263539215,194.26116630857027
1966.072708136596,7185.2348277677975,1239.0575725228578,0.5703187329880385,0.6873587624436521,0.7058369975778557,225.1654423408992
1251.784898331664,7768.8013090984805,4048.3045181324205,0.7224604100204011,1.0662301377066508,0.31483993162503837,208.30597615227805
2464.9217890265068,3674.599728702041,709.7245729555123,0.19703130545033906,0.16377868844584656,0.6762444908442042,140.55557246987712
647.9485792643528,6117.097888713688,2844.162872382285,0.8084422382800764,1.3664962129232419,0.36523153418045246,240.06005148346117
1381.276783575142,6253.662878404717,631.9638541489932,0.6381695612415514,0.8376216613655434,0.8164396999420754,257.5898069119238
2714.512092198946,3859.4187209173456,1422.083019987108,0.17415860633335628,0.14206565635662705,0.46148535398406587,87.98167181227895
2138.79187482864,6534.619876884657,1799.8519128019532,0.5068164786113,0.5673977400437729,0.5680945455204,191.67703736526863
1882.4349663824792,4971.15272673234,2615.7310918691323,0.45067166252241064,0.4746976781024676,0.3104596947666103,163.89564813111667
2584.718269017269,3927.639045462583,3574.8502462042443,0.20621116308424842,0.17272782883340776,0.047022899399958594,42.55222773042687
1156.8898310002505,4137.754190928999,2603.1889299366626,0.5629961801057197,0.6725720425652892,0.22764845115139046,178.12990885832252
1388.9687163189951,5454.689882799945,1113.3246981279374,0.5940859128201236,0.7371044134151726,0.6609859236027616,224.24178763996736
2005.2121008176925,3772.458766094014,1494.114425815929,0.30587527494709627,0.27954392640279424,0.43260470458196165,119.92845265412349
718.759193982975,7489.499730574431,2851.3874879414343,0.8248692686228424,1.4341076520287965,0.448521692981982,251.2326575299799
1294.1114395103086,6307.647666431425,2953.910465518443,0.6595231651504034,0.890610307976354,0.36211371270039144,215.0544348102024
1588.5134845747534,3437.341678467811,1522.428936946471,0.3678634050420876,0.3563821329834539,0.38608897257949126,141.1843399227115
2796.493051611606,6263.934164913512,4705.2553092919,0.38270172366651906,0.3761778871697142,0.14209608277300945,117.643006545809
1957.4540567075924,6211.105804560609,1798.2662874716402,0.5207345994367097,0.5922052658446715,0.5509594841932637,194.5956952586771
2134.2718227039786,5169.007193184992,3023.483601370709,0.4155305258724376,0.4220622584624777,0.26188904514585426,147.98512567139278
2396.5357835622926,1699.3144114447805,2445.098738299722,-0.1702262872790644,-0.10840201961537699,-0.17994931965722785,5.0
1309.3544116060875,2855.2458947899668,963.2051602812647,0.37119804280820856,0.36077243923984936,0.4954995380916064,149.6550913943855
2963.4245950739087,5216.0946979135615,2654.608477100099,0.275403727514345,0.24488054868337022,0.3254456639426719,116.58344112477536
758.6297087185671,4317.888424676294,3083.193246992365,0.7011220331988439,1.0030978633182,0.16682631435395662,205.32897488618417
2599.2713651240124,7178.318747004457,760.6621787236685,0.4683206525227633,0.502640839778518,0.8083728412389175,199.87366410505786
2344.533896102511,7704.309100335676,1540.631891428669,0.5333723698936848,0.615429111581316,0.6667081178485701,207.12432367434133
1849.460363611849,3000.4896596782023,3093.1733487173356,0.23732807354748853,0.20410851448447953,-0.015209848148187474,72.02252024535892
2200.734185748006,7196.888782387855,2420.8987293985074,0.5316402470122996,0.6122050076688788,0.49657886979098986,205.7459487416021
2132.8234658884257,5442.107501395829,1906.1957278562209,0.4368731608727737,0.45357391352156323,0.48118751536854104,170.40670500833215
1866.7922714635129,4244.205630077102,1585.8334227175706,0.38903848381705247,0.3847953563081805,0.45597845620420707,139.62556105265463
1677.9442765029432,7640.502848076722,3117.9030597644146,0.6398661162337036,0.8417332763513358,0.4203782443824401,209.51139692234435
585.8476025641786,6593.3650597061815,1595.729972998618,0.8367933558894447,1.4856191622616963,0.610279288021231,279.23566364390354
1767.0654241464738,3568.366141022569,4427.5820071761955,0.3376110619238002,0.3177623816492331,-0.10745640793577736,76.80502746541684
1702.1138167002694,4202.960227300522,1115.5155021752055,0.4235080528274591,0.43367349605635197,0.5805130796092117,187.60172431595848
1459.3213990831584,2284.974486512827,2797.138064455204,0.22050957307764646,0.18693632255394668,-0.10077769287971468,37.10841237666915
2326.820605644836,3868.2272275715072,654.9968632580286,0.24881270704855737,0.21612360909128878,0.7103849597276538,142.32657317088808
2000.766407443182,1725.303468802179,2769.353769348723,-0.07392854877017217,-0.05015383191452074,-0.23228696761397058,5.0
1886.1802167187147,2033.497074447913,4781.808040632075,0.037583925090876026,0.027584165256387558,-0.4032557485503934,5.0
2522.4231003079967,3608.1235573460945,3603.002553611029,0.17709684266173645,0.1448090090155546,0.0007101531238753755,55.075534657299855
1848.941012833549,3471.3651807471747,950.8394155290592,0.3049493973798408,0.27846061272446304,0.5699704095035723,152.55287011727674
2200.8045804136464,5413.132523918984,1698.8219587832866,0.4219010347820571,0.43132483532928223,0.5222629832133203,180.85882024573897
2813.403253226314,1226.702045989631,2176.6245189394076,-0.3927375870999881,-0.21905933223259655,-0.2791158751732857,5.0
2300.1952261078036,4646.58717660312,2260.1434973576797,0.33776672625327797,0.3179606836777725,0.3455243575512642,114.63210592933649
1943.1942330116522,7497.693195392068,4773.214570978713,0.5883450050554446,0.7248329628390727,0.22202747148486754,174.94918198318885
1041.1199033587843,2562.3601422397724,3558.687946041145,0.4221586408718807,0.43167607854947615,-0.1627707852101548,88.45314282166845
2381.004508384222,3670.466732671075,2886.123630853281,0.21308243445422134,0.17951589457172124,0.11962667456878612,72.92011832160694
557.2094088030614,2356.7929709472246,3415.976908912785,0.6175642044879914,0.7891457468524815,-0.18347932791801608,138.77741208320572
1695.9827633722853,3458.4639931840156,1129.4730220783526,0.34193412265399253,0.32314532870654433,0.5076335971593198,146.62286397591174
1386.761345875954,7253.481932317826,4648.382041806637,0.6789994675924559,0.9416856741373398,0.21888167231250402,203.05323197518248
1758.9907434321794,5062.459806222201,2915.146311992634,0.4842766268346137,0.5288121198555087,0.2691676503127367,163.86967241880092
997.6686334874761,2874.5666473580422,2467.1802848556454,0.4847066041338354,0.5295044288171514,0.07626463170117012,136.53539956591456
1092.446668381665,2479.7752454910787,1096.6972012579035,0.3883657315166647,0.3838568555308192,0.3867156994607016,129.09947476474326
2180.6305345663914,7026.645911320368,1913.4463215396775,0.5263245222090134,0.6023957009901831,0.5719403621379614,207.49769364974338
2404.127751793839,3101.489548615399,4854.443312247477,0.12666368885520993,0.09946819320420923,-0.22033290049931675,5.0
950.9059472364763,4091.6692449178286,2967.244264637121,0.6228490755963711,0.8013700916281481,0.15929150833189748,186.7094134096709
1009.8017123831919,7252.3312940427395,4038.8524491397966,0.7555590760943716,1.1723375892623364,0.2846007042050482,227.25837449280664
2664.388740689721,3240.177068692909,4495.971755873682,0.09751577787323797,0.07486517268642395,-0.16232814485556374,12.662286779011428
2012.604325316445,5864.115720726185,4345.994591108583,0.4889740110613448,0.5366990208223422,0.14868802423311972,128.4893576222126
2548.697024425506,4180.90179740733,1689.3507170252242,0.24254117012799062,0.20953550083263758,0.42443678084238495,110.78713589163807
1271.3113781925522,3583.3329279046643,1146.1443468027476,0.4762494229148914,0.515514640942753,0.5153188056575182,190.43351246738797
719.6280249969304,3114.24965336589,1954.2210536666405,0.6245952084644857,0.8054002061217105,0.22887152092263885,189.6835439434225
2211.949425310411,2538.972421668518,3640.769501618532,0.0688335878430046,0.0517059579392836,-0.1782917625766592,5.0
2790.3444248356645,6542.663121607483,4769.484375087348,0.4020481798281409,0.40285603563305405,0.15674996696086843,111.53643530911698
2621.7166368288713,1686.2922464001322,581.979106421145,-0.21713613308765267,-0.1342643097292674,0.48685230632507426,5.0
843.7210797205967,1187.7586910019404,3797.087791176101,0.1693532055156161,0.13759115496040533,-0.5234522485255367,5.0
1120.4118867651273,1911.9690861459808,1259.661866812633,0.2610348785957188,0.2291594759785899,0.20566933189978562,93.60044260120034
2476.5346369805857,6709.641970280497,1064.8770929519537,0.46081275309829106,0.4906278177743422,0.7260596868683389,214.37393381963682
1444.7370553286723,1008.3814566994998,1573.7705472792736,-0.1778779118545429,-0.11272071850122484,-0.2189604211872963,5.0
2825.7728707323918,4009.347949894103,2311.9812034903784,0.17316081310762638,0.14113712331803274,0.2685142167017879,74.14562725989046
764.125472084199,4900.684532788906,2149.92956459653,0.7302202644777224,1.0901244854675918,0.3901440257271049,220.37248133507154
1740.850876691847,4271.227545926038,2136.809172931149,0.42088217932983785,0.4298293553892696,0.33308460396001877,132.27148243685633
1880.092623681748,3565.3913998468856,2961.0758216302656,0.309485578981387,0.2837786718127333,0.09259459331004641,83.1201107619165
1768.6663237396267,4452.37787593368,2299.6574936534057,0.4313924585045696,0.4453442756007134,0.31882540065738674,159.8114309602213
1399.2130158616546,6233.193777903264,1932.2691608028847,0.6333494652508885,0.8260689114381103,0.5267214668486583,210.49200391279084
2695.948483489825,1387.9787469461087,1624.2561156351164,-0.32027253729587785,-0.18616486429353474,-0.07843922515659991,5.0
676.6879444374283,3876.765220351124,2128.4545211284303,0.7027803206491344,1.0078484685666098,0.2911318443279507,206.38543593415818
1117.871560554181,7642.249687584937,1825.1208607002081,0.7447817149416652,1.1366132976963264,0.6144397535305053,267.76872505127415
2411.322273329866,2025.0352390201758,3952.856539269112,-0.08707301725509314,-0.058549739778144434,-0.32249183682581406,5.0
987.2906524328482,6559.065325525095,3706.6732636431702,0.7383397614197413,1.1158001868502025,0.277855512959752,210.43355443209202
781.3585467784626,2107.1417413808394,1613.7433866575675,0.4589866927062854,0.4876861512226849,0.1326024151814602,127.77271106957647
632.4267175197722,7128.5556190981,2506.518925357472,0.8370240542993204,1.4866486557455918,0.4797094897330744,261.91199813499225
1699.764253226461,5136.105587732589,690.4566912288872,0.5026926220001474,0.5601869049313881,0.762996889571237,223.74368331296313
2335.4079208877665,4268.676022113758,1828.800508701019,0.29273826886800475,0.26436591135178394,0.4001451257224544,113.47424620273776
837.9315961227855,4716.002732543032,557.7178236781732,0.6982565702489304,0.9949290368790419,0.7884917040534123,276.85363614150765
687.5256604986839,4329.444888232548,2763.7723974481714,0.7259199932774109,1.0767774381841664,0.220728116383001,196.7682926780074
1015.7095755313873,3650.818723726614,520.3143569006909,0.5646829888612349,0.675941040363732,0.7505165396460101,244.82881164793355
2216.583828704913,1634.9723457842922,521.8035694714368,-0.15100688044534294,-0.09735402967375524,0.516126301264237,21.88353743474395
2782.4140650672593,3705.786801516238,1834.6312076175059,0.1423156827746125,0.11315137274567151,0.3377282346704311,72.94131715754332
770.4874154791762,3655.42903281203,3067.3311759362828,0.6518292087946815,0.8711252661159429,0.08747863058137612,170.45169988914824
1687.2046750571965,7734.869723547381,3656.397208844811,0.6418613133371129,0.8465804271103327,0.35803502266696924,214.46705236052566
2178.7844502470357,6421.136901993948,4874.403765310528,0.4933013079413953,0.5440351995168675,0.13693307669845198,153.36652276223515
1031.1713260452793,6775.191741013446,3989.6140990756357,0.7358126140034352,1.1077534264444993,0.2587671048654967,203.92625768000252
1112.2799571401335,4342.74756055067,1846.3987412153565,0.5922000562493664,0.7330358336959728,0.4033429971141021,204.04104704270054
1201.6892622180658,3921.979542210044,3231.8872897027472,0.5309262529049599,0.6108555987623285,0.09646422957335322,147.2252906582471
2920.2133692082652,7840.734128028607,2437.072590904767,0.45725720338534726,0.4850094602541197,0.5257601825342431,163.70091270132502
1104.3080192450695,3338.702050886518,3915.7028430804926,0.5029009603555482,0.5605295227915817,-0.07953799113064236,113.14217373636727
1569.5290894465272,1274.025826717183,3545.7392974372337,-0.10392036424043904,-0.06909318304139,-0.47133281637811525,5.0
2779.7447033993126,5656.637809714637,2285.216600768362,0.34101027324239064,0.3220002965643482,0.4245130965976399,128.63771285122047
1530.9021679418393,4153.274856026095,3724.856210382796,0.46134606233503944,0.4914606538929521,0.05438074614112835,129.64878742979016
905.2072975661235,7014.9343577299705,4998.620363202106,0.7714163868908753,1.227130958902845,0.16783658469102902,217.35392191399959
1202.1012594529902,2961.483170212599,881.4762581513253,0.4225642448370753,0.43227671329333467,0.5412513325454362,156.455486824748
776.6227012199827,3399.4369604424105,3797.475488146046,0.6280595755545997,0.813510517898272,-0.05530684588589047,136.68990519767956
1681.807092114377,4527.521760903869,3475.741531447241,0.45829665905807887,0.486634474616677,0.1314189213705387,122.04865986829003
949.1426714775357,4474.101577418418,2140.8056194968067,0.6499723677406766,0.8665126843210593,0.35273298447134377,198.8407908034616
1829.807736452322,2718.1035429612293,3812.8146696855756,0.19531951081247406,0.1621220345004595,-0.16761978804708833,41.610608752206105
2068.006797829409,2374.608841081036,3103.941149383951,0.06901385762415574,0.05184816519693068,-0.13312506218600523,14.11092072231923
2111.6839780215028,7710.591857114036,4768.5355714050265,0.5700214464039487,0.6867568766810456,0.23575817318361936,185.15892439771648
2573.6553608504,3659.9420527640045,1702.6495595323418,0.1742632094537981,0.14216272895960727,0.3649900336208017,96.87261223161234
2824.13366660551,7330.67476214946,2342.505424336514,0.4437839597583319,0.46408516562815405,0.5156700527780982,162.92175857235176
1333.0301805514523,6371.760578154796,4002.966776831369,0.6539736840037754,0.8765484051603561,0.22832347492550203,179.52825569841107
1357.7669442360814,3450.204679788442,2234.4344402494044,0.4352017646405489,0.45104170419638684,0.2138693791554307,142.36664360885075
562.7967995390644,1462.0131451587324,619.6775509272226,0.4440991350967397,0.46449102809066867,0.4046401299725504,145.55031279649668
2051.9194614848298,1403.3822077651491,4250.2661176982665,-0.18769338124759488,-0.1182090315083634,-0.5035481065575859,5.0
2036.3689375155832,3799.440966085969,4885.45682829808,0.30211265572242146,0.2751591930731196,-0.12504647582488757,48.26160723626522
1399.073015609329,6012.983208192627,3271.4602509157885,0.6224872090344374,0.800557898732343,0.2952813455169477,183.02270620153408
2800.540139441089,5726.382425859473,2585.4721769777184,0.34312992333033127,0.3246517253794062,0.37788320400019326,118.70196934939986
2492.8492170282025,2122.119730680845,2771.745118502961,-0.08033195682737201,-0.05426300044149626,-0.13274281323844017,5.0
1424.380844569691,6980.356410958861,4955.973261338869,0.6610528558847515,0.8945298573073921,0.16959846158980144,190.97857101953076
2636.4003681066306,3073.7304289634912,3710.3032191443144,0.07658844890289851,0.05786891846437847,-0.0938339670919146,11.771602511417687
1025.5036455532509,6514.377418531324,3042.2643255259895,0.7279788269334596,1.0831821855561672,0.3633193736493375,215.8173941380129
1597.1478335579156,1548.8026351800136,3980.77510985851,-0.015367437867491103,-0.01085658541563857,-0.43981160702927086,5.0
1983.1706386188746,5822.675619996125,1883.2573141828245,0.4918755575858117,0.5416083751573926,0.5112188671963596,190.89314336089288
1766.6404340574315,6215.58343768056,4444.653838058797,0.5573563300846247,0.6613984137451355,0.16612478255863325,165.94497049454904
2386.96622435255,1004.0857562911062,2118.3148279627044,-0.40780279262813196,-0.2255645291384006,-0.3568501354162492,5.0
933.6911462345907,4929.171500322129,1052.1582947981765,0.6814896739483755,0.9483857710131236,0.6481858278469639,262.8832491599805
2367.827282321825,5406.956564459296,2045.227269628252,0.390895662392572,0.38734917630336646,0.4511065976395831,163.2033537816754
2411.578312828694,4557.561047765759,1697.4561972648908,0.3079265062144045,0.2819501848910599,0.4572497145896524,121.59630955054075
1121.6879914056844,7158.964957665835,3194.1687446336146,0.7290822357442244,1.0866156560423066,0.3829561489936787,233.49702972986833
2368.2631941743766,1190.9032429660165,1866.4252148855062,-0.3307965423003684,-0.1911114657696627,-0.220951716837532,5.0
1911.3044117108036,5412.014200625098,1984.7164071045088,0.47802232481588813,0.5184442317128014,0.4633530643221883,188.69621657329145
1457.145650957141,3115.23329088037,3510.7062872252245,0.36263128245758625,0.34953888442701575,-0.05968557238160592,97.72056107158986
1432.9385919467359,7212.40327380626,2977.0105674961833,0.6685062049524442,0.9138340319988556,0.4156659815627853,203.5216307625227
2685.5452494412457,2957.3820987787235,1684.7509686017645,0.04817301951885916,0.03563362347912379,0.2741479211023446,54.322166586205775
834.9502411906766,3424.8176019598545,4609.177402475394,0.6079832177534175,0.7675483114000832,-0.14741853831304141,126.90890131887963
1752.1512034137406,6992.445479054303,2633.9214076772832,0.5992608310395283,0.7483418113384679,0.4527693700238853,189.60622903181547
1215.4903893250257,7967.385637498128,715.1879504360069,0.7352702168379021,1.1060464823113814,0.8352589946723842,275.61499747078494
1976.8542167651826,4097.639727594974,2524.2356181979176,0.3491295785140584,0.33220813512672875,0.23760702625715957,123.06756608599278
2421.9614443083838,2694.860510281146,1155.9696573658816,0.053333703681960644,0.03960194742740035,0.3996257392612947,71.89863742980826
717.2630751607413,1996.4790703605195,1793.6132384444327,0.4713845038076304,0.5075401989548846,0.053525301056988446,124.06878214347466
2347.5500952394614,2200.736358116565,3360.0619980716083,-0.03227891176077719,-0.022535366279009636,-0.20848186995603596,5.0
1083.6382124629663,4465.292426043781,1377.7428488774003,0.6094244879372677,0.7707915506917444,0.5284153580057951,230.39011677726705
765.6439853808079,1914.5006053901698,3860.8693172208355,0.42865471644207975,0.44123224966501984,-0.33701195552400454,58.745224012219644
1968.4020836477075,1375.048103777901,1501.8386695118297,-0.17746756985460282,-0.11249303312196902,-0.04407214314690293,5.0
567.5075809343939,2358.640227638679,4450.247991703156,0.612112840248358,0.7767694267308223,-0.30718785451870284,108.38178922877235
608.3109081760508,7973.001721959993,3044.3009015528874,0.8582242752772149,1.5839588291553128,0.4473600288913752,275.84557116806127
2990.6235284763247,6253.30465981798,858.6475440860788,0.3529539676779697,0.3370810554467941,0.758533938404705,180.50133241124593
2788.644056908615,3194.80658828526,2350.2422734267643,0.06788098630595521,0.05095459133291785,0.15230962535565978,34.17030147079915
942.5228917460977,7419.395903245514,4302.832514694142,0.77456779592313,1.2383573361445315,0.26586782625016303,239.69628173371967
2778.5204454560567,1496.4335457742025,1634.9831043658974,-0.29990659595683383,-0.17641562767321525,-0.04424500921691503,5.0
1193.7178392502508,4420.631086832503,1540.6726269643211,0.5747617915260164,0.6964197351332347,0.48310882948635964,198.0272387793028
2382.6059640218746,1299.6931279048476,2702.3334718470237,-0.2940860611233833,-0.1735845727261681,-0.3504825139539698,5.0
2396.547517695071,2877.812721176293,560.8084304901341,0.09124617614153706,0.06971585285584346,0.6738178437858654,89.14022157570783
2412.053648170692,7567.482093640009,1624.1836034891187,0.5166000281308987,0.5847595724643525,0.6465964587202719,212.5560521481609
1295.4817849125332,3169.1696862140716,4742.2167549754095,0.41967170629089723,0.4280539066657323,-0.19883329935353228,75.67324323684093
2457.259944920252,2260.1901956616775,2119.6857024765827,-0.04177463319039764,-0.028972750381655137,0.03207956033930985,5.0
2372.1860983347688,4702.917328268484,3620.87172295067,0.3294271601515328,0.30769486393592604,0.12999435696046818,86.97961249655108
2199.4657659553786,1063.306755574159,1623.4665975537093,-0.3482188851769497,-0.19917097957464874,-0.20848794004858637,5.0
1784.705471784834,1839.1448717456865,513.1536539563192,0.015022529846746575,0.010845903998849842,0.5637002288346656,84.58955190251322
1357.7570951893492,5287.784083996651,4845.6506551940065,0.5913780205778975,0.7312860881030196,0.043631151740591956,138.7500552276287
729.4662701248279,6547.684515169305,949.0347343229337,0.7995187149347756,1.3313413020732252,0.7468133184364296,291.26779175423167
1438.9885338896665,7468.730098259006,1915.2846854143022,0.6769119920257253,0.9360823994372274,0.5917984509055778,226.2996187985055
2262.237312884273,7703.439506470246,3027.3358784286534,0.5459942452149886,0.6393031686789126,0.43576567954132817,195.37264110772583
1643.960339116402,2758.4269634195725,1326.933898720801,0.25315051754034373,0.22071812132206217,0.35039574535856255,91.07996360545147
613.5436311608543,1181.4017300693354,1649.7143752990416,0.31636511665342665,0.29188804741509095,-0.16541626257442185,61.972594368869835
1973.6742112084062,1771.8826357145995,545.492048539875,-0.053874919988386935,-0.037053368356409155,0.529215493281378,58.13915364629026
1960.4670097182345,3522.92498862896,2419.1645357214065,0.2849436952705074,0.25552526288216404,0.18575291540099637,89.09844833389525
785.3975058901553,1470.8732720541077,3220.710069807128,0.30380917599114365,0.27710508362185937,-0.37297361463600365,24.054761787158483
2266.0653768845123,3312.889996187924,2982.288219353026,0.18763810590212118,0.1547615532613947,0.0525166667984431,59.70501032746327
2591.8388609441977,7119.397682395338,2659.7906094484074,0.46621857070201367,0.49925816899184156,0.45603039223719616,182.65336236341747
1276.2995133975137,5854.165973061971,3290.9341923720212,0.6420150925231539,0.8469397943215495,0.2802847135669425,190.67198043674767
2012.5993690775133,2958.7175164931305,1213.2101471487733,0.19031539710764173,0.15731599691656722,0.41839348849165203,98.43495689543101
2270.773369877074,2906.6776978702665,3613.184976624438,0.12282189045333584,0.09616079414584003,-0.10836229440991474,23.729936374145222
2508.874426726531,5538.315927056465,1752.2597248265333,0.37645953019233963,0.3677834536354157,0.5193082662454461,168.05566177457888
2948.756753182787,1127.331871377212,3194.9118821675497,-0.44685605469516404,-0.24194214327804986,-0.47835803073723326,5.0
560.8775041168749,5987.630192619985,2353.431426029023,0.8287006657071773,1.450399155224133,0.4356997864672158,258.451727411874
2629.7905589706156,4361.756054303975,2678.3299848928623,0.24772279881496004,0.21497474694392193,0.23912009878845814,91.21188609314117
2088.9805391155505,1421.2554908255238,4063.79425341952,-0.19022226494296837,-0.1196113519330906,-0.481771157113898,5.0
966.3194494966391,7455.746573078582,901.3214329509132,0.7705267455059844,1.2239894351449152,0.7842972122058186,289.70929653720134
1504.2950549866446,2119.067304307611,1502.9907484232729,0.16966899475961886,0.13789278775986233,0.1700901936813937,70.59017434364348
2709.3202517200384,7747.336212023865,2396.9362452693267,0.48179989246947236,0.5247002447001564,0.5274306253851113,192.58068519748977
1619.1500416194435,3876.5864751341355,4127.616064973847,0.4107614013557977,0.4151993081198818,-0.031362223600723924,84.5478085858136
1567.2983241495047,3958.960216283929,1973.8223578538036,0.4327813970705143,0.44741593177222955,0.33460485586462596,140.35038519673552
1330.500493636116,1609.8632910131237,4140.357643517158,0.09500960348527882,0.07279724097013715,-0.4400690653237785,5.0
2822.797700890942,1850.9636428183585,3035.358832722406,-0.2079340356504724,-0.12931063348096422,-0.24238989456597043,5.0
1044.4841369842147,4809.215781098223,3374.3819944767356,0.6431371092053052,0.8496638655114981,0.1753304384935205,185.11227560963994
1341.094451663033,4663.592717508091,3677.587110638531,0.5533174621235717,0.6534608988265406,0.11820936930578521,155.53836016950126
2100.754862846572,6504.2846329721015,805.5927814709396,0.5117384727581479,0.5760822441673039,0.7795878819338276,206.54832638550408
1091.5077563023597,1603.063139255688,4873.794394413179,0.18984669640972207,0.15685897872564147,-0.5049873704416302,5.0
783.7984464522069,4882.83588049991,1530.1918377669786,0.7233636752998437,1.0689467793309304,0.5227864574264138,234.22193673864913
1761.2894561437945,3812.9588382944776,3633.26352658949,0.3680620728412264,0.3566459482174533,0.02413241276923043,94.55243413772882
1009.6002001349104,5255.743384303987,1875.3500885182202,0.6777191268548166,0.9382212005801528,0.47403575737647763,237.9913399212395
2992.3498751169477,3737.2273038731223,2824.980879774659,0.11068710690636194,0.08584572831343942,0.1390151605114654,51.09778941201077
1087.551704257463,5395.871442963498,4295.196267333428,0.6645131191056425,0.9034251990317766,0.11357625479667295,193.78385905572617
645.5146839524763,2763.061020925551,1321.2918121148705,0.6212408113222787,0.7976114055926837,0.35299820250456154,182.82141344546625
2108.241267847493,5037.0499775977405,2895.333411743998,0.4098935380985797,0.4139659519001975,0.2699966025925373,144.43755181673342
1200.6831216324445,6251.015577932515,4852.095731138499,0.6777424395751768,0.9382969594349972,0.12599349927485043,191.35553445031059
2809.372418609454,7179.20364438275,2960.9616385206637,0.43748290024301767,0.4545007040358139,0.4159934170459884,168.36546951584978
2320.6857306961783,5602.307538249158,3827.3710762014975,0.41418964976296396,0.4201299358140318,0.1882287333885805,111.39441093787785
818.4921535972985,7552.683827875708,683.1693259662596,0.804449899079651,1.350659431485322,0.8340987111785462,310.73453029196446
2360.465419446161,7063.740621256937,1264.207259157511,0.49906328246626724,0.5539121257342375,0.6963940510533566,208.947577300083
1916.6852188062087,7200.8601320447415,551.5201059241183,0.5795611328838407,0.7063660278826657,0.8577159299664394,242.2217915188107
577.1415113085383,2654.5609991514193,2474.275573853115,0.642825099301725,0.8488395943934292,0.035151329682072435,179.4724065318627
2719.678748441958,5554.937462172752,4343.445657765559,0.3426453434482034,0.32404423329850973,0.1223928988810801,95.81374388839897
2184.1189452362687,1344.712885371334,1377.3585167121014,-0.23787080255466098,-0.14522167504297195,-0.011992937181511053,5.0
2646.8295275263786,5398.073812451455,2713.643215635929,0.3419859963899418,0.3232187140693247,0.3309324754783193,137.16845258523304
2812.9009336772106,5655.5199636110565,4186.975776999328,0.3356728561411524,0.3153710415046343,0.14920445232231833,95.00934285068206
2021.6745267577855,5170.57440561897,4990.4746255239215,0.4378185332613033,0.45500068690368295,0.017724526230050715,115.96043921474373
1093.4371044204256,7614.48721268584,4811.596736440324,0.7488638933972227,1.1500069804463287,0.2255650684073366,211.2854525531261
1925.0459953178502,3106.1796382305747,657.0942257514603,0.23476061872520979,0.20145611802088725,0.6507858583634614,137.37404078312505
2793.6450998278156,7309.317703332878,4568.806922307524,0.4469651815055063,0.4689719674419517,0.23071914693325443,145.21997917711062
1111.8373549565313,5148.740665154835,2983.007718421141,0.6448131940190532,0.8537737152045449,0.26633054102382003,200.4238519861104
2009.2238436706518,4660.571279088965,1287.2741972972658,0.39751557375030827,0.39650670292927515,0.5671460522330328,175.11906069547874
2562.29322200446,7369.09838824143,4803.721116707379,0.48400117067118237,0.5283630008326805,0.2107463492973309,149.43167570783666
1287.8672574796146,2097.4009901310556,2694.7271703835327,0.23913429400570468,0.20597555340413476,-0.12464737171463453,55.16209616121177
1760.416703803197,6290.473740409283,3977.8357521164953,0.5626777643334988,0.6719568106740937,0.22522090805218886,162.4062887814043
2425.7173569649462,3769.434448775516,3519.41917372227,0.2168981703319321,0.1833200901024593,0.034301042107259164,55.73922119192225
2667.981821759029,3896.5912970318536,4935.052708460532,0.1871575581310552,0.1543054146121307,-0.1175841565472155,46.41463478450437
2666.8258451671677,6385.018150735756,4581.33582131925,0.41076628218965794,0.41521829109507036,0.16447420298927634,110.89321200130178
1705.8070192307762,1815.3149870305715,4761.104140420667,0.03110030483861826,0.02271731396187846,-0.44793208824630304,5.0
2924.940176209313,1842.5258814332065,1648.9661426246455,-0.2270418460166891,-0.1395355253474235,0.055437542866893355,5.0
1624.3025335863301,1285.1565075372564,2523.621427965605,-0.11656669543680334,-0.07685526100712729,-0.32516070536931346,5.0
2545.609397836507,4982.994837562144,1224.9455459145547,0.3237499758509784,0.3007981296429923,0.6053616914628885,160.37154554636118
2034.5355314034084,7555.455274853835,1931.7577135498307,0.5756960412592326,0.6983672785380967,0.5927660280827627,216.1321455760155
1402.5949857378755,2758.0571417566243,1588.6485895764033,0.3257811790454138,0.30324550188649374,0.26903329192072056,128.2012374619987
931.5652343348952,6070.271977836792,830.9341330589568,0.7339083424897518,1.101718353052856,0.7591916195267204,284.3302095046277
521.9231519499616,1189.4662225088382,1849.0698926424388,0.39005914149719284,0.3861304243227772,-0.21707942407776257,56.536168761116926
2551.6240386181007,3836.806451486341,4534.225551138363,0.2011734203976689,0.16779984475980447,-0.08331339545112665,34.65899912406395
2007.4258347744096,1205.5737572827934,1432.615138121178,-0.2495649483505367,-0.15127995728811133,-0.08605956197748284,5.0
1356.2024807734524,4833.929814951873,1539.039354611097,0.5618179333611644,0.6702298298999941,0.5170102619607861,200.26666546430994
2295.043782769878,6500.636447833788,4025.885007115912,0.47814296954007485,0.518648084609117,0.23509679347293982,138.43327384155904
2394.6049479660915,1069.9205206342845,2594.5060837565075,-0.3823566716294356,-0.21450920090417727,-0.4160502384955351,5.0
1431.716997686213,1137.343746048618,998.0886706804238,-0.11458399815609625,-0.07564599938722884,0.06521165184721095,5.0
1116.8479882128477,6287.12668109992,2907.130650391644,0.6983112345883623,0.995109952367052,0.36762034262013915,208.09436185890496
901.3360932909734,5010.524110115124,1391.5621728961385,0.6950753019771307,0.9859331008492005,0.5652785321336695,234.14803512479645
2613.7709084483818,7238.506880969898,2185.4978466468237,0.46940779288818363,0.5043963521375585,0.536184900139027,167.7968131092743
1751.628295994598,7239.3605133344345,4233.837684904005,0.6103591421485719,0.7729143572325332,0.26196033366092536,181.9051897892744
2605.137608169612,1330.8155303203835,3081.297542204214,-0.32376454512727,-0.18781303931039078,-0.3967445944184439,5.0
1610.0757788978297,5651.779946721709,1112.910889213526,0.5565662993012022,0.659838412342433,0.6709647442756649,214.56176995307948
2255.287246446191,3940.5281191484187,4237.878890544878,0.27199662562386556,0.24111723900775645,-0.036358030482913396,67.15185245442402
1963.6462761765258,3541.484798534515,4560.984475239902,0.28661234413100617,0.25740687857817696,-0.12582579978173028,59.52659306182072
1553.8645504534086,2114.904021227697,4781.720051207274,0.15292310203264886,0.12261451868990066,-0.3866842677784709,5.0
2847.749821931115,1205.7088272661179,4878.2973424378515,-0.4050962736686851,-0.22440583088419094,-0.6036464152282056,5.0
1460.1616960331799,7852.015371185207,954.3493678993696,0.6863973513741317,0.9618182309298994,0.7832591775229597,260.3298069037367
580.5189946313536,1008.513371359712,2713.3700303636574,0.2693427683532923,0.23816485567303966,-0.45806288766501146,10.443800454979556
600.3505679024214,7580.916376477905,1569.2146304302,0.8532377509717078,1.5603883808013976,0.6570071773674085,303.02882536288524
2468.4892082999113,6527.621674299293,1051.3736401291362,0.4512096970035773,0.4755408559368217,0.7225559333731548,192.7238323749544
2729.8546269350127,7757.443620982011,1348.7549412504695,0.4793979225837479,0.5207223330754056,0.703772121289722,197.84403246268616
1498.045187266367,7499.2784079423855,1573.3468815002564,0.6670020430525349,0.9099092083867643,0.6531661274145943,237.02237329884898
2621.1132910852098,7448.545559584677,4401.187828516632,0.47940375534161395,0.5207310729790984,0.2571667759099817,142.96551877410374
1256.9734249224955,7107.58194697668,2569.5589654082446,0.6994524228998378,0.998368566409475,0.46894253397629826,243.1659718193039
2352.8406751402135,2706.8608426587757,4853.024096900409,0.06996858731749758,0.05260359118810388,-0.2838883489783493,5.0
870.4265521559178,1712.360896960997,1558.911269380821,0.32597895144912814,0.30346886906360565,0.046908242338290856,97.57550743287496
2640.957085053108,6207.847072303231,1789.870016952398,0.40309288389909065,0.40432513761905214,0.5524047681973734,170.62587072733197
2055.0847291227437,1523.0775886626489,4564.2343490217145,-0.14868166758870927,-0.09599838311039127,-0.49958943963964886,5.0
1810.5542269822984,2237.16676219236,1904.3073064945895,0.10539573657512724,0.08140533367679643,0.08037221774104476,31.552400136224147
731.6584631628559,7245.3014934888315,4563.449820327743,0.8165570674675302,1.3994288877997996,0.22710713450253958,244.88259276082417
2137.621707476789,3063.990992626777,753.7830733943589,0.17809270670102959,0.1457405978157566,0.6051190768957645,130.85976405549764
2325.790010586457,4335.978174155365,661.9572824914897,0.3017499419855696,0.2747402044807185,0.7351077105332791,162.54522110627514
2120.769491484455,6098.284573671519,2269.2355617858557,0.4839383036261416,0.5282532791377295,0.4576085804923798,169.83495342571777
964.5805035926246,5958.4666966670375,1012.4503701847767,0.7213422136087366,1.06280487974838,0.7095216136327446,265.2417235381771
2681.681334399353,5365.392506647549,3194.1431191002416,0.3335014969323994,0.3126923787217496,0.25366439047958933,112.52144278310443
839.543546136738,1186.9396783300692,1263.3228809474458,0.1714280818255021,0.13951201523298168,-0.031173476612533103,52.26377309165946
1291.5086195333906,5367.246049105101,2034.2951123056253,0.6120870390608616,0.7767867860789712,0.450304992388087,192.86957128190386
1780.7889749085207,2305.0077516724805,3304.342013904073,0.12830270610998407,0.10088315064295841,-0.1781550988647829,15.469182454410088
1036.8792549154275,5082.807300545492,4184.319486043016,0.6611332146347488,0.8947143745996871,0.09695430256828076,183.17473063747536
2961.098312603434,3299.111671687685,1055.5186547294961,0.05399393309145242,0.04011227841306739,0.5152200871868058,82.20655455700694
676.8642641374063,4862.024508217212,1224.2029862710206,0.7555956465876225,1.1724175586540266,0.5977136945082872,251.37414997169793
623.6351751651677,1811.1198467239378,1422.9611111120048,0.4877224445150496,0.5345244176729573,0.120021341627652,136.7374183357508
2245.247921294169,4231.992989701966,4544.369023503861,0.30672706101270025,0.28054269460881714,-0.03559288385053729,81.86430564846651
2552.279372188792,6828.922430541823,2054.274844817161,0.4558736873832457,0.482830627860936,0.5374920129750489,164.9414862368925
2456.440995801154,1248.3176406873054,2193.790210555656,-0.32610042200559197,-0.188911387367531,-0.2746783687362549,5.0
1612.518113878969,5210.892892917181,4748.6723628538675,0.5273571788254959,0.6042813189449019,0.0464097094749262,131.40770419600256
2803.691459147947,2720.6445199584705,3638.8237704401567,-0.01503292694154292,-0.010623185839818809,-0.1443798771233047,5.0
1955.0765546801636,4867.7276268848345,4975.4817708857145,0.4268994088453635,0.43867375554399096,-0.010947053916615733,101.56594044389563
2369.4470766163668,7573.751827407313,1836.9965486554418,0.5234034640664318,0.597058537109516,0.6095960755612514,207.83940203986091
2587.404476411555,1682.147894281556,2244.6100645405927,-0.2120261103088461,-0.13152007112235273,-0.14323830906158314,5.0
680.3353122138346,4764.536146020323,4415.860761757226,0.7501005054728962,1.1540487898160299,0.03798042587131738,197.11524394492932
2159.88434335028,4371.059753078535,1252.8734153708203,0.3385690302568627,0.31895573516293413,0.5544493940017817,152.06676204822458
1432.6628683974209,6857.0354664635115,4503.198469759602,0.6543510244034398,0.8775022888056205,0.20719969410060227,188.00031492344837
2133.4082827622487,5304.509451263341,4798.600879240581,0.4263425976827078,0.43785324248894486,0.05007453699136751,101.54180472087054
2068.9570264968943,4483.582024510503,837.6032133674935,0.3685021911122954,0.3572284700829208,0.6851817118683479,169.34805613592636
635.2169372733714,2159.4404540629175,1022.6271095268678,0.5454062172233998,0.6380983542811487,0.3572561931703048,165.56184821503498
630.6115103607888,3335.577631658428,1338.8971580760585,0.6820063349874721,0.9497445234742381,0.4271454148260872,218.49410582541802
2395.9309852271444,4775.9246698782845,4395.212721739621,0.3318518663471764,0.31066340814115195,0.04151196649230321,80.51050194953899
539.6597516686173,5229.770577884783,3832.3353741103715,0.8129244236434506,1.3845379801200854,0.15420645168163583,232.37002022270815
1509.4463995180108,2547.3985827632887,3264.9127746561894,0.25585206916280806,0.22359872860937796,-0.12344730824743909,39.811607388526674
950.6656376236356,4381.301135399906,4989.233658216875,0.6434090164420675,0.8503210323991801,-0.06487703595809872,158.6293671555863
1792.1513645348589,7517.326463575702,1849.9839491759508,0.6149834828692893,0.7833590899117091,0.6050127799842979,219.52090024825142
2276.657597051184,3314.3840717651187,2470.9316796996322,0.18560521205130456,0.15282861892243044,0.14579193740741733,61.28660985306611
2237.725527935076,3021.010829839861,4414.29524497421,0.14894933848466538,0.11905215953790342,-0.18738763420466212,5.0
1020.0929516620553,2080.853806722698,712.4515634134241,0.3420764487008168,0.32330761901594146,0.4898863752775814,153.21079506835122
1214.471157261849,6796.400673691987,3023.8479877723416,0.6967942607900539,0.9908121460612349,0.3841606068835478,224.37369886097463
2817.230210063903,3051.7426464839427,2805.869177214322,0.039958003233639565,0.029378505254136367,0.04197503635063528,18.442407010043382
2519.347615513414,1991.2519242658855,3949.7893008749297,-0.11707882432770546,-0.0771693461777498,-0.32966231036933435,5.0
2445.449555687514,7584.764376012559,2383.3005588089713,0.5123833703656182,0.5772315813253549,0.5218127942276395,197.91689219998602
1915.1108154673186,2293.1718608345172,503.8670411345642,0.08983736938736125,0.06856465769669191,0.6397139552834215,107.52570599427938
1174.6234602743552,4473.080906623545,3302.4001593877497,0.5840350754012448,0.715697903794354,0.15056055530796586,175.25872396182345
2564.6868907272124,6733.325642820591,770.1544734545595,0.44833653822301656,0.47108698627556705,0.7947207264049532,207.56817384850527
613.0455745602443,4700.331093523357,617.4880258641151,0.769244451037206,1.2194148002512797,0.7677664424512719,282.6548064310794
1206.8769843850923,3669.3823979943936,740.7778902313423,0.5049988567061551,0.5641921017893183,0.6640585184438292,198.51563089552457
2100.002692689539,2736.894560137285,3622.9040758055557,0.13167363994425443,0.10381007544462406,-0.13931408307829313,10.441089382899273
1250.5598387621728,1639.4128793019215,774.2214265525885,0.1345524952448953,0.10631636601596212,0.3584600410643258,63.48676262117854
1522.2933543561685,6338.155703529503,2059.2888198935184,0.6126701303062767,0.7781116374878403,0.5095439298457266,214.71477149534192
548.3661179200915,6008.783353592275,662.3182877227238,0.8327425291374406,1.467857242647356,0.8014366071050038,314.33408489338944
1503.8038268934563,3733.996704358562,2387.0200598648225,0.4257880504865701,0.43702469071923605,0.2200576629926257,141.81269402195724
2423.265967568552,7975.278201184902,682.088230210473,0.5339220705303775,0.6164553319127033,0.8424259303249224,233.52842511382235
2045.0411230395791,3522.384312516394,4172.78988322706,0.26535482267557836,0.23385109870068443,-0.0845212277307398,48.92242890822603
1844.2714710794344,5485.4904143976255,1522.8071860335367,0.4967717914596934,0.5499626498470466,0.5654273624959748,201.86127762905693
2631.2469803055387,4977.439963765266,3251.6265963908313,0.30835714498408684,0.28245711903671417,0.20972164394936865,106.84584673756211
718.962208788879,7682.266034277267,2666.538249948013,0.8288435480141401,1.451046307947768,0.484667372779489,270.3452818452843
910.2490208216392,5575.452645632317,2679.4243048541216,0.719305923092522,1.056628493003025,0.35082634881150027,229.66547425464194
1101.7414388325903,2131.1959692505666,1832.1682115089131,0.31842699073778974,0.2943773243834866,0.07544796390850571,81.41644346100847
1876.5309415723586,6892.146120861098,4087.069799250654,0.5719922336066541,0.6907673409066334,0.25548967629069114,175.30187675346866
876.0330408320078,2224.0131635677208,1279.6244589113257,0.43482581659195,0.4504551633153276,0.26954520020213585,148.90439823158295
2872.4498470408225,3085.9730721615138,893.2022916193907,0.035835526947362174,0.026267920215708222,0.5510616093852045,68.73222813144699
514.7713364399674,4054.9963842919005,3264.530438074996,0.7747056882160839,1.2387722741587532,0.10799413203780017,202.5660781060228
558.6314760222473,7688.565066946298,3370.344521293184,0.8645281524348309,1.6143703119642612,0.3904743510928799,275.0044582700784
2434.115516962452,5228.47897406468,2647.9749889918653,0.3646758888271774,0.3522157928268313,0.32762255665413664,135.3620824776598
825.7305633085533,7472.416721256355,918.9902100363174,0.8009843558103729,1.3370600797954966,0.7809687414872551,292.0885763775928
1228.1503985913905,5477.863563808521,3088.8279045814284,0.6337167188155614,0.8269362120978738,0.2788749504710738,196.02629210324335
1356.0899473546683,5453.326472664917,3527.4969568513575,0.6017015661816087,0.7536746514243292,0.21443796670912282,184.78959245036214
1480.8664478777137,6893.766819143558,2763.816038432004,0.6463447649624404,0.8575589675825206,0.42763814105351583,220.74967840494682
1366.0022944437776,2528.693631657142,1866.6255841448587,0.29853199299151256,0.2710057467620973,0.15063025342536973,101.60985114521961
1965.1873477001193,4692.865277493464,2681.4472290968456,0.4096810408290152,0.4136608567974972,0.2727600771361785,144.01764167655747
948.1893460893524,4856.215383179442,2734.062344575258,0.6732862745960021,0.9263928980600018,0.279588325281525,207.3579929561304
568.5893827795195,1676.8588630384565,2396.368179743259,0.4935626914712755,0.5444013706340274,-0.1766435577911677,110.09280095392981
1752.9475656278025,4926.37682034781,2989.262723749921,0.4751123123931597,0.5136640452992053,0.24471984677442415,137.66839175653945
2132.1970764159023,1103.6406244641882,2476.5927918717457,-0.31786404223985054,-0.18502114428497218,-0.38348118889666605,5.0
2920.1307109374297,3016.863900777575,1662.855989793944,0.016293292507454194,0.011774532220477987,0.2893352470566214,44.19540565633113
2631.845726726778,3495.926767035331,2859.9268821044634,0.14101062678928616,0.11199722493291991,0.10006521860629675,47.846108975762405
1705.3780690033057,6568.755557244294,782.2765773813462,0.5877808731811354,0.7236297092181634,0.7871655126930642,246.00100926540944
943.5077555129733,2185.73071792003,3975.848327080898,0.3969729288951489,0.39572445887435975,-0.29052903416417486,56.338408604602805
2431.3513012285853,3794.355563295084,684.6996873628977,0.21893164768396958,0.18535738269010882,0.6942660229031793,150.50711027603586
2692.4886354477185,2737.5688938547532,2703.116499086667,0.008301985412762955,0.005965048392464882,0.0063323629788356265,5.845172276943572
1469.5475940781826,5996.985332742709,1214.2076945833805,0.6063641294334798,0.7639815987969174,0.6632436019077884,220.6553422278807
539.2363434374598,4640.672387261202,3486.9941172606323,0.7917969710016003,1.3016976480587694,0.1419445875660345,222.07627899004353
1003.528027512214,6481.149868339738,1759.504610186287,0.7318446987720615,1.0952336464187942,0.5729696918957611,264.909479143606
2691.2609706529747,3150.9637757576247,4591.128641653676,0.07868625822866541,0.05954844685856748,-0.18601752447067496,5.0
2090.2075595546657,4062.4913983626966,4013.629253163508,0.32055588156958625,0.29694596605575513,0.006050200003377171,82.90908655695874
2275.355072800191,5949.222274733654,1983.7937287868276,0.4466937383218099,0.4685492675289448,0.499863928635364,182.28151987788488
2608.3446336648067,7257.7053002850935,3244.4333448150423,0.4712484426163505,0.5073777462747219,0.38213854251108553,173.31369825660096
1488.1061281654634,4584.73536249268,2686.1219206858586,0.5099143849845,0.5728400113966013,0.2611264899860191,164.4063974833296
1064.9412429973604,4543.320385569281,2228.6019539892714,0.6202241215413304,0.795314928748107,0.34181113060270124,202.62639962900883
2174.94780962933,3590.4960925055766,1346.1599703315592,0.24552286114631264,0.21265740048430515,0.4546267945653789,109.40942707434587
1588.4716298296632,3473.2287288611365,4623.971613741337,0.37235651364131833,0.36231230676420834,-0.14211614336421755,68.31203578802896
2828.268343780609,5444.630749682249,4404.742574601094,0.31625701897570585,0.29180618979322553,0.1055791206950966,98.28379905165711
2508.510397842171,6685.5710764577525,1145.9002717994417,0.4543206072120782,0.4803950583704613,0.7073601571923955,190.16361382719543
521.742024158444,2495.2260384753963,3227.5874428495395,0.654128241563139,0.8768424059376834,-0.12797226515175814,136.84513450927057
2105.5797873336696,4344.709499564748,4904.082178333739,0.34713632401448674,0.32968739181582485,-0.06048062257097041,84.41952472108595
907.8134515039822,1325.9249782629822,4496.130877847426,0.18718016442750623,0.15431189868042516,-0.5445165723912986,5.0
1693.7977189134463,3473.3680503774813,880.5036112974813,0.34439969812771065,0.326235643445589,0.5955307459584092,146.32782147312497
973.3824313474216,1025.0731886151364,3829.235461316884,0.025865351587251072,0.018820269663941597,-0.5776646015624392,5.0
2255.5298281071186,6806.003003734713,4580.72449903282,0.502174771042627,0.5592960256952559,0.19542739597181139,152.41810489995805
758.3870946992529,3773.047950561253,3488.951090204003,0.665277296283834,0.9053720185415997,0.03912102696838025,159.9086090271925
2287.971746590934,4792.794314414442,948.0487265484903,0.3537502222060569,0.33809433509315256,0.669717942079695,168.43880975909008
1598.1072975430725,3213.5276160926323,2573.8497383884956,0.33573210503479467,0.31543362732359637,0.11052983733613093,109.36785680489703
1365.2413598035887,3201.6881768024264,3780.026902132832,0.40211849162041224,0.40293681831266925,-0.08283619693855636,94.16957480369621
1759.0694089269268,1302.273736456632,654.8966943670662,-0.1492141359618307,-0.0963078949504908,0.33077193051927395,5.0
829.463541579224,3432.145098998653,940.1073246483259,0.610727491967863,0.7736933266638215,0.5699665829681682,207.42488008519567
2260.1235788524245,4187.402463276296,2924.9701108476997,0.2989175804071109,0.27146082246710446,0.17749806257957274,110.51665521449807
2990.773942465061,2309.376606162731,3497.5933355670536,-0.1285618832752178,-0.08410227779627343,-0.20461905970289151,5.0
549.3115276351136,2313.557584878658,1943.6678743808461,0.6162510360378226,0.7861461060100178,0.08688515887886868,170.37338885416247
1959.1312526500267,5779.968954544744,3142.0647094637807,0.49370567625534967,0.544720968886405,0.29566176772304775,170.38329766991882
1253.7351445132354,4854.207057648401,2259.514026213292,0.5894738020394927,0.7272142214743516,0.3647448361388147,191.45710478762595
638.6900252522819,3367.3761130382486,2838.104421485092,0.6811385516139317,0.9473925158739165,0.08529100825042232,181.1441388046055
1122.1573702875974,7427.913637890978,2610.4705091984665,0.7375092277987044,1.1131583740832207,0.47990224896995914,252.23227913330624
1604.765038828614,5456.704636924039,3617.688874049962,0.5454869558919937,0.6383176968424935,0.20265990894569721,163.39888537751534
2768.1104532184504,3481.614243162996,4264.284453548798,0.11416563520685868,0.08878278260725057,-0.10104317664482367,21.13017776587764
1041.5548570834399,3359.0228556172337,4105.605352778285,0.5266281268749405,0.6029199468881208,-0.10001603244235913,118.27005969288392
744.9452522884682,1914.9312534445648,2000.3828763894678,0.43986478251696004,0.45805621012408815,-0.021824972426082254,93.56160511393608
1244.7690436188313,4830.128266542444,3339.7195925978194,0.5901925644629927,0.7287468039853661,0.18242795942579973,165.51408726523297
766.7678885392771,3578.88373733259,4782.914048954043,0.6471102817824261,0.8593970170074059,-0.14399179964051195,130.5814756851187
2811.218715363068,7635.022160202709,4010.0467934860894,0.4617740967146333,0.492157858577783,0.3112884415559472,146.06201063966105
1924.2657583247528,4635.143727093711,3989.577199940258,0.4132807952273671,0.41881748461705826,0.07485071488575246,113.87108007568418
1614.1036717424367,1325.759831129174,2090.4467718985466,-0.09808068988017045,-0.06546495349943969,-0.22384095267183307,5.0
1774.9052395453127,5889.6030868872285,3232.987444483979,0.53685085481801,0.6219300572395732,0.29121285592906293,172.60556267788877
1455.8505690128586,3826.5406079315617,4258.895199168675,0.44879107946739166,0.4717737036020145,-0.053473257533498395,119.18843769545525
1390.4789570034936,3444.732521813274,570.4945668504259,0.4248528887277599,0.4356438578986088,0.7158344698266078,191.9089610990654
1488.324583032355,5577.727041506635,3696.479036882835,0.5787393972177984,0.7046478379682887,0.20284733685232542,180.635842443903
1672.7252807016782,7991.364145184538,1258.4146600964082,0.6538266137008145,0.8761909228971185,0.7279038370643203,255.18009719554428
536.1960425316865,1107.142273251405,1208.1552613467852,0.3474307298069768,0.3300024188770201,-0.043628512768784204,90.41720052171966
1499.173943793552,5491.485515615436,2963.4793779528627,0.5710922688241367,0.6889220933857683,0.29899664507023954,177.95806279859886
540.4839759680278,2174.4367478800605,2515.5684530612293,0.6018417985311374,0.7538990677329384,-0.07273589057853654,146.24940032564936
2896.335151181579,3482.744869085591,4382.283100767521,0.0919270045130308,0.07027329389189219,-0.11437190497166895,5.0
870.2761287100045,4647.2508899902505,4234.400603566566,0.6845412351937034,0.9566894875131788,0.04648350441094234,166.2316251465801
1030.8384760251251,3838.284825129985,2835.3927781916987,0.5765814860063747,0.7001591027174667,0.1502757709315838,166.45486907577438
708.1379172479589,7596.401884506596,4255.916091002784,0.8294576377337429,1.453682801009999,0.28184240417144263,246.57783809370108
2460.5597099054276,1613.0819501540109,2861.4434991052367,-0.20803934912895894,-0.12936663924673397,-0.27899306034316945,5.0
2263.2453653940383,5214.691593114821,3377.226489500103,0.39468723040888404,0.39258054111784857,0.2138597092910867,136.8616825275617
2213.896629464763,1388.5936835434732,2709.51967510429,-0.22909234279190432,-0.14061617233760967,-0.32232539113421493,5.0
1255.527573011001,5801.302682093818,3783.0245954690404,0.6441667071629357,0.8521963886312256,0.21058109014484866,178.45388094874946
1703.5899229002296,4161.362616982373,1952.0945827709697,0.41906096885692423,0.42717418884365344,0.361377852443158,144.3845587796205
2088.547778369198,2565.943636598612,2395.942642013076,0.10256670720062955,0.07904831369772627,0.0342613645306761,16.68483193163273
2007.6671949377433,5046.309925427297,4753.804242509292,0.43077014260311847,0.444419802292283,0.029847170948799736,117.74359871321099
935.7607319968188,4342.017424492651,4876.240338001349,0.645395958460694,0.8551917411465828,-0.05795269857003992,168.56026457677225
2445.1559433558805,3875.4776991931926,1389.868214347715,0.22629404526508481,0.19279261858877045,0.4720695515903633,103.99125234618452
2162.9632952605343,5272.9031312178895,2303.164185558618,0.4182350323648789,0.42597987436592477,0.3919895139647277,145.72551875492167
2376.120328130736,7353.34744683858,2714.9184034613254,0.5115621155559024,0.575772885527558,0.4606979108302341,182.67956355064436
506.3242920022141,6248.36729943939,3003.827215616572,0.8500821878918104,1.545668530721874,0.35067789357350265,268.3475139838474
872.2801277805748,2049.3922805382713,4564.189375730299,0.4028898479525727,0.4040020415523801,-0.38024737963704924,63.72800356345206
1054.5793678094656,3040.924323803637,2595.7486022768235,0.4850062666472168,0.5300085500385151,0.07897845542678919,132.50132237655018
2704.9513013913756,6494.953848525684,1700.467623445729,0.4119610457893162,0.41692983513066706,0.5850200921199992,172.8492503570629
527.7240459233843,2368.2220893516005,4612.654034573801,0.6355429130307041,0.8312148758170275,-0.32151149870836376,113.94556250602123
2525.088582925468,2785.2989634159294,4942.335632716819,0.04900026187744689,0.03626760885328787,-0.27913285005753685,5.0
1451.8621241301985,3481.951623300201,2542.4173300379352,0.41146455919943015,0.41620239344200943,0.1559556362472967,131.02066043708194
2358.7357863828,3148.7496483278233,1339.1699091537484,0.14344365884702312,0.11414957186930572,0.4032112687390329,97.28024284351017
2825.222245930632,1076.4843562348187,2294.3721680586095,-0.4481982033905533,-0.2424920349754588,-0.3612992136227974,5.0
726.2952357472145,2369.405420781717,3951.4549657629514,0.5307716626406882,0.6105332192007499,-0.2502902212646054,110.18573897122384
1049.5343450729033,7005.675140035854,2427.2886904616735,0.7394147607500886,1.1192487178617603,0.4853603312128189,229.6782314938468
2706.72339544977,6312.478308387373,4043.2812805890735,0.3997864812141609,0.3996834154698432,0.21912415096954374,113.83816037688159
2346.2495883093698,1660.9624992899041,2998.3443013494743,-0.17101343125040547,-0.10884857036875155,-0.28703450083798127,5.0
1946.0642353426842,1297.4134255850918,4523.7341333901295,-0.1999862115196637,-0.12498282591399246,-0.5542413544003635,5.0
2229.239287410794,1481.2461652823927,1946.3853641623634,-0.2015890188664924,-0.1258596609617428,-0.1357028008257399,5.0
2780.584909511333,3563.105773325826,4110.1070479163245,0.12335419597431617,0.09661889251034435,-0.07128712408509247,11.11927427549086
2695.2774927429177,1412.678567825171,892.9434436731974,-0.31222313620076864,-0.18233919103523244,0.22542078507863894,5.0
2453.5808054346867,1150.0776643157583,3683.787764569995,-0.3617166142959935,-0.20530760886459715,-0.5241581787919404,5.0
1859.9854354451782,4528.586437400345,4458.174124388563,0.4177147967733256,0.4252208743948106,0.007835116171152434,103.1255103521765
1183.5866461484147,3022.4532020060356,1082.3325809690145,0.43719665571577787,0.4540423321446576,0.4726484457754625,154.07598970275205
2052.5178551391755,2259.763544716614,3333.590577877878,0.04805940761108719,0.035546022290979654,-0.1919826653977674,5.0
2919.6847687591617,1557.1545228541274,1246.8946327121039,-0.30435093976975824,-0.17856356827243647,0.11064709383410386,5.0
1083.0894942150433,3743.2626944386734,1399.61362674985,0.5511767678136422,0.649278832105467,0.45570784146166204,183.09254946415035
2909.6599463596112,3319.0007295023465,2521.6466738638214,0.065718908827919,0.04925180035859385,0.13651809473081086,33.92361839598699
2014.7483399679088,4337.845091973326,4717.736951218155,0.3656926539575238,0.3535413281231308,-0.04195112554786061,73.46983536052404
2601.6793194879115,5740.360125858756,4372.584705622048,0.37624861720659997,0.3675023075826411,0.13524996357576086,113.75974970917633
2616.2837797891248,2089.6256278986775,4174.907852182267,-0.11191421384316463,-0.074017375721311,-0.3328711117246314,5.0
2265.3263100564504,1489.754947230364,1073.9918297168642,-0.20653916905647107,-0.1285530283446218,0.16217011800455505,5.0
1022.390618662163,7404.230417599692,1547.7806089516987,0.7573426846558705,1.1783678972957015,0.6542049368151734,270.33742270609787
1544.8553225870667,3885.7474241541636,1646.0016256179024,0.43105566919634325,0.4448376344841777,0.4048892634100348,149.18160519706868
1291.8902413164005,6802.021898915701,1760.514052115445,0.6807748294584918,0.9464741820543885,0.588786765397971,251.83456855727533
2489.1379481143613,2482.391974953671,3289.474125577988,-0.0013569209606950298,-0.0009682351714125753,-0.13983036619822917,5.0
1308.4445978052165,3666.743675077853,2997.7254555795203,0.4740120267714038,0.5118542444024856,0.10038582312886425,139.38263951683143
2433.1826994898092,1919.4211435127606,1938.9115196622058,-0.11803545059239837,-0.07775069110508939,-0.005051502253917974,5.0
2871.28179719221,6890.617645205358,4532.59420797786,0.4117370672908963,0.41660977344683703,0.20642385585836634,141.50353732063616
1412.632591352175,5386.377927851661,4242.256588836737,0.5844593598864372,0.7166009542095413,0.11882487978052364,170.15199171090572
881.5684422118882,1477.02707795985,4425.534735153244,0.25246322669693744,0.21997196701196386,-0.4995301616568381,5.0
1715.4806923076685,2001.5219012805176,3510.1364468931574,0.07695480476374006,0.05816017943823522,-0.2737133635721118,5.0
2889.4467084730804,4029.443587866423,1034.7294817904785,0.16476585556381804,0.13338211637641256,0.5913530332184093,97.53430432143692
1055.423380003493,5191.789981339037,2071.568863429863,0.6621138676436242,0.8972338552421338,0.4295837757935897,213.30566274199273
906.2168210488774,2812.7984719778538,1176.362479624788,0.5126576526832838,0.5776750342289141,0.410220598215123,165.87549402867717
2456.3875085133886,1998.4276276624114,1901.4909779157972,-0.10280109650999078,-0.06840223559889777,0.02485606996594898,5.0
1826.8795876805868,7740.233624047814,3620.533218261615,0.6180917801306989,0.790449206111782,0.3626252050241106,207.6154852550166
2654.5791659683155,7212.598782382293,4143.283774889941,0.4619375103814719,0.4924166073820427,0.27028414495679143,154.32010551816794
2430.725563143439,2358.5876397412885,4335.765167174895,-0.015062268916477998,-0.010643616399949974,-0.2953500635782986,5.0
1273.614147325769,5739.580398692699,4884.025339714873,0.6367948616605187,0.8343068525845764,0.08053339703714729,157.99431293952134
1792.0411755992181,4786.653568888119,2974.5238705512074,0.45519856280655946,0.4817618313717267,0.23348644097413324,143.46308101951854
1208.5617333576092,3830.4336826604276,4843.546681479637,0.5203163988695156,0.5914279296361477,-0.11679908832752472,116.87021501940124
1798.5429664348612,1847.2427018853982,2178.302226816644,0.013357816357761053,0.009632448578294577,-0.08223967952476682,5.0
2867.344664874736,1187.3687100115917,3176.8158577493155,-0.4143266857909321,-0.22835146619408175,-0.4558577017980185,5.0
1937.4441765060164,5405.1890693720825,1528.3187931542743,0.4722753780927929,0.5090386052748995,0.5591499068764373,173.9158100601278
2187.8856260793054,1409.078963676086,1745.831454779155,-0.21651774510231245,-0.13393162677025774,-0.1067391609683853,5.0
644.8475133259714,1179.176930074574,4024.2220744636656,0.2929398333388053,0.2645581748813751,-0.5467666695098659,8.778137994255186
962.0045728708075,4905.626507683191,2985.2930520842,0.6720977989243224,0.9232488371563075,0.243359907652162,197.89184140275367
2000.892794261814,5405.4622943238,4140.987922728323,0.4596821862955631,0.48883024346144605,0.13245492750848736,127.55637538591571
1672.0404003184701,1118.4501090715285,1703.8667076255674,-0.19838458120023206,-0.12410454527457554,-0.20742412576902577,5.0
2406.794714068331,3431.572176564393,2909.900566965458,0.17552467693743698,0.1433388269995775,0.08226347894484423,63.778942729070415
912.736476012848,2320.696186227795,3976.2707914286607,0.4354380798528359,0.4513782185107381,-0.2629161961325872,81.944953496231
776.3439767590719,4795.812379058481,2060.0886905021125,0.721348818107298,1.0628030183671575,0.39903196682688913,242.93190012654537
1150.2332883194733,4259.262702805698,3726.045433087346,0.5747355056759758,0.696363430005622,0.0667747894730357,156.9569164234988
865.1140044157594,5682.514142516587,4950.990581890962,0.7357473621378603,1.10752996754953,0.0687942103300836,196.56909018144268
2124.4389837198614,4393.268926657674,4519.391348719406,0.3481024270782777,0.33090875748714,-0.014150928920293147,71.1751794197887
864.8921119782963,4584.175275043119,844.1578665779889,0.6825540772795092,0.9512692539386235,0.6889808179052247,262.6771601063956
1950.3259534370518,1905.4395725476352,1350.089155294681,-0.011641366824636502,-0.008246082642812612,0.17058685808324595,7.2593892114070115
1229.9507365315558,5258.094809109067,4907.369144111885,0.6208563185354334,0.7967814030067143,0.034501687928523074,160.8768296308606
1334.9178502468658,3277.330425436429,921.0807322217295,0.4211422409780524,0.4302003307891292,0.5612241403168748,167.62964191514038
2539.319307333031,2716.2598199341655,4684.783303613039,0.03366717697188842,0.024639166339329797,-0.26597919381794,5.0
1042.0263177671368,4406.219612998331,2429.892205192219,0.6174819083728568,0.7890219876922687,0.2891010943176943,187.38010930048875
2841.872705989112,2980.489821117286,617.0734950035106,0.02380770940645224,0.01729883326081044,0.6569491952695542,82.83478627069206
1613.297661980143,7908.249555995374,3092.7170547632936,0.6611269943050857,0.894726701193847,0.43773721629923634,222.2307582010128
1334.755850780548,7324.657430116197,976.7090806812193,0.6917214116409086,0.9765596665331644,0.7646871560740808,257.7522446468876
2690.116713641031,1305.7018270673418,2669.35004203628,-0.3464659048260475,-0.1983697741835186,-0.3430516781994572,5.0
1908.7194137233607,4341.30815705003,3092.460510444874,0.3892124819277306,0.3850342757212538,0.16799657109292407,120.96194509161097
622.5234547369919,7987.646791833808,1501.465459432257,0.8553981077406394,1.5705511815980402,0.6835393195873098,305.031011680748
2622.800283800078,6312.898091230961,3368.280475413619,0.4129613212246663,0.418365158690984,0.3041590024646931,127.21052966410517
795.0479990879123,6107.763928512767,1036.8972761921893,0.7696451800189543,1.2208591261002484,0.7097420726222161,285.24585952495255
971.8300742564535,6108.8542455732995,1612.1690709996142,0.7254982623932119,1.075516139407849,0.5823949740365774,258.5707885792959
1227.7984524078365,5921.850484547813,1921.2443049781393,0.6565430097162477,0.8830283605578104,0.5100800495745883,217.26892076520537
851.1209095030806,6262.130043248855,3126.004542115449,0.7606942548388087,1.189770866836994,0.33405203901618946,236.8847301376028
1232.7544065209177,5037.972596317704,3831.3443461777133,0.6068224924267034,0.7649910508117308,0.1360452284913449,169.91828476027814
1625.2974045683945,7193.7724391722995,2332.013193181238,0.6314129644777334,0.8214758724210992,0.5103788215607248,234.04752299540536
2633.285498478127,1143.0461180109762,2535.6313841658534,-0.3946261958471795,-0.21988027728837328,-0.3785559524998507,5.0
2698.9512635663864,1351.8450788040755,4523.067389880462,-0.3325534217406379,-0.19193316927399978,-0.5397905632535611,5.0
2461.7232805231233,5328.724485067593,598.4718018237179,0.36801494476859026,0.35659105122154344,0.7980590575188683,193.94485599600074
1794.2651620398647,7434.491030117527,1852.3507161381444,0.6111577497582584,0.7747102435101598,0.601080589709515,222.83204284696023
1419.018390078237,5742.283726894365,4037.8993393818705,0.6036982193456272,0.7580742519266541,0.17426917019735935,159.3646700832629
913.8271958943574,2101.7923363671403,4683.287762805601,0.3939373410239047,0.39151180743806435,-0.3804664629342753,45.74629443450244
1258.1005315038851,3968.414218128014,809.2293914829756,0.5185699870638354,0.5882769557505064,0.6612432998620056,215.8826714026382
1489.675608750099,6280.767529292461,3391.3559622802013,0.6165789820235014,0.7869822948829681,0.29873600861600585,204.3522371304217
1516.006805025988,5957.198500880106,2605.5699276591286,0.5942820400972993,0.7375317341172618,0.3914188034863544,181.49888499827557
2499.1469635226586,3669.304937415014,609.4051321253339,0.18970042929649467,0.15673001180445711,0.7151453954213011,127.49426325918608
1146.3697117864644,1204.0723740095523,3689.3931360735983,0.024549706009453175,0.017846278440055735,-0.5078856193908127,5.0
1781.6267573532082,7098.092365094741,1085.380215941782,0.5987200196121943,0.7471625116687252,0.7347384730476664,232.09232736111082
1825.3289345656913,7054.01206225956,1079.0304047263858,0.5888593679389597,0.7259242640073725,0.7346551651552864,243.84648875210976
1982.3048006928248,5354.458386700621,2570.3812988797617,0.45962415569613163,0.48873810678320356,0.3513102091560676,171.8753745596849
879.266493098784,4420.695938375753,794.5358966632502,0.6681989712941202,0.9129941604601715,0.6953017920803671,236.41035017287626
549.0815152453386,7504.407924126102,3329.1609856362443,0.8636413396178703,1.6100446140447653,0.3853990289702279,266.36973491609496
2012.8355586207097,1355.8117473071384,1163.6539247577555,-0.19504084323768714,-0.12227042679023414,0.0762692759038966,5.0
2952.7232034676076,6309.722512074788,4588.60771010156,0.36243119920386685,0.34929357425477564,0.1579246331069242,116.77981038551992
1625.1193965653752,5814.795289822775,2749.760096011153,0.563134937603461,0.672866853905213,0.3578744085797404,196.1911159993389
1687.0891732337366,5061.3498638582205,922.8299851057575,0.5000061009039679,0.5555295137436194,0.6915767878830338,205.02185362442157
1602.5079105463965,6931.398134325905,4293.95894631949,0.6244374141378083,0.8050925734046555,0.2349537006995437,195.94601912634133
1956.5468543674806,4478.281071946636,4376.991933898584,0.39188836843252184,0.38871112413814424,0.011438285185533496,98.13995478010422
2385.444802719669,4285.185843162466,4885.005372900896,0.28479181969559947,0.25535726194226066,-0.06540970799194683,70.76538437971536
618.2138783308676,3677.5381216236447,3223.1412853322804,0.7121743160715511,1.0352592737175481,0.06584813022431986,171.06040845627354
686.683864305757,1890.0964820929526,1071.9612131567283,0.4670218084370502,0.5004877080559949,0.27620504150613995,157.91104919862914
1741.3741481517418,5410.5032983147585,3657.897447482024,0.5130302046021186,0.5783712810015554,0.19326515223225055,142.89697031211026
1148.1112417399968,2380.627785860913,795.7630265487218,0.34927959651626317,0.3323833040652771,0.49895143652394236,142.89208126170521
2558.404742801279,1670.2932751271035,4277.863781370507,-0.21002007324685643,-0.13043796063355517,-0.4383829278610891,5.0
2585.0404617696718,3655.1082125770854,1210.7296720389859,0.1714811307357114,0.13957635333737228,0.5023551129321302,117.77138994659438
1888.6952560811549,4614.271779302113,4362.692853137179,0.41912814688613764,0.4272748410590765,0.02802494344556065,103.51564908760707
1017.9821490623779,3256.944514159052,2063.614279351157,0.5237428711550646,0.5976407307307969,0.22428663621557596,152.1367325857677
990.7191669026323,1873.026541135671,3736.393599720506,0.308095572678949,0.2821274081693237,-0.3321853260162894,44.09184119140042
507.26327529482705,5800.335792480429,1726.0216755707206,0.8391580472176958,1.4960777608753018,0.5413394372594633,267.4196195016227
2857.479325415306,5004.80559633226,4837.823503363576,0.27311733065081367,0.24235442442074073,0.016965192049843654,57.95038689197581
794.0257513006577,1856.1028143029316,3786.084640005112,0.4007643539963928,0.4010103411387741,-0.3420626912858942,52.70686411726595
2623.233011652797,1592.6304021918163,4731.365424240548,-0.24445825399183765,-0.14864722156306565,-0.49632148845409724,5.0
821.8451813741868,5165.061285881057,3170.318249072764,0.7254524732491116,1.0753588106946896,0.23931040310812118,207.94056006233774
2437.8958277763086,1025.7120996587862,4524.745348732105,-0.40772043409531233,-0.22552955693535137,-0.6304044812481723,5.0
1625.77644763742,4717.543113268408,1387.8342389748007,0.4874051567886133,0.5340502240880722,0.5453731492165425,197.012533821376
2642.261160402903,6409.580237873838,4457.241744280831,0.4161936683702777,0.42302530651405906,0.17966048368321919,112.5761834552101
2146.510012065396,1664.5959008357386,3881.92568735618,-0.12644993923466147,-0.08283353558116145,-0.3997694322223827,5.0
2029.5280103098214,2994.0892427480476,4791.500154240907,0.19200531880869182,0.15893502414853955,-0.2308638202725072,35.28109832750719
1979.5826007899086,7873.880322749412,1646.7801250226746,0.5981955549130032,0.7460238889232261,0.654061788174566,227.09221572251386
1368.4330471069356,4162.920557526476,2641.8012281385913,0.5052086179363929,0.5645648825852814,0.22353879806941693,160.74595105376847
2189.4814696283006,3101.876506661572,2538.435532578786,0.17243116813286968,0.14045693068923987,0.09989535509081077,49.16723810496209
1753.2028840979767,4305.21138851413,2776.8165556962617,0.4212337402431564,0.43034312147809217,0.21581316038883025,137.28085071572508
1752.1376544687673,3373.4008327770935,3896.979608950806,0.3163107997386591,0.29186230022289683,-0.07201532028456847,70.96914511903879
1494.3957623751132,1114.3596484117513,2322.421260406799,-0.1456771732015523,-0.09423877518738047,-0.3515096375633758,5.0
951.3675096132299,5353.474438219695,4388.976068679722,0.6982105125444625,0.9948102831322019,0.09899956574148716,180.05432474400175
1390.5543707337151,7193.39985394529,3478.3416958402986,0.6760107673748179,0.9336703218268958,0.3481210766232913,200.00014621277947
1092.694865500826,1055.5728278878403,4748.500856855107,-0.01727998689825734,-0.012190757781856408,-0.6362648424051761,5.0
2497.4677975607037,6547.7573150281,2904.077391574766,0.4477820581140179,0.4702298117701754,0.3854997507015681,164.80046593252908
1334.9063388139668,2086.6393382835536,3803.669214356696,0.21970567404132166,0.18612638386237218,-0.2915008374242138,8.461062928498093
1823.403220474925,5056.095988851579,3916.4330240347854,0.46990233875224596,0.50518669702603,0.12701691608385893,124.18704479126468
1621.271163146543,7824.404964581722,4444.237056880518,0.6567167576886154,0.8834846625665187,0.2755127993393702,186.6126619469321
972.1901874979569,1689.4703368478995,4292.540442375423,0.2694859628114067,0.23834303279363447,-0.435149684807212,5.158143199865965
648.0089640971399,4325.966038893186,3715.97003979018,0.7394402006132798,1.1192782104693055,0.07585188355874413,188.09757562962596
2972.2200746161016,5765.81511526299,682.1390893326407,0.3197051716572268,0.2959299781556588,0.7884168937674308,188.37788666184858
1840.6475762139262,5395.453193735406,3626.176319811483,0.4912598276398949,0.5405614952617103,0.19611500018605943,159.18296219254393
2053.917388354439,5640.10684701882,643.7904140155641,0.46610061893368915,0.49906305002953877,0.7950983640661432,210.44149220837414
2944.917978170561,4616.1958569811595,3015.21043952565,0.22103593663935714,0.18747477188164455,0.20978904215577585,87.45478135212917
2806.4413871653815,7546.736829629754,1312.5457731457204,0.45785896299135564,0.48595716552466284,0.7036902800490039,201.1493078006256
2202.655471910547,7330.771553099956,756.6912296887858,0.5379089877331755,0.6239281022849906,0.8128730232414626,227.02352026282117
897.919367333642,7986.580282245074,3550.9147324557425,0.7978683317804726,1.3249737903200207,0.38445655176908416,243.1035886791887
2166.181726289936,5470.114781463886,815.1480711260776,0.432661703403804,0.44724609542057037,0.7406160758541743,194.62115859719304
1725.0249334828786,1404.086155392388,3213.5290302319336,-0.1025654791000993,-0.06825443248102696,-0.3918565756802111,5.0
785.8459252932923,2009.7788119372622,3143.941663096385,0.437802996198495,0.4549358417757978,-0.22006681511605483,68.76958002210047
642.5014959254625,6763.639718367698,1640.5863456054992,0.8264949377150028,1.4409935768276543,0.6095806244567669,271.3940265725011
1662.1582856755567,7490.294934317839,4621.000446687782,0.6367840957956519,0.834295551566533,0.23691061914757,184.54014417795003
1527.7159428977404,2540.655286285414,2704.697478278571,0.24897908427645432,0.2162930448421393,-0.03127381499869797,49.05519589845958
1168.220411919432,7858.0286704970395,2057.4161515190635,0.7411504154996672,1.1248403058753027,0.5850077956677623,258.5183982381927
2135.5346118418747,7739.980886361156,2441.063336721668,0.5675092378693111,0.6816671768463178,0.5204689649716997,196.6118944981814
2445.168957139891,1619.6385190689612,2120.712706431301,-0.20309213725364186,-0.1266799746274219,-0.13396447472960454,5.0
608.811472014497,7810.092874160813,2302.7275099695316,0.8553703789926622,1.5704172751688579,0.5445924237208033,269.5002053359462
2521.993815614222,4931.966182096149,1351.5952128096874,0.3233143680538777,0.30027172752267306,0.5697996317214811,151.03800913420747
2699.909408841411,5499.089509546536,3825.3626511084058,0.34140510667539925,0.32249293436027004,0.1794986803965832,97.97479933350075
2115.762436916366,7132.40187923452,3978.6398327314696,0.5424470489797317,0.6325203484748898,0.28384035700476035,155.4913999026365
731.3592896679329,1309.9222095768355,4566.415485702562,0.2834312268246822,0.25379672169343104,-0.5541705471058233,14.50772067239377
985.9530671841308,7378.262036180228,4113.590339011583,0.764244927854696,1.2020154896406656,0.28408576705459715,219.38462614867052
954.9565650267443,5962.7496519461065,4152.21944820498,0.7239094765124089,1.0706370589836403,0.17899512945967255,216.55661367858247
1904.5162427766738,5227.533200729928,2613.4428080603134,0.4659273584415176,0.49878281800137925,0.33338839315483954,158.06494514068805
740.1316066645087,1677.5723391132042,1797.2176978477328,0.38774008442932206,0.3829814021667539,-0.03443239949103182,85.93249364588439
1668.3309032366878,6789.466659294157,877.1333970590912,0.6054928268961273,0.7620532667906312,0.7711806039189931,239.2551103687773
1425.5436784358371,5006.819144055897,1303.5298559045752,0.5567589335198609,0.6602120083437175,0.5868596630055896,214.78109592283542
2819.150408939809,1475.1245922998442,3670.217021059072,-0.3129808444822458,-0.18270129956346937,-0.4266174324817353,5.0
1210.9212841254616,1066.3418729712707,1750.5844191734016,-0.06348823175755673,-0.04337623726305816,-0.24290395807207205,5.0
1219.6749837084576,5864.664373123748,4723.409493042665,0.6556700850700985,0.8808195650317494,0.107786826423653,168.66452677852936
1198.7377993830548,7285.89240772209,4330.771108621944,0.7174331065747728,1.0510084283950376,0.254386407481637,198.1730418944594
2767.0171773888655,7936.582253764291,3751.8458378481514,0.48297445257959415,0.5266535623179918,0.3580238833450206,164.20532653192325
2813.3926831201743,6717.566119343349,2887.245878243631,0.4096307115297161,0.41359658294422297,0.39879179745144605,142.22128919932902
1196.7906780383346,4303.909329503615,716.8087668107178,0.5648587719090815,0.6763042867196358,0.7144596635711727,217.90493032149342
2615.9205263381846,1344.4189438390474,4990.884461395737,-0.3210587354323887,-0.18653628052050977,-0.5755786714126556,5.0
1973.5170070363213,2008.4180249440901,2393.6226610794356,0.008764838607034234,0.006299586177726843,-0.08750592362102964,5.0
1523.8543313007663,7816.958953455722,549.7479261732464,0.6737212734731687,0.9275799048158261,0.8685867846174817,262.40994124688274
1299.4213021446371,6621.879802940295,3241.0393818865127,0.671917205205984,0.9227942372196694,0.3427829385352879,202.10057544783862
1344.8156347481267,3858.6571210845273,739.8194874451264,0.4831084169770059,0.5268539115057302,0.6782327928288419,215.22032228576393
1620.3538593080018,6177.185563684987,4736.27874892562,0.5843935447579318,0.7164690611917285,0.13203019438679578,174.34069829755816
2299.2817948401785,6165.671295495061,3531.6544398968404,0.4567526197649618,0.4842099206691158,0.2716230151693618,153.73097760254024
948.0050235119965,2149.3932249612385,2393.123051466875,0.38787011055280296,0.3831727840369342,-0.05365524559961108,102.35180946525207
1136.0021006203228,4267.919095128978,4473.9333504143,0.5795637797961678,0.7063455778517146,-0.02356643017542396,141.75647766041962
743.3694674253222,4303.771866966672,2114.7757005836033,0.7054295021569523,1.0155182547784405,0.3410422907993632,212.4592756151522
1545.420863234917,5680.244874929724,3163.9624713384337,0.5722412523572995,0.6912678202001272,0.28451191890797667,190.79737506131536
846.3081156228898,3224.288000684465,3463.0736376294176,0.5841846787380561,0.7159884187680378,-0.035707002226583934,155.6830068584536
2451.458773298703,7983.482141617959,4707.50378696997,0.5301441965887062,0.6094353032529075,0.2581342673314554,170.17279150069828
2957.733925305058,2070.7694137337944,1808.976685082003,-0.17638737644040436,-0.1118877750628734,0.06747676830301362,5.0
1710.3295990681559,1178.0141669762995,4734.995726567212,-0.18429781044953553,-0.11631758924267538,-0.6015517685626185,5.0
874.2363770366169,5345.826055314085,2838.162274542393,0.7188978770215746,1.0553924041563738,0.30641096729291867,230.11864529771714
685.2892199311116,1362.35894065142,1351.9456580391154,0.3306572551980965,0.30915893340750694,0.003836445848226393,71.10086746955176
501.5630467545605,3598.692392234873,2266.34929953432,0.7553503411700354,1.1715449489155934,0.22716685788323596,216.40993147881352
575.5923115569851,4395.392515815671,4717.01592124065,0.7684192038681333,1.216505188965697,-0.03529510420996683,201.84646730028317
2924.159649869512,1539.0720895589097,1747.8425333151256,-0.3103328800439228,-0.18143638772446,-0.0635156271598421,5.0
2153.805255916607,4941.812879835086,1699.9304316247203,0.392919625913635,0.3901353288893166,0.48810715736765153,171.4002183253349
2497.081227767942,2390.311285195067,2491.2206211401763,-0.02184599298456986,-0.015363643943490247,-0.0206716534605618,5.0
586.3963355588094,1284.0559642534852,524.4662069232883,0.37298979952159067,0.3631046205418728,0.4200057754425755,144.29785440567204
1263.406628018001,1409.1648945339462,4695.149981404581,0.05453858399352662,0.040530718451453174,-0.5383053058558214,5.0
1815.607727679081,6735.527375536559,2647.541991360264,0.5753528143219252,0.6976561490493706,0.43567677312105385,197.69892793440272
2399.2783993914973,4953.824308151241,2996.753991868914,0.34741061154931313,0.3300362533064399,0.246154460994518,107.96248998371057
1174.0224276766385,4409.004341928934,4241.331591972786,0.5794315605442472,0.7060727000604201,0.01938338016210852,139.4801934392881
1390.9803545412074,4226.756497678222,1214.3111220577375,0.5047897787365885,0.5638336339481493,0.553649685245599,186.46754942190384
1420.803038863171,4419.871737358451,4459.275998540039,0.5134798311646315,0.5791635488955644,-0.0044378427242333035,117.48432041428454
2861.29059300473,1914.3786154220456,3407.580024843101,-0.19827838488343338,-0.12405097669238903,-0.2805736590741503,5.0
2215.6828292344917,5756.469008313705,3908.9916768617904,0.4441443478231623,0.46463190770049745,0.19114219088329235,141.32007999264025
2953.38523474529,3608.29273232021,1958.7285234839262,0.09980793034376821,0.07676039054124283,0.29631002518988947,48.870262755070094
2821.2213457233543,6790.349211156359,4796.756320280362,0.4129531007998534,0.4183546807498462,0.17205270852976795,118.50254394386221
2008.5648395879748,5003.392225872036,3572.6848373214966,0.4271029268860029,0.43897540371115706,0.16682538855952767,141.30611679603894
2829.5411626376886,6751.624245039961,1233.114760048299,0.40935344659116796,0.4132010500496855,0.691132105981657,182.8284167941516
630.1243536975188,5377.477827367683,3666.8155766998902,0.790224340726601,1.2957848557415053,0.18914271950855752,207.17246527351614
2908.0829221594286,7142.16157498038,972.1776211701417,0.42129110924660923,0.4304384907741344,0.760380334602838,201.24667885652548
2871.772476938401,6375.3721031295545,3955.042365159151,0.37888448650021234,0.37103386628186846,0.23429163903982778,119.44388774867937
2140.0764786687846,2260.984618385447,2483.3627027848192,0.02747249743252088,0.02001466514235486,-0.04687221851574877,5.0
1081.059247000525,6149.658212687265,2846.0206823419403,0.7009814715128714,1.0027287870662769,0.3672471603898164,228.3831495018489
1006.5743138168732,5755.757954341697,4099.640306433263,0.7022996580905597,1.0065067766824096,0.1680416766445486,207.31172243688823
2273.411117902433,2542.8125624765976,3966.798083322194,0.055936240174174534,0.04161468053065419,-0.21875125842524312,5.0
1368.6228881724803,3332.2252761773134,2572.994408724602,0.4177123614582263,0.4252076111355976,0.12856945343884396,122.90713119984754
2866.4058186603993,3683.5530480517027,3355.133573941744,0.12475608563275338,0.0978245104287691,0.04665919818579546,30.417428070744982
2930.0602369964636,6945.412560065638,531.7038285231719,0.40659848952823,0.40928255852244744,0.8577783730199733,213.31531330802366
2687.4352917201636,5991.401242390444,2610.9778300908806,0.38069226644653853,0.37346430457845836,0.3929637816962104,138.80722372925788
777.0308469200477,5519.468963905807,4041.1617775525415,0.7531864144708914,1.1643423452837416,0.15462444122940205,208.2383831874422
507.575662828703,6683.272609918995,2973.9159236232504,0.8588273193910219,1.5868115336896418,0.3841031655360107,260.1250885608569
1397.5098433152857,4063.84468575374,4181.397703927811,0.4882185962764726,0.5354127423216115,-0.014257072455131742,115.09392086672382
2275.1787949619857,2060.985870112707,1281.8257338037463,-0.04939686136116613,-0.034078808231770785,0.23308526725317327,29.15689278468264
2516.7523255421956,3409.3491449375424,3946.3178161085802,0.1506212513726105,0.1205504052756177,-0.07300067742893969,35.288739502788374
1081.2665505222908,6020.420628090116,2744.7433918239076,0.6954902338907856,0.9871185162234742,0.37371545226653086,226.40234950119032
2476.1315417634005,6221.9119009362,1913.02241990717,0.43064631527979363,0.44424021150120835,0.5296772303937469,166.0026196152775
2978.287838327711,4557.882942761262,1220.3749014691407,0.20960181902827021,0.17606921543001192,0.5775976307542298,127.55633689074085
1261.5740176774539,2728.171720097729,1051.0563305016394,0.3675917711163489,0.35601815991003183,0.443771946730321,132.8782383905483
957.0812225519003,1645.1832172285854,3859.8916808558174,0.2644243159508823,0.23282334412654854,-0.40230305749256556,21.321159559168073
1867.5993681983364,4504.083581684709,4193.272670460189,0.4137814504911901,0.41953694056856283,0.035736251589341676,93.609074463169
2244.011814606426,5572.235035714319,2958.873518071366,0.42580835590491983,0.43706594232763707,0.3063331688795518,149.90591523622302
1975.8813735541546,2071.7663708506134,3578.6801671552653,0.02368906666972578,0.017210766321349467,-0.26668932904721776,5.0
2433.616683454045,1226.1006201593548,3110.047139280419,-0.3299479065698623,-0.19071502708691662,-0.4344747050155858,5.0
2348.538187051593,1654.3510063711765,2676.36146153113,-0.17342153303859334,-0.11021237230680136,-0.23599129762105853,5.0
2294.9974232132963,4943.496760244456,2019.2841032445283,0.3658909255902874,0.3538034657015168,0.41997769481928715,153.3002304690358
1394.7567648736017,4173.828025006145,4918.313244109643,0.49906239457538987,0.5538925279162755,-0.08188227580124442,128.2171536457971
2981.836334467669,1881.5156264362763,2476.6515143829965,-0.2262473941122349,-0.1391153357361463,-0.1365564625174717,5.0
2391.41247788731,7908.252005640806,1227.716210614336,0.5356329360088133,0.6196544192541199,0.7312345704540558,208.97406574926697
953.8722537652565,2504.698127186899,1403.0984225063335,0.4484008425892707,0.4711504297958891,0.28189791622727767,149.8545419806873
2298.714045455551,2489.427946530249,3488.1969716186013,0.039830460615845685,0.02928165444837106,-0.1670845927265986,5.0
2439.6360960634256,3649.536650594866,3469.4335043738597,0.1986970323672835,0.1653922225138935,0.025299044984758528,57.23361212035431
2472.1497429234682,4513.685385391602,1005.8870301863184,0.29223931064463826,0.2637972341975271,0.6355199443836781,156.67993092969897
2468.8844928812487,3803.438492847852,2433.4139787849035,0.21276869874052012,0.1792045663559255,0.21966601263611765,64.57243169763711
2169.0822216142537,1872.7179974249698,3934.920968768423,-0.07332480777251477,-0.04976491427980059,-0.3550845675828978,5.0
2097.68904172565,5672.179916829176,4559.9699191932,0.4600451942896507,0.48940650814911946,0.10869758705171935,132.2033695238615
1341.0217167384108,6785.303830136394,4108.836864885726,0.6699561913098314,0.9176312642741391,0.24567949321858415,194.84026365174202
2627.0778971160094,2907.7225961064514,4832.437762896576,0.05070547696947612,0.03757723788749664,-0.24866605823000953,5.0
2094.63595679872,2848.5394752842763,2323.766967887964,0.15251401223592742,0.12224916464586219,0.10145812377137593,39.63758641748563
712.2416350492138,6345.840349197383,815.7703414589644,0.7981770013332228,1.3261404889942496,0.7721824385373588,297.3010510306174
1301.769361540024,6370.508440429263,4714.177180984878,0.6606563538311347,0.8935084161214746,0.14942519038114602,177.42468867888567
796.2226262182658,7147.277701463574,907.4246030112608,0.7995285217416507,1.3313895962670805,0.774684508726169,286.7705864783464
581.7916704541755,7770.217564143208,1156.7241086909512,0.8606822251885208,1.595730461449498,0.740846495596261,304.89000077260107
1205.1674751836977,3859.6480408619946,2081.69923198146,0.524102123116748,0.5983059043439433,0.2992501072455205,171.86184868935163
2764.004795009199,2788.7320987837966,1158.80432836287,0.004453174037074466,0.0031908239115268243,0.4128974615152984,49.54209125823612
2440.0006720442907,7400.272967599454,3831.79098838773,0.5040786950342029,0.5626117188656423,0.3177049198506265,158.1783115976185
1899.2119359341468,3100.637880425986,2270.091885571151,0.24029240644795594,0.20718656359494755,0.15464304310347135,80.18878506739075
845.8622451162132,2626.031463378723,1530.1505996678245,0.5127372457843691,0.5778115596440139,0.26367489364600294,161.97510951903575
714.1554778500677,4473.7000328529075,4659.45217247623,0.7246818163154133,1.0729743466255524,-0.020338228842239035,171.15407335601626
700.7326380106564,2662.5942566350523,645.3269865580598,0.5833098237237352,0.7141323714907416,0.6098292919210827,221.47339145184253
2683.6640279901544,1879.369006908381,3282.781622752408,-0.17626324743962646,-0.11181726513506116,-0.27186587843996735,5.0
2247.981033366226,3839.174407854094,4236.872277854156,0.2614017975377137,0.22956887826046207,-0.049244127161201585,73.72118246660548
2204.780514303353,6443.874236230375,1351.9321723608527,0.4901448657290052,0.5386791077656005,0.6531642522067858,202.43239894599108
915.193536157146,2622.103818499188,2965.546570051827,0.4825464502192891,0.525897994114833,-0.06146460991812977,114.11859253359539
1569.9183831427874,5831.163039788547,3362.3621286858815,0.5757597319314798,0.6984880547251914,0.26853691762327564,161.17516059957902
1107.7958997632338,6605.038566175592,802.6569302140194,0.7127396147261251,1.0369953658581341,0.7832910569834122,265.0629144626934
1340.7616657448257,1395.111163254364,4868.250639298266,0.019865505777019076,0.014392366557437355,-0.5545168209944232,5.0
2144.289939841221,5978.869441650947,4701.323132395326,0.4720551845965732,0.5086834133868766,0.11961828405983457,124.69546231755173
2633.995790089076,3142.5805814937416,3360.909705060292,0.08804259800295304,0.06710427582356644,-0.03357106936630236,29.70230925601033
2168.1774132712962,5486.973419169813,3241.409531385265,0.43353763735138134,0.4485577669322741,0.2572714671489603,131.68256164593626
1272.117113433667,5864.568046693088,913.6157118042659,0.6434991637678401,0.8505628287579359,0.7304246256162237,239.28227233965035
828.5366017398906,5259.967630030874,2030.63612564542,0.7278357473152846,1.082718416929433,0.4429443173932237,222.76589845198916
1756.9992666446103,7927.099063895671,4268.004092157423,0.6371372518136843,0.8351472893850732,0.3000462500903073,191.3276021206944
2337.0196895982635,1447.059384137077,2055.8244377704777,-0.23518544086540547,-0.14381869636132275,-0.17378967856493108,5.0
1048.7503299460072,6099.912857318282,2036.810840334378,0.7065884060203861,1.0189206513717595,0.4993535687658538,229.19795821698935
1946.4366757662797,7960.729782692143,3730.5127900026087,0.6070649091783439,0.765553205104693,0.3618278353241516,199.55729020452225
1339.8508363305468,3598.7740143599785,3243.0951275843845,0.45739922465586486,0.48521064007799086,0.05198563131573274,129.51102982107656
1677.5709764546182,5335.579891597717,4406.679218631332,0.5215927880983108,0.5937552833120143,0.09534756388235678,133.66562944055363
2639.5745379843916,6639.700193311397,2087.583852480286,0.4310817138978417,0.4448904952406327,0.5215959875288528,155.39361333119857
946.4826120595208,1286.1376256797448,1029.4596038818786,0.1521329098996358,0.12189685258752059,0.11084743858309579,38.553989099684834
2532.7362960516416,4218.318641750984,1014.2466093630354,0.24967688175831954,0.2170381680876377,0.6123329338498864,134.54890567346217
1306.646350289414,7468.603589191025,1544.5497016193358,0.7021973483030214,1.0062321774343974,0.6572676282954683,255.53868543451415
2243.480384780046,5283.685961470794,2438.7568105129158,0.40389775334261446,0.4054565768395144,0.3683975698610048,140.74724156883394
2031.4417533002656,1583.4678575259152,2243.786911986523,-0.12392395491959284,-0.08131308457200559,-0.17253072869570074,5.0
2215.0646879753626,7323.7161035930585,3635.713855336927,0.5355664970934022,0.6195277208234071,0.3365140579154441,179.1646489480088
558.6673376412344,4620.74213595073,509.32668886431503,0.7842737320222218,1.2735779130299867,0.8014347539349455,305.9095156884188
2005.3336642281351,2402.433680089129,4545.694602020085,0.09009096550498887,0.06877174078147172,-0.3084659399771285,5.0
2517.29436909915,6534.139949354029,2586.3052316456897,0.44378000640428306,0.46407678255787543,0.4328554844559408,177.83409172737157
1624.8279245304539,1143.8848920057587,4038.5733790331524,-0.17370636256622335,-0.11037028342576902,-0.5585550978085442,5.0
2592.9247080715368,1437.65547186826,808.2232936046473,-0.2866260400094327,-0.16993048200869884,0.28026097742226713,5.0
554.8034944317094,2007.127397417745,3364.7325105750674,0.5668864476553926,0.6803156991270537,-0.25272533836644,103.31187299958597
2917.710882088845,1754.575869301485,884.9633228953459,-0.24894341345644147,-0.15096363361826462,0.32945619775129137,5.0
650.2905420752764,1705.9656760578844,2678.0087868584847,0.4480307045602105,0.47055175595604615,-0.22172645365553467,96.02402326219634
2565.6383232627363,2418.4011934596124,1938.3255418383035,-0.029541725999477964,-0.020664012146855988,0.1101918207588223,5.0
1941.172878212921,4161.059014373988,4628.907091217172,0.36378265770169077,0.3510457043734836,-0.05322524241502678,80.23547230158522
2582.823053742043,3714.333195784073,1480.1047129550936,0.17968589265154314,0.14723794385374964,0.4301193934073165,90.28380307006958
2138.0182630121967,5219.949212265117,1380.4582483791255,0.41885628866793945,0.4268825018873955,0.5817051426291078,180.1387458561348
1195.1602769884607,7840.1896598109115,2021.6040889167525,0.7354479271492277,1.1066084467851458,0.5900129041995874,245.17766537510636
1381.7268592460314,1546.0144244953258,1510.0940034223431,0.05611409932480011,0.04175086228886519,0.011753647459983611,15.760629587327395
1767.4741598524752,2000.4792060831708,2466.3101336024083,0.06183862259956552,0.04620796736172053,-0.10428764197053898,9.342986144208583
1946.5136959158917,4250.332568060687,1965.831039726495,0.3717727975866612,0.3615440823781292,0.36750987781351435,143.73733909546957
1623.1199960663419,5780.322396728415,2840.5755690529472,0.5615228942885352,0.6696506202619047,0.3410023919785506,178.4768588366595
1103.092399424588,5563.767149196964,1537.8018069267564,0.669081854293089,0.9153240216602597,0.5669120959857307,233.0248519024098
822.6224789391349,7673.717813435549,4504.65471601701,0.8063583964308485,1.3582175645290118,0.2602205745877913,235.07078831668093
1072.183147503225,3893.1382009208937,1216.2135175858964,0.5681314168608331,0.682892004401203,0.5239264842768355,215.47744135860478
1210.1606278986383,1878.4784943008726,2193.4531257775006,0.21637939550216087,0.18279144686552337,-0.07735263280114046,55.70324536636707
955.0946137860228,5608.214189201159,4249.979794081193,0.708959415803868,1.0258397445321408,0.1377772031353308,203.5734021599244
2934.3341560461977,3794.7278981431136,2735.532529868467,0.12786235808798915,0.10050514936729202,0.16219802866804903,66.19546397368727
507.7309975984288,6898.734532931576,1595.7551533562255,0.8628951971930547,1.6064061166943209,0.6242846333089768,287.5452585666754
2738.1129314599857,3322.6561318416125,3662.969614901474,0.09644703406117744,0.07398406799040065,-0.04871624895877221,12.653945002336249
2914.3527407494757,2329.089913410736,1308.5225342942824,-0.11161804673552922,-0.07383638633551988,0.2805596785000483,5.0
2826.30489248689,5642.443174694037,1031.2471028935258,0.33253300954695286,0.31150218184806244,0.690951464528623,157.68148463850306
2321.7269098221927,1209.1642433903266,2412.306301867851,-0.3150940139019937,-0.18370608265291788,-0.33222472559404087,5.0
1812.528885082808,6615.586900890593,4431.729328533829,0.569885148378176,0.6864743681829273,0.1976821815186568,174.76853684504528
1862.7449954650847,4280.123603424265,1030.9437443327383,0.3935260161681993,0.39096942807431856,0.6117753072462846,157.6838441308403
1887.4433935431655,7071.961612638144,1516.534884174606,0.5786676922116353,0.7045092874572135,0.646845082824258,236.19328261930573
2380.642892830992,5407.426834367224,4301.225821328814,0.38864366231560227,0.38426013865690656,0.1139397043188547,122.51894389304233
552.0494366342697,1460.7308172854039,4261.387166445758,0.4514558300291941,0.4758463334287123,-0.48944400598407717,52.05057418723305
2391.179389390185,7625.753117306045,2261.169136048293,0.5225725264589755,0.5955463678916285,0.5425939279430578,194.74939756865137
2303.085355462078,4091.3299678507883,4004.8372345227144,0.27965725116250123,0.24960364821798126,0.010683170339174094,64.80048102213262
2163.628034355869,6351.690060511556,1711.8020731849367,0.4918268441654808,0.5415282352881297,0.5754191744494414,192.52446671698243
1010.6419197229677,3092.1483273960744,1036.48579586104,0.5073392208210962,0.5682828553947317,0.4979037787478734,194.3492511303603
1755.2304207914692,4315.112679575387,3634.9970861164975,0.42170305961906995,0.4310293122772612,0.08554795008093229,130.05842901395587
2576.9056775832787,6064.563886697807,1462.2894036956409,0.4035954975907021,0.4050330446515544,0.6114473478929925,170.0126043266676
1183.0579905049433,7871.64819919174,3779.6861445452923,0.7386866086896372,1.1169247098099815,0.35120115289583187,229.9988694443386
1209.67502612033,1852.2258696051626,2611.6990109296194,0.20985357304411772,0.17630649143659305,-0.17013573513883493,35.646701514432166
1909.9549720825985,1164.3292555519542,4822.186085308769,-0.2425363632892899,-0.1476479657106212,-0.611016028670175,5.0
2151.6372939767534,2061.6227448478076,1707.6316527764466,-0.02136458425972066,-0.01503003351466163,0.0939154152610566,12.623857758236142
831.4477229020436,1002.8448408988667,3619.6093447400153,0.09344044744324968,0.07150447486079158,-0.5660985264937525,5.0
2515.836100522394,2566.938224762016,1774.5053371294157,0.010053982521977976,0.007232952348226663,0.18252751098872613,21.910660367850795
1135.9399650831876,7797.4580355786875,4521.299934732842,0.7456869233024501,1.1395705280226907,0.2659487351302386,228.43378126500284
1917.2776087693467,6833.1094476106355,4825.401507893225,0.56178450240042,0.6701783356995844,0.17220963699462688,150.5506289046341
2038.2694601089984,3083.7083917404125,4164.598781055178,0.20410844436779926,0.17066356519600853,-0.1491231488122426,43.85341606982809
1536.5593269921242,5137.82148464639,1139.3345284163227,0.5395649811942055,0.6270402652161222,0.6369902145609025,210.5535190761701
2771.2539493847903,5760.702563536247,3619.181063450022,0.3503825423012609,0.3338043686119945,0.2283100286763344,128.43388799576525
2073.635786024526,2800.828723927549,1969.9352358541028,0.14918416910599036,0.11926166811132444,0.17416361297768146,66.06996652235071
1954.9087290743666,7735.431244765781,3067.938305130733,0.596524222132544,0.7423914871742954,0.43204047752376645,212.37189504089244
1592.2410956770123,2402.691177518913,517.6221656562199,0.2028695422640232,0.16944901419546288,0.645502310778622,117.52804318169869
2158.20856012477,2487.2161216804634,962.7215576255858,0.07082400082246422,0.053280689000668284,0.4418904645024305,65.72618686091221
2449.8310156079624,1711.2617593069053,742.2065292205502,-0.1774940613138993,-0.11250961275441422,0.39497361112133944,15.191742320384819
1199.7292355407226,1688.0353157343318,3625.0215051540863,0.16909483836170414,0.13735892688109308,-0.36457095309801185,9.8188672263367
1041.2698194298484,6836.913244682866,2378.882897340853,0.7356573688821864,1.1072616982307908,0.4837379514646388,243.74444806707422
1809.2969360841612,3839.2755613707204,4345.31412687876,0.35937905122787084,0.3453270834340876,-0.061828214329757464,88.44816088355522
1162.425488640436,5522.719918837948,2051.6910858734464,0.6522362886329446,0.8721793967636261,0.45825725991726796,213.90826039248978
2991.7925426066413,1072.568561545987,4284.013475545959,-0.47220803747667545,-0.2522065960797647,-0.5995324800708013,5.0
2612.9063032245676,4540.432031067576,1259.9341225301841,0.2694582078318944,0.23833252576719155,0.565567383351661,141.74650659023524
772.9927234294419,5862.4586342442135,3540.7061775829525,0.7670112605319577,1.211614321264737,0.24691181138227866,218.24495505313666
2273.5580342024737,6849.532949034193,2093.1058302091487,0.5015816374886886,0.558266818012811,0.5318818344014131,200.73157060448565
2877.683536177588,5744.8543770753795,4168.513106677505,0.3325205257907173,0.3114870908263664,0.159011685264603,94.26976876878587
1565.554454018874,4125.771888139744,3806.277741627583,0.44984548060548923,0.47340953412140757,0.04027888898638345,111.3675864295273
1165.1451523565815,4791.520934477874,4272.302861046279,0.6087928597387033,0.7693828374524443,0.05728466098719924,149.91370801184374
653.6254805528914,4762.03902480019,2792.1465904154843,0.7586167015013106,1.1826459366306836,0.2607683388340593,224.47471134937413
2974.217523896746,1503.2194346202068,3747.746134506009,-0.32853574546703107,-0.19005610232782943,-0.4274502793648771,5.0
2239.691935929518,6889.982244661395,2801.248971801307,0.5093599416843076,0.5718751153765731,0.42190029121300593,167.0609401498124
2910.456104147717,4666.118256494158,4429.071010187487,0.23172242078621694,0.19833638333340523,0.02606292616130394,59.142407440470805
1435.1092031714938,1554.618329180963,4705.016534487493,0.03997324996216647,0.02938862638378255,-0.5032878551892007,5.0
2601.1213897485513,3596.34737003921,4001.189375600535,0.16058588089827747,0.1295592138090478,-0.05328595557505918,48.60878865713972
922.1139923449424,6568.820723657412,2404.054744504825,0.7538053586952244,1.166433494899702,0.4641506497516826,229.38536023180185
1429.29500362605,5639.503381929617,4072.922494988326,0.595604535321176,0.7403853771572738,0.16129656036840914,153.30666424497267
1720.7054660260367,1021.8632774516253,1687.5693853781243,-0.2548130069598346,-0.1539693909439625,-0.24569944727304335,5.0
2878.321342118494,2282.688276545835,1290.16318353718,-0.11541018317485698,-0.07615382437997573,0.27779634944795534,14.296338664269577
2872.807877819702,6731.984447645606,4129.109503310502,0.4017969820328362,0.4025035110573085,0.23965126863360944,125.73464409548309
1073.2236930971096,2474.5858815768006,3066.1774193385054,0.3949936315884431,0.3929819125199089,-0.10677076524045091,100.43440782659926
1275.3533369657857,4800.034924437589,2879.3257544038374,0.5801574212604261,0.7075880776176712,0.2501131604712455,171.92371397040645
2669.635780854078,4888.340816915166,1543.5601378883853,0.2935580716699211,0.26530450733059296,0.5200298795037819,120.95566680213592
958.5868374824556,3819.0321116485584,942.58040662295,0.598717751252988,0.7471215050891771,0.6040919317529188,237.1558765913704
1893.6270548327607,6559.242091031868,4483.775438185583,0.5519563777856062,0.6508221578978534,0.18794379771354183,155.39323507900107
1768.0931917712255,1320.8389412416,1111.1563722778874,-0.14479251441131485,-0.09372156886249407,0.08621832768832517,5.0
557.4109853233109,1611.0677057767477,1310.6435344760303,0.485896736865339,0.5314483879859356,0.10282473060955227,126.30698695669801
2101.519129112306,2088.64715208712,693.7221141283819,-0.003071948977268139,-0.0021892961273409883,0.5013443234854051,70.16372521112129
1407.199620577595,6626.112260083692,1888.5975042783634,0.6496589098476314,0.8657606653750084,0.5563918073963716,232.0172035523901
1717.87652887228,5716.7088025062485,529.6624908576396,0.5378689052392156,0.6238440350844646,0.8304095397481238,226.57096419861352
2365.7614257980504,3519.2872536207683,3518.0165765942274,0.19600956431521405,0.16279074471426835,0.0001805630475843003,49.381948970328764
2128.3147546709365,7685.011781322585,2348.055411487051,0.5662398989480725,0.6791068765758843,0.5319366716818578,204.17737040817187
1670.2254041054427,5164.025707584454,1439.010585621414,0.5112191878626894,0.5751536464226279,0.564136702569956,192.85912778619684
1334.2702078471452,2767.7274369227853,2939.923178154229,0.34945344996817645,0.3326087894304886,-0.03016928554568698,90.18460843851659
2947.8503720837057,7689.39904491683,2669.7367200769318,0.44574950595869206,0.4671016091182468,0.48456381287308636,179.2130072753196
583.0132872017953,5961.642675356522,2446.9049817038685,0.821835313896374,1.421305150272999,0.4179958105230508,257.5978697827893
2250.9460925591447,7637.0132717479555,3520.217948792238,0.544709679743059,0.636840970430423,0.3689800131602378,193.0425177741279
1369.4579350157846,6970.405714590368,2296.499377655319,0.6715874520523485,0.9219270539084313,0.5043654046205448,225.5567453946931
1291.5786494871863,6934.535492780443,3742.729710335586,0.6859808586429029,0.9606663268092451,0.29893476666800717,217.99558854757245
2685.9798318861085,2207.700235757895,4402.458567645304,-0.09773413656376206,-0.0652511021128327,-0.33202807932926265,5.0
1279.688037708897,5401.92780432802,4238.299882102963,0.6169525251762287,0.787826257486779,0.12070543974207223,155.21706208350338
1007.9307611995296,5239.08158898407,4671.858724596219,0.6773079017496867,0.9371181715600964,0.057231992765952956,180.2656784031766
930.4720676679616,4391.870298034864,916.9223047831479,0.6503524185181697,0.8674572441308266,0.6545646538824254,231.5546155673476
2875.2221541918043,4149.42987667062,510.3837626868651,0.18139086700654533,0.1488437815003691,0.7809424141916068,133.0289535052203
1980.2357974512272,5344.868461228218,4966.037224032468,0.45932897942455103,0.4882709327616712,0.03674083041032407,130.16253824502155
2392.0343215669136,7452.030804744892,1882.1693345132355,0.51401493364152,0.5801354675565353,0.5967154535511843,199.16322860616435
2209.7641823810454,7472.731548160609,697.8951529163305,0.543554834590316,0.6346332945499543,0.8291697371906788,247.46999910853845
2481.1561251253315,3933.2135699962946,1431.0173649049639,0.22637570231552642,0.1928757568115041,0.46645944870584327,104.45238573481424
2941.5639856830708,2914.3427990783666,4616.196096947217,-0.004648500667888381,-0.003309208406263703,-0.2259935605061477,5.0
1169.334688326816,6771.376207440883,4201.211121773865,0.7054836263330532,1.0157175384062602,0.23423509955483918,194.7900598579753
559.1282660065492,6767.422296564819,3412.167230679638,0.8473693011042296,1.5331859003616182,0.3296061257259572,251.22937707313554
1191.0292171758333,7359.589024014647,2459.9837998016255,0.7214168183069957,1.0630488763314832,0.4989631740222563,238.8425969239111
2095.4150592310425,1304.4618606957067,4077.2772885049244,-0.23264171525354374,-0.14248377322173805,-0.515226648936682,5.0
2057.790848962608,2793.929645938797,2985.386484266043,0.1517273712692349,0.12154183893631698,-0.03312794005046621,28.693017150962035
604.5556497771674,3166.646928536578,4887.432616852112,0.6793830946163706,0.942641099333067,-0.2136539226368958,153.19541480553036
581.4966844719306,5355.9926234665545,4948.936565366684,0.8041270797417597,1.3493416960922815,0.03950110190970251,220.53720707467764
2385.7616848453636,4122.424351848656,1173.6498062528735,0.2668428125663456,0.23547336868499086,0.5567849801589707,121.84167263212626
2639.6846653615517,4992.239903546024,836.1848514905084,0.30825189853952684,0.28233353525197885,0.7130666047890668,167.31059862887366
2640.5617996261008,5384.681142149341,3878.518490444598,0.3419359840057648,0.32315613413768374,0.1625963718025131,118.79888893272869
1867.5127941735986,3197.4208495731496,673.3059032642602,0.26257166404912446,0.23083074871518333,0.6521036246762965,150.38583210232127
680.2076595203997,6688.9928805650325,4728.212603711484,0.8153917358530156,1.3946365203648923,0.1717390721733217,233.0550264240646
1265.7581653542784,2696.5554184244684,1094.2562377219688,0.36110146823477246,0.3475473032520738,0.42267971232014273,154.66809066155253
2898.6954419779754,3266.3721296957674,872.0844175479909,0.05963871172272219,0.044492351066455146,0.5785460555732651,73.82988577345385
1935.4112505250332,7521.951776940632,2503.672154127441,0.5907080556811345,0.7298691035513438,0.5005453682300676,209.85360502243591
543.7769403857052,1790.7307572046047,2231.139419993837,0.5341399463243884,0.6167674164641461,-0.10950345070225735,129.95924069186148
549.4048113784182,3936.0790644879326,842.2189315620321,0.7550298576651027,1.1704812812094452,0.6474816210366104,279.3260095545687
1963.5459199818438,2927.600072684072,956.6890802812336,0.19710189676421197,0.16384471551697527,0.5074058377942382,123.29323389992292
2781.8116023493576,3165.072613081411,3234.8973377559155,0.0644473638267807,0.04825277305378573,-0.010910164453890753,5.0
2563.065924493868,7643.722644469699,2588.549593352242,0.4977723095908086,0.5516907698743415,0.49404207913251025,176.07359100178715
1777.4556119558463,4218.012326130294,3480.355828156117,0.40706692771447783,0.40993657015587215,0.09581985209003474,113.71605971871661
1419.8879794144566,3371.1580878522936,4448.925450057372,0.40727433646734795,0.4102241961789791,-0.13782044102758373,83.38176300950497
1188.0349957376225,5342.3306225773185,4210.5357523969915,0.6361505417939365,0.8327551024125248,0.11847699168354521,166.6818799004412
2640.9453571584513,4900.79758488601,4812.587781205147,0.2996458835568981,0.27230455778127155,0.009081262643991948,90.1378950452085
993.5868829785952,7863.542776475338,2092.6028848171027,0.7756413371896662,1.242211061758958,0.5796359442103073,265.35247025337003
2815.7577499114686,6495.198334725592,3419.358322283801,0.3951732293625541,0.3932581680164404,0.31023475063375616,126.37246341901782
1072.1335601179615,7194.013738026411,4990.905846777139,0.7405965507706503,1.1230487304008623,0.1808061083813862,221.05201319016953
1008.274806838806,1690.8417316106256,4210.920387408876,0.25288531072876547,0.2204249034365051,-0.4270044445284967,5.0
2726.186158873084,1497.5405595489715,2417.367585665447,-0.2908913575479219,-0.17202469279613591,-0.23495494447447426,5.0
2539.3711894140424,7355.840041472459,1778.5609404600411,0.4867474517914022,0.5329587184999036,0.6105796221814092,198.9177817062181
2582.77488788582,1923.8253179064932,3309.579915656191,-0.14621877684782492,-0.09455995881497783,-0.26479023420503284,5.0
2012.4694779910772,7859.8058215405235,1964.6388924147047,0.5922987523691302,0.7332773641719539,0.6000509036558493,208.12938707854306
520.961234617061,2960.7998315310037,3445.7563788591965,0.7007484287003163,1.0019760361699106,-0.07569691599146351,170.4209288076201
2921.0531761173024,7861.222523434202,885.0623430580667,0.45817501652867343,0.48645659024204224,0.7976141054248941,216.17318201064518
1291.4523730934038,5981.505715864664,1291.7718762046254,0.6448618684118252,0.8539032508287476,0.6447896123377567,227.21080606448058
2527.18011727038,3550.221182773533,1126.9536265673514,0.16833528260301417,0.13666567309235877,0.5181049788535844,100.8164110769618
1216.5673493300633,2625.951492946663,752.3535619995819,0.3667865275618898,0.3549601187944504,0.5545970242235264,169.0235809069703
1780.08399650446,1174.3476968757936,1589.060149181511,-0.2050263340935796,-0.12772939392870594,-0.1500728358817306,5.0
2036.1464727640475,7723.762878646886,3593.6006078711425,0.5827529949832843,0.7130326187661257,0.3649403215979515,181.93038841405468
1777.1522394942044,4835.734747786181,4202.9621612602095,0.46251849059457917,0.4933309569085926,0.07000705885188534,112.7892856751948
1823.6087840942319,4536.369497232354,4797.55613406095,0.42653615982879567,0.4381350252251495,-0.027982506730603127,92.67624540347022
1771.0206325281679,6969.393273327543,808.799025474287,0.5947513122601586,0.7385513594201749,0.7920341912876354,236.51358592078614
1951.6797965573792,4883.659310179852,4056.101894693264,0.4289442655893446,0.4417031919704359,0.09257041619220331,132.440203257569
1977.8913174139618,7392.992771034257,1483.0589920625293,0.577864521845681,0.7028458642683056,0.6658291249356086,236.15158729144247
926.3998890457532,1934.6855673694736,2161.8216357186666,0.35241368820721275,0.33636050683871044,-0.05544627582310141,84.3983394038654
2240.3834319963407,3426.80417858215,1068.4264189087703,0.20934912127522698,0.175817038886477,0.5246399952129492,114.02113006198377
1600.44835553469,6689.578943140911,601.7366039350148,0.6138858659494844,0.7808639512056993,0.8349442976463132,256.9627289409812
1665.3171057352968,6241.900119445587,2701.9226445232566,0.5787855427263555,0.7047487861567798,0.3958013891764169,204.74562468706893
1043.0322501388491,1842.0931773800958,1393.3811145045802,0.27695881757606566,0.2465845732228447,0.13868509598803025,99.04909024773724
956.2615171220774,1365.844340497628,2114.9767005826943,0.17638421687588904,0.14412971128737187,-0.2152171430328246,13.738336200298356
2991.9151369260544,3130.5597927384156,1249.5537047294047,0.02264519779704743,0.01644029822211275,0.4294423166584595,63.23767484267374
1016.2583678648261,4675.300100516839,3343.594593993176,0.6428892459484008,0.8490561935028351,0.16607095579760123,192.08755788522456
875.6054770282092,4208.603866956859,3647.9837548454148,0.6555588418514342,0.880512261642544,0.07135669313791515,168.60950843941083
2337.849263814305,4832.386303002421,4329.711239342903,0.34790168545992156,0.3306565885061736,0.05486462693519611,79.10139717183625
2959.402149485214,1329.6924597700834,2513.1846802989203,-0.3799658990544222,-0.21345689396855783,-0.3079703506211014,5.0
1294.9737647793063,3356.1867546347435,1465.9069810659985,0.4431610091306731,0.46310945317462704,0.39200394616593803,171.73532120535612
2892.6877473853765,6490.722358185661,4424.887264292636,0.38344637716310015,0.3771864953693882,0.18925512776213949,131.6342515724067
2590.8930903517394,7226.546367209555,4539.622554840045,0.4721855730737709,0.5089000827207422,0.22836012553805,147.53272549231116
2910.673091290913,3135.422628695826,2237.7939507870824,0.03717267270922951,0.027274818689731178,0.16705611331007816,34.62792378755717
733.1267329077934,2911.387364199096,3784.7151306091814,0.597682042833304,0.7448422266605035,-0.13042329727730181,135.98917845068257
2629.623125507223,7917.361916146862,3356.737162629363,0.5013507432934609,0.5578701391063453,0.40452232335783417,183.64283484917897
2910.5996854452837,1913.5371407275902,3057.8672479053457,-0.20668206156623664,-0.12863241633928502,-0.23018246304084047,5.0
2093.7838788170366,7170.365750984599,714.0860814072483,0.5479814202578117,0.6431240645331036,0.8188622121114404,223.5533792874544
1343.3648311259676,6419.956032741736,2306.6557103337354,0.6539200543145758,0.8764139843190233,0.4713513609907688,206.5860892014092
2858.4112103661437,6152.971042888277,1202.013269586857,0.3655998313651291,0.3534262217986225,0.6731432131310906,175.6324741723338
1909.7827504087154,4264.922282598971,2442.505811700238,0.38141733398099736,0.37443507603967924,0.2717012310837806,129.45512019476143
2970.3423126917573,2200.626891718846,3314.4732261579784,-0.1488532208173906,-0.09610064077330131,-0.20196303066678914,5.0
1593.7265932179057,4263.994820512657,3027.3353190883704,0.45585442499531625,0.4827872624700702,0.16960684505808812,140.75335079859977
1358.8833120703412,5014.778939548452,3385.5318567162117,0.5735941884865309,0.6940302506495283,0.19395080993464683,174.730694938889
711.1895560976828,6555.711328266818,3667.1610331131624,0.8042660639475585,1.34991765709627,0.28255760149989523,231.08937261428846
1694.3151384207306,2038.4135724451057,1612.3743011835704,0.09218415282378627,0.07048132981031134,0.11669789806806237,26.77611030479622
2406.7543837106723,1990.9275417949377,1746.185482804967,-0.09455591579042412,-0.06326304729985194,0.06548960583034097,5.0
2457.585169673501,2442.8403961033428,3512.081907608271,-0.003008876141313602,-0.0021444633388007324,-0.17955591304002913,5.0
2229.1690252999642,2591.9598011433636,1361.313519711135,0.07525017248622028,0.056799750693564244,0.31129805132090554,50.63232857542516
1905.2608980670345,3368.146249058696,646.3664937286604,0.27740800395273835,0.24709713066922215,0.6779850828826277,140.60052916521755
1619.5590719934203,1394.437697889131,4295.893122858408,-0.0746919758770577,-0.050644647059400874,-0.5098922217106211,5.0
545.1844046954777,1512.0647406863327,4196.460960512861,0.46998699097353236,0.5052496565572353,-0.4702433447557873,51.607093436107085
2782.6049729836445,6187.004928074309,3093.0810504773144,0.3795482738117264,0.3719251759943738,0.3333938806617049,148.22906789231598
2405.3249907144295,6201.587703982213,1267.1344272104443,0.441071362925044,0.4599403652722847,0.6606824018131089,196.94933493127837
2702.5010905462013,1631.255814520583,3808.3954247085603,-0.24718628645875182,-0.15005736657947039,-0.4002351463429972,5.0
2774.6626995506786,2416.6099872916184,2605.880805917263,-0.0689720486264576,-0.04695013161309904,-0.037684652173754274,5.0
1892.730894284392,1154.1521264916248,2363.173364518634,-0.2424047009728166,-0.1475795377373354,-0.3437331122107829,5.0
1630.6366886958785,4513.368743449088,1201.3590078747684,0.46919425546106797,0.5040379728910471,0.5795568711436012,198.78776720592452
1760.7336233123433,2785.9812639300844,4425.3595503773395,0.22549195756016702,0.19197405248685143,-0.22733335289983342,23.151427615440156
2834.7601457266783,5472.920888497575,1853.992254797573,0.31755681658758866,0.2933573760448113,0.49392268782628573,134.61491633719447
2183.8926155516706,6835.703102082954,1125.0288785768507,0.5157448993994899,0.5832242690786417,0.7173554186552872,219.14229176872078
1127.9317399478036,7208.235623905819,2031.666627855737,0.7293884129046371,1.0875687828362222,0.5602406664532567,255.9939177809456
2709.1674751093065,7867.772161133326,4150.725044599143,0.4877218612329009,0.5345975345717047,0.309277196025139,150.87468029811868
1598.1063592494015,2584.7680631876606,1162.7034215345411,0.23588126347037702,0.2026098205972519,0.379473105284766,89.52430894379484
1043.7796036956502,4331.985318879316,3081.0585197064456,0.6116721549269231,0.7758376548680623,0.16874671541707376,176.3460317466224
1263.4414031228398,1515.8805332430807,4965.366019525215,0.09082759601411558,0.06937024642974517,-0.5322256232138786,5.0
1478.2689457895208,7852.939266512109,4102.9670839374985,0.6831559402602869,0.9529479685203791,0.3136501802826467,202.81232532731394
2027.980191440923,4538.702942527178,2596.061415291202,0.38234260729232694,0.3756860862386397,0.27227830234293887,118.69343025141396
1534.9134336543736,4824.937373100553,4433.4445153888,0.5173114965895844,0.5860217247003465,0.042285235409893575,135.02743261031324
2756.6939295279926,3635.60406557095,1936.4944287993465,0.13749517569101655,0.10890125608886292,0.3049317305111076,69.83751187102231
1119.0892980386257,4153.895444909814,4410.90879512265,0.5755385790474918,0.6980140178857465,-0.030008082260833346,152.52558777898196
602.6580112825742,1377.6839858031526,932.1696101362693,0.39135966175021675,0.38792946418229884,0.1928755901487411,123.23109751644743
2300.899865463467,2482.2449889062636,3322.1576059810504,0.0379133663993496,0.027833059863674636,-0.1447026809735602,5.0
979.1302891081878,7418.777410862065,2569.5265015346927,0.7668156582632925,1.2109553711542544,0.485492927665461,260.8687526203039
2600.027145269894,7593.600707295075,1255.7241474539237,0.4898720684882373,0.5382220802807264,0.716198881061952,211.34039111528818
1472.6737074022985,2710.838298593366,3937.855176083037,0.29596295866262834,0.2680501817151288,-0.18455007468438614,47.92085828363095
1220.530354826159,6867.7696671054255,3806.0009435939564,0.6981985455866458,0.9947960987730592,0.2868497773556707,214.89439058289452
803.4560476975493,4082.2779252056316,3601.8994164436754,0.6711011886897011,0.9206021575396515,0.06251528138161555,181.85554956069197
2927.9431082505907,6369.723071001706,4316.7613284060335,0.3701767622138613,0.35944158662602277,0.19210824305487614,127.38486969777195
1068.8331260471166,7226.440878696251,3056.7604538217056,0.7423031172190111,1.1285574214299576,0.4054846627658186,247.33517404284643
2935.3190211673,2276.771878142569,4021.1643085808596,-0.12634989596700602,-0.0827749546742888,-0.2769784225249274,5.0
2932.247727720458,3582.069272401769,719.4878290231109,0.09975282820430226,0.07671473536199327,0.6654756348032576,118.51824508325767
1548.0171075661979,1531.9630207180012,3983.5230671911268,-0.005212399487761538,-0.0037089893323695553,-0.4444866702506729,5.0
918.087305356038,1707.436044455078,4931.9649437142625,0.3006443415767689,0.2734353358605144,-0.48566563527632445,6.468774846441001
1622.4856819114145,6813.3919867486375,4104.044950500536,0.6153368396398765,0.7841576982598846,0.24816695086700433,170.97590140619897
1467.9589935534716,2796.396210756564,4498.6452153538685,0.3115212390255163,0.2861740687335918,-0.23334329511430418,60.92153041959638
2579.2180093800253,5904.423681837218,833.620028527083,0.3919549873856275,0.3888086845186228,0.7525631875551326,178.8677642452601
2406.7807413081127,2403.801692747982,2277.522416319441,-0.0006192698286223031,-0.00044211377090378433,0.02697511931655639,5.0
1421.1423747890349,4160.591688509987,2961.1684910930476,0.490788217812556,0.5397527260765421,0.16841667888280087,139.45049080915325
662.8821547131242,5856.167001026463,3960.952998736504,0.796632257473372,1.320175404558346,0.19305193398294684,213.81017898310637
2081.022420262834,2824.9247939552097,1171.4261496031777,0.15163277162559377,0.12145694422333142,0.41375211218712177,96.37943460185498
573.3357364058302,3969.411281913006,4459.201634628789,0.7475819214815975,1.1457086552219595,-0.058110433769763215,167.08778849147802
2487.1808475660005,5853.273335653821,1475.5383958131201,0.4035862332840918,0.4050193027278177,0.5973321596524511,178.7593687768448
711.3207287785923,2700.896092028551,1315.4264809758008,0.5830741324920438,0.7136393876020612,0.3449597450215285,179.33516946903327
2474.9329589090703,6772.5680679135885,2686.5296841252266,0.4647347533213959,0.4968785727894659,0.4319691465790897,182.75858560915225
1983.9171156891905,7512.300672292808,2757.0042262973884,0.5821668878548608,0.7118040302867651,0.46305923258595455,215.54920898661652
1336.5678368668432,2758.2136776092293,4480.789292946596,0.3471847851635867,0.3297374219920604,-0.23795757815073065,51.372276724214004
901.0107518922163,5871.974839534527,3729.394559988814,0.7339398585463737,1.1018145989647212,0.22315361384063898,224.2279223654449
826.3955247277703,1990.7572092225546,2734.0235826993585,0.41331152196663395,0.41882728257872265,-0.15731235078467012,87.35617296750131
2250.323553771798,5507.013890049214,3823.82618015748,0.4198206355521716,0.4282874814593384,0.18038972879684761,125.05447086114808
1759.9275746805647,2505.6505807974127,2811.6230163587775,0.1748234304379925,0.14268151629908488,-0.057543105486891497,30.958822732020217
1832.0919503558275,3256.6788598880953,3216.24441856227,0.2799471547008098,0.24992348427835254,0.006246704862730715,61.42692790332471
1027.8447199462494,2088.966334621986,2514.830532751686,0.34045105582515983,0.3212780553498116,-0.0925028211073396,82.17808829671534
2051.7216312814617,7978.886316594906,2501.4489112908423,0.5909078208940872,0.7302983682936354,0.5226395230380827,206.27959562462635
1439.0603185156926,2241.9862708461656,2073.133667986091,0.2181243656173183,0.18454083175887762,0.039130454127455465,71.573797814212
1339.513715850329,7374.543325044888,3986.2775845994815,0.6925625549820823,0.9789100439359555,0.2982412773773078,218.948447315478
1696.7858280346345,1645.5556919218525,1582.7150180108315,-0.015327618614545815,-0.010828816213169421,0.01946573863778159,10.122472398367451
680.4440530402657,7967.916154037396,4825.380225257819,0.8426420645835905,1.5117253952209322,0.24563926570323552,242.10720407168634
691.0654272955053,6853.396250276944,725.8672199105023,0.8168019251106415,1.400429307194553,0.8084596944888154,314.32655900769214
2548.316213368166,3840.4923049742097,3775.4356480282713,0.20225619341915296,0.16885549346175077,0.008542183872911826,64.70157844247845
1270.013192158669,2072.632638688622,1502.234767103558,0.2401150127491643,0.2069948704329366,0.15955777003122384,72.03857644263081
1594.1486388020533,7868.875964443517,3392.8759062206227,0.6630784118247265,0.8997434606827802,0.3974514897176011,216.37311219132985
855.4915649136697,1267.9127098340682,4386.53321553855,0.1942263890257865,0.16105515025247796,-0.5515342345319955,5.0
1300.3717947144514,3182.3407903889974,978.3269693031766,0.41982816420323477,0.42828199370935016,0.5297259833885793,179.10154419180714
2689.5741868540176,3530.9638942526703,1548.6047019587825,0.13525995601874077,0.10694140667125372,0.39026132915739137,71.09883401847381
1288.2394578875528,4977.160411078012,3523.2437099662898,0.5887766191706346,0.7257314083864853,0.17104089173139958,175.72531103117188
2917.254305631654,2005.753317751709,1192.5776269311968,-0.185151244407044,-0.11679753282872962,0.2542500149705062,5.0
2572.64296807568,1471.5210673997813,2468.0201539303443,-0.2722742922256784,-0.16280713673981545,-0.25294800340765633,5.0
1136.8266469458276,6327.218062563504,1200.4574838208935,0.6953858955734329,0.9868281191471617,0.6810549347499414,256.166996388494
2457.1478286727706,2809.5453382662004,1059.376494052166,0.06691058285655445,0.05018925976468336,0.4523660388126576,84.673297382295
641.4829273407281,2534.076220436527,654.9403691468804,0.5959874165230207,0.7411501664122564,0.5892524538249181,209.16222433574745
2787.633103356744,4865.947682310018,4416.380393336543,0.27154800306986865,0.24062647588248343,0.048432600664540394,65.907429005033
2523.922075047568,6965.6074681598575,2140.343178178554,0.4680617065809729,0.5022226690441292,0.529902310791865,166.14004187550782
914.9572113782343,3784.333422500779,4657.194107047733,0.6105977335867456,0.7734103735168891,-0.10340079818352944,129.19395101527817
2604.1159846264354,7815.972391659666,4439.623351360993,0.5001739158368493,0.5558324966959121,0.2754944851983999,169.55561072607708
1191.4771010000313,1960.1879627282146,3251.1193061467766,0.24390626730333284,0.21095131578272935,-0.24771737235320013,28.54078870461482
1660.1330224199294,6763.585389563872,4605.473250672587,0.6058431819465612,0.7628303948599008,0.1898232920589964,170.93749924217627
770.4452544062146,1242.2070259940301,4951.743756515513,0.23439805074506004,0.20106185602507803,-0.5988967074774897,5.0
1187.5346941935309,5016.735945293196,4332.217515759031,0.6171879779247126,0.7883593172027659,0.07321872253537816,150.60166173600817
896.7116541495227,5872.79515815744,2349.988277890595,0.7350732691820806,1.1053969093133478,0.42842024324691774,247.73207900631695
1646.6022607193643,5895.469940554487,3349.619804073094,0.5633554765697066,0.6733083782364833,0.27537322043687457,175.37663972561228
1520.4507607704638,2962.4988703543577,589.9815015222824,0.3216739486096778,0.2982839312075962,0.6678481285769684,154.4273140282278
1228.3535712473217,2907.934992573236,2656.6434046435247,0.4060600209595818,0.4084960118636486,0.04515914233686431,114.33203838622225
2689.0819897084716,7101.465886204407,643.6691673983483,0.45067793467419653,0.47471617517980524,0.8337874902476152,203.5640259582019
2547.8942594079062,3043.9706620942534,4629.443487347944,0.08871394598429796,0.06765046156318658,-0.20661895659083176,10.895170710940825
837.2417317667229,1677.9545398811354,2815.10815255399,0.33425336116189336,0.31358624882950004,-0.2530909738549531,59.959599516665286
1005.3491888050779,2399.5550663255644,868.2220679117761,0.4094699212203024,0.41333561946516617,0.46861610661908454,165.199731232508
735.4153557777153,1966.8413057151706,4818.192589287976,0.4557028083340685,0.4825084619181877,-0.4202412732606167,73.50902709010694
2350.287438003203,4784.7143749421575,3685.6674976276945,0.34119499902310707,0.3222282989977172,0.12975175071431208,91.65936882963231
844.1955829563981,3290.586407860364,2991.1084161091544,0.5916613813607758,0.7318598513476992,0.04767471201574375,162.6744851931457
2670.6196763124676,5639.456835896596,1344.9074966519827,0.3572574999598489,0.3425975341943083,0.6148804864912683,170.61323438588187
2088.802922090945,2190.412821138585,1500.5235251362292,0.023744981585623482,0.017252157940842006,0.1869144388013444,33.408608066221646
2326.306542856273,7676.365866791595,2178.485546297329,0.5348629950372233,0.618212225547377,0.5578856635660947,203.66407468623956
2620.3016292306693,3596.9613256055372,852.2101508300173,0.15708836883890648,0.12638085762890375,0.6169128766323835,104.27757065663097
1872.450078931871,1573.7355444873988,1786.596937244957,-0.0866797575637876,-0.05829970461284964,-0.063345336763961,5.0
2112.945246191878,4782.969751231785,1859.3001866122963,0.38718930057146117,0.3822699811143627,0.4401612086738347,142.03984707922987
1454.0346544818165,4136.654078479771,2487.971974289231,0.4798370203838978,0.5214290556992808,0.24887172359752163,156.02612948124315
2195.2066974006902,2956.8331035902515,4442.139952772843,0.1478300703141385,0.11805179265266198,-0.2007450003760301,13.15270374875851
2330.697683312783,7786.220681597024,2772.0023793189985,0.5392475061049512,0.6264550395207573,0.4749111922407221,188.2119809366375
1548.8527722643196,5235.355284743281,1854.6994456438426,0.5433946720026774,0.6343146077849482,0.4768166068074957,184.25190899368505
1927.752418414185,5771.166789153311,4794.860490621351,0.499214794521042,0.5541676302135036,0.09240050896976107,146.46545096915787
954.0424514445824,5684.876073892732,2719.8744006659294,0.7125910046463767,1.0365423746235616,0.3527768827699456,232.6619361626118
2820.828123478717,3424.7959576736384,824.8481051332903,0.09670255946412698,0.07419473458877875,0.6118036742614287,98.25479814763963
831.3987104244447,5772.2978067498625,958.812485091206,0.7482020233254761,1.1477981303378109,0.7151101545280101,259.7717534531366
1428.551647753017,6495.917674202753,2323.3407081685164,0.6394580911267437,0.8407369091735626,0.4731210703500465,229.3749192158751
2639.633693998325,5227.497422542561,4801.623200461149,0.32894630709461886,0.3071094329967938,0.04246376507448959,77.69128241530966
2355.8052630286766,5483.678542660649,4328.401669867511,0.39898969839863696,0.3985666895309841,0.11774025972599865,110.28168924210864
2557.272485021735,7636.932470835978,3494.0506266593047,0.4982889796027812,0.5525798025009033,0.37219370540026425,159.88156954276954
648.8403431146945,4394.4525995291015,1200.8364491998705,0.7426917885337411,1.1297625234942337,0.5707687524175227,250.86551812660096
1546.3130286448672,6807.752023363662,4648.316805363308,0.6298058443803961,0.8176726466115286,0.18849705340429765,172.01983398668995
884.1268258887412,3553.2634590976036,735.2990182745633,0.60151045123036,0.7532253294339133,0.657088349542402,233.0083949635565
772.1609193539679,2244.1018156232867,847.1382579548833,0.4880015519577796,0.5350125352347459,0.4519104061689653,162.90155207613304
1761.4921881113526,1229.0277826898423,3785.303300053407,-0.1780507772702839,-0.11281999890959828,-0.5097939235905578,5.0
2285.7929236170544,4866.546170644024,4837.128956318871,0.36082646706961885,0.34720577262337493,0.0030315539151121802,98.87680916113077
2031.0632079800434,3181.587607530588,4679.518686342351,0.22071771926605085,0.187150575958443,-0.19054965327065013,26.876467267123978
2331.862156177654,4057.2583606379458,2911.49363915389,0.2700522238779421,0.23898207317476333,0.16441462134882492,83.0740089546945
2031.5668663176868,1230.144611886018,3182.142194483753,-0.24570605326113126,-0.14929017526375876,-0.4424004303929982,5.0
1650.2050765130411,5601.756283403374,1696.9597580304774,0.5448941341837188,0.637183079508012,0.5349977314737117,213.49972098206888
2314.6975537399444,1165.300302995172,2848.2130560414857,-0.3302867696283105,-0.19087288655064444,-0.41931161106959486,5.0
947.8420727944582,1407.3229870368195,4286.255244848078,0.195094994352618,0.16189450409519368,-0.5056455079835661,5.0
1101.0978620220621,2313.0338620391194,4066.058186480435,0.3549763446796533,0.33964451448351896,-0.2748078113363085,51.77145563667466
839.2107955469701,7842.339234017101,2197.0078816949317,0.8066679813875488,1.3594502235065855,0.5623205659384612,263.97192881529116
1812.8697805656311,6149.249535867184,1123.6167074056007,0.5446263215130653,0.6366741813084649,0.691011309663388,225.75245130647082
2499.110069245314,4436.871237313499,4789.811962494684,0.27937808395712044,0.24929345320150725,-0.038252177678569324,62.73550346686467
1886.3847697480094,2438.6091517586497,1044.8699931932806,0.12768211745615235,0.10034664969522089,0.40009975664272335,88.85066222901673
2297.6218386649143,6924.997999210191,3809.4252256804275,0.5017420474212763,0.5585453722350633,0.290241283389613,161.88433339530795
779.0513828383891,5636.384103474638,2960.5016039095945,0.7571321900503815,1.1776274281606725,0.31126184415309277,224.05924799325672
1720.212185702674,2106.941360765073,3906.443448085224,0.10104877430859288,0.07778632669040544,-0.2992494483926016,5.0
2996.1675999127274,2595.1705920606764,2469.1982026546048,-0.07171753773649055,-0.04872813562168936,0.024874252742543325,5.0
1489.5868940059224,4167.31900004035,2955.5482391530645,0.4733563109789939,0.5107898523955581,0.1701240132694627,137.39916251307037
1102.309993526966,4654.203104026787,2821.6454521930573,0.6170216326602621,0.7879743617444164,0.24513038724733477,169.3667874392103
2982.240570441757,6245.664251584498,1332.0129874129136,0.35364730604931766,0.33796697649217855,0.6484376555701998,175.62180005808378
644.4760518014199,2416.7304658110747,1903.8581625731322,0.5789398406262825,0.7050003751252719,0.11870426630064057,160.626640810866
2924.505505624847,2905.0140933035846,2788.5315503672578,-0.0033435709387617087,-0.0023824582469525713,0.020458700115165394,9.777064811318604
799.9941299007355,3930.750645094263,816.7175814998025,0.6617893510298382,0.8963749856097941,0.65593552485397,243.55061477794663
888.5279145217929,3742.0135222290355,1841.7322600388645,0.6162315241245855,0.7861551375170782,0.3403237425107178,193.7292616159467
1323.477707604523,2841.631071514881,3504.1196767888337,0.36449308866954394,0.3519621972495466,-0.10439877509318243,69.73302255076264
1968.9609644764414,6294.246854647008,2926.151427313545,0.5234390789055512,0.5971178517288485,0.36528741210211696,180.735945449558
874.4240691726644,7531.081729085859,2108.527911866897,0.7919401662301393,1.302303077192545,0.5625283614825383,277.2657504562474
973.7237969646046,2020.3646566586017,847.3754445595428,0.34956911779873007,0.3327440866431828,0.40902912059282265,123.74860968927763
2805.014510013063,7751.144419027605,1640.044060408802,0.46855394483867313,0.503018807834693,0.6507270481632184,181.86983114153816
2929.867431439911,3786.1612182360664,1281.4932569289113,0.12750001992769466,0.10019179145110008,0.4942460013971985,81.64887693927737
2476.022210353265,7895.229736319348,3666.666798317025,0.5225220208040741,0.5954554617401607,0.3657326395344344,181.66228826144592
2543.270657784521,5214.466267729256,605.3346627405642,0.3443266554728525,0.3261518730771396,0.7919741000186808,184.54125204167548
532.6671454629208,1890.9265047666647,1951.9229539458104,0.5604319678815156,0.6673929896209273,-0.015872713677342297,133.49482466649388
1641.6371854985764,3834.5600820894933,1514.0417771056746,0.40044629311834834,0.40059581550101153,0.4338551205789589,148.9180087992279
1219.1026278057898,4706.794015295506,4768.923393116054,0.5885508298497584,0.7252479849492649,-0.0065566938244527445,152.87475501360078
606.8490869086611,2811.8584686986633,1747.64879035373,0.6449833293077053,0.8541313305020444,0.23340453642192566,198.28860398136598
1684.0213643197085,7959.002366799964,3488.1947686727012,0.6507275287085627,0.8684310855935469,0.39055915127752366,210.67979119794302
697.9469317537136,4764.569473385744,3662.4157170768513,0.7444595565994918,1.1355156112021785,0.13078861909304026,211.51133307255878
2638.0729228946507,6796.267754025839,813.4842376307301,0.4407509727587804,0.4594547194859006,0.786199540033435,207.47197858998393
2847.735049500748,5928.311716125447,2778.4721317570884,0.351020994821906,0.334616557419674,0.3617684370070381,133.1618920099024
1406.347719192976,3352.4239206870734,3828.645168460412,0.4089450699370406,0.41260113475079596,-0.06631620470365897,100.44140117181726
2369.7600721106915,4297.594021556117,4700.193440102092,0.28914527743284135,0.26027675502350883,-0.04474426854566259,61.48055244915478
1382.2502835460396,3631.4720163015945,1709.4632782059834,0.4486131456413721,0.4714964551364893,0.3598637002234928,162.38131488725236
1313.8058926037834,7968.251003184027,1507.6267757724027,0.7169149235535403,1.049458878780856,0.6817969139573822,258.0906119264426
1008.6243138323687,2033.9156481808425,2864.5277461837577,0.3369853302873517,0.3169699048228531,-0.16956654001328747,63.023617042826245
1823.2561706941756,5412.175600573058,1816.4649453352881,0.4960200777008072,0.5486734085404316,0.49742557150329425,178.2437576446742
1866.2223207598875,2261.6581637062213,3967.626271741897,0.09579634011658705,0.07344652217349293,-0.27386261222138114,5.0
2091.0306599341875,6095.284087495735,3857.425905814792,0.48913993055660787,0.5369800577697998,0.22484912983099234,160.99295451779176
640.8906752151279,1813.9799323312736,2715.003629411099,0.4778619504556149,0.5181193075301169,-0.19894611773204166,88.08066288955779
1023.1979805768192,7625.435300121607,2730.6948275557493,0.7633850464576796,1.199044393322291,0.47264184707487783,249.45687858157766
1589.7721713079206,5006.675631219496,1927.4047375367782,0.5179914344329994,0.5872457989164397,0.4440777622239978,179.81910573912253
1988.121372873044,2494.1726122394784,3782.3954043212457,0.11290005540340087,0.08771053764293543,-0.20524318201882752,5.0
829.4861162519311,1785.0028806960627,4800.199976372314,0.3654697974227767,0.35321903262132553,-0.4578745956143092,38.89666778173197
1272.5610169262136,1044.1768704365047,1066.415661348711,-0.09858005415153467,-0.06577472953781502,-0.010536752389083418,5.0
2129.664208798761,4570.207064069189,3069.147536828384,0.36426712626397384,0.35167960713918267,0.19649035886722027,104.13804518661081
2329.7604709454163,3679.4967933179846,3441.8918081655943,0.22460950876154676,0.1910827008196217,0.033364979558835724,64.13348048580009
1160.246030012781,3385.7392306572215,4661.0643055946175,0.48955134531757993,0.5376514481753057,-0.15848840710891118,110.05558707313415
1619.944450392382,3600.7611511377254,933.4731873078501,0.37941551421428193,0.3717350577074404,0.5882554284029393,152.0794104320337
2702.4748131624883,4698.191548826342,1118.5236917806255,0.26966716749245057,0.23856183392125951,0.6154105381402118,152.44447469664362
1345.8139352984358,7604.239748237741,911.1965792665756,0.699261259600326,0.9978278979764333,0.7859894561793709,261.8238688767439
2650.870975562085,5177.8773085036355,1220.9370940560977,0.3227854876573461,0.29963407899545297,0.6183864642559795,145.34723854776996
1008.7275318027662,1276.8788419310567,2996.3474884104457,0.11732173706398547,0.09145374592248645,-0.4023818335734145,5.0
1445.8744725096608,2052.7138679455356,697.5360921790798,0.17345264324052118,0.14140218522423945,0.4927471302325934,90.93572487561063
835.6183186991987,2993.604071310213,651.7898870096946,0.5635571748660316,0.6736704370781986,0.6424035949018284,212.57140813906608
523.3465420303711,7411.510194158604,3117.0952924554617,0.8680892270990709,1.6318657347454995,0.40788069291371254,265.1543886607089
1579.9046080215571,2020.0446327497189,2291.933791978003,0.12226284182595877,0.09567868474844034,-0.06305438765788765,13.617351147064902
1087.6367901467897,1271.172771707926,542.039101227096,0.07780873218905147,0.05884077143205027,0.4021227088583246,78.29694428294198
1695.3768226313941,6625.455532469914,808.2472908234489,0.5924982620546976,0.7336987202495594,0.7825451701722339,231.80020349004926
2358.2576224152463,4113.373185646104,4363.019806379138,0.2712014351581067,0.24024356039158817,-0.029451987530362805,53.408796592335385
1420.349846943659,5426.763059660557,4386.379852006965,0.5851244556326046,0.718002294956205,0.10601936779200365,148.57884988002667
2248.9526609527875,7507.058463423879,1014.5486208819963,0.5389606197551444,0.6259120890251193,0.7618879605159407,221.94145917392078
2217.526183256922,1614.720275803344,768.0462235189345,-0.1572983141183718,-0.10100041242374413,0.3553323635236157,9.53471636171458
1317.1367421144798,1854.2419141030896,4945.314589431722,0.16936015217427322,0.1376054875957144,-0.45459915999920153,5.0
650.729529332248,1337.9934407437845,1957.0109859073696,0.3455805164455261,0.3276823066911069,-0.18786546687733957,55.95513792725143
1539.9813835033272,1815.2443657996118,1459.7585969941147,0.0820400780100807,0.062242148903109015,0.10854517468701967,42.112768056942556
1170.522035600849,5789.061318994528,4871.199613034874,0.6636229566358247,0.9011296191778975,0.08610124196076485,165.1788285318666
2687.0894648989815,3083.689156804643,4078.797877476459,0.06872550791419088,0.051621157190603575,-0.13893340619956338,7.521322220501446
1617.4408852866957,6871.110692089671,995.7108370889991,0.6189123972794263,0.7923247777785234,0.7468581602444502,246.0059606744939
1670.9588127894917,1823.9578868370636,3176.452853195497,0.04377760248767668,0.0322763497270246,-0.270476774089792,5.0
1633.7676157245241,4222.141467033149,1313.6419070024926,0.4420105937928417,0.46136113490546815,0.525399814802531,173.89001423429661
2094.070968583692,3087.295885285158,3909.738263529166,0.19169167992190092,0.15863453908231875,-0.11754156984725202,35.30178049690966
2570.6926601424943,6417.530854212628,1360.6706738117582,0.427986485593994,0.4402890343390007,0.6501323167741512,172.08424464188283
615.5272498163376,4235.99328537557,4365.575547729832,0.7462538823758202,1.1413601691769286,-0.015064956736783335,191.603529858348
2819.7553805952025,1250.485959723912,3489.7793412593783,-0.3855470202567177,-0.21591467326269234,-0.4723983234859372,5.0
1307.9988045460605,2752.735554339306,1939.483520867479,0.3557821373555768,0.3406842492537694,0.1733192803370264,110.50431459475175
662.2883681756216,7938.361418369606,2412.6150607450018,0.8459910855492118,1.526906968768047,0.5338381715232554,288.7155005693612
1401.3633940720608,4543.220319492766,2913.702191138084,0.5285242964486883,0.6064236665639864,0.21852421368373615,152.73488118269225
1563.0762819264492,1898.1403158728258,735.238167242075,0.09680527767681837,0.07427646244474706,0.44160083924343735,64.16490812934518
2696.0103891889426,4113.97650643825,4343.231300933257,0.2082186263752708,0.17470348959465354,-0.027107622242423295,40.80699856684545
1033.8780893230614,3808.547454398154,3458.65087132441,0.5729916421946418,0.6927794757621022,0.04814738326145886,163.61174815080892
1019.3821129434378,1932.2786916892223,1734.710114360241,0.30928234606215665,0.28352335076554447,0.053877605775390726,77.18026389848269
1624.4219353712795,4721.417754994751,2189.457685303546,0.48803562180071386,0.535110694809556,0.3663732751657789,169.04246428291276
2332.557091239973,6241.804906324958,1807.049275603207,0.45592287982934077,0.48290583710983,0.5509797456795759,169.24248090741764
707.6206209723161,3493.2391741716056,1903.5772985430613,0.6631067658473823,0.8997519074662842,0.2945554816197722,189.53152978068786
2187.8586914664133,3511.557627457038,2670.3744337449584,0.23225166608085285,0.19887650592913475,0.13607124524310144,66.47719676411398
2888.7339178932107,7268.022154417831,4950.027748355381,0.43116997247104294,0.4450238267419459,0.1897188523797567,137.3156756209643
693.372530768913,6670.1387338987615,4316.249529936344,0.8116733970376991,1.3795032486402234,0.214255053364232,229.06458687731708
2236.7419686939907,7984.026147731238,2017.441705378851,0.5623143107257068,0.6712398795538727,0.59657087633396,226.36210640918335
2773.2737632838225,4599.321332242649,848.1516257494181,0.24768043613559512,0.21493063459630427,0.6886073110837985,150.74023951421577
2121.1882245356965,1158.8969272414674,1065.2267299922419,-0.2933738767359383,-0.17323566584307296,0.042115552749263,5.0
505.32592329359125,1470.2883809327045,2852.8053299483076,0.4884366625036065,0.5357040805655202,-0.319798052310566,86.10265074425176
576.3761582727784,6826.978537318655,2259.481554789622,0.844293247481943,1.5191666540622881,0.502670669955762,261.26829805369266
1488.3948420245606,1067.7696705730975,2149.5560644237185,-0.16455324734144625,-0.10516535051556515,-0.3362377585045655,5.0
2299.089355112248,5873.656440772684,3535.9399031433077,0.4373765163505872,0.4543357680642221,0.24843961971784742,127.54859362644618
884.3170244921945,5926.74288383324,2285.7603655016374,0.7403291009725452,1.1221704632650416,0.44334624990049604,234.93209071297355
2304.1151444250495,2350.597632632858,753.109070800762,0.00998611309099993,0.007183738131610958,0.5147034542761714,50.82449653931276
2914.947776408781,5927.041396531194,4779.40239742626,0.3406579176776156,0.32156125618272385,0.10719142799268712,98.14880052102495
2618.9733867537716,5160.622285342689,896.1886510749234,0.32670706877203065,0.3043823443072823,0.7040724365231636,173.60480351671524
2373.190717193931,5775.467003983186,3229.1563100089643,0.41752597823930343,0.42495283238919096,0.28277814683650004,151.78589072353964
2208.7598952743656,5270.078366728855,532.8702449846501,0.4093307494826314,0.4131637795302509,0.8163450062896641,185.3493758529081
2672.304406288064,3176.7463989188104,1193.3984818418821,0.08624339390169845,0.06564298468948022,0.45384031210376147,64.4173029338566
2881.400821339535,5585.43604213829,597.2299459515898,0.3193678187120144,0.29552502947717857,0.8068050425154843,183.3461691655565
1977.6795275893728,2746.2640253978097,1249.3106388691745,0.16269976324330193,0.13148678453584217,0.37465283768601754,98.07625728174595
2075.8733579971586,4009.939715604562,657.7211236358614,0.31779917225505255,0.2936422372447633,0.7181795564640968,153.06699453269465
916.3004756373236,5439.362816227157,1428.3572910364353,0.7116585841902427,1.0337799035568787,0.5840374188174142,258.2331008591965
1218.0550416760534,7562.806143186756,1370.8436469021294,0.722565926873523,1.0665500459626873,0.6931055773487974,271.09684925096997
2590.376317673929,6629.211174942319,753.4431778157227,0.438071102428924,0.4553884867892219,0.795888269391295,203.53824258731157
2713.2143754677254,6687.657401758557,2684.7182634957185,0.422773878854107,0.43260762544374604,0.4270997323203367,157.2945100034117
638.5685839484885,5250.303291488135,2001.7139986353168,0.7831270240388083,1.2693712209226995,0.447956639158752,241.86301492515474
2863.8567338257476,6621.0316542632745,4603.989934058405,0.39612220685270344,0.39457548462649594,0.1796915671078685,114.04067949953652
1684.5015049334008,5342.95369165716,4271.510763241387,0.5205941672852072,0.5919456691346536,0.11144072905261342,135.54716500077154
1321.9623024198831,2269.2146429450413,1162.8351391937908,0.26377211556896124,0.23212443938615118,0.3223669741583395,109.0537064583579
500.58254856612734,1404.3673431952263,2345.215734823495,0.474440192922346,0.5124818289517531,-0.25092080154001867,83.89476888778964
2106.6555623379822,7122.5257551341265,1424.618286622316,0.5434794289670021,0.6344878900013718,0.6666446054972817,223.08232816214593
1167.6873656251282,6568.238017994797,3932.3917195957974,0.698113074242766,0.9945500105509242,0.25101792597372213,210.77973590697303
786.0559892994888,3719.7625257352706,4443.485005725262,0.6510929204085035,0.869287750347947,-0.08865619682756948,164.49457043958697
2268.824611168752,7454.388338578693,3453.7132788652957,0.5333179221392363,0.6153266833737812,0.3667618069260417,173.99057270743504
1447.627289179306,6675.037227892892,904.289035514787,0.6435585179078944,0.8507156731353992,0.7613801004288984,261.05219726965015
1777.5643452926122,3037.7657369468097,758.5661462928224,0.26170612810958555,0.22989408780008147,0.600368898229373,141.1790069305846
829.8359932976358,6548.11358590921,2310.634673616796,0.7750496978120117,1.2400705530644742,0.47833833716376595,237.87546043322394
506.9961023601506,5583.504826725818,4827.553111926725,0.8335125111447952,1.4711991091479848,0.07261046083702055,206.95233744473995
2922.1059915718147,7338.334099978461,3895.815455697377,0.43041312736800696,0.44389609062265684,0.30643339995731006,156.46777829454513
755.1688413856821,5553.359903162013,3517.4115370196523,0.7605879683377366,1.1893935615623572,0.2244515121281828,206.11920424801662
2847.5412723183463,3587.3694946355663,3637.785019463702,0.11497101498308122,0.0894652611728601,-0.00697777808388409,14.296927877953326
2698.7395572733067,4760.917209699906,3773.2982020354584,0.2764440397955324,0.24603211317930163,0.11572464015738958,80.77236233943347
2932.4664915378353,1402.3715956549777,3429.9956380482076,-0.35297625072791394,-0.20134766295892859,-0.4195922917099596,5.0
2464.8414132683847,4670.028965435961,3002.269736721536,0.3090718450107225,0.28329634843371676,0.217374126482858,96.2446793574807
886.983255391511,5198.600161088641,2225.783979983859,0.7084968868083372,1.0244777435070163,0.40041249539587087,215.99472766128687
1853.6445018168047,4795.5542225836025,4083.2856433253096,0.4424457505726962,0.4620291292735873,0.08022090610203365,126.60572327251062
2499.5759472704076,5710.5508132259065,1288.7837773334631,0.3910993044607135,0.3876302403068163,0.631741057389189,180.82975895966885
642.2613670766967,2417.8439153439654,4569.918262838739,0.5802357709348085,0.707695267354685,-0.30797761748475566,112.84450769274375
1697.5227241431905,2042.2266704367862,718.4589297064146,0.09217300675307348,0.0704722181256846,0.4795068805307635,78.24981059448494
2354.84354452756,7354.706401335283,4546.553590411611,0.5149428021041468,0.5817915899712226,0.23595424456192643,145.79528196416896
1621.5765165986818,6821.313074950585,4062.142950853699,0.6158716753729196,0.7853745966775265,0.25351966482902794,193.48131628448886
1230.7106076694708,2201.4858237098233,3628.4647812830704,0.282843722719968,0.2531554671126794,-0.24476690353197592,43.48103011202696
514.3122503749966,6580.506756674668,3040.6845804556815,0.8550175134019722,1.5687276035044588,0.36791932015634016,263.5669933454885
1942.8692303822334,6057.614477890918,2351.2940880781625,0.5143120587495716,0.5806593989644855,0.44076117135718446,183.8245367710033
1841.1242121533844,5608.8198546364265,1073.8367112643805,0.5057347556168716,0.5654970898306251,0.6786198120420873,216.40660024596974
2336.8122297536397,2890.439592234051,4785.4708338233095,0.10591174506759837,0.08183791351273506,-0.24688032248387484,5.0
1389.747839468214,6171.467336011256,3584.9432365217804,0.6324009282816665,0.8238120273983062,0.26511021445798294,177.034734799559
2558.5947740270603,1103.3170184098717,4291.698908753329,-0.39740928719949314,-0.22108772895267445,-0.5909865573703655,5.0
1326.2757269452309,1552.1357904258275,3448.280484389085,0.07846691205863944,0.0593694266902715,-0.3791973686539217,5.0
2136.2528099465667,1014.2303217546429,2201.67919181033,-0.35614299170359537,-0.20278374090756782,-0.3692420028230544,5.0
2616.1314798211865,1404.1557061228373,2291.7981904091894,-0.3014649743516505,-0.1771692931863761,-0.24016600555517628,5.0
1622.5547234102185,7819.569105281337,702.000714806299,0.6563157287118057,0.8824690393959198,0.8352414566693769,267.29973130122266
1852.7462125126108,2988.444946790397,3060.4519099104145,0.2345907642710608,0.20128048283814115,-0.011904147948620753,66.39695666531124
1753.023494495335,6806.128967041851,3391.036399914199,0.5903745136756948,0.7291524882140509,0.3349060688825705,179.62517421154564
2609.669873597054,1158.5947696310247,562.9265072980435,-0.3850778119282753,-0.2157076359046098,0.34601272140507605,5.0
698.8232083609518,7388.079434005533,1868.8447354981338,0.8271716033494773,1.4438882391863528,0.5962277098578738,289.97784013754796
2121.1976582890156,5037.395018821411,1185.4992139101353,0.407370204125394,0.41037179781707794,0.6189878311014607,165.5467445421021
2259.71567253796,5484.604787904706,3670.547819329406,0.4164198952539202,0.42334938151549883,0.1981460109079715,127.31925196028057
2279.6703527710342,6158.554343148883,2067.3341702871085,0.45968010211836396,0.4888303768158263,0.4973590592289092,181.6707783794207
2525.8765407299625,4374.549566807535,2491.739354712032,0.26790708240326144,0.2366354926656502,0.2742107466407939,100.92267856699402
849.0599817390599,7081.154777302265,3017.3821406036504,0.785867089875726,1.2795317390936196,0.4024120196154996,253.11376982919063
1377.547402346886,2764.7803903348968,1050.7123703865748,0.3348921324149991,0.3143923575339349,0.4492389651854483,133.00710786036595
2679.847282846443,7449.3060493516505,2591.083815342882,0.47086450462482426,0.506755468151144,0.48386788750186704,168.79864810755728
2884.255560293719,5150.488311055536,2012.328683486278,0.2820541372277993,0.2522855416647794,0.43811807973350003,137.22099277082276
2001.7617285027688,7124.4700180465525,3978.073366845525,0.5613169193209882,0.6692487298040467,0.28339422255256674,165.3057916434815
2251.7107285670572,2388.2613096311125,1037.832020585157,0.029429181880943494,0.021470857653783097,0.3941600997094118,66.9994751453101
2917.375980873004,3219.3879430332854,2569.4859367048152,0.04921355389516519,0.03643150211202842,0.11226743227054127,14.567540828784463
2740.668812857135,3635.7086677031793,2230.866007586404,0.1403680784950997,0.11143024079677175,0.23946557192813103,58.3525998509363
679.6668475927848,1294.7045100556697,4466.465181831236,0.3115106283166028,0.286132935420328,-0.5505410950994234,5.0
1836.6741410758066,3009.8679577981266,1191.702712114446,0.2420682194740115,0.20903732941143865,0.4327346576057421,124.17231163862172
2722.674362429876,3869.0863834682737,2880.2029942937206,0.17391590275448918,0.1418396145013181,0.14651666770819974,47.96431128942981
832.239796141534,5876.399347449478,4873.582240716975,0.7518901289205441,1.160020849734013,0.093285472018214,211.38900720254375
1868.8786937745188,4588.435821057524,3578.644393981568,0.4211591553447172,0.4302359333108201,0.12364166879282702,122.54474677365842
880.3419378260717,7540.649586872245,4628.507201256669,0.7909172724756854,1.2984370771723666,0.2393051906617789,225.14559528687892
1381.0241436791448,7791.001155611842,858.7198379822821,0.6988616801710454,0.996690943856559,0.801445656104061,276.3940151207336
2501.585888749874,2176.803278357591,2724.16474578487,-0.0694218883299241,-0.04724160553280331,-0.1116843579919843,5.0
2655.438837156837,3639.4709015185213,4596.091581749896,0.15632187037719666,0.12568676743344573,-0.11615729733806442,12.66753520923363
1718.3860297600427,1951.1960989324257,2024.8320603233778,0.06344320986539517,0.04746377901690177,-0.018519979844965357,17.243101077296085
1044.1382371590125,4165.935274571357,4861.632937840944,0.5991848348750742,0.7481469166364729,-0.07706368390947027,150.8240605861082
1228.6649219162239,7348.754354182647,2893.541902987136,0.7135117492281912,1.0392942371147187,0.43498179889512617,227.3335292736986
614.4918590964417,6999.747920695185,2276.2027497270465,0.8385940350482225,1.4935993277475261,0.5092249127111736,284.6694353492074
2681.313270210819,2858.7490592255517,1293.1533161462148,0.032027760417048697,0.023411345029870457,0.3770791317226172,39.367013071082766
979.8514525332417,4628.497168104805,2025.0086614120921,0.6505739856282137,0.8680137394267534,0.39129574287762414,201.27429031691494
860.1633109278043,3244.7926437045085,4204.083779512407,0.5809147183430339,0.7091393665484695,-0.12878333337483805,132.80718582511903
663.8281526774821,6937.442259840268,4293.575943183645,0.825337577256307,1.4360813831924135,0.23540753550816645,249.30821002978732
1696.7527053432163,3756.2004062033043,1199.8707881043745,0.37767566644238554,0.36940191752901197,0.515797598008523,168.1214874080368
2722.649061198843,6825.199420003429,3673.0338704602345,0.42968322826362093,0.44280866795734036,0.30025676340287527,136.32247776908366
1779.3585947056765,5836.390808403457,1116.8084043120743,0.5327160858928446,0.6141977476978917,0.6787641571928174,218.4401411920367
1642.3291239364535,2199.375176848748,3818.8353449121637,0.1449997212574224,0.1155280161492716,-0.26909330638046086,5.0
2600.4475829054636,7962.491013104751,3361.550181944391,0.5076280034153551,0.5688283192440731,0.40629848933838103,179.33735074368593
1770.5955476909903,3875.05464206147,617.5768913772627,0.3727576139622626,0.3628470855925359,0.7250712028604336,189.4402813026702
2241.4269722177605,2018.6363204917373,3454.3485091103416,-0.052297498033656166,-0.03600785455274825,-0.2623270908026001,5.0
1136.2488366047098,6670.338614062143,2560.4389588141767,0.7088999914137644,1.0256799713540803,0.44523872689547206,242.0050278683111
941.2230518681554,3481.6976987772464,2308.024891879802,0.5743884617340229,0.6956365353133303,0.20271658759414465,170.07507788706448
1792.835379426284,5076.33784979866,4444.263991690756,0.47800548338549487,0.5184144666769379,0.06639011572640574,132.99524880813942
1605.1147565490735,6475.690983407808,1907.5454513654136,0.6027339825993625,0.755954160637053,0.5449143140647987,203.92038528620526
575.7699591943802,6977.87096246073,1018.6366463086658,0.8475516732685787,1.534026620747893,0.7452296185989519,315.0160061201447
1170.795789969562,3248.0059944285267,713.5499035545515,0.47008449469788316,0.5054639227248977,0.6397627991377235,193.70578481029648
1302.6276904849815,5476.688432332002,1826.1861963423098,0.6157052814195784,0.7849842037337891,0.4998719574284263,216.47282009943467
2224.654397370643,1413.0558819200253,4126.127632078131,-0.22310696919650447,-0.137447414042759,-0.4897963287932353,5.0
919.1325434640769,7557.322658704213,2437.4098920658716,0.7831328021127208,1.269435140897852,0.5122611075502561,244.620201826033
1034.2302771811446,4295.112918756112,3331.601350891859,0.6118732686326108,0.7762901309336037,0.126333770175763,180.33497150661668
2428.604571856976,6761.799907978859,2486.304814034589,0.4714912542921935,0.5077702892188894,0.4623104108353048,160.32742044581803
2277.3108269720533,3297.794399017176,771.9712357394928,0.1830429257379637,0.15040147159950054,0.6206311098324636,125.02493015362681
1134.7513264872705,4231.335792762298,893.085549059673,0.5770656340240354,0.7011657206457124,0.6514394544037008,231.52103168930972
2906.738569317939,1202.7028550060581,1450.871967892092,-0.4146635851312885,-0.22849488337067891,-0.09352256083040043,5.0
1545.6284454474514,5462.645352245777,4990.564060139296,0.5589132244702963,0.6644680621372365,0.04516137326226264,158.26270739862764
2546.5656872119735,4701.708905482792,4862.598663128177,0.2973318947029912,0.2696341840457841,-0.01682189290488583,85.06683632608569
2780.2166939694375,5989.667221763134,4758.75271115402,0.3659627149306046,0.3539007525472878,0.1145205079608868,106.90833002577688
1137.7731660609347,1973.669514596901,1595.2853448637488,0.2686523372143834,0.23743524826303153,0.10602100181348713,92.08955069195349
2685.132140738569,2210.1814716291906,3446.4815666764293,-0.09702149987130922,-0.06480615310832631,-0.21855643273370584,5.0
1364.2572223035672,7213.885903506287,832.9495717526644,0.6819224854060171,0.9495885781911096,0.7929746234503826,271.14748594939505
2249.89261466273,3500.582381605395,4322.42723605534,0.21749329708186355,0.18391481720358857,-0.10505481835143658,53.632214160468024
871.5435100273892,6780.468238609718,2924.520828099137,0.7722053914596455,1.229926297894637,0.39731599732970024,239.77765975769154
704.2784831733508,7148.560349987122,3123.0177145035295,0.8206308575671556,1.4162968922862262,0.39191082517380454,259.04193657348657
2058.608699967547,3427.2665870065302,3969.4712528585824,0.24948760502071596,0.21683538197022428,-0.07330321521691738,49.70034801660711
2813.3243253814835,6726.7323213471955,1770.8661153789267,0.4102080459760609,0.41442109963181073,0.5832078607016892,168.24754273220898
1181.386709893568,2090.748052597375,3348.128455416238,0.27791072447567433,0.24764558165629097,-0.23118384849059564,49.96486383716882
2836.6536411934453,6898.938767580532,1739.6292741849825,0.4172612158977388,0.4245724078220175,0.5972412867334282,188.78920503682164
1380.0005298815518,4557.4044790170565,3319.578485573121,0.5351502792614385,0.618730148181528,0.15714468329451217,165.89780874902928
1030.125645768284,2388.434007755999,3900.8947893756513,0.39733352617967804,0.39623062546347865,-0.2404804757653875,78.53425102740763
2441.997465963499,7175.52438187469,3311.6831835099747,0.4921774018618952,0.5421266836624568,0.36843374882268365,176.69091308754554
1127.2853650730026,4202.718595323215,3399.5682903954735,0.5770039295514123,0.7010377567741249,0.10564588220563698,150.51756067486915
1189.1132714663077,1156.2866776667267,2996.7229121547284,-0.013996160355387975,-0.00989710781084237,-0.44315723193982987,5.0
2580.543547359086,4303.328629028178,1395.9347236408075,0.25026395570333865,0.21765979197412952,0.510135034120803,122.73068597546535
2130.2683529332053,6950.949716267583,3632.223961595759,0.530840832812177,0.6107212033610259,0.3135851168444836,167.6163708083024
1542.62977567975,4069.192611767195,4593.475336049178,0.4502214541374079,0.47399224898581976,-0.06052208481032892,99.34438320570375
1048.3724421747777,3209.7465273132284,3114.2031394988944,0.5075889377723856,0.5687239149588874,0.01510818283400235,121.49295215272055
2102.0992336668687,2684.904049748905,1775.9853955804767,0.12174731903347007,0.09523888566982373,0.20375278632298924,49.402225931256616
558.2793301808538,4349.703393013475,1430.8207517572628,0.7725015094577381,1.2309211918784337,0.5049512064389149,248.40897702864058
1227.2731778542134,7340.618719091465,3751.777624405997,0.7135180525215364,1.0393128821868218,0.32354064741526867,223.52980305706288
1524.0055498985787,4467.771543608034,2418.191490803696,0.49130098588086035,0.5406244392064636,0.2976461015349886,169.7400755338811
609.5841007029088,7217.387826739607,3466.617159161597,0.8442350102246478,1.5189106935326737,0.351064106781729,245.4967538068413
887.0327037025672,4970.700143385447,4867.822355324207,0.6971412909374664,0.9917691257630312,0.010456629851105768,163.472986977576
742.6834086695101,6776.857812861093,1117.1447687938141,0.8024657656123415,1.3428424474071676,0.7169636676460025,294.4567835552231
590.4910229534642,4930.965276400089,3972.9950487338806,0.7861104059030029,1.2803892693835532,0.10758922912700711,218.40638803133123
1709.7446195327902,7479.679685974823,782.3343066851601,0.6278886330622448,0.8131640905991954,0.810618982784222,250.4016160459975
2135.615093914754,2765.298516082111,995.074727917363,0.12848286506304615,0.1010404145586073,0.4707574681632423,80.53653008300554
2585.4850177268268,7801.891615800437,779.1049050049121,0.5021871047531351,0.5593209554011901,0.8184115554585968,223.7609915831491
834.3806601185895,5427.97314371941,4886.9769121313375,0.7335249056116929,1.100498156784829,0.05244778002863578,197.11967330554108
1072.3774300700925,4771.578071920664,1798.9506093718599,0.6329960315333397,0.8252102658632787,0.45241830700168617,221.50840334857156
1206.5205908941402,2452.6500236322113,2355.741373544939,0.3405496938160185,0.32140682537037046,0.020154068598494303,93.05724616122286
2866.3781588105735,7102.910305941205,4469.984373687802,0.4249583269342338,0.435818131988692,0.22750798351776744,126.21907887632996
1518.5725728364737,6322.480651502388,2691.9141653247566,0.6126610725127818,0.7780910584668688,0.4027521047777618,188.8792977478617
1987.3326089603083,1919.841954471227,1530.2122908539804,-0.017273519105973398,-0.012186971129395355,0.11293435865023191,19.55897026296209
2512.2382757418104,4476.232273462446,4466.559487039488,0.2810334512554013,0.2511416243810853,0.0010816293928030964,70.88520637716181
1359.0493548635532,3560.0531199615157,2699.0422888967364,0.4474401124828759,0.4696837708997453,0.1375615443900508,121.34216884142843
542.4745951559039,7128.890144066077,1588.111298767051,0.858571554338529,1.5855998797628805,0.6356289924924664,304.52996647515
1529.187496499202,2762.9398484788867,2705.2093028435647,0.2874454210068497,0.25834359093615555,0.01055760258675505,81.29251342049949
806.3172022198282,6800.158030520524,4558.20164755318,0.78799189428943,1.287440778669588,0.19738381652923498,230.05410865104542
2350.58449191648,7369.297702283583,3697.9765296881515,0.5163347774775991,0.5842831872696451,0.3317276770514816,182.02967896098164
544.7974665906181,7862.376271239094,1004.3873049158087,0.8703970004629749,1.6433419257321953,0.7734489486099305,317.3577896865048
2110.7205396514028,7411.315685882493,1041.2691503662286,0.5566661394818652,0.6600451358356927,0.7536211298873737,240.7588665695988
1991.209095346038,6012.906790029923,3182.615878162466,0.5024537065398232,0.559776956178447,0.307790107608536,169.96616583488222
1252.4442230033083,3053.8052007805923,3205.0224543303284,0.418313200208481,0.4260764461106406,-0.02416063548292345,104.78257212650246
904.5089212789701,1913.5280333322644,1251.6347133185154,0.35805744493312985,0.3435973242511451,0.2091182579805774,104.28169954572316
1505.7591629515687,1970.7808238482603,2999.979256960138,0.13375990569030857,0.10562590249855891,-0.20705051464432134,5.0
1934.7731785959295,3506.0705999267166,4837.2507590078285,0.28879664349941053,0.25987820874417167,-0.15955038786754286,45.10928697357918
719.0861761503982,6951.854086688903,729.2157832142093,0.8125168096953747,1.3829241601941034,0.8101265068616097,303.12024855732903
2324.5621599159977,3797.016496956488,2507.8897123008087,0.24053506772258518,0.207441817585058,0.20446406999019756,86.68812196811692
1660.0580236305016,5753.231023699174,4006.6176166143655,0.5521399440091879,0.6511744535067666,0.17895906701784045,148.71669843571414
2685.2802039729186,6700.754626593402,3606.5622334186864,0.4278137141699046,0.44003393975228816,0.30019377835163324,147.52098549145708
876.0903598010548,5906.687751735272,860.9646953544038,0.7416721155357232,1.1264989686355742,0.7455647427351471,275.38684339134596
2729.8948852424373,5625.105642807938,528.1797285053735,0.3465243057135472,0.32891936706468194,0.828325943931703,184.7767931836061
1673.2226286644684,6405.853660894692,3207.3027164344558,0.5857886300393722,0.7194114860990369,0.3327264031271457,184.7263281002849
2617.4201448879885,5466.899893244242,4061.668776289341,0.3524699337190164,0.33646126018256955,0.14747557220220048,106.17461338277494
1562.6601393596795,6409.3301746476745,3763.954474292157,0.6079623586802518,0.7675441356000657,0.2600316211904247,175.94837569534099
2311.315692208813,5116.055284899729,2831.522159170169,0.37762212241149856,0.369337248148584,0.28745025028308707,135.4877336161213
1617.57081280413,4383.766641088501,2243.268954102386,0.4609298925574018,0.49080167305881267,0.32299474718627413,147.85846476991892
1230.921150731135,7187.400202087517,3005.6992775388644,0.7075613772637049,1.0217697343755536,0.4102482206218673,236.52725167240004
1357.021769666931,4969.71844223073,603.7585743623504,0.5710202333263145,0.6887703534085738,0.7833458098215734,242.82829401877507
693.8075782701306,2635.2595857820143,2782.8655681980235,0.5831819880033792,0.7138630715704049,-0.02724299978200727,156.17306595238097
743.0797594797082,5095.207152008376,3995.776755916723,0.7454459600502803,1.1387416407849082,0.12093634826614143,192.75700970200114
2850.0421784518667,3312.991489602403,664.0751205438216,0.07511711537048552,0.05669439662373482,0.6660477754218808,88.16007169716175
1205.5968337709583,6996.104408900944,1270.1544601051742,0.7060129847569985,1.0172573224125487,0.6926894062769088,248.25882388859776
1017.4742045131911,4536.439657296737,1886.8875605232658,0.6336010135748077,0.8266470713328201,0.4124890429076111,202.44906880886012
2652.481645248498,4249.853217283737,1057.561598831346,0.23142481545987934,0.19803033850565327,0.6014776927098388,126.66960794790523
1035.075743728938,7234.319431809112,2854.9497241422155,0.749661076262105,1.1526379472218873,0.43406213468391686,232.92342365175668
2098.215717374952,1573.283356180856,2711.2321500189655,-0.14297494035392191,-0.09265532582573108,-0.2655956763199639,5.0
945.5719399997118,1309.5665250897682,4565.2490094781915,0.16140675642025684,0.130295919502675,-0.5541761208803083,5.0
2657.23168673341,1474.4498440910697,1983.4158824639558,-0.2862712998404898,-0.16975611536897006,-0.14719080452344915,5.0
2712.6910862712084,2269.406539834007,3011.1581766340146,-0.08897548374514011,-0.05975295585435866,-0.14046824089596047,5.0
2419.6690891844883,4399.878477089227,1622.8584372088744,0.29037254574006544,0.2616708845792652,0.4610893816109683,124.9878784951644
1064.9537824722797,5099.900856277905,4066.720606918155,0.6545080637893405,0.8778781795125669,0.11271112845613321,162.46134637485883
2128.7400166855887,4289.628482474921,2307.727839477461,0.33667254626082826,0.31660314428940883,0.30040830690050396,131.5028716432897
2613.3830726872948,7318.788807769148,2192.5073406528236,0.47375395746694,0.5114552050591953,0.5389677060395037,175.98439299162172
2002.0235316241076,6129.247290175181,4313.5915078674225,0.5075742585007427,0.568726626474668,0.1738661121987459,160.44630037260848
1421.1225248524902,6901.747397006588,1584.6009890246933,0.6585018056213223,0.888011774823218,0.6265529254145968,229.2499899374545
1032.676449855308,5317.250210794098,1535.979908598947,0.6747438181948804,0.930271585219774,0.5517500851085223,243.2650742085646
2809.409933794337,5848.611241024664,4660.029079592482,0.35102724346742376,0.33462430908223845,0.11310522817944106,90.7626411539434
975.6791309203212,7654.350861576385,3154.9721259135877,0.7738874297874841,1.2359281410476868,0.4162498188326728,248.82692827993782
1172.7465180742734,2495.8961759392223,3335.025309491962,0.3606646293637166,0.3469782785201465,-0.14391020964789714,58.92900465032078
2478.4794357665933,3228.736832189571,736.9020678784866,0.13145767762541755,0.10362320020651924,0.6283564455755072,110.82625905240542
1111.6061092091836,5867.155160879614,4701.900715656099,0.6814316849283036,0.9482429444933393,0.11025151713884274,180.80035153105962
2739.7798037384273,1386.705096035235,4091.4102859965355,-0.3279000748190083,-0.18975731616292407,-0.493729138736108,5.0
533.1150087580426,5316.440581578139,1528.2847454553826,0.8177246114054739,1.4041956900156163,0.5534416144659361,260.28356635709946
923.3731984883688,7222.193643023694,3068.589876291885,0.7732820276744291,1.2337629943448474,0.4036236656355622,234.68270994553578
2489.382798103225,6567.230294294453,1920.6756421009634,0.4502618643567762,0.47406849270254814,0.5474323922137294,185.75045729810927
912.5419757400862,6739.686633797735,1994.119935306506,0.761496415571424,1.1925290602249143,0.5433560567662754,267.8090151155796
2183.6305645059047,5161.386284868262,4162.979137721868,0.40541169353623274,0.4075952772360528,0.10707507715436365,115.45324636919736
2276.9630708620934,7084.165377935647,4105.757374289433,0.5135280786770338,0.579266319017233,0.26616877250451065,154.86151329870734
1261.2506570612186,5639.424067414824,2034.9564573799446,0.634455844468394,0.8287017856076699,0.46967538264746084,229.77444203542998
2634.9103121200515,4270.9409765031,886.6936151812681,0.23690499487606625,0.20367484740319292,0.6561626847551544,146.05078724468603
2702.3032432839427,2388.7262709798833,1028.9887458305905,-0.06159401970935328,-0.04213940944962778,0.3978498845174036,46.70621569893295
2420.3908119757543,3490.3948085665343,676.6779665387919,0.18102568171159386,0.1484983151157885,0.675226230307772,123.03543603700373
2274.6289562572215,7161.619266113467,2238.697790937696,0.5178954807221658,0.5870852978362189,0.5236973864577683,184.0076100686317
536.0770525620136,4458.774045978502,2723.1469073901003,0.7853481345574732,1.2775456645547831,0.24166614330844982,221.94860719194904
1141.4683562786913,5047.468234714016,4374.148567435244,0.6311261749698545,0.8207759279427371,0.07146540570974066,170.2787739144433
1820.1246916664218,7072.3999777561,2564.4155402501283,0.5906393831618258,0.7297199134962711,0.4677877695816726,193.64493424312752
1384.8891685082897,2450.205507570734,3437.4925212499825,0.27778097511632643,0.2475053035716417,-0.16768642153159338,51.46647724371936
1767.9846050121191,4272.020002349517,2036.5566045682012,0.41457508060024856,0.4206786463838555,0.35435305564422376,154.90244196646285
1788.7255092657037,3054.9829047535986,1887.2376109503314,0.26142312604150614,0.22958850856429822,0.23627948001439258,82.05878625922622
966.1614714833704,6379.913659552306,2660.330164806602,0.7369584561502744,1.1113902998330036,0.4114472537025883,234.93031927639822
1979.2001233784288,4747.466311267265,3411.3590085000424,0.4115361173878559,0.4163140087121672,0.16376221456369736,116.5008799665363
800.19469899459,1926.0142014650612,870.9107296380143,0.4129615679369587,0.41832230322513597,0.3772369646809538,140.1670855675355
1242.8276242161721,1896.7956540468226,3575.3397934408654,0.20829506334408535,0.17476876264223049,-0.3067438946267193,27.692479048559278
2211.2881035615173,3423.5854429671276,3613.378921696473,0.21514188902026068,0.18156520041695867,-0.026970930768873844,49.383602922796044
2376.397016667637,6222.721318514177,2621.6883754260266,0.4472928678818935,0.46947379173574993,0.4071535656187732,168.44205037943655
913.3696879096385,2643.3336348027005,4964.428114337356,0.4863953468818978,0.5323259662548221,-0.30509557945764076,81.16825818300033
1730.9147957351845,5801.089296428745,2611.6638121845376,0.5403840001079744,0.6285953468273203,0.37911792283546747,190.00507913701637
2325.1061911244574,1485.1801597133724,4967.749296830275,-0.2204364590619181,-0.13602642545033983,-0.5396880843080789,5.0
1861.0141885272808,2122.3197572608988,1287.2565755634803,0.06559971426556202,0.049156747598461295,0.24491699259325955,44.61488984545645
1929.284349391326,1184.5607640670544,655.4767908991723,-0.2391652628662644,-0.14589530833227407,0.28753976865980513,5.0
2562.252671711562,4244.882068845905,4045.953330672127,0.24718614527517918,0.21440889631703586,0.023993811065329915,54.73845208593792
871.4383271651856,7067.261391551569,1797.6410814457338,0.7804581711282366,1.2596319845701367,0.5944363545524368,279.32940574805974
2764.528387718169,7983.221495917979,3795.2368961638726,0.48556145837184994,0.530972476646504,0.3555630507820909,166.9901730342246
930.9303601973863,2088.6809951111827,2494.5996484883544,0.38341047846936493,0.37710454069713933,-0.08856508794753037,98.56755541428439
1427.0605810132079,6785.6431705683635,2032.7056125542808,0.6524748427545246,0.8727898015527878,0.5389827136993836,215.1801291623639
1137.863655668776,7662.872104786265,722.6836266528501,0.7414162435935582,1.1256959693282445,0.8276360803715885,290.2932664408999
611.3895695738668,1123.763058906603,3090.3614543871686,0.2952901552448146,0.2672453310028123,-0.46666831718192364,23.44038803188788
2882.9590306423393,5670.780452982721,2954.9136165100213,0.3259184392219751,0.3034259799357766,0.314857774258803,118.31831500445527
2216.10002276273,3798.0083102289304,1633.1282205026284,0.26303288860383106,0.2313325513374481,0.39860535213540155,127.97910124971015
750.0842020345767,6087.9466554809715,1781.3009925334698,0.7806139755568722,1.2601838414634567,0.5472754010336519,247.56519140309055
1050.265268426687,7373.690948482734,1939.9695582219879,0.7506479754266026,1.1559109086765234,0.5834141566321536,254.90472235445384
996.1221849824959,4067.24557803835,3643.388307262528,0.606537691154604,0.7643429340335696,0.05497048323470124,162.33753669128657
2423.0899723142725,6834.214881792311,4284.918946052198,0.4765020682066811,0.5159511007958766,0.229271090264864,133.1365232449357
1015.2057389476212,1217.1425170370921,2721.932209973424,0.09045935259323376,0.06906771242297936,-0.3820160308805176,5.0
1224.3608883851532,5670.085640024009,1390.2274832174844,0.6448269244927837,0.8538140583158147,0.6061853180578758,219.6706991528346
1799.7497595059153,4971.9502580822245,1463.733756711309,0.4684496492562726,0.5028391075168056,0.5451194453863106,173.24563317075226
2942.5993306647038,3234.8376890872582,4097.551241614241,0.04730737965289383,0.03497107510615538,-0.11765790938844645,10.853249785245886
2357.2302290693337,2265.7071184390034,722.254019927007,-0.019797609989212105,-0.01394311655756454,0.5165572865648074,47.096711295180306
2212.6027270763816,5637.969321129552,2954.694597445248,0.4363206365833733,0.4527414255001837,0.31227506961741885,151.6493431593449
2756.909989879635,4536.49598938313,1879.7881308785484,0.24399930626642297,0.21106192421558723,0.4140570785668661,117.63452694765662
2625.7823683231904,4219.081794058475,642.1259865173927,0.23277297952222967,0.19941392902433702,0.735816276172736,149.63021632225784
1259.9177870900048,3988.7692823842112,2899.3948028463474,0.5199112575495296,0.5906975238384449,0.1581516447489286,153.60530469452655
1258.8597898367434,1676.1792119540112,983.0841574907,0.1421853071528056,0.11302929110878607,0.26063422757084953,75.94446970671825
2062.5292942758415,6446.806790586191,4470.1387475633055,0.5152314413335577,0.5823037718930242,0.18106420298006554,141.4879413307301
2174.578236863462,5611.204525003514,1377.0052312737648,0.4413976594017601,0.4604349328465635,0.6059061534780635,197.6874634037023
2007.7378178775343,7877.949124378785,1135.8913614791295,0.5938091444930602,0.7365245324829278,0.7479672812858743,247.27935499686188
807.3053196465747,2549.5334872267495,1980.8476590593293,0.5190085873333721,0.5890391102315131,0.12552714874952428,130.66403732428552
506.76015986068893,1374.7077211334902,2272.406946161449,0.461314046112155,0.4913353467062538,-0.24613956693816866,92.03317449486724
1467.6192392086866,7626.86071108276,3394.992792480897,0.6772505415221065,0.9369904360785991,0.38395247376946495,223.47464615162087
2548.435519678036,6115.188482200314,2030.8083711974953,0.4116929545115625,0.41654435692036496,0.5013972119075604,167.83076918996596
2819.313983747701,3413.8868639609095,2055.6801881386878,0.09538805096203366,0.07311243718246799,0.24832069204682802,49.216429847586895
2916.707696389033,7935.915337999846,612.301810672805,0.4624879741279027,0.4932947843244826,0.8567416338513926,215.0137516357112
1904.642965290698,7525.687410112894,515.0715349825764,0.5960601824605292,0.7413847687930111,0.871884845961539,256.69764559436624
2042.1647460712238,6457.663115016252,4594.391875199761,0.5194809166241896,0.589939689097799,0.16859047853972747,156.1985744582882
2933.645558717666,4786.8655346847845,2965.901507171577,0.2400385095373732,0.20692737701419822,0.2348792395601645,84.16049449887198
1332.1007753629772,7604.043194075133,1007.7647256779856,0.7018622841642359,1.005270551132948,0.7659574538931763,258.8395273231181
1140.2879393644623,7398.490366436872,2779.463730822813,0.7329154361681468,1.0986073006395005,0.45382663264357426,249.59983526132635
888.118289686555,5012.901643868492,1025.2870245907661,0.6989949872950153,0.9970362420668378,0.6603991424525711,261.38081618235356
2533.9332983660856,7981.348253185503,3339.3734484327747,0.5180474652623613,0.5873616796504335,0.41004230354670085,177.18265837001167
646.2279589992119,6974.886796544405,2224.815740583356,0.8304111720810003,1.4577790486887874,0.5163287656611275,261.26366366956415
782.9083381754249,6940.742347407862,2057.6903232909294,0.7972698739378749,1.3226506208640167,0.5426558382188876,265.6540054372344
2811.1776876157455,2070.907033204804,611.3208070763282,-0.15163003032337616,-0.09771789740130314,0.5441693668466745,30.581558658297155
2994.2552068986142,1230.8885577150247,847.9276158768093,-0.41735068603694875,-0.22963589217151492,0.1842206860418565,5.0
601.4310240183619,2155.1131144739575,3115.286367745411,0.5636340329894888,0.6737914766941356,-0.182182253229302,128.15854704950354
2395.3379413450602,1343.7250446328308,1599.8439811019007,-0.28125038288327925,-0.16727579120088545,-0.08700965873159082,5.0
2565.2448561491883,7610.241835505892,3904.9796743366683,0.49579908379206156,0.5483046091186559,0.3217708107204368,171.41231277409386
2998.6406831432782,2671.4024897891995,2340.167761324294,-0.05771352762506772,-0.03958990132427992,0.06609400084239389,5.0
2697.738461454158,5384.441218470271,564.6680306070408,0.33242304218468105,0.31136643572367123,0.8101672007117021,183.5450393023879
1958.18010804453,5788.579163028448,876.200517930561,0.494451798546585,0.5459936928186756,0.7370654214415037,216.7520703163924
1179.1704421828367,5854.602302090479,1092.355033872292,0.6647118167201982,0.9039454543208205,0.6855155483508777,241.1157663255085
1274.6886988060958,6012.315602608895,2406.743467623275,0.6501474003840918,0.866970136463548,0.4282630760135439,226.83929824078788
2439.31199589078,2253.2036077612643,4342.7382124736905,-0.03966068603906453,-0.027547003447940168,-0.3167909392386368,5.0
2515.140890702901,6813.266254711981,2886.326090251328,0.4607566218484521,0.49053908543190794,0.4048562067760438,167.02004886023042
1681.8949787352356,6690.531003476332,4352.166332651437,0.5982299556645159,0.7460921180701665,0.2117566568598093,173.98475534259074
1565.3008569689764,1346.5454468972312,1899.3354727981578,-0.07512601530725248,-0.05092379847941991,-0.1703050849390058,5.0
1591.12903212882,6659.879887834652,1606.2255485835765,0.614318915936156,0.7818452365926577,0.6113706602839432,239.41663071011956
978.0832074331579,4912.073013174348,1085.5778449008762,0.6678922693611595,0.9122022539210045,0.6379989863003592,246.9542485020248
1041.6475440570662,3140.766065126231,4587.7092150183835,0.5018916627370982,0.5587724797881554,-0.18722233005290215,103.07321279930883
2923.310818062907,7976.257079722173,4162.949344992283,0.463591429365057,0.49505448381049805,0.3141315503666013,153.47785485919366
2516.195835867001,5945.693069408841,3909.3987337560584,0.40528743304563125,0.4074223925650098,0.20662357856394767,127.62439654633118
1375.4098795398986,5793.493995557403,3776.6285401138375,0.616284468640787,0.7863064734068572,0.2107460429806668,183.686023997911
592.3957351284455,2940.90141594917,4285.820515347439,0.6646782253906324,0.9037892415070656,-0.18610361821004257,154.7132233220528
1280.5615490062426,5370.803000578141,1419.2669483752843,0.6149477179404537,0.7832607182937859,0.5819580772109662,216.81579037437933
2658.7465068145716,3635.2681958962858,2841.927264780155,0.15515084330927467,0.12462788932821639,0.12248216621068228,51.17677506495493
1117.832822397439,2096.6655573158423,4313.121993340757,0.30450559278278594,0.2779302261276564,-0.34579249595442135,24.971024987043343
2220.3155690859007,1612.8016046720177,936.3316416821615,-0.15849084093085436,-0.10168826486370883,0.2653725393492021,5.0
945.1879232450078,3700.5810959586834,3719.8629808377304,0.5930973237651118,0.7349511437649734,-0.0025984812602715636,147.6234219915035
1320.486200643863,2082.3719196707493,3107.3968634954426,0.223895822824535,0.19035171521153557,-0.19750878824351667,30.259432553151576
2697.7758800993124,3509.814072057722,4446.390214517526,0.1308137615541803,0.1030637714698378,-0.11771645229401685,5.0935542850835205
1058.6002951490268,3214.6725253732693,3360.5625227496494,0.5045482280853228,0.563397725270982,-0.0221877995670802,111.01656011864767
2785.3506068807424,7670.549316753087,4028.4889660265485,0.4672193445886893,0.5008682167392441,0.31131279874313644,165.49931922500102
2386.527946904719,6488.529101801985,4270.551625951528,0.46219434217978633,0.4928229285126428,0.20614934786416642,125.83443869726565
1751.015842838106,6285.288657689147,2232.6329125031984,0.5642236196984981,0.6750490120823274,0.47577988495363127,209.86273628127026
2849.4808076198406,4914.389488683064,1173.3730116278007,0.2659638301506084,0.23451787054053516,0.6145141956917206,153.79321067273537
2580.355797873332,3218.2690205237127,4938.000091595936,0.11001112203646803,0.0852761147248151,-0.21084775983003978,6.445102667685433
1560.4119158537592,1903.8045389053882,754.2961931074117,0.09912562550205255,0.07619246702010316,0.43245477175542435,72.60357667896875
557.1024292861377,2126.1745861801464,1462.1097889675116,0.5847596603948046,0.7171538565984872,0.18506470714162498,176.65284206750215
2588.876974182516,2363.680004105512,4071.4991958968412,-0.04547084890063751,-0.03145570758559899,-0.26538797731154345,5.0
842.3690210733737,4436.218883173864,1900.980162445691,0.6808354671005827,0.9466035999148368,0.40005666574108045,212.94523429339597
1018.9609292951042,6992.283176007976,3728.8279131558825,0.7456173058081186,1.1393339492046795,0.3043952474148102,208.13770196292785
1057.7541352736878,5392.300548799618,4200.004507428475,0.6720170022057211,0.9230432055939097,0.12429713549119367,183.91943207683082
1645.7202728094132,2801.0277040963356,4327.117354900416,0.2598095140599869,0.227847032338114,-0.21409351773275723,38.49005069389017
1736.7922554125341,2359.4062651834806,1978.3821474379974,0.15199800656349913,0.12178355087247246,0.08783833636260248,37.932797936333216
1580.1786386058054,2381.7237687265633,2801.331778183265,0.20231319389266372,0.16890571051652756,-0.0809576524075489,31.422422006635585
1825.2936663353532,1281.1495223403588,1180.2296835930467,-0.1751662949457636,-0.11119586386777236,0.04100133716212161,5.0
784.3689543020753,4089.754651220753,3289.7599883352686,0.6781497482942828,0.9393536373133542,0.10840749044509078,183.97962204081043
1481.1770376145455,5965.015933186999,2328.3815979602814,0.6021652826555239,0.7546985964140862,0.43849753024984206,203.52781831380977
2436.7223932099005,7002.581092040808,4063.950132730747,0.4837071618135319,0.5278714103735974,0.26554219198032214,158.96292072198077
1299.688246259318,3262.441172754166,2005.1348679829287,0.4302273666074661,0.4435972495551138,0.23868783190011889,140.65141692741366
2217.458711465166,6895.373095037787,4214.411556202591,0.51333268103567,0.57891754782492,0.24131534703461224,145.49100416821466
649.1800839055552,4321.993352192876,2562.5987989357686,0.7388221945503202,1.1172974752997815,0.255555378500253,227.57187940349826
597.5949671691048,3678.5298232295113,2834.004960664392,0.7204969467349684,1.060183278468394,0.12967682944650522,198.3551831352426
1477.2417764527602,5322.580288930384,2677.6748963633063,0.565505755141469,0.6776150920280135,0.33060262841345606,185.38968464154192
2682.060191797833,4230.275918238251,1553.343718844972,0.22397865230664502,0.19044520933706482,0.4628472076148586,120.81066942915889
1888.9962574015715,1699.9799677909539,3867.438975922975,-0.05266579595349989,-0.036251803934478355,-0.389311282239672,5.0
2953.9688372695923,5609.15708129576,823.3682877595812,0.3100723110890491,0.2844766912882817,0.7439984326863223,173.963571398367
1282.4819924771105,6775.650255799044,699.0496599169653,0.681692493172394,0.9489604119861734,0.8129557926857641,260.6816802801221
2822.2330557125697,4582.630325047108,2894.233571937846,0.2377352799878667,0.2045353586230207,0.22581616786742525,91.65977429610064
2005.4714903730326,4401.175729674519,4604.395756245466,0.3739404023107369,0.36442098544026047,-0.022566033356807076,78.28843130429246
2742.4475863203047,1932.642896474667,4671.783021541913,-0.173216901930053,-0.11009764884496376,-0.4147431069186877,5.0
2860.0387188428745,1106.0870345403864,4182.931762311835,-0.44223299837733726,-0.24003955519247455,-0.5817420669824244,5.0
835.3845649938561,5628.465244380564,4381.726869724586,0.7415210470537013,1.1260061749294994,0.12454689783372673,213.36724571627258
1781.8125924210474,1852.1965637465782,4196.98737280697,0.019368132627488665,0.01402733710829895,-0.3876210135558694,5.0
2611.0533646513795,6114.164652963353,863.4291149576829,0.4014926940322057,0.402074435455681,0.7525137908419115,189.37464371184467
2790.8884345665747,4782.760095660235,2484.071071307033,0.26300027693138917,0.23130002197568178,0.3163261910481688,97.11737428850167
772.3375931674341,3883.5277260785942,3109.0251813737627,0.6682302684706432,0.9130629429644912,0.11076105606131911,184.3897288408159
1147.5338131438702,6169.25555182411,4619.954098581688,0.686328591340539,0.9616134441661006,0.14359730724488723,184.5020356796509
2005.7428303825413,2217.3002559008405,759.8664690473961,0.05009596661595768,0.03710815773795413,0.48953717443864264,84.15232288564951
2900.3172186223715,4030.8612001969836,2340.5865180386363,0.1631099234643677,0.13186484121178166,0.2652889510582265,61.64106921051312
2566.9629151063,2474.2403398297047,2625.174876372135,-0.018392945209541926,-0.012966728589173545,-0.02959840101533273,5.0
1258.7183653154307,1056.751401843175,1132.7947607747328,-0.08722504877827508,-0.058642717381718994,-0.03473019212616517,5.0
789.8672229602298,5834.952352407906,1597.4964446931867,0.761543023366909,1.1926739608518508,0.5701291758373553,257.2162567961075
2512.677334287342,1850.6250007743693,3065.1811375654793,-0.15173194120454578,-0.09777653837727282,-0.24707160989758123,5.0
2420.366743983601,6520.056146066111,2241.7999483579283,0.4585565416806764,0.4870550074626495,0.48828195203326163,162.86542144430175
2651.6586902467056,1632.0534594617307,2600.786804824424,-0.2380190813279444,-0.14530081873915435,-0.22886130462029225,5.0
2172.195167464394,1352.6751585531176,1469.9970824353868,-0.2324964985604718,-0.1424078633369235,-0.041564132787736886,5.0
2802.2614395145433,5187.295553989888,3747.178441798584,0.2985189436805915,0.2710036401645678,0.16118655812406624,79.51778032548118
2183.2851905212365,1235.389334798057,1896.0254030050792,-0.27726999116927603,-0.16529876049326242,-0.21097047925996706,5.0
1449.0221614476754,6102.481868240906,4916.597724586164,0.6162295203554179,0.7861840840695278,0.10762097991551658,180.18249736324938
2751.8534272928737,7120.132805122807,2576.966468768783,0.4424924503078972,0.4621099086114095,0.4685077678968916,152.3681395214913
1472.9004291882788,5330.476421396473,4142.733529382924,0.5670090127830602,0.6806424123520949,0.1253791373842031,161.01712902032003
2410.588260799185,4283.36024285193,2045.2413729198865,0.279770897662493,0.2497310365682947,0.35365140760332686,119.11170357064856
2736.245181828189,7148.402107792552,4070.249893316898,0.4463646295352321,0.46804649144081173,0.2743780815998987,150.63297812206494
2129.3639244031488,3433.425678877461,3103.1529037960827,0.23442586314442426,0.20111239132816616,0.05052685756831606,55.57436533670479
1193.8917838529849,4214.149966395056,1300.9846871445675,0.5584753819337787,0.6635887869291981,0.5282129017199245,208.4817665238566
768.6239765937581,3158.6394736713705,972.7687674503578,0.6085701982401239,0.7688513725918121,0.5290861077186687,208.2455920399175
2499.395085628222,3512.0390378561806,2607.256359885183,0.16845297332686185,0.1367742106256203,0.147857329809098,73.13083701687742
2901.106572389376,7346.072751920257,4714.405151118987,0.433774606496073,0.44891915059903287,0.21820591370760545,121.32061705544231
1250.5204870602852,2310.3748940418736,2560.0385763471554,0.29763705283470254,0.2699716345165892,-0.05126129101192683,75.46296819446023
2204.5926255071545,5732.097728436178,1792.5068917725648,0.44445542728423726,0.4651085874195626,0.5235611749698501,188.3287099518105
2100.023247537156,3629.955739872935,1394.5707948524037,0.26700490445607944,0.2356483760212094,0.4448946441274654,120.33836063833976
1875.2480359489496,5221.030344426512,652.7489041111164,0.47148408343995296,0.5077516221363257,0.7777414244287442,205.75892804816792
1709.4358855340795,5743.048882673016,559.4694408072808,0.5412440443763685,0.6302258687139657,0.8224616216872596,220.5422624292344
2729.8740149101172,1070.6668219523883,4698.996601416837,-0.4365713364866506,-0.23769635885777585,-0.628863334408648,5.0
1588.2785956026696,3865.624952701967,694.1507746077649,0.4175626386699953,0.4249955113760895,0.695532931236914,176.94310030446275
622.9413865344172,7547.49956248778,1414.5184100297174,0.8475133983967599,1.533862184099311,0.6843303785576914,299.0273787120283
508.9451230594856,1616.4337820625988,2693.235032578079,0.5210782208353666,0.5927338246028209,-0.2498570763970415,94.4359529051217
2219.0580182286685,1652.1665983744278,3899.357676554291,-0.14643723262052322,-0.09468696555895914,-0.40478812061106023,5.0
1312.9924294003972,3024.584425381797,3000.481511651525,0.3945963501948714,0.39243955464857017,0.004000439825582929,102.86866520279676
1384.97013912806,7758.4997102606285,4643.206547349093,0.6970580835744354,0.991567993381059,0.25119875426405813,199.38398021750862
2846.2301019305687,2862.948973626124,3936.9411106246052,0.0029284195628417136,0.002096007643837798,-0.1579425731201184,5.0
2722.661862388698,4166.107674823914,4283.151020851325,0.2095360868770968,0.17600354354763498,-0.01385249880838268,60.921615090817184
1097.7698807326042,6568.9176060576265,1022.8852418957952,0.7136260261081766,1.0396253533281694,0.7305290290732968,261.2936486392826
647.653522406109,3441.6689462943655,2088.4936701471743,0.6832465389047458,0.9531217441246067,0.24468996117391223,194.38872430182795
864.4023048078762,2277.1710001617803,4041.8699111038127,0.44970101212323893,0.47315715733565333,-0.27926689120126735,70.53446567667679
1937.6795667509605,5642.18476163216,4866.036996178361,0.48872974949179426,0.5362859686911176,0.07386099982169157,131.02806484967348
2403.706661434585,6468.045418242164,3331.281712916614,0.45812131807199297,0.48636772241955206,0.320099907169292,146.8342118884161
1177.3502779224214,4299.315778664517,3793.895469085957,0.5700485419258259,0.6867852037999255,0.06244990944189093,146.45320912493878
1163.182434140277,2800.1129192751964,3306.8238321675126,0.41302258316711854,0.41842938431992327,-0.08297300814350783,91.92777487251576
1576.53702285501,5168.449815615532,4210.920672808528,0.532530734046988,0.6138480656964851,0.10208884955410275,139.60668856522645
1835.9280646275884,4096.757533179213,2553.742820652135,0.381080276528783,0.37397947354170125,0.2320148304940896,124.6109909391104
2651.282605847039,7168.449418001449,690.0528414486929,0.4600091734401588,0.48935503089352067,0.8243805704754824,214.23750229450877
2965.178987538265,6457.326737658859,3325.1666720534918,0.37061773710696455,0.36002412994324184,0.32018013548319746,122.29879394511647
2475.5017968139628,2724.2077686184784,2588.20650248391,0.04783074297266081,0.03537132774634293,0.025600651449335494,12.558081484100844
1351.9611547565537,1756.0899201652032,749.5897767744868,0.13002642348430415,0.10237476629871754,0.40168747195354504,66.39291909893721
2502.4725201224496,3636.4999682136818,3006.8180455793695,0.18472593745307136,0.15199537252083123,0.09478425106733773,68.09897204833713
2593.788852230577,1688.9051802161225,2456.6583149491025,-0.21128842381630675,-0.1311225066878829,-0.18519873967511907,5.0
2282.474719747904,6676.262881311543,3940.710230749235,0.4904472434323324,0.539191559292956,0.257658432533571,155.13666895213976
1032.7237839732297,6853.931330654907,868.7003178206971,0.738108546821886,1.115064998883697,0.7750247952381142,277.63164524822184
1565.5747824032708,4640.385131082134,729.5992682372075,0.4954608780991176,0.5477105014046961,0.7282676394017756,223.84464094023775
545.8841905011237,1215.9430267961418,3376.509549144577,0.38032040221435714,0.3728972726836347,-0.47046027937161733,41.67006010893354
757.8582653439593,1714.8613514246483,1806.6669612804717,0.387024505004046,0.3820059930901432,-0.026069820168286982,99.93692170106269
1603.9581153062625,7503.416588658043,3444.7090236130557,0.6477671847778554,0.861075657658103,0.37072168409586964,204.4977171118379
2367.1323487464633,6986.511991176134,561.0657671005409,0.49385880776112956,0.5449873664157237,0.8513256078982587,226.92830219449036
1379.883701647633,4987.48008255161,1106.392889278889,0.5665761377243331,0.6797662754385667,0.6368835075126325,210.30168027240046
977.9987509793162,6466.14497057042,3547.603813960803,0.7372434525903171,1.1122993623035418,0.2914534026284533,218.79039887009998
1428.2897206808284,2255.3380429141826,1090.5341804559382,0.2245200587807716,0.19098524114295554,0.34813160346478117,89.57267477556239
572.1188992933933,4559.167974456387,2315.7800994447707,0.7770076342413454,1.2470625080273385,0.32631342819907333,223.93566464651965
1633.689004858006,3777.236913705671,3437.1080433471598,0.39615177526224843,0.3946040792751039,0.04714618892444991,113.44531657923943
1059.8790388713269,1942.2196573054678,4783.211943161982,0.2939079315626443,0.2656854163542935,-0.4224252738272776,31.734990320610276
1533.7762068187972,4888.346504248711,1018.3871726531756,0.5223460291604984,0.595119465991788,0.6551775554184409,194.94383747146347
1290.8444720416423,6402.804264312605,1759.3578167873393,0.6644389374642677,0.9032451701240212,0.5688990736545885,225.74531194144453
1892.1988265468117,6831.533859956411,3082.6714615490096,0.5661951380611666,0.6790125963215088,0.3781303973902394,189.24560730452617
2718.545185670675,1014.6055484017143,4908.76013967408,-0.4564347271758154,-0.2458521045752064,-0.6574226201252753,5.0
2361.9103985683378,5307.758392459927,1893.6142148794272,0.38409063986615144,0.37805628932229746,0.4740963095878198,160.4856333397594
2437.6118136520413,6090.4996641032985,734.5726794320786,0.4283349085610673,0.4408043852245309,0.7847428883240399,196.68409738317408
1194.1599942840594,7937.5820114930875,4197.230230310388,0.73845954169581,1.1161987743321902,0.3082331812262614,220.4949423371729
1932.678509774073,1237.6552368293637,1070.9687787398245,-0.2192271629036221,-0.1353794496556212,0.07220164777513206,5.0
2197.6957025936777,2994.6145445202737,1147.308883683801,0.15348059030487785,0.12311970786141645,0.4460018859381611,85.6149323831808
2967.489074846922,2985.990838003875,1277.07509490763,0.0031077224454740568,0.0022246332291850296,0.40086542633607775,50.57694146760295
1088.680585703203,5353.762432155728,2332.9627151143177,0.66202864875442,0.8970171451900617,0.3929891675288095,225.78473868579871
1504.6313892208263,5631.639117109863,769.9423264843855,0.578314362333882,0.7037666093432389,0.7594524622866259,241.25392083671554
1988.2160080024553,7195.41822611644,2405.7170985592284,0.5670088861119118,0.6806546076500107,0.49886820309140284,203.1505476122968
1872.9303640810317,4887.850743946721,3493.6699830801394,0.44594261095656973,0.46738798239597196,0.1663398333198173,123.32731482970016
2401.417889180851,4060.8995141848104,1935.0476676458065,0.25679358056335727,0.22461357220584913,0.3545481275462826,100.53153389903957
1915.3050482951746,4040.041384383863,4084.249559109136,0.3567779573783903,0.34197416624899274,-0.0054414809892104465,99.45300104978134
1546.4170798670048,1447.478799553166,988.1283903873498,-0.03304666704038936,-0.023058276541832456,0.18859790317355604,8.794161227660128
2271.910762815497,5479.183102433584,3325.7032307013455,0.41378318918103285,0.4195441954342135,0.244577816227291,133.75708398016965
915.0818429804488,7259.783583020967,541.7448320394097,0.7761230807646199,1.2439348062679014,0.8611182825600779,289.34830318354915
2582.8459507340344,3605.6387202200403,4133.077094893158,0.1652735400834481,0.13384736951569606,-0.06815580093727042,21.69458496490499
1948.9291283892921,3482.503996658779,3066.444124787332,0.2823517905273964,0.25261364387271606,0.06353079366218034,65.04182743301602
608.3913317285068,6720.917408649926,1151.6549125117008,0.8339839802916841,1.4732861727338702,0.7074260188706699,289.25304106292106
2258.5019492157667,3989.7586999986747,1488.6549476359978,0.27707818986768595,0.2467334698508297,0.4565379529137966,123.39751272552559
1424.730735274898,5701.093079928341,4771.353782242987,0.6001218181860636,0.7502138695318882,0.08877956697541116,153.5655355616434
1566.6757487108512,6503.905921480457,2996.648110814467,0.6117564227611386,0.7760519429684808,0.36916350334672265,207.5904746519666
888.0063337627371,4866.2032589124565,2729.69031228074,0.6913541921591456,0.9755033802330925,0.2812721013434146,208.98324837856217
1625.7461859745806,5356.542251602441,3350.1610699924263,0.5343228224453285,0.6171901939299547,0.2304409725783617,167.86986784231397
1108.4417233489899,7689.10457955212,2588.5056086301574,0.748011164577225,1.147196032056161,0.49628258681095044,234.42634997793903
830.8370464667662,3795.021914906782,1353.227547188134,0.6407858286537726,0.8439158268227919,0.47429604668976966,207.65895589458503
1968.5103089367344,3505.3345746980285,1082.0817694802622,0.2807577302884857,0.2508298771519764,0.5282391269684473,128.26691699293255
729.3533503894434,1260.1353818002365,4908.689869708579,0.2667931828695547,0.235390267881419,-0.5914504526489063,5.0
2380.986450063333,7266.694513423477,798.7464576971906,0.5064126893648819,0.5666924629870427,0.801933592730225,235.22726976513445
1889.8455382297368,6976.803984592367,1623.5769350020194,0.5737182272396641,0.6942993594020854,0.6224406917572177,208.09704824089962
502.71311056041947,4043.2783821576895,4517.719657686958,0.7788323573613831,1.2536423290580498,-0.05541892116616572,197.27862764369735
1347.2624973063478,4439.210239144855,4804.213471083856,0.5343406738662755,0.617215100464263,-0.03948788277395562,127.14760678495884
1363.9786551191019,2100.430534793929,2445.954299349219,0.21257647093377507,0.17900588780555965,-0.07599967382532653,44.453246080626414
2108.319186538871,7714.232214111057,585.1707610740532,0.5707186247587914,0.688174867558349,0.8589848539098093,246.66168298033838
778.875465951415,1641.3420564232983,607.3043658270069,0.35635912150130766,0.34140354577239995,0.45984894730654985,139.28825241162954
1284.440052978817,5565.378677053727,1419.0037057546265,0.624971082034692,0.8063234569526385,0.5936637978057294,227.39293341122698
2300.675001796559,1470.4246793345396,2491.6363854523415,-0.22016133023374074,-0.13587962719733804,-0.2577475937804571,5.0
2151.9159860616455,1662.6770710085088,4983.169278510666,-0.12825454972663536,-0.08391648515540799,-0.49963421246456585,5.0
1564.8439021157449,1614.5691889677753,2718.9811751822676,0.015639769168669004,0.011296444109483366,-0.25485154045884817,5.0
2790.779666478205,1339.3749732551837,1231.5582946575323,-0.35141654961502755,-0.2006359471907767,0.04193678610851249,5.0
1038.4329025566385,6325.563082272947,1380.198814166551,0.717970269116149,1.0526126071099904,0.6417748606727208,253.24697828876612
1398.716137837052,2851.1411292221655,3512.4537658304534,0.34175853441035503,0.3229207624776223,-0.10392123436683635,65.92447275240852
2763.2637109572047,3262.1571241966194,1552.4940087521902,0.08279810270611253,0.0628559146289487,0.3550959494010572,65.36561059110495
2177.295294103443,6672.268187239995,3704.306952344114,0.5079315948300588,0.5693575257612022,0.2860251282032167,165.79710626109997
2576.807248394943,7198.101258105168,3575.9850840765957,0.4727710756744567,0.5098527446786107,0.3361877804442119,166.73663650103728
1770.6524691354157,4766.652582209559,3656.94622271155,0.45829284224689165,0.48663011956368507,0.1317377981864444,129.74648797353376
562.045340569468,4413.283265733085,2369.2102060658704,0.7740670474530971,1.2365024623398202,0.3013748657282054,241.73105540954586
2213.34769146764,3363.9511376477717,928.1259107042879,0.20630120085502435,0.17281478953437648,0.567516658935841,132.38009783671373
1586.8100439204309,3946.6424441491577,4365.616774213479,0.42646655137821854,0.4380279774686,-0.050404386943126114,112.3056494307454
2469.2485872636344,6059.297278082402,3710.9298012286617,0.4209449942674559,0.4299297052828694,0.2403595594606152,131.78550210222315
939.3238345092736,5062.770100108999,2323.823374161352,0.6870012881887645,0.9634478570361438,0.37079971100580983,201.91706784354605
1153.5419052818002,6371.6149566872145,4593.540280903015,0.6934171800568484,0.9812933459236594,0.16215681739976934,183.86369243267643
2768.49098063548,1154.8477759845734,4327.713170279418,-0.4112933662730064,-0.22705886548092305,-0.5787195846638469,5.0
1589.8068623245322,3379.213646651029,3475.357074941891,0.36011257766680005,0.3462727748227865,-0.014026177886526053,86.47084580318615
2112.7892078378422,3772.258956143113,2686.2409602779476,0.28198065704541964,0.2521991387670924,0.16815328787661002,84.6574743274328
1083.591240798577,6151.311078604696,2149.656426691451,0.7004544931469986,1.001220265825684,0.4820708729287347,242.0692135861398
741.6223016261818,4723.532939404242,3794.224746925626,0.7285997307367784,1.0850759920791673,0.10910244533734019,181.75074084054796
1936.979655922626,4406.337576986367,1395.2182531852532,0.3892849482386724,0.38513393233977405,0.5190192788669622,148.2061146492712
919.4539858715648,3971.164039500306,2361.2903975621784,0.6239927218140705,0.8040220487869787,0.2542258547115096,178.97260939326532
919.8887676123214,7539.185086639803,4895.44430170338,0.7825083965802768,1.2671402717504863,0.21261114442238066,222.9896491014386
2360.5906203460445,6079.977031933246,979.2140065244641,0.4406559563730483,0.459307787126865,0.7225704754125233,204.5923607218108
645.5992982854066,3035.222323903642,3623.1560324389375,0.6492091359613008,0.864575226990919,-0.08829983473182278,160.26660914425412
2270.287457107439,2239.842783998629,4603.464516324263,-0.006750286904041496,-0.004798194406055998,-0.34539172774963917,5.0
1270.074191824028,5636.507082883202,1397.136478805513,0.6322133508248701,0.8233611069887394,0.6027275289533047,232.50732886456908
856.4819441980621,5070.652259418928,2698.064624859722,0.7109962706662191,1.0318182719592346,0.30540276722596843,218.0111172099074
1211.1178148559502,1196.2264976369424,783.7567584643126,-0.00618578619416575,-0.004398462434227026,0.20831981164148622,18.268798242568003
703.1386843793159,1042.8215350775542,1616.6695705289746,0.1945536024923595,0.1613648141448269,-0.21577362452008422,12.390036286231867
1633.6553859693643,5168.671223403288,4156.005241679525,0.5196774633025545,0.5902867765923718,0.10860065605570252,132.29999943159177
1342.9636531480696,6346.095173179142,927.4027675022317,0.650681914703234,0.868305138609302,0.7449912613056024,252.02771475841453
1625.5655981770174,7347.038022448192,1332.1571481830333,0.637660222778775,0.8364025530500439,0.6930228846478035,248.07513533397972
2433.0016236451247,6013.405196927815,1543.8758299230294,0.42389665202225324,0.4342532866616382,0.5914202939566798,163.90733636531024
2160.817084339802,4260.763218628901,3649.8366769013464,0.3270139178967018,0.3047522613853943,0.07722885112613515,87.5235514216308
1965.0203886571646,1456.6670045538415,1766.98534750659,-0.14856803837877844,-0.09593173834347618,-0.09626296789048679,5.0
2063.9616486728128,6245.768826560835,2289.8384169164347,0.503242215839401,0.5611495245858864,0.46346209429961494,178.33275622645135
1252.7151989129502,5798.404937038869,2988.4701067838337,0.6446762570820426,0.8534457555899432,0.3197877306688993,207.37523284268178
567.7827373814938,2903.9481466522693,3037.135985233758,0.6729108581951783,0.9253394194701904,-0.02241810343069315,174.88807339383936
1717.0904400036122,2807.098855895906,2015.1859501368085,0.2409290028247248,0.20784803249934478,0.16421943901036065,66.08066031520325
787.2658923730385,2843.126216488021,3166.4927070949366,0.5662915359833302,0.679154321714061,-0.05380815234126613,137.45301588888134
1465.608864112589,4078.3050831659643,3606.8694997201924,0.4712728666837706,0.5074001182735647,0.0613435099359033,138.97218023525755
2472.6722767801257,2649.5187738629284,4061.5972980705706,0.03452555660259398,0.025283213735923807,-0.21040889605570598,5.0
2363.854807735436,5953.342280972138,1306.236747484003,0.4315741751122679,0.44562291989526326,0.6401342990595251,175.19294839107866
2504.984926062253,7503.650812457714,3237.466883052028,0.4994352893329702,0.5545555143500143,0.39718249533677075,177.88480413198226
862.9565508879873,3505.6251775353526,1715.3497027144788,0.6049259897894143,0.7607547540934351,0.3429006106216519,190.05448850596133
1568.0064112885193,3799.1664014833855,949.9646084895626,0.4157048911243956,0.42230568277208175,0.5999417127913914,177.6904537929192
1029.7924009228545,1835.4478942835722,2568.6125940497286,0.2811825222573493,0.25128981877935264,-0.16647471158534086,54.32814233090615
2913.6906370857246,2726.0852813861275,1172.1546465417887,-0.03326468256511258,-0.02320788125255461,0.3986236514876848,40.28488263457472
1243.8356756656058,1244.0589895619855,864.2208679200198,8.976018937263217e-05,6.411116881507235e-05,0.18016494352673612,10.522499857580295
2814.7639710762533,2487.2113094513684,696.3251213358981,-0.061779364148696926,-0.04226094399608264,0.5625461578619505,57.31699583687752
1201.2846493969942,3326.9376813556014,4651.175295706249,0.4694232915758573,0.5043955342542644,-0.16598381321397998,93.86585606541824
1835.534483619842,7451.112928164486,1109.587469775804,0.6046938356692685,0.7602871892119377,0.7407718017060478,231.69104843793912
1850.6887809361556,7760.3830972715305,3724.310806358621,0.6148839994756711,0.7831344746078489,0.35143054960182546,187.61581702176406
1153.4213845169052,7482.961571118811,1660.6252105040392,0.7328924873275379,1.0985359842857476,0.6367672226483344,246.83118893312212
1681.1571022714054,7464.2689868479965,2390.9823114245314,0.6323501855014266,0.8237013112950987,0.514780041762908,212.3390556558843
1221.8288155853386,2960.892003833481,2195.468160717349,0.41577319235808047,0.4223953208344937,0.14844266469783446,132.8607719794486
783.4220342824858,6577.153261008798,2872.578544876363,0.7871302165260853,1.2842212959635748,0.39202961436781175,231.02092876194146
1544.0234004714307,1055.4207745331305,576.8188369917409,-0.18796426961139823,-0.11835660327513403,0.29321794047201927,5.0
1123.0491539583754,6906.600541202507,810.4719567960583,0.7202744336417751,1.059577109120144,0.7899535199646673,276.80224444562066
1842.4204359417395,6993.520757144615,2275.928818473355,0.5829713222458248,0.7134866118399137,0.5089398134891747,208.6301132482483
1457.9089910100515,2739.460193874568,2370.7187031624953,0.3053224879942083,0.2788911866971399,0.07215823517523327,88.21529413556118
1111.9482047629567,4084.4617347469157,4670.091371093751,0.572032146042022,0.6908226769612192,-0.06689429251268507,122.9330416148698
1578.6530102760776,2491.8050998966473,4057.824853849288,0.2243364419140245,0.1908009231159753,-0.2391004934283173,32.51971384495062
649.4477488336161,5978.680731845732,3715.312490964997,0.8040328424143439,1.3489861357130841,0.23348151671092263,227.91774389173833
1901.8623295633674,2389.2851641211887,3283.048835821022,0.11358799369203501,0.08829190260979843,-0.1575654169079912,9.757749932751533
2456.3411169188994,7683.1121653012315,2787.4806264130357,0.5154884491683749,0.5827684880199122,0.4675601120019407,173.82380247889824
1459.5822218641465,5458.594820266139,2140.8545051685087,0.5780442699674753,0.7032052829316261,0.43657641134034364,189.85876862820515
1744.9192233454226,4166.919242982121,4917.5259486812865,0.4096864339278147,0.41366538751957593,-0.08262548672816636,105.30759212484062
2372.9251679519157,2330.759978096293,4324.984964496769,-0.008964288326586568,-0.00636194074269879,-0.29962461051338096,5.0
2314.8409993442733,7131.060727030086,3190.918794332448,0.5098740032122437,0.5727837966773498,0.3817234789277903,176.46633310814786
930.0818967135995,5460.167736425889,1619.536746829749,0.7089059268530926,1.0256805140944971,0.5424846472246426,234.46456528941266
2548.5987738903805,2361.8110734442007,582.1315134557317,-0.03803912630827157,-0.026450581883512563,0.6045225091356171,69.6863942934549
1859.0978559909809,6580.282206290837,1821.8780343100045,0.5594231228951112,0.6654853307721276,0.5663310428693069,207.21284421838763
1063.332310631634,3082.5755433475797,2389.5999817397496,0.4870448894060308,0.5334253773193234,0.1266362086347979,137.75447733359022
2612.8856598492457,5892.22473563828,4697.6015458037145,0.38557278188221394,0.3800715320788042,0.11280857286726785,123.98751815777689
1261.154250047856,1738.014730860023,4953.316500524804,0.15899753688063917,0.1281064752640754,-0.48051750212324035,5.0
1805.4729376574755,7801.095890519648,3804.0968463643735,0.6241170036332049,0.8043526084443587,0.3444147059365468,204.1709664140917
2339.4349217375952,6902.020595681022,4913.835968924672,0.4937085575805671,0.5447309296374581,0.16826411320391937,156.3976301294853
1446.0125281848696,7822.0350500383665,1549.8127981274304,0.6879574654047986,0.9661161173488587,0.669262065801595,253.22843173739363
1998.6649916851013,7773.533387106379,3674.8387382202986,0.5909487477621695,0.73038494136045,0.3580154980689982,204.85633602201477
1907.5374624767717,4635.079585154288,1473.7745130160697,0.41688854817633125,0.4240237703384569,0.5174955925969086,171.28309539561263
588.8489309104511,4729.274969768316,1687.1227617461934,0.7785501269631683,1.252644732951194,0.47412151410226544,246.3394762830022
2892.9686228227088,1850.3094927715874,2243.089306385472,-0.21981825742062058,-0.13569844210762208,-0.09595444587485928,5.0
935.0490822520467,5313.734242580397,1087.215478443273,0.7007260344948886,1.001984815349415,0.6602955729514625,263.2609866101775
2882.594527750675,7034.3511774457875,2201.5078472340165,0.41865275586826567,0.4265926783983778,0.5232694995424153,171.4688686839299
1810.4733699596525,7185.378584017853,2309.804053523034,0.5974870685910082,0.7444789262754421,0.5134787519204626,204.6109558801524
2735.7873589462247,2323.2435804816696,1250.3370437245162,-0.08154600818267817,-0.055038220930459056,0.30023291742445285,25.340151287611107
2132.1087991426075,3247.0313982687762,4997.894470910186,0.20726780823735322,0.17376481353645473,-0.21235643597161974,18.636833569073502
536.7945013088489,2922.2239564480674,4587.167153844294,0.6896261131825476,0.9706351575870789,-0.22171480652972558,131.11452974406762
2437.8148902967514,1684.239892372343,657.7179434053096,-0.18281537666843947,-0.11549304617245208,0.43831786074314893,20.06345627296391
576.731009862509,1672.7710165352046,2233.5996301279492,0.4872367276506193,0.5337000750610409,-0.14356769087650204,91.53420230825611
2597.8564900802944,2672.9582592592396,2791.887827501285,0.014248607233655355,0.010281661659959071,-0.021762656501600055,8.049778515415499
860.7573077541251,5343.454727125567,1152.7502901751932,0.7225248578622832,1.0663950013779402,0.6451003971002371,258.16558412179853
1771.0004548886775,5216.648697117476,4072.4508567434023,0.4931055018333953,0.5436954129899313,0.12317639978089465,131.83997903715564
1545.5639584690193,2755.2438091366084,4785.9688019126625,0.2812680584093582,0.2513959481785786,-0.26928361488328584,30.922958199458993
2165.764150288759,2440.0632683494796,2635.091629096538,0.05955479723169157,0.044426239027716634,-0.03842806074880095,20.382169487204123
892.4076652090083,5822.484351273256,1207.8357905575513,0.7342004418282173,1.1026362964768592,0.6563923785777391,265.4123394942501
2997.8097058414664,1815.7429791633501,1139.6372224681268,-0.24557053880700652,-0.14922370859369258,0.22877115983020305,5.0
1973.3730434767353,3437.238421436521,3180.089484629124,0.2705545181320278,0.23953064961900888,0.038859935674764826,71.2250979854121
1630.6294229313369,7995.66579531007,2906.5324176406934,0.6612135019146363,0.8949491037973063,0.4667988306392354,214.0651323669613
2779.2968052216775,7022.233579630766,4465.177179393517,0.4328851319517772,0.4475857836145629,0.22259641042311298,136.94040425998273
2893.653576059167,7365.890729526826,3866.9227471284503,0.435909921515399,0.45212818147619616,0.3114952446560829,149.00152111142216
2635.574139672405,7360.204298413902,4804.844121391076,0.4726625532501664,0.5096765576604514,0.2100575426113868,150.64493656303173
1808.147242109766,3170.1647998035605,549.9577816432783,0.27359023419045,0.2428696273307407,0.7043335159232553,140.37604477864565
1707.8792134598307,4459.824042953077,4816.597675438709,0.4461863216563975,0.46776010430127846,-0.038460264450873236,121.59884407702401
565.8822695711939,1519.7754773572037,2588.796425890335,0.45735845621529936,0.4850894024241997,-0.2601928293935788,97.85477980882402
2596.173866607109,2207.346952218594,2801.990436643138,-0.0809462327682018,-0.05465538161779151,-0.11870701415081907,5.0
1326.5621743269398,4338.499389626342,3769.7320650161587,0.5316689290603042,0.612238485900559,0.07014690290006208,141.00858055339287
2574.791774138479,4417.381803772832,1315.5477892480922,0.2635217802932813,0.23186411456222178,0.5410556616218962,130.83428018318966
2079.3651979229235,4950.232198806476,1487.0890519976201,0.40839707289792426,0.41183182063694224,0.5379789218750408,170.41667213589596
2461.4859466096113,7718.1791760523,4481.8016534736025,0.5163915674616719,0.5843862344910865,0.26527726293478016,170.27240388391374
2161.117271989343,6969.030910361154,2556.937994846205,0.5265975471394209,0.6028963304110155,0.463164740401359,185.1651878536654
998.896812310731,7150.312360097231,4262.205981312389,0.7548481597281184,1.1699427743002098,0.25306477432351293,210.69660390098917
2689.6256664187,6991.543839941406,1028.268590549935,0.4443593483465169,0.4649657133219945,0.7435679201143808,186.47080746549966
1040.6108040518736,4262.233886065005,4931.332284228764,0.6075273310210028,0.7665494764005788,-0.07277898322557023,146.51350653134335
1318.7908585987366,5113.350227132474,3509.340457615178,0.589937210233384,0.7282051866164262,0.18602195393237816,155.61884493657388
2787.12077946403,3121.004954150597,1407.2562145501038,0.056512706344484284,0.04206207150412553,0.3784562496234652,52.91564678304077
1614.905327297634,5504.805346690551,4121.259121171665,0.5463564738744628,0.639986717534024,0.1437291667840262,158.58044129314834
716.1370038074481,2482.059332721657,2162.2844408280816,0.5521619508446262,0.6511626960346328,0.06885254568059553,155.43251857600023
1484.1418160841358,4435.113592980503,2735.297257176967,0.4985376660515046,0.5529907112829391,0.23705982419809968,144.73618825923398
2638.2481352108903,7513.487008343475,4620.99065203565,0.4802370041881736,0.5221088848367262,0.23837007550097408,155.81499949588948
2082.6769578218964,5600.146994594222,1730.2678672259544,0.4578355638629862,0.4859133371077812,0.5279208884883546,172.40447529695015
1082.1786170595465,2651.106374211712,755.4266386483228,0.42025394803777366,0.4288948077380639,0.5564835942732707,180.9283386067718
1369.993770168544,7998.051828978789,3315.511518473028,0.7075176981104794,1.0216493238919198,0.4138873108574174,229.49037621401573
2920.2025186496166,1461.8699501262345,657.4439362233355,-0.3327951736494166,-0.19204672805652537,0.37956907596586376,5.0
1132.8179252662821,6637.314085781419,3323.3101704963383,0.7084173283002575,1.0242659758586854,0.33271046369043533,223.62748980731513
2010.7353866023866,3332.378600782859,2104.583357378148,0.24735448598952484,0.2145832510996294,0.22582376934529363,92.17581607844721
1214.9268308383398,7227.305765349571,1452.7641705466722,0.7121787827208103,1.0353413207822046,0.6652644087874385,264.5391178914265
1379.7137446282097,4607.728846609958,3989.3835386072587,0.5391308646810897,0.6262148420673684,0.07192476732001582,143.53007906750906
2174.1551533975985,5241.468423854926,3358.680979388263,0.4136285017827365,0.41932059511558645,0.21892496931945427,143.35844177845172
2389.017373603823,2612.5733635143542,4863.657008051982,0.04469697774485299,0.032977378246026645,-0.3010987532965637,5.0
2484.383637819973,5215.844397892808,1617.190382463175,0.35472465841919304,0.33934315359504197,0.5266553047920381,138.37398513333846
2925.679981285395,6914.586504469115,956.8708918451497,0.40536570107659053,0.4075358506377359,0.7568757997288703,177.93983791621466
2676.576306888456,3853.1954109633534,2482.090206173486,0.18019299214977658,0.14771512403673953,0.2164235817347568,80.69223437501337
1685.5978260842978,7150.29361007179,2950.262330064292,0.618465700133857,0.7913022860068879,0.41582179282847365,212.91681596825782
1165.7995699489784,2409.8222927683155,2196.942294020207,0.34791786442597267,0.33065942512300417,0.04621030545220489,90.8850865165863
2103.983253169841,6858.793594332695,4147.628422792537,0.53050638452047,0.6101012669287641,0.24632575119102706,150.17818899893354
1668.2688399709857,5628.6916448740085,3709.926086111895,0.5427496575575058,0.6330880567819523,0.20546569244290916,152.55816202928574
833.5880991174689,7902.083544922571,3560.8930633511955,0.8091530603509426,1.3693738659721548,0.3787140661230408,258.33962925509707
786.5820930141651,6843.008333584331,1361.9489014276637,0.7938075179844872,1.3093842205117545,0.6680180376931163,276.1511800979173
1127.3563926956574,1763.1127606186578,4497.111983667574,0.2199491964735449,0.18636774387164817,-0.43672541071429405,7.27915063720517
2040.6044027307375,3092.7179186974276,3150.0621940171804,0.2049576180653739,0.1714953861927941,-0.00918569519912684,62.124668854111576
693.277844458114,5913.044799171023,2429.01168883239,0.7901168676580638,1.2953931540299115,0.417646789485461,252.1797085491226
1306.85552152414,4538.875020248786,3287.167615003404,0.5528854734367444,0.6526163822295316,0.15994129644108504,155.47718198966288
1574.8532254344036,2304.264708059348,4226.668173933001,0.18803539746469114,0.15513604942214862,-0.2943535786257911,21.056716644939634
2211.3781297529376,6505.274071526911,517.8567876060453,0.49260838245340344,0.5428565371062803,0.8525282246851822,234.8923174531691
2618.6469774976426,7890.078877750803,1827.414773494296,0.5016242665726016,0.5583443490108905,0.6238917483476625,204.01307223887483
2128.8651620628702,1502.4980733763464,1896.0797382615344,-0.17248813955078665,-0.10968353493571908,-0.11580775447353993,5.0
2684.8704717160126,5944.653422650057,4889.695651016277,0.37774771707677884,0.3695081887501632,0.09737158774961009,111.93680474626971
1784.905882427681,4957.768985498954,4749.076387295314,0.4705644517568679,0.5062582549916342,0.021499528442788518,113.1660152390892
1750.7931681037935,7518.921557516044,2603.733391739518,0.6222552213875491,0.8000319850672231,0.48556314424729397,215.51901009384963
2042.8583626489876,4350.119526659053,3723.0823632167776,0.36090554411394843,0.347306071814242,0.07766895612395623,99.46991854759862
2457.5780334383953,4197.455953161185,2928.5371084017142,0.2614378713864916,0.22960896401374148,0.17806905418219668,82.14635316835606
2206.3877383668387,5041.653954162203,1578.2428124668827,0.39117686344528807,0.38773443165834387,0.523182046981639,146.29545345060058
1109.8835465352,7061.669312954114,4889.345276947203,0.728354312580745,1.0843533234609068,0.1817690054249259,200.27515170814905
1468.878155992813,1182.9326074618596,4707.167481153131,-0.10783029934255367,-0.07150639788771547,-0.5983319162784609,5.0
2078.856812364602,1689.2651840808626,4242.278126919084,-0.10339145827758667,-0.06876729133531745,-0.4304129310955698,5.0
999.6456532820812,2395.647174191605,2813.3460411183864,0.4111579152178988,0.4157478149428303,-0.08018802282539277,99.00126459005548
1052.3283858159607,1058.7009036330103,4663.3907315279575,0.0030186780666100017,0.0021605648082859107,-0.6299601714021806,5.0
605.9834850721977,3801.787937113537,3310.6925916021673,0.7250386068639553,1.074048302576641,0.06904698627428077,204.37856423564045
2164.443834641428,5468.319080730509,862.17811952373,0.4328544306023727,0.4475344674469509,0.727611246758656,188.0440107367107
1238.6025120844495,6780.539762610173,4132.077043488034,0.6910885304183828,0.9747901354091162,0.24269730770711412,195.74958507806673
1995.511564692736,3820.309551231216,1662.0935360470123,0.3137644624640096,0.2888366161058482,0.3936624105218794,124.9743054062748
2569.002986050222,6077.860880632114,4151.636062962056,0.40579543615764,0.408141916182318,0.1883010306472579,122.92346348806956
1224.092234049485,3153.277334998278,4374.195063956378,0.4407178946345494,0.4593809417576877,-0.16219491272601075,91.97343310273757
1008.1902257638294,1621.6207302852135,3058.7090070325958,0.2332603044629966,0.19989882954377478,-0.3070485109162194,22.232158881206793
595.1324031775941,4707.441768351773,3993.7147720212033,0.7755307575853441,1.2417538502597638,0.08202668150341645,189.50735358448796
615.7205141465406,4055.97244644356,3951.125061296403,0.7364036893225241,1.1095732056644732,0.013094306024463043,174.237707399447
1133.3108482724788,3244.644611387019,2483.081956389305,0.4822647882298208,0.5254421691762843,0.13296072112611593,147.466716244103
2680.809974276537,4498.21558996452,4047.1444069681115,0.2531549162448147,0.22072956608761474,0.05278550969245719,81.72827485248614
747.4633546739391,6362.671792349222,4232.4373871519565,0.7897470752347775,1.2940114587040403,0.20105827782479727,211.33294015995668
1095.1519106641576,7013.019948502581,3310.7439950050443,0.7298646525872634,1.0890500397371543,0.358616873981044,226.06296007098638
1048.509037103419,1878.2174722894129,4401.844767448359,0.28349366851999735,0.2538803072188229,-0.4018474974322028,18.439746476615063
2970.9138327918536,2500.4431348403814,4852.590490600477,-0.0859879369320484,-0.05786299105257738,-0.31988801836863384,5.0
1189.6316389977737,6723.104131858774,3529.4852396925685,0.6993121787968782,0.9979647273480501,0.3114938847269446,201.6344854836731
511.4318799952709,6717.117267519131,2346.594077292638,0.8584966720187883,1.5852330120515734,0.4822001742416542,266.41014905139934
793.6168896016914,1853.9528765000011,1244.2725522338137,0.4004940682107368,0.4006314795161586,0.19678371961415617,116.26629821051769
1715.1776294824026,7788.125858442863,2294.3319954919134,0.6390354928723057,0.8397239851555328,0.5448863701683669,236.30249121892405
864.535148946464,3991.797105413347,2925.447630813808,0.6439555186973468,0.8516501175097445,0.15415812438450685,192.88116742895122
2733.3257550905387,5844.604183643682,4875.163805634173,0.3627073723394788,0.34965163929204346,0.09043482833665147,89.14597178388827
983.9738384863482,1962.3418707851943,3002.943160633665,0.33206490020333784,0.31090156279631376,-0.209575338183866,64.65154632015252
1605.8584200509122,1946.5016868171801,1875.207536506828,0.0958920988927277,0.07352445292210197,0.01865504310390404,30.18957894978779
1598.1236320347743,2206.484618284161,3652.0299776480433,0.15990108470129286,0.12893127112841918,-0.24674264021136658,12.813114749028479
809.512689030405,7347.746899810813,1147.7088545511406,0.8015233717611377,1.339162912769465,0.7298064075428189,286.8902938672391
1754.3357668634376,5277.799262735466,3992.9795054660613,0.5010517404089078,0.5573402392160458,0.13858811533047333,156.61576567685108
565.5530026097675,2963.2739136377004,1363.7048819715608,0.6794668503883968,0.9428573498005739,0.36967341576057766,219.49081443179466
1085.8838675206132,4824.082262462572,621.8997292714032,0.6325245038790213,0.8240897995986765,0.7716115365048429,237.7992235472193
1730.846951213436,7738.579147374194,1492.6650824731787,0.6344346672099146,0.8286682223101903,0.6766058733479828,244.8643266602976
1825.734156288306,2436.799740230801,2786.7744876640354,0.14335735471761277,0.11407113291587402,-0.06699909527413364,40.34855813346102
1635.5195019805444,4894.369194002133,4981.787724803637,0.4990666523194237,0.5539063718735386,-0.00885147244128875,134.12471035181335
1737.7808647822985,1649.814208080169,1677.1906096147939,-0.02596728793852912,-0.018208789297399264,-0.008228542796449391,5.0
2416.4213810680676,1333.323806494037,4229.6533439369905,-0.2888456468663036,-0.17102060453459964,-0.5206437953278126,5.0
2285.402347039785,7214.4013241218945,3894.9859298100014,0.5188527202436927,0.5888095438265424,0.29879374245760254,179.14089605883734
2659.048868613025,6351.978377790375,3309.0124734765745,0.4098233650599044,0.41387059533098797,0.31497451460682924,142.01726680026894
893.4353849662762,3068.6317932168786,2288.7426442209644,0.5490054332443336,0.6450573618244291,0.14557301490827323,151.12163802022908
2055.7245418847383,1753.069070418795,4449.787949451449,-0.07946229231450452,-0.053706439488018703,-0.4347543188500437,5.0
2298.405195201579,6273.3349280975335,1955.7510717255998,0.463724946773392,0.4952624059038047,0.5246735610662056,179.6624279743946
699.0888494686935,3318.8781476028767,2433.7807258160306,0.652018620210558,0.871588343025975,0.15385884007875442,182.39558081415868
1902.3432956584966,6063.148539776036,3426.6838994697696,0.5223538394811758,0.5951418431215474,0.27781993590584164,171.0679831377745
1258.1116475665794,3142.3830834185846,1712.2064342412516,0.4281953622523636,0.4405775582451822,0.2946030027214637,134.9616807559507
2926.480185220205,3210.5477487906633,1953.9082267652534,0.04628748094006439,0.034191345480110616,0.24332466531420416,26.905001708457725
2538.3789343036538,6945.935693367919,2051.066320656447,0.46472063945875375,0.4968565588666378,0.5440556048045095,173.75108966286948
1585.1844247091035,7535.49794950298,613.9507751186025,0.6523978448109826,0.8726025884716773,0.8493270413032079,269.3371352270504
2003.988861438111,1622.793319043716,1358.3002867191904,-0.10510571722249014,-0.06982766373921662,0.08872349117937696,5.0
1830.1606777735094,1305.1251321761147,782.0131691227137,-0.167460186169876,-0.10682667332795505,0.2506359844372708,5.0
736.4583623984098,7300.155351721541,1776.0599201852056,0.8167242102198219,1.4001172993031354,0.6086342451601184,266.45895959346433
1759.2806768921805,2009.2525423256698,4042.5192026863406,0.06633134188453273,0.049732040141024676,-0.33597874237417336,5.0
2440.0600836507338,1844.9047863328983,2354.1348351683982,-0.13889385683136649,-0.09025016990089163,-0.12127298016115412,5.0
560.0030541719087,5641.391362629344,2230.6709951745897,0.8193944726158986,1.4111189350286593,0.4332689722205113,261.16305643630017
1604.592943741409,1659.7356665043926,4950.267492193255,0.016892515837104664,0.012212369300669752,-0.49781093082554234,5.0
2673.3955965549926,6476.116152706618,1483.859003516272,0.4156200527359173,0.4221963239913612,0.6271699409338439,178.59157552043303
2716.1873167393023,3761.43395583755,1981.574079045856,0.16136272791401973,0.1302679060260743,0.3099177061342751,82.45933286726367
1391.181603200043,1447.9096378829822,3390.889054251344,0.019981053740744974,0.01447734763809846,-0.4015416923884881,5.0
1584.6959451472883,7580.183741586256,1289.874684231132,0.654180742215683,0.8770790717971708,0.7091620770317869,250.2764201291395
796.6085030735621,6582.575331459736,1870.0089672862748,0.7840930592519949,1.2729586321310336,0.5575296497563552,267.8996877609221
2040.4767241199686,2047.6690419526496,735.7632776845855,0.001759310514466129,0.0012581434845224191,0.4713266259578815,59.978226352361695
1951.636541012174,7459.227052228394,2112.0036245574706,0.5852375242785216,0.718254722173548,0.5586766851290549,203.33478271709188
1134.7324748836368,6872.310177960122,3031.0251137338732,0.7165663967485145,1.0484032676563122,0.3878779169539061,240.5397217922775
1964.527996598785,6774.26682799993,2914.196032472911,0.5503892616075488,0.6477785486193068,0.39841932107486144,176.33894982572085
2564.916948900985,4878.872054602032,554.3462138465271,0.3108571594790303,0.2854004191827165,0.7959418573468094,169.62284769501304
2170.4000581236833,2008.5069019420935,697.7296557653556,-0.03874055050517349,-0.026924919353500713,0.4843542749281277,62.76769287499404
886.8331286605012,1687.9205203288475,4260.6640594616765,0.3111316656145571,0.28569779417761143,-0.4324967568656357,31.060126654967085
2902.9184460864863,1910.4608562297194,3131.0137313001583,-0.2061872807682136,-0.12836399341983465,-0.24210235589551168,5.0
2399.758388074447,4832.699900214669,4285.549738247513,0.33639205576107895,0.3162580409486443,0.060006051994802335,97.49048171654209
1635.4096683158632,2807.6911829110727,2753.3226863911086,0.26384310273030326,0.23220577949894242,0.009776723775193485,56.733888456994876
2301.5199579770297,2425.072326847747,4195.104680586164,0.02613984058689708,0.019025393771469234,-0.26736933944265356,5.0
2455.26981372323,6808.180187303738,4575.64682206679,0.46990164276031415,0.5051936977253261,0.19611448445264823,147.7548902694441
513.4895342454458,6714.188113313414,2064.625389121018,0.8579102279560485,1.5824365188491543,0.5296345254826751,287.76066225889383
2986.955601325211,7601.933557244151,1487.0233116225154,0.43583211481143,0.45201157042037465,0.6727846036870171,201.96697843352322
2697.9363384019084,1468.02356080825,3548.3187371347967,-0.2952291445560034,-0.17414307970736484,-0.41470359324659095,5.0
678.4718323207893,7139.791536133077,656.1817233579828,0.8264392485237594,1.4407637446073942,0.8316613713432232,307.2260066250338
804.9208436168202,1680.7817298560153,717.3035132233684,0.35235948791055444,0.336284602414566,0.40176979488588727,144.87987001605666
1892.7812396467732,7387.764079848808,4857.6276246396665,0.5920969781879803,0.7328421557364038,0.2066194790710628,162.6417475253879
1144.7467011816498,2289.3337121402337,2454.8250678290215,0.33330233217168326,0.3124277392936692,-0.034883182315195826,84.4123697561332
1975.1780597058012,4023.8619855137044,4614.515656565215,0.3415019586506927,0.32260848363677425,-0.06837553247336242,82.18535977214266
1067.5311463988337,6402.4533590316305,3698.2154352569,0.714181161693211,1.0412741153126224,0.26772860080672334,215.77494203195002
769.3882023295438,4712.50456865818,1755.648840647674,0.7192983391572013,1.0565880534944547,0.45714063047720566,242.6801589116633
1425.5830702632325,4997.5234982027305,861.8073669288656,0.5561079190122297,0.6589312740716338,0.7058342028744855,236.7133115564392
1382.7630681252438,3102.9183278602422,3175.0834551997154,0.3834769140962608,0.3772105943004372,-0.011494919852157849,99.10865017576157
539.3727702754437,7170.651041911051,1647.8372096262372,0.8600853165062987,1.5928492134985783,0.6262767125301515,278.72192223382297
527.9072624343679,4187.057227422327,2477.430503814544,0.7760715848621592,1.2436780524783648,0.256527852146554,232.05470976884624
2579.9340544870242,7431.51920941321,4431.338586624865,0.48460348628262145,0.5293687801604536,0.25290538537328094,160.15475569008743
1908.6818462078527,2693.065244006068,4699.528173474464,0.17045339134256904,0.13862129400828088,-0.2714152958084367,5.0
1649.2548825114648,2834.4696807027076,3828.5710462550487,0.26433711108188157,0.2327419082443644,-0.149196351356693,41.42436672959895
2074.469771840351,6975.613800899393,1330.4347680047147,0.5415578750322804,0.630828774243732,0.6796467640881916,218.64271810504857
2993.5355185125723,6252.60964895924,1595.0854967778432,0.35247923010766685,0.336475117198215,0.5934894341707327,163.8115863901216
2930.898242190761,7128.133332884463,2476.873177030722,0.4172603554279085,0.42457173126830255,0.48425372232366753,173.0304890843483
1540.3924731368252,5982.5414546385255,4099.984152835826,0.5904809245380189,0.7293739717986085,0.18671485448253286,167.86911878636488
2448.5163697892813,6468.16555601063,3402.9179731481427,0.4508010063855616,0.4749053732282148,0.31052797532280474,141.47658790555275
2169.503438715196,6487.722511467354,1522.6437389906384,0.49879939568428405,0.5534548262179269,0.6198316801772958,208.2682591116497
2178.841944295662,6352.674502373113,3318.869471105026,0.48922516690663415,0.5371250567325454,0.3136836309976852,159.91211660889087
2170.767739922056,1267.5423714132858,3374.3877906693956,-0.26269456186291723,-0.15798222289148153,-0.45387270924751805,5.0
1748.289721423171,1693.5245323409645,789.2478306425837,-0.015911721269211688,-0.011236869580769028,0.36422054426588296,50.610938311180604
2284.61848247293,4440.311372709797,2181.7044979700477,0.32055247212057963,0.2969433915582747,0.3410754245393851,126.4409459071125
1939.487842349373,7430.655539078862,2472.3000991217814,0.5860281398710544,0.7199234224539125,0.5006945017838446,193.51906356369994
2109.4957622485085,3542.9900287276273,2781.4845192528946,0.2536042228560759,0.22120507970908193,0.12040613075081218,63.572569500724015
1945.9075171481425,3028.9920052683615,2379.944478607791,0.2177098216802603,0.18412993781725537,0.11999540546933073,82.9373220500944
2478.536267232195,5122.274092321399,3979.902463114998,0.3478231530166279,0.3305582689126123,0.12550532525087071,97.6973107143344
2968.3588159483393,5311.377473405313,4294.790483220122,0.282982280508948,0.25332636827115584,0.10582648509473729,98.00245411441948
2139.101976619574,6128.102835956401,4090.7039627994195,0.48250901595981943,0.5258728212472568,0.1993773747836846,132.1616463370288
1334.7947733974936,6960.1658788480845,2449.5339734079134,0.6781673042957167,0.9394448416296071,0.47935980698463787,230.56519330444476
682.6247435952755,4250.119067490299,4442.653076931221,0.7232271652045678,1.068512921606158,-0.02214874682322482,167.22851098568458
2694.451602541703,2912.2164060967325,1581.7360420836937,0.038840324267580974,0.0285332347870991,0.2960601784417371,38.719694025692796
2429.7949866943854,2096.0407652316517,2838.6139668840888,-0.07374421867761229,-0.05003568158683028,-0.15048128831975574,5.0
951.0706720947205,5238.841477769383,2714.734763506036,0.6927030143838303,0.9792770880683626,0.3173549403910953,204.11756884856365
1489.158515626725,7607.483176101253,770.6008145431172,0.6725915856799799,0.9245850288202753,0.8160436644436477,272.5320780288685
877.2832877679205,5664.8262307441555,4369.913400063482,0.7318041571601969,1.0950939138755427,0.1290429924635135,193.34069461361565
900.9111557487047,4125.277701899715,4611.761671682999,0.6415132094773824,0.8456915992693682,-0.055680642941650794,165.40317561340274
825.2956473541622,5926.503436210367,1567.7559237882745,0.7555331142062883,1.1722303877944917,0.5816115112196052,250.55489553650918
764.7709597842818,1122.6726879762173,802.3912502354108,0.18962247080964387,0.1566364798393146,0.16637444150139316,74.12365533617579
2925.6867266253626,6569.9260599977215,3811.8218085727863,0.38378137513382904,0.3776406550651249,0.2656685835637653,142.54086047774658
2036.9594993351743,2679.2413885796777,554.6552415721961,0.13618628730471352,0.1077509661235518,0.6569740438026092,107.28708945204266
2908.214293169106,6817.552288996913,1396.05602797814,0.40195679820183433,0.4027282929049513,0.6600626729611773,171.33695138103744
2661.9884888707065,2949.045986657268,3699.5815522416196,0.05115946069969404,0.03792646759400535,-0.11288578899635067,11.033121156675081
1670.1436526808395,7883.286211824074,3392.060164141192,0.6503572692334681,0.867507841146911,0.3983226676617348,211.49755883198412
2734.5158809952727,1830.7557635551768,2844.6774941210665,-0.19796414925734973,-0.12387843332153631,-0.21686155581075742,5.0
942.1697730047713,2522.085334833326,1388.684138185732,0.45606212943089364,0.4830893684426579,0.28981539417684193,136.40531042196207
1112.8822862195789,5335.885645250012,1193.636150350484,0.6548542920528405,0.8787540188113103,0.6343878807566171,243.4554975085923
1450.1588545979816,4156.568564411871,1605.8787534473056,0.48270755952126054,0.5261899024321255,0.44264002251556184,159.75552833286255
780.8289380945753,1466.7592751841432,2978.794426703416,0.3051850569120787,0.278709618887944,-0.3401230201171897,38.94578059020012
1515.5361403219124,5198.698555977089,3792.127258062046,0.5485602725708765,0.6442286813287446,0.1564451727629116,170.20319075813015
1464.302588314511,2327.5117934095615,3331.7441935738457,0.22765070174002386,0.19416586806960565,-0.17744954501026688,35.38338522572974
1942.7027784094314,2776.4498926931346,3714.5337606940334,0.17667305387520688,0.14441013837958622,-0.14452106459501876,28.910478122746042
2210.612828930237,6295.4015808566755,540.9326258013667,0.4802235870593293,0.5220823552111474,0.8417477525614777,212.1361758564235
2063.2428677043717,1931.9744216136496,3547.5563153820035,-0.03285639717490137,-0.02292909575116936,-0.2948394618111613,5.0
2006.8533604390268,5737.076916928564,3439.45615624956,0.48169642835109083,0.5245208121318156,0.25038004463191943,140.3400735195101
2750.2416149812966,4011.148776463815,1906.6714702247323,0.18648637163317802,0.15366723243983513,0.35561697012697785,100.45074050024901
2461.060851520659,5737.141317261482,4206.493177945035,0.39960962146263845,0.39943420212313974,0.15393246200877425,112.09431925922432
2300.856544918805,5236.7541802518945,3204.288404691119,0.3894997688245703,0.38543218800730134,0.24078373670871758,132.20667198238243
1377.9422027476382,1408.410469716514,1363.474678366434,0.010934820727842687,0.007871258254794187,0.016211274613937895,5.0
2704.7148782055965,5173.336779412995,2838.611348820034,0.3133543683363291,0.28835502423819453,0.2914054600621161,115.46711759343452
725.5094034510619,1783.4842746382035,2190.1434048071565,0.42167299184714324,0.43094413695278344,-0.10233951514133179,87.4688505228879
1449.2882079620238,7559.792209929572,2008.6137714946112,0.6782605679880628,0.9397004177472152,0.5801570761767108,224.85669316419407
1126.1036542719387,5723.915487803996,1599.102893278934,0.6712115305808408,0.9209225757282891,0.5632667268208901,222.6090802844834
2632.0699570505717,1784.922392087759,4364.92466806829,-0.1917928531020168,-0.1204817209845701,-0.4195229979419263,5.0
