B04,B08,B11,NDVI,EVI,NDMI,AGB
1770.7603814226586,2666.047720423077,3803.5187530366884,0.20178635592244515,0.16839332074838229,-0.17581874103992337,53.897323173314376
735.3328222366357,5578.686688763885,1557.8935008239791,0.7670793315291311,1.2118462837869375,0.563406152605524,309.9756898382193
379.4060849970233,1694.1855977810856,3870.1186575566644,0.6340590209102875,0.8276086427092959,-0.3910521350979663,191.2539667797171
397.93716395807706,2690.302044733372,1251.3161613085126,0.7422886392936927,1.1283710962064133,0.3650749027021552,298.4412176615583
612.2653481177128,4415.162569765675,2801.862240493646,0.7564299842796355,1.1752201958514892,0.2235409149148427,293.2080290272666
1693.2245353889232,3271.710467890463,1979.491936935058,0.3179268069251678,0.29379078955742244,0.24608050329994094,102.87767043446676
1260.0392694431887,7311.031449067525,3358.3057684375135,0.7059785617974416,1.0171603550559098,0.37047527879935704,275.1673371809171
1409.869641121758,4376.142846641324,1463.060646146716,0.5126627727265219,0.5777091491070397,0.4988834870361432,181.84144159762167
394.7058205148398,3973.4946809991425,1402.1644097185845,0.8192821868924381,1.4105870358156245,0.47832837376949816,343.4205478157754
811.6871457058262,6702.222395365058,1201.0731113583154,0.7839507804396273,1.272435737558967,0.6960576481837013,336.25548692671714
304.76816945445194,4468.690605686772,568.1814179654134,0.872307195160981,1.6527962648102479,0.7743911635298502,402.90452881088316
1134.2762517708716,2830.1696055213565,1425.4791897541718,0.4277756373449449,0.4399511720276172,0.33007667761412685,152.37206978968402
1269.7508528556398,7851.5500202883995,3486.517555432795,0.7215855784441941,1.0635666263499286,0.384989102888899,282.7978970854232
1732.5973136661505,7632.829544946258,698.5801223563893,0.6300014211551154,0.8181397935085895,0.8323020591547239,256.1320140712009
596.2126361628154,3436.335620248787,2351.191938529486,0.7042998131184124,1.0122167883076845,0.18749693552403132,265.9394849260903
1428.2373089547355,7914.239112821431,3486.8474084703985,0.6942486670937026,0.9836418580452456,0.3883306819656558,258.9278369113869
973.4827734464595,3346.06830677808,3953.552769198349,0.5492666920051843,0.6455688356724564,-0.08322136944016476,164.5215636580141
1416.8047377534713,1756.4914739002443,752.6807690506675,0.10704539172619659,0.08278322850236662,0.40005651555789123,60.480029075610275
975.9017191267826,2062.4661837515723,1752.8605599572852,0.3576145150947105,0.3430298681981353,0.08114786609656749,115.00660353614697
1540.3573770744772,3026.266123836298,3941.1112803521746,0.3253845529722527,0.3027669423346991,-0.1313040909531625,92.28278156908374
372.25191737492224,7837.322810110156,1058.4330666607618,0.9093127402608796,1.8529571326675014,0.7620363953993795,431.9224594581815
601.3679835763237,3384.558766938857,703.4017360414997,0.6982543726636602,0.9948826273898739,0.6558666670792866,280.75104420726825
1867.0296829748936,6025.12723398571,3263.2941457880625,0.5268645307277168,0.6033816836481497,0.29734149377787733,191.87729414006424
239.0303658009445,6577.264522607945,3469.9425940286396,0.9298650160595756,1.9776213122990225,0.3092722079078871,424.38941084442314
281.83423431948796,7086.9339764002325,1366.0232865446055,0.9235057402480804,1.9379048668987877,0.6767939918799241,429.663799151418
125.79257193985835,5170.584786161851,3055.1885505688156,0.9524986367432122,2.1281229345679926,0.2571668521292653,449.0743566952019
701.4769994980895,7990.736140791444,2850.4857347271395,0.8385964567145848,1.4936274146104502,0.47413939725721954,363.7041756476646
1714.4128990594947,4480.423754399877,3635.1843118592387,0.4465026294679233,0.46824711708833855,0.1041498598177254,151.12349897899745
1800.4237579910498,7460.844481407705,3644.8568880908265,0.611192827643759,0.7747893091511077,0.343606177224769,217.41439906921465
1531.3162419620126,7738.918410353488,542.8560402779826,0.6696272964537445,0.916775415527826,0.8689034472144934,273.49180506321284
1499.9338209926307,3896.477931399188,420.1967511120239,0.4440995646598413,0.4645516564781115,0.8053146079239711,176.6574614809835
1071.7123756069293,4286.525360774665,3800.77983617149,0.5999758022567164,0.7498770971710398,0.0600627171491605,201.0082664071475
690.6246372483225,6630.787808287989,946.1427405839598,0.8113411468643457,1.3781596047814193,0.7502569847100025,359.2123451409489
1335.9170100001713,7264.075025543885,644.2882949894428,0.6893213377818392,0.9698845112910723,0.8370615336462504,282.81468290275
1703.0262784660695,6043.9882369140305,1275.4794327350546,0.5603399799070384,0.6673004692760407,0.651483006517072,229.3927177022388
1307.336879680795,4344.194419421432,2720.1970082537537,0.5373512732178808,0.6228574534869272,0.2298849699318308,182.79556099924042
1150.7055531389615,7571.575271607463,3067.4831303241076,0.736145722288072,1.1088199582033713,0.4233543957275639,289.6612206882528
1484.8800772941463,4496.162838252505,650.4779592200899,0.5034711843694678,0.5615364741268151,0.7472223202702869,210.74376759611124
1077.7891362690434,5533.196956027385,2015.6129832322617,0.6739399776193973,0.9281378945808226,0.4659786112821557,260.54127095071243
1110.8936353349432,7397.8467372141195,1171.7274437221504,0.7388817646173917,1.117544773293724,0.7265377673742472,309.35986167463693
477.09370541768885,1519.5391479548482,2282.3863971940336,0.5221017175262093,0.5945820961295691,-0.20064760342608579,154.72146991566748
496.1418901296672,5034.92722602069,2166.008872974571,0.8205981953502389,1.4161084379324054,0.39840908365344424,332.36530930272147
903.482519248922,4848.063565663143,2681.8478010020112,0.6858296860519201,0.9602232026628648,0.2876814425682707,249.86645133325388
295.6795070873236,4931.701733191044,1000.6181236021855,0.8868727977012768,1.728110610599904,0.6626553698760246,401.92589529402835
997.9658893391803,4848.141045639775,3287.417331669861,0.6585878771059234,0.8882065513485895,0.19183977809451758,238.23352100286243
631.7990855246758,3720.3443394371243,2485.0012727345693,0.7096607238374496,1.0278514929371867,0.19907723819288495,272.3545540655738
1767.7340439796562,2097.892065503323,1192.8223759020693,0.08540867949653211,0.06496464406740549,0.2750374441301205,34.42562400929228
1196.5276776206604,5597.740022407362,3792.334901390105,0.6477831811249896,0.8610981162388452,0.1922673818341441,236.49207442454767
1888.5836215404127,2247.7458934334322,3193.9050645358484,0.08683115561900766,0.06611850569154952,-0.17387355018478268,9.081966993181693
1156.120920902017,7473.413416306038,542.8864459787195,0.7320548534622116,1.0959044460248009,0.8645543565641353,324.05067635482607
1477.0418905821507,2804.8200371392045,3344.454675073825,0.3100936388562051,0.28448963484253265,-0.08775581887325676,89.99024433817715
627.4281183272524,2167.0728204596417,370.28270671027275,0.5509551563256233,0.648802348092727,0.7081349435667443,219.5317031073721
1492.033101004196,7873.883687954973,3771.865541644292,0.6813909123976533,0.9481516871813643,0.3522330822247663,259.99947852292706
880.0213227991882,2835.989976990223,2136.461232257008,0.5263624073951333,0.6024209192739461,0.1406808664691623,184.74471633340352
1339.563950956122,2164.3975882517834,1330.359182166939,0.23540031128501498,0.20210999665886545,0.23865420704121287,85.09339993339044
911.97024805823,6963.296289227835,338.5469104980888,0.7683963471903753,1.2164821348187076,0.9072708351325782,344.6088076582208
1269.7555077125182,7467.599162863746,1246.148247791479,0.7093501280557614,1.0270082427257043,0.7139810946035291,299.7578846411338
1657.7647120046554,3614.909986532269,586.6847785371267,0.37118642549662717,0.3607641522262184,0.7207323353622832,155.2585036131039
915.4704012506652,1546.2297280205541,3464.627045606627,0.2562291479021024,0.22398957941910608,-0.3828481642700326,57.471222310980394
1661.885350702332,2653.5528107791997,1297.4929328588278,0.22979531225784572,0.19635634207112107,0.3432154334737034,90.54271273369464
965.6052851621914,5211.169574738717,1168.1867091357349,0.687343214733472,0.9643923643906492,0.6337603176654287,271.65172216359446
1325.924992811298,7205.855764533105,3725.012384369463,0.6891797783213093,0.9694917283842713,0.31844162169266205,260.8341817470027
948.0144004689037,1902.7815102962334,2726.849697186782,0.33491247335070135,0.31440454469006096,-0.1779986676650579,77.6995133979866
817.9636044216212,5686.904163422308,3804.190812275409,0.7485072305883342,1.1488026012478443,0.19836629554011273,281.48085464016776
979.0767061572992,6116.695775450859,2857.7212693320375,0.7240394307858571,1.0710374064479116,0.3631405237235128,289.8602482591837
1464.4347775920385,6788.59661114744,2165.549429024476,0.6451159073712753,0.854534486894535,0.5163024101757783,247.96508506120327
1833.8708429462952,2640.0593661246676,3065.79921336637,0.1801969376642523,0.14771542759911568,-0.0746145108989126,45.89878926861603
401.7133345752348,4186.678540500885,1768.7301077954533,0.8249001628785159,1.4341425375809354,0.40600881905746705,350.48229518820307
893.2527773573835,7249.933494615541,2432.7738190380896,0.7806134483692035,1.2602009914853225,0.49750132055393753,315.44412602914076
128.4574520585302,4702.473637923696,1266.4564693456853,0.9468187601357765,2.088890090416055,0.5756504275058838,451.96352961196044
918.9409640862486,5549.776329637819,3619.533099668714,0.7158815503235104,1.046334665691011,0.2105112980034502,269.0062068992275
526.2630015529148,2198.3115681033787,762.9729647220936,0.6136916143013483,0.7803262240079111,0.4847013473329,237.29745344559186
1985.0083287501382,4781.5267114301005,2496.534332910783,0.4132866179899639,0.4188266490595224,0.3139561985375316,146.4077757753996
618.315465057531,1562.102975388704,3907.131598832501,0.432846967532147,0.4474626721987409,-0.428767241776049,107.2598298062902
1522.0456219623438,2675.602570722697,3240.651300349261,0.2748102974650826,0.24421395381126476,-0.09550785714147791,71.78899340451947
1628.7498422496844,5995.06978576638,2739.8670404991085,0.5727207824931471,0.6922505123997607,0.37266471522797806,214.8080381112454
701.4435732766567,5501.828525872627,1555.177210868004,0.7738472333787272,1.235748831959155,0.5592529553856054,311.8995566704323
961.6208914490902,2127.146409239334,1083.7357522428024,0.37734325831315557,0.36893657985121275,0.3249607441806381,139.59415316030422
1830.2900444879704,7577.111302706381,2001.540157263527,0.6108829681558606,0.7740931058442289,0.5820831009627621,235.69574053552455
297.7840493686298,6135.3037170675225,3739.5534818465558,0.9074211138930849,1.8419518375833268,0.24261112709982402,402.7348728216678
856.298057427567,2731.8929456107126,955.3697479293743,0.5227132240374839,0.5957536644649148,0.4818000085298844,200.92227274754111
1553.1444204650531,3565.6446410806916,1635.8425263833951,0.3931594359574479,0.3904579715584702,0.37100968476812274,130.7551641270431
1751.3638859219022,1643.4206984610569,3126.289172003801,-0.03179677082475868,-0.022205773210531653,-0.31089280344159176,5.0
778.367453108567,3671.063237610644,2175.3329676583576,0.6501271701760952,0.8668793065831402,0.2558379927019721,234.50075276033084
553.9348897290681,3308.0345035413757,2699.8618644274693,0.7131334644697717,1.0380851435167702,0.10122888308379543,249.15629004746623
1930.1916456160743,2516.9790857634835,939.5740586731018,0.13194623626096663,0.10404675385171563,0.4563520248988231,55.165187571198146
447.1638083849417,5103.173013517003,3468.7641554603197,0.8388696674984325,1.4947720600920624,0.1906697197666239,347.583154388785
1896.1765326328048,3441.624352919349,3457.555063030721,0.2895289376904419,0.26070864050609666,-0.0023090731735767463,75.15115769543779
1399.133428435771,2331.8005239007834,3555.6095420810925,0.24998220475892724,0.21735220373309916,-0.20786882589404596,55.04607353197475
628.1121391123821,2992.7327875695255,3094.737955072692,0.6530576966661181,0.8741787983994608,-0.01675657622005018,231.24235233047366
132.11106251019493,2411.345572581387,1454.6106387762904,0.8961169133882272,1.7778674052585675,0.24747691935745586,393.99586593987954
1549.5023363682285,3357.968347801794,1317.374559407434,0.3685128506011463,0.35723540834932965,0.436458635966866,127.39225234539666
267.702858860931,4815.025670696339,612.9944205937667,0.8946617519501557,1.7701459352096485,0.7741370110385345,428.2731324249079
685.6531022212941,5052.136310243989,353.5323160711774,0.7610044380115372,1.1908086196786374,0.8691994123410532,331.85637236508165
795.4053601672201,2033.6664083120377,2415.587856861955,0.4376916349395908,0.4547682964833866,-0.0858394296440917,128.8112194751664
703.6687389188726,6620.545419187027,1003.9412212827842,0.8078514024486764,1.3641455970087193,0.7366534249473746,357.03132886963107
783.2300359820987,7399.155072315193,2529.4351519446354,0.808557034160578,1.36697916050978,0.49047445910107734,340.1573787967529
631.9057979051214,2723.0362808497157,3126.3060806568333,0.6232985348877929,0.8023711797006272,-0.06894275882909838,210.47264228721096
1913.0630486947684,1725.175755826991,533.6992308122709,-0.05164237503668551,-0.03557244193648061,0.5274645704319946,22.562936758769006
1253.9153171593814,2983.945237505608,1973.9747617172475,0.4082319126884902,0.4115811650252169,0.20370850593453768,138.6875546337782
1037.943744990161,7642.050923353721,1088.3251887811725,0.7608423080820581,1.19029695717671,0.7506808011068887,329.5931973769461
747.1110440589949,4212.391645026584,3314.960638700057,0.6987153385146755,0.9962216894937949,0.11922266586983814,261.70608001179687
271.03569698319143,7418.707337621916,3769.3589764318804,0.9295072159815378,1.9753851570605816,0.3261822247406377,419.61144002369423
1368.5573706162959,5063.389980478956,1110.376765536499,0.5744500704998841,0.6957868681756627,0.6402919606338281,217.04468930538377
1211.8596799566392,7263.5168159897585,3547.670077501821,0.7140281187760187,1.0408283721678144,0.343703866629223,282.0274312147256
1508.0646357432308,1857.8103489055018,3063.5693080913634,0.10390929985620413,0.08016396785037731,-0.24500425550924435,11.493248715985779
132.44525064589038,7253.825633233468,1503.3481626338385,0.9641374508977127,2.2117469766395277,0.6566590550774203,485.832341875655
1041.286349037528,2868.224137905124,3985.799132637852,0.4673060206647526,0.5009732820366648,-0.16305386638717087,142.13694560971769
1294.5771481496124,2433.925481105728,2011.4616690983676,0.3055779882547888,0.27918666973754297,0.09503420009052084,99.6023931324667
1558.7231705393388,7101.017166832225,3663.798982146643,0.6400069493694652,0.8420709282503224,0.3193011507857781,226.63906362964474
1146.699374344942,6157.496325511672,2129.223311044385,0.6860162509855915,0.9607552528096428,0.4861118983935261,268.8821864349769
1874.6254812898974,3204.1009599060835,3721.4675555115355,0.2617733980649954,0.22996764041047377,-0.0747038448004655,67.47888076063846
665.0540778066897,4488.123162480514,564.2263598267136,0.7418858125126055,1.127157467030702,0.7766479307403991,322.48752362052875
1207.3327278642862,3172.2857370322354,1559.3512449304149,0.44865849033854527,0.47156086143917053,0.3408829751541724,165.6278971983076
1467.9349736010242,7807.081482494147,2576.08960328305,0.6834647181724215,0.9537891600842519,0.503795212030425,262.35236589989665
274.1422442372487,4401.935430444348,2491.9002442000788,0.8827469243451824,1.7063232766885348,0.27706421738370224,387.8745172998415
1496.7425878976123,1966.4043771235192,1117.9035629922769,0.1356170540361183,0.10724968014809522,0.27510249635588724,44.74653259520008
420.4249845535539,6767.974840177781,471.3076424339553,0.8830268223120766,1.7078870336466374,0.8697916142930187,407.8397185219152
1823.9713807529463,6132.098230708949,2925.0259079617176,0.5414893357906295,0.6306941190668393,0.35409389043262535,189.12182971071684
1098.0614149760759,5972.57261804752,1844.9048538332718,0.6894022770257235,0.9700951391987505,0.5280050730601179,263.0417043350234
139.50333763672523,7821.402756508904,889.5374254572619,0.964952899464097,2.2177862231614767,0.7957654610700438,481.64781327576554
688.6705725528542,7615.095604398604,1936.3974682804262,0.8341305479237977,1.473943404988972,0.5945351257979675,361.61002967632174
457.6148657638438,5569.374805634099,2659.0913300888383,0.8481447982698221,1.5367125420561845,0.3536848091963234,352.66926377345624
951.1092564289526,3615.849588655499,1184.7997914670877,0.5834824490505756,0.7145221394377195,0.5064001980123641,229.80605699006128
501.58592910771495,7274.460351296889,3423.6851227568823,0.870992041082062,1.6463029352127703,0.3599479215831706,370.3489205655038
807.2556955562694,4432.928145109484,1457.9065649296035,0.6918979484507327,0.9770108261027393,0.5050254719598327,282.05538195572313
1385.4259098326593,5101.506936265934,3456.618556046639,0.5728564044092678,0.6925202650838527,0.1922019467352555,196.09488308768698
1027.6540182227839,4411.691778901094,2645.892200392192,0.6221405820246843,0.7997354749502179,0.2501988759098722,216.62571875833427
600.3680246546033,2239.9282673840416,1000.9539741636755,0.5772497210054736,0.7014898019636545,0.38229537530076557,215.19708521946993
463.5263461996471,4865.87994975832,2497.4630126492343,0.826049536900863,1.4390467163088685,0.32164968396542637,335.1058238731962
1107.9086894322909,2328.125703294136,3796.5085134018746,0.35512363208288583,0.3398335745610507,-0.23975028677877847,89.47032721781558
1579.3626686274447,5659.836803797055,1763.008038921603,0.563663724165808,0.6739232807834197,0.5249778012230738,218.83139954433176
1861.1430432659163,3636.9690902355733,458.28679537198605,0.3229883282710948,0.2998728058436156,0.7761864906314203,143.63168478216897
726.0576543700349,5761.797586645456,1962.4917441211048,0.7761794529051541,1.2441121933572954,0.49186477607713364,319.5201281302526
1637.4500860942771,7351.1583931668265,667.0187621744974,0.6356610502748893,0.8315997029927189,0.8336233411488113,271.7254667394849
1667.6242985871656,7559.813358045083,2523.0961339048686,0.6385509475194707,0.8385519624659665,0.49953014332439727,238.05038906865107
472.0917336530031,6560.080440534709,517.4430676975903,0.8657337384830452,1.620243761168525,0.853778495395286,392.67901672186434
206.0038484827767,2209.7000648398325,3952.1090599547433,0.8294461107080314,1.4533341711984027,-0.2827755549617458,306.8529354099157
1384.6923856430976,4432.239810936635,2866.070654572203,0.523909738291524,0.5979619254071457,0.2145933861749804,173.96606833044356
705.1151709304257,6850.228103193936,638.7498009428034,0.8133466221840675,1.3862925863414886,0.8294160272512806,366.2433391009608
1493.732977502502,7887.127587581356,399.43301539354013,0.6815360451251058,0.9485452884043069,0.9035949810825157,295.55523161260714
1448.0352169350856,3085.347105086388,593.1945611641416,0.36116783705549976,0.3476376420240237,0.6774838426079235,145.69150526502227
567.5456516810916,2234.5545310010993,1613.0145047691294,0.5949140894489434,0.7388138536431803,0.16154096789221237,209.68129405745984
234.61543846090822,1789.357024435857,917.1346443203654,0.7681634082024991,1.2153826187832308,0.3222704839117624,305.1465204333539
1919.0997481010786,1917.334825613872,2104.8024772427566,-0.0004600423786290528,-0.0003284693011425556,-0.04660896370920285,5.0
1524.3093931381018,1508.1836913013728,2026.0908336061875,-0.005317638452056669,-0.003783585458351281,-0.1465384588855112,5.0
1466.4948005610852,1542.0464130649002,3357.9919582011735,0.025112374108927544,0.018263271452109858,-0.3705982294780419,5.0
1255.4522706003336,3352.2394715076066,2271.217903112278,0.4550623865069946,0.4815350531524041,0.19223433133538526,150.39719708039064
1870.4089087848392,7845.672898583378,357.3475960295525,0.6149869986327404,0.7833688706710946,0.9128741427086117,265.3473660154197
1746.0022552031935,5330.47520622557,2246.437733484998,0.506533507674329,0.5668947501021285,0.40703087086696144,193.3799406130487
185.26427427617162,4074.9104189790055,1771.8619912684874,0.9130250339142197,1.874529684571307,0.39390081667624366,408.86572591708705
1095.9594363869924,7884.444861036862,2613.404786867136,0.755922027457195,1.1735687097540628,0.5021066456900567,314.1451456781432
372.83179375825193,1753.0668634471342,3803.104258562515,0.6492478201449318,0.864579767464652,-0.368965848914481,192.08374514011248
836.3091107866144,3119.002548794647,1288.5935059627311,0.5771210043338467,0.7012575233616847,0.4152851168021539,211.91843481168823
120.97026347962064,4209.981732166178,400.12170095160064,0.9441368714900055,2.0706777287858875,0.8264153040513413,468.3722503350162
1432.503372238065,4335.567315764227,2784.3395885113073,0.5032989538532003,0.561235024795431,0.21787191151383295,165.18922696074492
1634.4893004629737,6962.428446972131,3616.4340110472103,0.6197499269408505,0.7942491688259828,0.31629056988752013,235.25648094224812
972.6893210168088,4396.013175123404,1388.3388246457607,0.6376445437105376,0.8363319590684557,0.5199673792462324,250.4196605772027
883.6508596919946,5029.272503248722,632.1615552464261,0.7011120199592513,1.0030851625413115,0.7766779409233996,302.5661854797298
1156.7749188673338,2474.529067493577,2541.1365507926034,0.36288731354158404,0.3498643683668911,-0.013279889122374561,106.62382963080685
619.0751049350632,6585.547916224598,2759.4300057909795,0.8281450386700486,1.4480326311913645,0.40943038517087793,346.9915415955401
516.8651383169203,5923.333017771471,1513.0845260855313,0.8394878150610836,1.4975496078403459,0.5930609013120909,366.76282746230277
884.8764847447658,2231.659240286335,3517.5766730947603,0.43214096481951547,0.4464324356808038,-0.2236675363402363,124.51192368881021
1802.5101390477562,1662.9370304345439,2586.3484953649827,-0.04027564171286656,-0.02796160199045196,-0.2173098181109832,5.0
1398.1646078712458,4629.793057438157,3301.6746300677664,0.5361066929233206,0.6205228265497703,0.16744926406181612,171.18417445617652
973.3564755146358,6776.392802998093,2835.8817396855547,0.7488031055177992,1.1497962687267038,0.4099457464936746,298.095186084525
241.5020166483436,4746.744420819505,3019.075780996258,0.903171577375988,1.81758085423989,0.22247085236364622,397.91519161354995
1547.1279920001546,4690.67068668205,593.4762487550961,0.5039506492764926,0.5623736981427253,0.7753748120958764,208.0740701232919
936.0510195696459,5176.0294982034775,2794.412361118423,0.6937046175374864,0.9820825159224291,0.29880616141761407,260.79713231216647
971.8879597691221,6052.041774411932,1931.609854068934,0.7232637577790149,1.0686628770093909,0.5161086820381375,294.37743045930563
1689.7635072410853,2231.768922147418,1816.6731028737431,0.13821265653861659,0.10952834905117642,0.10253223748930254,44.33418635960993
1314.8591042273488,2392.250617581506,3089.0297283042537,0.29062843938102384,0.2619502655016729,-0.12711977250326725,80.59873249416765
1487.7079656033973,5445.75771406703,2971.69761238659,0.5708616629484652,0.6884519988437121,0.29392019386325297,210.83614922972706
1901.548310534717,2676.855273780815,2953.583963795667,0.16934002186543054,0.13759121449142078,-0.049148685970868584,35.45415766800705
623.4893537420331,2425.93147421683,2855.9753582669264,0.5910768705184548,0.7305775019587847,-0.08141830168678968,183.54937992776507
1423.7775396606376,2849.062899278667,3644.5798514201256,0.3335685897127194,0.31276208438583153,-0.12250703997126182,88.92418346667301
1624.5842692138863,3658.266757935572,1219.3301426461048,0.38495927253774354,0.37922671320655277,0.500028326346235,154.5978123696677
1597.0047039509018,4911.230582594198,2408.7562532748825,0.5092357193947453,0.5716445944105195,0.3418686925384798,173.94052260629422
1202.2122100267293,4351.984384403671,355.33235145105675,0.5670977107595275,0.6808105679405481,0.8490297671414063,234.1083280750214
121.35911344989304,3147.169113489974,1963.320383369476,0.9257408194229457,1.9514688147155146,0.2316507509929054,406.9501912994843
1406.8687042267725,5566.138656431898,1311.0898402696994,0.5964815088357744,0.7422840110342986,0.6187156377869742,239.47482267375196
1334.1241145893487,7593.82649430225,2806.4559339565103,0.7011354176598547,1.0031850085406036,0.46031159181577536,266.74171279545885
997.4182710141757,1831.9219205248405,1375.2453493992937,0.29494638068312,0.2668727076582319,0.1423925017150593,94.04197197963515
956.2545364219998,3866.3185756396606,1370.303238631917,0.6034255927268206,0.7574468402666924,0.4766460945735293,235.10173987120356
1865.6688138852066,2590.107716210973,3846.0654216965017,0.16258420889602937,0.13138058842061842,-0.19514044734022246,39.811136591051536
698.5387053200093,4035.8043266094323,1449.4830102567691,0.7049057489238253,1.0139920980996036,0.47150151980165045,278.1824413394712
1273.8189957358702,6392.466417313277,2460.4876408963355,0.6676828666197363,0.9116751040378215,0.4441431357397088,264.9214110522805
445.5959355762966,4725.729135291164,1457.634116331117,0.8276666309374423,1.4459313991219227,0.5285303297641606,352.6708198942075
796.0251821329072,3998.5255700552552,2462.490415767565,0.6679458728834663,0.9123229213419183,0.23773894963584968,237.73785090288237
1121.8731254335635,5519.927860385686,672.3098318548898,0.662178036300715,0.8974034703156637,0.7828539970005411,272.8338956563176
886.5580534586807,1877.297513937427,2709.291107993812,0.35846281976799615,0.3441192728960818,-0.18139703872650056,97.23382024269269
1873.5408581328406,4823.504111555676,3743.6427777437616,0.44048729944836434,0.4590453899188499,0.12604678636182123,132.91715695543382
1726.9490314529594,6705.088487913495,463.1075854645318,0.5903839308632709,0.7291719655061681,0.8707882482121655,249.87174503191193
1691.9486690720662,5829.416833682872,3431.727650465124,0.5500953467219791,0.64720310128202,0.2588977190738032,186.01033112286686
1936.350134863457,2474.900103876867,1917.656465888855,0.12208556299111988,0.09552822728187527,0.12686089046563415,46.91521372126174
224.31745974287813,2123.5741511563556,1131.107868426102,0.808920088895053,1.3681517312728215,0.30493494493592405,320.06682452220923
1980.6086941984533,5081.104999028508,962.0777762355692,0.43905720892716865,0.45687561639880714,0.681598981081843,172.14146307485885
250.17633679175265,5126.538232387316,811.1162127722176,0.9069408152408504,1.8391382237555955,0.7267890138683142,435.97301325746474
654.4523415985832,3940.6399319272145,1154.8217613432703,0.715151599576476,1.0441153251516355,0.5467253681283514,295.15234888688343
1965.916870882014,1543.571953735226,380.57877021560887,-0.12034371332483358,-0.07914966272650974,0.6044189617990209,5.0
340.2712523080593,4817.699494572611,3186.8346037002816,0.8680600300232911,1.6316380533932873,0.20374263769086476,365.23247414563485
1385.821521959498,5098.965638885586,2690.3991402143533,0.5725930588398224,0.691981595907112,0.30921218439077003,202.95748665818357
837.4283839987157,7731.9008448574305,2375.858250386383,0.8045521739132029,1.351065658000793,0.5298941677845714,328.94110384191913
805.1566211264231,4916.482668726903,2616.8933672797098,0.7185573641758384,1.054356766871443,0.30525348663743795,279.2317263091241
1779.4674360244783,6597.271613857902,2668.1608385143445,0.575140773583717,0.6972189461985507,0.42406124000326806,212.27867885320674
1823.315747419474,7883.449791791792,3045.1941641792732,0.6243206369070722,0.8048267120782655,0.44271326311498477,234.7796304389673
182.1283758897457,2641.0044116855925,1217.69965859906,0.8709742757217915,1.6459333259823692,0.3688556382642427,368.93867002522404
1143.3947014670996,1839.6915714343559,1406.6582927826319,0.23341492871293942,0.2000609372747851,0.13339082250236137,83.3433753097931
1414.5394455467176,6656.018125415621,3038.429020597342,0.6494568229186733,0.8652585996374428,0.3731609497642085,248.5226748519553
909.3540347006876,3733.7568999275827,1670.3733818121361,0.6082996732975363,0.7682622677840923,0.38181602036977125,215.99163287197484
1409.020354673337,4977.103626902721,1156.4742155947642,0.5587243971405136,0.6640901026615811,0.6229038758117985,208.4139248691964
1328.7693377412406,6637.971221998758,1867.4864846702983,0.666420833436098,0.908388971366218,0.5608733711093631,257.40672300337417
1446.208036685198,5581.004835122774,1293.5818447358884,0.5883978290222723,0.7249322216285147,0.6236626563055234,222.84999670757662
1998.8313505217454,2720.795400972125,3365.532572195355,0.15297058185139129,0.12265964535752268,-0.10593204539086973,39.64842659662584
1910.1910918468704,1786.8795140941365,1636.4108541843182,-0.03335386062717454,-0.023268045731462184,0.04395439582343506,5.0
1318.7814962252125,4853.529759496305,608.6293792848783,0.5726782263972553,0.6921531494305461,0.7771469617748046,228.25934611205614
931.2962824307534,4862.559313306067,583.753812406461,0.6785227842215218,0.9403732335650633,0.7856334003113686,276.43547130714364
558.2625152499357,3715.591733226574,2408.7962098392995,0.7387545371635846,1.1170586883571716,0.21337569326474048,282.56076757271234
782.621516255941,5106.517895390962,2248.0515444191296,0.7342153201280089,1.1026694477490127,0.38866535614041026,280.1098790300072
1165.3150375989276,2036.286117167091,2855.336167636047,0.27204234293817714,0.24115463207961488,-0.1674393488732908,58.66154376259137
219.64608541812402,2217.333728488315,2292.7243150739782,0.8197391011820451,1.4123083095498647,-0.016716101176693376,320.15821400747177
1574.050496334416,5729.517552246679,779.2854070893216,0.5689639677076198,0.6845990447840461,0.7605441699992426,227.55446324746708
1183.019254594702,6712.515887803752,1102.579193109181,0.7003320905780939,1.0008768093562923,0.7178334538344995,297.4044054248946
420.1031051181453,5340.365137103079,2375.8602405425995,0.854142723167509,1.5645739603689999,0.38419107155224097,361.37606993892575
302.0968071401613,2062.958545137387,2369.0885417199893,0.7445329918206706,1.1355887053913882,-0.06907191880278456,268.18947248330613
641.1488811737448,4769.15019021449,2297.010408059781,0.7629894861280834,1.1976269238793493,0.34985615560572025,309.52351379491637
1753.9825751688713,3317.1192786378715,3509.130298364144,0.3082439967139194,0.2823174107958055,-0.028128332773685726,83.75803131572182
1707.4666347327422,5350.329243765504,3986.0781310600623,0.5161473456061102,0.5839369815498838,0.14612163520604823,168.87996576493023
1671.9837217188299,3756.9412005103527,3509.1272581671756,0.38404610641610554,0.37798787820383606,0.0341056437492161,116.38587476197485
489.5852623361242,2343.88394683,3935.273450251591,0.6544269751867745,0.8775841742519875,-0.25343997650190975,215.43198534179402
1552.5367829306824,2480.0942808124655,3939.217950912391,0.23001298234081388,0.1965778083199045,-0.22730218085692958,46.875230303071646
1143.4289823891777,5419.351506657639,1453.3527865811955,0.6515412988067133,0.8704398049520814,0.5770652352089426,254.85224270583026
1839.0741400819024,6861.480806089501,1949.6461571979664,0.5772513013828399,0.7015739414114254,0.5574581627071971,222.6345184222282
1581.7692733158951,4780.329222146716,1182.613509902952,0.5027523466682026,0.5602880300739121,0.6033456756683893,193.06772709072033
981.7868834211524,6092.471541441627,363.27325923803426,0.7224339782861655,1.06613034465761,0.8874573667647092,307.9900352719245
1324.129326545127,6368.0848072659965,2496.7861474717724,0.6557221876981354,0.8809565013571903,0.4367010731598449,239.9845637216203
1544.874952211612,6726.875465628099,480.0139791139888,0.6264696407684134,0.8098330880495015,0.8667902475186193,259.0907536170003
920.5941583191527,7893.474279171271,2675.3756433279927,0.7911080075577852,1.299161524609545,0.49372435729654174,319.9884599617864
619.8425546069294,3613.749578325946,852.2592653722455,0.7071788989124396,1.020584492669989,0.6183351643452285,284.18892208851315
151.3866877477682,5789.254154615941,1556.6724299969485,0.9490335496659816,2.104129636500877,0.5761807820008125,462.52936579098764
1113.6495024863582,6416.464504863851,1882.850490334763,0.7042144377226102,1.0120369214883962,0.5462636394215242,283.4299627645691
341.2118664909482,3256.0484672889597,1528.673274407577,0.810293481574319,1.3738032321811178,0.3610189444178381,336.59808529943933
384.6146973848016,6135.839223843611,2975.377428145998,0.8820282445141927,1.7026484279352705,0.3468759350224198,393.21601830199023
1353.6456060365058,2996.033452473097,3538.3934093538937,0.3775882827138422,0.36927816586103385,-0.08300038676171752,110.94259672596243
1464.0744963159427,6692.36954923268,1475.915729456326,0.6410017678143795,0.8444820113600942,0.6386228738542494,252.1076983167503
1090.7091146988516,2739.9885230148934,3023.2508546848094,0.4305428315845439,0.4440592913940139,-0.049149846649927866,122.6335165629597
1096.2416146140827,3332.3293395551086,2722.834468341415,0.504923088639007,0.564054480176376,0.10065704090749718,166.8539649314887
1986.6886509279982,3912.115325507618,1707.801072114416,0.3264096725276603,0.30401639134400404,0.39223257020935137,115.91591348718629
1678.3793785275582,3149.9251575682765,3617.829057887727,0.304774847513209,0.2782549276956422,-0.06913724780101019,80.61871160273196
686.5204618306245,6779.080887724361,2337.1799628816507,0.816084350049152,1.3974783426094572,0.48725030987459955,351.8637913670016
716.674448676088,1950.4568777776185,2846.9692352797547,0.4625878060078184,0.49339427520084694,-0.18687361434815722,132.8645779958825
427.4112223278278,6723.769138983217,3222.0085722534564,0.8804641468475837,1.6945305286904055,0.3520851428663452,372.97638884374817
1034.1023371017668,2602.215558904414,2081.371521092462,0.43123656022860146,0.4450907023376239,0.11120622480261289,127.88123754800576
1409.4246013200182,7854.213859664338,2261.0718315526487,0.6957082019977481,0.9877518855262396,0.5529396003530801,267.1125819690263
1260.564353360052,6366.344115240027,341.89952484142714,0.6694429049766345,0.9162799931523556,0.8980658593711098,290.6856179878275
1581.9433404500687,6109.795924515679,2981.8590845906765,0.5886643355294635,0.7255031825725934,0.344044823131538,220.18027398233386
455.8702350803727,3934.171071978278,1809.9787937156868,0.7923161976888248,1.3036342486757468,0.36980098492541014,325.91364047925134
1232.9514513331399,3673.6750804579992,360.04407946842207,0.49743415619946335,0.5510835958534417,0.8214828223758983,205.49505940426008
712.2621135835901,6530.09422494446,1636.428469885756,0.8033065260276865,1.3461387013906891,0.5992349421323944,348.6511973199416
1472.577986697726,5789.4620168656065,556.8738120627677,0.5944450908360778,0.7378819754961172,0.8245054067461625,244.36139132333486
188.27860787121634,4732.11082370336,1666.6882399748627,0.9234700379101091,1.937574964772169,0.4790621728770676,418.5343978747572
1542.5581650451738,3555.026613288511,3656.3269073860592,0.3947886176218516,0.3927112338514582,-0.014047334358671849,121.83533025993403
1645.9120653248685,2504.383474330707,1040.8315032864407,0.2068458500355942,0.1733465396653115,0.41282460439539886,82.57873610081786
1303.8171163116554,3123.2849209183796,3051.7144493743294,0.41098393235457276,0.4155103273931355,0.011590360944290624,129.14656726992956
1764.6341246490815,4702.618856118119,2138.701852103824,0.45428634688513797,0.4803321141888456,0.3747693044938229,170.5741381032784
1963.480857491729,2060.3096555656202,1144.0775861584316,0.024064075337822413,0.017487977786275942,0.2859305071469137,25.63759847898121
819.1335846007828,6929.319248445722,1494.3198637343385,0.7885684787286744,1.2895996988304006,0.6452080047217957,328.64571403828296
1975.594974180188,7938.5244296814435,3961.2539095968855,0.6014583052708833,0.7531578151356002,0.33423063912226886,209.02914511410052
643.062472082536,6471.134917395764,3555.6658175924654,0.8192171407998275,1.4104029197045995,0.2907676313282148,340.41659947996874
757.0050156738566,3940.6014117856043,1912.9425615221737,0.6777060710800713,0.938158497904003,0.34639849963768576,260.9416940429489
1694.146907734209,7920.783028612543,1980.0160310717956,0.6476007793559211,0.8606667262334183,0.6000290442345494,254.8562473422829
1424.1795748470797,4253.686936468473,400.7108338302435,0.49833988796391426,0.5526483293738379,0.827814100117862,212.81649121598048
1307.5837032825802,5865.839656944325,1365.600652450135,0.6354366282491549,0.8310498663665794,0.6223157229169898,250.88813754982286
1639.0466180175329,4833.268612318838,1589.6030427280884,0.49352076963683034,0.5443998145770446,0.5050179644391528,189.86115349780277
552.1616368822622,5816.584362065785,3221.6301718348814,0.8266027135053693,1.441430229606997,0.2871091607983637,331.810103219419
820.0188022273253,4197.95986436702,2064.731464685295,0.6731676808341442,0.9260648482352597,0.3406248667318408,245.98963576665744
1266.6897278398485,3212.9793755484275,1681.7283275231077,0.43447174386206266,0.4499418477856534,0.31283809792188166,143.36493220403753
1183.0079921385682,5647.508058548259,2324.2794416448705,0.6536109472002724,0.8756286918646783,0.4168737082374567,246.73405710134023
178.50572038452557,7566.091688378378,497.95294538751534,0.9539018721206864,2.1380754225092526,0.8765004489829509,474.76476417187786
1303.7797070127128,4966.999781417531,2300.0161181075705,0.5841730012320453,0.715994114556759,0.36699846261754415,218.37375986289678
1278.249220227161,3090.796676433626,2363.9219833683383,0.4148611616043936,0.42108035368280816,0.13325612891617422,125.1592494203304
1327.8770847803485,1729.5073838611665,2274.6990934242176,0.1313640149182514,0.10353676761026184,-0.13615474439682346,19.619433271714207
1430.458769104912,1856.5882733881238,2384.6600966033593,0.12963900383682309,0.10203917402071647,-0.12450858262087287,36.81173527196192
247.7593032550005,1592.4358211221231,1129.3779491753817,0.7307249646102333,1.091461174860863,0.170128418347299,275.3048944623863
845.1443381851649,5054.599262543081,2150.6722590668737,0.7134979430504091,1.0392211900008248,0.403028115507342,284.5575905627569
505.02438679256346,2470.8518417751297,1067.195699986036,0.660587774266453,0.8932334203463419,0.39673184851938176,251.54709114972687
1664.52825686865,2900.4635823487433,2382.369060569736,0.27074206674184015,0.23973359192387556,0.09807134859277249,87.367534608232
1856.033824236728,3551.440529141845,913.9750043479821,0.31353023496677374,0.2885573994360374,0.5906427978365495,129.04654367198154
1106.833382307003,7384.025361096856,1175.374283464871,0.7392882354717083,1.118847229646182,0.7253605783965623,305.72513411637703
409.3486814042693,2615.1065430984554,2193.936209151168,0.7293074941546027,1.0871803442324033,0.08757882920934508,266.019464215301
425.35672564842,2357.579655762107,522.3567267291041,0.6943108517773704,0.9836759814831961,0.6372442598222425,280.90954069943473
1376.1872247362319,1905.4197203135755,3491.2173698128277,0.16127235963295378,0.13017913438217568,-0.2938492291999311,22.37678699117822
1913.0992379446673,1984.2938913593816,1201.7943486067456,0.018267249680598743,0.013219555606807636,0.24559882952750747,18.319786600622848
1663.4766054378363,3747.6773917140263,574.105694007281,0.38516752378291813,0.37951039109715035,0.7343199864559501,152.83348628710996
1945.9302479143291,7801.808313291918,2639.6518941789695,0.6007422160542848,0.7515865178372866,0.49439027837553073,218.36192108738416
1951.0679944460462,4894.926018228026,510.8747293930344,0.43001177300213345,0.443289784806565,0.8109901738337836,173.9383926572244
998.8202686549386,6284.382369463851,1594.1222000088949,0.7257194894481782,1.076199552645594,0.5953236591412575,293.4576785804298
343.8999103317477,7735.2118498118725,2189.5945861927444,0.9148669009665816,1.8856135473909692,0.55876326644944,415.1048535303512
212.2347426116184,7059.5370035781125,3789.3966132463147,0.9416277764236373,2.0540397985711363,0.3014250529618016,439.7865439304937
1421.0922164078158,5288.089616075151,2195.2917852345063,0.576373914978519,0.6997498096166439,0.41328881485127683,213.38281416276791
405.33530443411337,7231.220798508857,3045.1625181948475,0.8938434290491687,1.7657598277221085,0.40734742476007596,389.66605167496084
1265.9300898726449,2363.459523259799,2908.8046606012613,0.3024005549344979,0.27548318744215683,-0.10343661057565798,84.53269444546248
1137.623998903001,7464.578976379914,1820.0711224396682,0.7355040325043393,1.1067825894859014,0.6079397492911368,299.5397295930379
1492.7472244255075,2531.311178952522,1305.862574158384,0.2580886881256729,0.2259949797651447,0.31936229196847543,91.05997351484247
1643.3352415009062,1532.324636483231,3266.024061490287,-0.03495670482608059,-0.024358669880515944,-0.3613116790319836,5.0
1665.900549573227,6788.7161970000525,1467.0239102227956,0.6059193219961415,0.7629995796461138,0.6446051131717152,238.49935977586102
1320.9838760820899,4123.840138586071,2200.057987009355,0.5147744453151125,0.5814695763185522,0.30420827677254425,183.48069444163116
472.18148523669623,6622.511960905696,1456.1977139889773,0.8668916453530823,1.625935830089737,0.6394974512244217,394.9590600799377
1372.605633601183,3032.2248353260684,1495.3938317065777,0.37677254846820357,0.36818706649792365,0.3394347263541253,132.52372468389873
162.7924058383978,4812.617473790469,531.5580004287202,0.9345612079229051,2.0075675367538506,0.8010701544537443,464.36102007632553
972.4224405719526,6310.136040042546,2492.0794270855563,0.7329448315377284,1.0986864658559439,0.4337608669978338,295.3316996286077
1869.8602346293205,7423.914309149715,3064.754841111844,0.5976101580428906,0.7447478436110218,0.41560653741409687,225.07720169145497
919.7057930154558,5044.940069900331,1884.438942821003,0.6916142837316179,0.9762320162370336,0.4561016392408331,269.96582412830503
695.4896713889215,5797.347730427769,1973.3156763274592,0.7857671065081016,1.279137460922752,0.49211140071822873,330.318094447369
113.65644614343755,2442.6278946255165,2422.646971965161,0.9110768354002535,1.8628394206419843,0.004106843540013672,385.4662598430177
1503.237546554175,6112.355216555363,498.62186306476235,0.6052211315346132,0.7614459337555192,0.84915335282996,246.44390896490418
506.52285848877847,4783.446759582838,3708.672655140066,0.8084968740982401,1.3666766887185613,0.12656135080400072,324.44714924875103
1390.0526174407614,5540.442199989082,3032.2029793651436,0.5988590557071685,0.7474538907574063,0.292586380032621,221.51208420242983
1807.4365093371746,5201.490273242302,2517.8599310927466,0.48424728474218354,0.5287640431469083,0.34764977242447515,172.78341121055522
626.0909538520908,5271.590685458592,1599.7412032917655,0.7876823495955576,1.2862525056096845,0.5343723081756466,320.0959157050338
164.7671678165483,2898.198733032461,2613.487592922,0.8924133185961464,1.7576973750620686,0.051655904059362684,383.38211145112103
1736.8702355001876,4517.889790546912,2046.095460698872,0.4446245008634897,0.46536125420309404,0.3765691473792308,156.65123878870693
624.2521613595698,3901.2652330823053,1893.3014109651897,0.7241189869302813,1.0712304232330914,0.3465252787856506,273.4641772063696
721.1171889533745,5777.841724768268,1881.0030658177363,0.7780822439668368,1.2509777074432846,0.5088024062364591,313.4688815085364
441.9721402514819,3399.066196844885,1254.3073106504378,0.769868404401022,1.2215562577353343,0.4609040908233387,303.06336204544556
698.1436281019166,6501.332627060202,774.8850726894215,0.8060571064445508,1.3570020299386965,0.7870088265474547,346.14861951620213
1927.3736202070172,4101.456793919121,2888.7353015392187,0.36061441838825,0.34692746075507963,0.17348900797652492,125.8857831261538
1425.1106834212467,6753.944653469388,3046.2179778745995,0.651521936202285,0.8704054271373857,0.3783331782023682,250.70753723940246
231.75425805968928,2949.03202308605,2952.094125786541,0.8542786355307411,1.565051102479831,-0.0005189014135136623,344.021113581041
1388.8262996874728,7310.048388327304,305.15455183576535,0.6806882844418191,0.9462445261891526,0.9198564884761536,284.58211420521616
1173.0835765801842,2336.424959380827,1326.7912149640613,0.3314827049282562,0.3101937160205049,0.2756140222387257,113.13044501006065
777.8724435926475,7804.961545258035,1644.153550508002,0.8187376232576578,1.4084379386709625,0.6519984074337895,352.94379084512633
1252.3215569673212,4127.687497518223,3852.642587866598,0.5344537362105612,0.6174226078710131,0.03446535502596271,166.05863548596074
1547.884102702242,4077.2243538008806,2233.2357889789237,0.449651819197343,0.4731088939265392,0.29221142718721854,157.3715312822638
265.33722076450397,7883.034756329361,1438.194531211101,0.9348735619881275,2.0097221520058968,0.6914152656926441,448.47138667615565
870.5026698280881,3505.9248402911317,332.13719244809766,0.6021857242619026,0.7547079106692081,0.8269245311678752,255.88795701824552
1387.5014300833457,2340.6081124381462,2579.8835204372886,0.25565415158228333,0.2233854252458983,-0.0486283537912829,79.3176549199246
838.7101219153852,5645.228511092598,2900.8256391203086,0.7412960949332905,1.1252805242358686,0.32113099489110863,282.0707877004409
1499.094855128588,3036.5361728834364,3909.3126478739305,0.33896966219709057,0.3194456163228191,-0.12565440126721233,101.74214508077469
753.3861915242348,5455.039998472457,2350.751144982722,0.7573020379571308,1.1781990503594977,0.3976904833912777,302.41066895770496
244.68467434028915,7120.769524635493,2208.083493712647,0.9335588361024377,2.001217361283384,0.5266120090791315,443.01333142415956
1290.967595107191,4107.014652774447,2638.8328685212773,0.5216851274845686,0.5939112886375792,0.21764230208297433,177.6181511341276
1828.3820876721247,4435.640542673687,1043.0622932510046,0.4162274960429698,0.42306577879170143,0.6192301992650154,169.68348684463098
446.3957265793406,7499.526006991411,3483.163245703041,0.887641549466267,1.7322918062071155,0.36569939005943475,390.5746274689491
683.5973009562798,5321.903270350861,1059.5123204752674,0.772342940201016,1.2303868454450748,0.6679381539317443,324.8843855408729
917.7170901015436,2491.4890987188755,2822.6262152571935,0.46162417905859515,0.49187804845405425,-0.06231274575565155,131.1527207579414
458.70101970749494,3779.357700837577,1971.762471906963,0.7835324848730428,1.2708091237585664,0.31430315735407305,304.59835776847825
723.7367573770192,3897.9910622367966,3801.820878764749,0.6868111728046766,0.9628976370858187,0.012489939260392935,236.03161946579522
143.09367962474272,7045.271245129409,1121.306703383118,0.9601874190855078,2.182897881454581,0.7253912934364263,487.1263845797769
551.6922685966515,7630.610181250176,3034.125225566113,0.865149871344696,1.6174078619052703,0.4309984992515851,371.8512613976816
1835.5492222715518,6064.7860226838075,3196.3490407691893,0.5353237133294372,0.6190667858796982,0.30972844710196873,185.83324531437313
1597.144539321227,1651.3207894990483,3508.3376508658785,0.016677490653969382,0.012055038610661135,-0.35991081240555495,5.0
1701.9797115510864,2918.463771083106,3811.4550284876764,0.26328296490171516,0.23159933992091888,-0.13268975211540934,71.90484078283284
226.75094111432338,3832.1748405527587,1556.3986163329391,0.888270466741411,1.7354859950940662,0.4223337107689278,402.84805554664706
720.7500014561472,1544.9353318668118,3012.7757284220365,0.3637686654563401,0.3509898681236085,-0.3220564833568328,84.65768527962976
1698.8869314838005,5549.059305165419,1250.9408892039755,0.5312087379569711,0.6113954174754617,0.6320762194813375,216.4175889293993
1992.95483172034,2328.8564555916028,1972.0152507468113,0.07772241809347084,0.05877508574538974,0.08296950691087272,17.180666194790714
711.2359834437937,7600.712393071758,625.3342877864832,0.8288641960607598,1.4511336130018881,0.8479623779267876,370.9440254808372
1477.8990224088227,5365.653294899292,842.2140121297356,0.5680900929316797,0.6828265628217377,0.7286623663684155,233.2435194986885
1904.9451389544881,4244.572893538476,2496.1655793639607,0.3804570930341779,0.3731405704579981,0.2593791942742891,128.2805897522886
370.9536030863087,7661.055071161709,745.7725250214626,0.9076311745704496,1.843210485246015,0.8225793221282796,433.897424318218
587.9332820806364,5417.92641486739,3939.162354076265,0.8042134474831268,1.3496839652706178,0.15803676732672803,323.15605473425535
1631.1273550056862,4983.281389290286,2377.5477900759383,0.5067957187660319,0.5673521941793326,0.3540000094234905,188.29191872406668
1341.2796487426199,6192.144709719347,3794.5299544776785,0.6439123603708914,0.8515773976841463,0.2400813920170259,242.34667075421115
1335.9108168406117,5106.683332876526,2716.58690458066,0.5852879178515663,0.7183437329255662,0.305511168021113,203.72882428069357
1428.735600557694,7117.978758962561,1271.3573006712127,0.6656643615802965,0.9064273945616562,0.6969111042918056,279.7688518524518
1058.2110407874734,7387.165392757725,3956.229244082809,0.7493987273417586,1.1517717647274233,0.302461146615637,282.18405088007546
662.8710265902007,6387.341699878535,3724.5216757833855,0.8119571557018268,1.3806456990405511,0.2633362343720853,334.7991218763427
1381.0140415485605,3283.2509191639715,2845.258137214909,0.40783207927299764,0.41101594074853487,0.07146808103705227,120.91493937452717
1009.424281190665,6623.096814207883,1599.9548935554624,0.7354938770711114,1.1067405560125894,0.6108610402266149,292.59797021585507
638.0131747323942,3954.678890186375,2124.5752157606557,0.7221615705668872,1.0652520741346205,0.30104082544178884,271.2664976877513
298.1120886598999,6246.000305498575,3265.1602229273503,0.908891513116293,1.8504636566065837,0.3134044550451029,401.66039107947137
574.9401675394406,4647.11267951917,3441.073374227641,0.7798030066841685,1.2571920159925576,0.14911122186460168,309.261862698278
1652.8837477446618,3456.9084269896975,3991.3004072258027,0.35305245638209704,0.3371955573107803,-0.07174771707655046,103.4244344658031
198.5799537577587,4671.882885354661,858.3372155350728,0.9184554073086101,1.9069859892232366,0.6895829821522764,443.8810264358584
1761.5630287096342,3373.510268276651,1268.274418447484,0.3139092951602347,0.289006048499559,0.4535401772074359,115.65884800915043
1761.4969896342147,1658.3332841167767,2189.3035558002,-0.030166323246831234,-0.02109115271507179,-0.13799906114759034,5.0
1451.1747666922422,6275.188990963639,1966.8627030786201,0.6243576376878491,0.8049018436328048,0.5227249776262084,231.6007806432441
1895.6962987539614,7003.09598215298,3012.6148441767873,0.5739430162656346,0.694760528929063,0.3984221596222015,202.04713794966088
306.7586628022576,1674.8180924792296,3772.6790604082535,0.6903893201917615,0.9726361295301044,-0.38510547296604514,217.20825991529776
707.0955871925245,4504.708604360895,2810.2906569153283,0.7286561192368598,1.0852453549776668,0.23163610640178126,276.90742217373054
1290.9998505812373,6051.989942680358,702.8487915110645,0.6483721516023,0.8625613942025212,0.7918976841447432,272.2997889024103
889.5619700135189,3717.0609586004166,3279.403104509735,0.6137899784265304,0.780608463916669,0.0625541487929225,198.6519377460403
997.3842689987954,5733.889965090853,2893.7592131096194,0.7036566229022426,1.0104161297012901,0.32918941104237504,268.4678175476478
510.55826866532897,3245.2455432963397,2050.3042284294665,0.7281230359246459,1.0835430829262336,0.2256500960525945,281.1066771661699
1706.26244709768,5016.145047281334,3281.6268127320664,0.4923656595436782,0.5424358262222269,0.20903421588376045,173.75144375718193
621.5188675282684,1595.670560081349,1132.7237637077562,0.43936331284240515,0.45728090713572983,0.16967737843736239,138.3672442484408
956.0268779375409,6841.701045797476,326.72756261906,0.7547934763394482,1.169754867572447,0.9088426262096362,335.23020348971727
1076.3379116313015,3783.6602478470195,762.047795606609,0.5570624199473488,0.6607939270555234,0.6647176683348993,215.93942695256254
1322.7403096476703,5359.474040082841,2156.87493215241,0.6041012033673939,0.7589605291577034,0.4260844087115265,222.7604388931438
176.13415037981878,5645.688264322075,641.608640295223,0.939491747324765,2.039814906201955,0.7959031836966417,464.64786299568067
1680.328413148074,2496.054241620379,326.1008340957271,0.19531874727657383,0.16212024512964557,0.768899422086201,98.27211348676947
1359.3888154971178,7848.980297529339,2380.9071841795826,0.7047492777138012,1.0135987289501203,0.5345193798653379,290.43452912390666
893.7714368098333,5516.024027228261,516.7879170909671,0.7211232582428364,1.0621323906032656,0.8286742824821729,311.3366823666049
716.468366655623,7109.826765267493,2295.801129949609,0.8169073987149721,1.4008680596304826,0.5118239514082906,355.6616927825633
1249.974396841112,6288.424780672006,707.9435153077575,0.6683713961701724,0.9134729320971067,0.7976254291491867,280.9784390968088
302.40476648050867,6883.038410342914,1857.5709626990695,0.9158284995102803,1.8913199408823143,0.5749561881312951,435.05120569883064
464.0232532847869,2383.351709970823,1251.499880623824,0.6740694431819614,0.9283794686854085,0.3113887323389849,249.0039516799903
169.84059117784398,4832.730792016417,3069.3135841238286,0.9320986834033157,1.9917435436135242,0.22315961841393375,427.6794047577447
1662.6220115219223,4201.435433246514,1826.4027143518579,0.43294484155448126,0.44766247494585715,0.3940106984204465,147.33663906538044
1195.5625165946706,7967.2024236032485,3872.59544289302,0.7390389200711361,1.118053897727282,0.3458341963718089,286.70820353133996
1699.2761128276322,3903.5322932187632,2058.535427432551,0.3934198745077449,0.3908203260701193,0.3094558720099884,142.71301684691426
664.8375569370977,3025.217580137565,1831.3175973535128,0.6396598248209451,0.8411611862644662,0.24583369396183313,227.12189894740226
1982.8125557254486,2343.594340561314,1775.875512926848,0.08339062723437404,0.06333296230503747,0.13781356526154362,27.258174150182317
1332.9837626300841,1959.1903949792998,1161.7063772794263,0.19021066388958163,0.15721048050765385,0.25553040540561356,75.57235028736663
1030.5844242557312,7670.233306581611,1577.6251390352227,0.7631063064372218,1.1980825611301218,0.6588128703219135,328.36390842763217
1326.2992668094728,2503.3474206432265,3749.779287423613,0.30735163047359837,0.28126363580933644,-0.1993293794883604,70.90943390807458
1969.9509568493045,2666.37915731837,2772.5029837578113,0.15021109005821487,0.12018087236882602,-0.019512065837655912,44.163983581662855
1193.886990645104,7807.508099254148,2646.827864966427,0.7347328988253902,1.1043441398879108,0.49364017489549233,302.5087253636588
937.874727486674,3266.6129148165696,2075.4869107357645,0.553869670907233,0.6545178485905662,0.2229696266925678,200.6568488452959
1668.3930608619123,7113.372853663047,1286.17844198715,0.6200324450888808,0.7949000371481029,0.6937506785630114,247.29712800764864
1784.6837673642244,4391.055360967886,633.771645317101,0.4220339523773787,0.43151396157881405,0.7477438945069114,169.60827753905002
1225.6457532249497,7687.579088936322,2187.09430718191,0.7249826465074907,1.0739493542715441,0.5570295401729075,299.32552503827793
256.9849323889052,5517.985289956323,2508.720000835144,0.9110004301493894,1.8627243585203914,0.37490666216418983,411.31837262474863
1804.3424057976472,3911.5032551443064,2846.7852267124936,0.3686525098773841,0.35742317764009107,0.15754255402571174,125.61185986443101
1642.1636500108116,5242.958019104519,2658.1038444897163,0.5229819517529879,0.596278846635931,0.32715275730188825,194.11353470116268
1670.2425613205905,5036.83074110204,2371.901551004574,0.5019459349077747,0.5588890727303019,0.35970110467846494,175.30007753657185
966.753762804156,4645.743523905014,2415.655409392392,0.6554996060590518,0.8803714114364826,0.3158139251531341,248.20661701953532
418.895114158144,5594.244621268001,3269.350752656197,0.860673414216344,1.5956329507770342,0.2622969314674618,352.2138104256267
1471.277731974398,3981.485814318378,3188.648646043087,0.46035520531424196,0.4898864669882623,0.11057493726899327,142.44964984751786
1729.053025743504,6577.308817587124,3151.3764484610133,0.5836798206849991,0.7149711663917233,0.3521475178902156,210.66158159121514
830.6516423098705,2862.6556474339136,3514.090544058535,0.5501854693262807,0.6473357899303949,-0.10215788381095944,173.7590785090052
156.3914329760695,5568.240470298264,1290.505309001469,0.9453619250665537,2.07905300282613,0.6236905840108065,466.2052499021312
428.414910353233,2089.9582850273673,2440.5764279910686,0.6597685271833819,0.8911090849892889,-0.07739001356259655,222.9381737724242
1906.1593897577336,5446.1555723666015,2085.2531997173405,0.4814804861276728,0.5241608503436891,0.4462514881227257,184.57876160749197
1825.338148301957,1839.2584932159775,2210.7591468599794,0.0037986022124540915,0.0027204565722330084,-0.09172815690385644,5.0
853.6996202659341,4296.5161835559275,3245.004932702927,0.6684800586543723,0.913726414081206,0.13942959709369576,233.3576396599316
1055.5136149945617,4842.0860627192205,3954.5121486759604,0.6420531494179812,0.8470194192491476,0.10089967651274448,216.48251146082956
1664.183674874096,4010.254163407603,1909.2984861045154,0.41344544692915086,0.4190502250887177,0.354917981364914,141.55878344679556
1776.6403607467353,4203.526423024925,3668.2445553642733,0.4058224711153862,0.4081717376677165,0.06800018306708742,135.9898885217825
1343.8660670513243,5959.42037745209,1488.0685214606158,0.6319831961736256,0.8228181044319269,0.6003838228001769,244.97768356456336
1045.220414104297,7184.9288646684645,2886.5617910526807,0.7460020762507587,1.1405948159848702,0.42678558915678444,294.0103289339999
1803.0775128975802,7966.615282587157,3294.895215091577,0.6308834779234099,0.8202266853417411,0.4148395606471879,243.05557269604242
1022.8105662422346,7127.598722654067,1187.7512674746195,0.7490161462173028,1.1505042382123911,0.7143232048580556,306.1041410993407
1634.8325565455596,3364.152168467719,551.3233023757642,0.34593416597639864,0.32816537292185666,0.7183875588850565,154.671408175066
1799.106804576325,6541.679013596415,2440.80328679093,0.5686001669193408,0.683867554572909,0.45654147586487365,212.18851034909144
1410.5812194478663,4973.759365027169,3020.3166779490157,0.5581121648938752,0.6628800300317033,0.24436128407236515,198.14510821320914
525.9800808397681,2361.897041320281,1539.8319441550766,0.6357323674739899,0.8316683140930086,0.21069251606524836,232.8168451557316
1916.7460277745101,3511.5529125817384,449.4184636338815,0.2937949626644492,0.26557047155355795,0.7730766413920407,136.25159503983932
453.5843779626246,7340.881789849847,2095.6672179346033,0.8836137411751109,1.7109787907533613,0.5558403360203493,405.04942110675483
1700.4289348322213,3738.596250462976,1998.4175660022916,0.37473025879092436,0.36546809717864037,0.30332482016393886,126.99481948184976
1768.222212521107,6507.943790129425,1373.3566596845953,0.5726953248059156,0.6922019020284821,0.6514898350201208,234.49258230908245
875.6964187382722,2250.2192916781723,1957.371511740243,0.4397184696695047,0.4578447767910466,0.06959987164873735,141.1655192158582
1271.49875510733,2223.73135294818,3176.6474345021866,0.2724377417594874,0.2415920643530644,-0.1764535635152076,58.3134831564154
1944.784913769407,2809.0462504184256,2952.322665134785,0.18180311976116847,0.14922921426823849,-0.024868467336765464,42.153878428107156
964.4658891039576,2825.0225622129774,3089.5557065783064,0.4909783197706949,0.5400545719747415,-0.04472561394891541,159.6225042030743
1750.0943441680813,4517.357649128782,880.7283667799902,0.4415292382739912,0.4606294295169573,0.6736886501914834,176.15445282480914
769.4448004443205,3147.433079827506,330.7029197357541,0.6071132037976743,0.7656011200395212,0.8098389941151243,244.41392280439982
811.9501685430407,5408.44675503509,2914.7092682776183,0.7389394346091163,1.1177002536530085,0.2996144106241711,285.1032190431525
696.2334249807583,6196.065901995299,2227.8082080269724,0.7979677340318854,1.3253289946342188,0.47107276790568775,332.3426428373125
836.7348154419586,3942.8717007957157,3717.8266432359055,0.6498729286922383,0.8662538094870155,0.029376572137938844,221.9751534277859
1093.7053103506078,7695.502111217759,1839.1482963278108,0.7511253840608514,1.1575005209472569,0.6142179905873743,312.84414399059574
1905.0609379867979,7596.975609455946,740.3703176937303,0.5990204986532047,0.7478206587299254,0.8223966416713041,239.86533743901205
1344.77654739319,3965.2314318415683,3665.0331066719036,0.49349358686510414,0.5443453842337068,0.039343108435504676,147.406443957781
1571.7062003211938,2248.3092755675807,2095.7868756603466,0.1771205062753957,0.14482648717356658,0.035110272554397984,52.253776681040605
600.1075530181296,1707.8994265693746,1676.3228749299676,0.47997769628463427,0.5216039824608333,0.009330519338545456,148.94364493145795
1445.5864731361016,2044.678873996772,3977.782908600154,0.17164666324901526,0.13972416987526376,-0.3209823663586342,20.370250427549095
489.45635665219675,5886.761394353486,2960.3252407331493,0.8464743908727914,1.5290683105435217,0.3307796423834726,363.46325187988356
179.36413185700815,4561.648394542088,3411.538309774358,0.9243350945307851,1.9429038412640125,0.14424722852668773,399.4989408518733
604.5978677706257,7238.719407663506,3449.615658473387,0.845831082190902,1.5261650782842073,0.35450832383056213,366.6435842718438
956.2230233061077,3338.5083762144523,2595.921398641594,0.5546994982316216,0.6561434493509434,0.12513198497925432,194.207364410506
1008.400061036738,2369.8811436443316,3924.2252725363523,0.40300999227597334,0.4041787111061254,-0.24695231155437902,103.26444690192993
1196.563342421305,5147.403822072045,1562.3287799980865,0.622771268606258,0.8012065508282623,0.534309674342843,245.0958732190801
1842.16672454939,1809.1060624646534,2474.6537546675027,-0.00905455823329994,-0.006425481728824256,-0.15536531469055315,5.0
383.2066666229871,7606.752030728425,3761.7207411520403,0.904077935421104,1.8228402076763879,0.33821880620136785,400.44925734141765
1463.389097404973,6096.425360984935,3979.919749236012,0.6128505254286171,0.778517108855462,0.2100469553580491,224.11887885631265
995.8519470014436,4695.096152915919,3394.4254057266057,0.6500224813714554,0.8666414015964623,0.16078463202053572,231.97784987634438
895.4180375028346,4138.829894718837,1725.2497423142481,0.6442693924175439,0.8524223530507952,0.4115872057314259,234.5775432515037
421.13562027809627,7164.351753631866,3620.1501740556914,0.8889628049026724,1.7393471434578296,0.3286384112138124,386.8414294210215
752.4891366371979,2644.203009631049,810.599592549243,0.5569282675544328,0.6605019058474054,0.5307404293935337,202.88831391654736
1978.0352552385,3618.107000287466,3510.0565710379487,0.2930718466165489,0.264744303813803,0.01515824211287955,94.39272047266346
253.69371107817545,5324.025881503286,3635.1993880909895,0.9090331784085695,1.8512461103929905,0.18850139854785397,388.8245264798119
1016.2340675756676,4636.074082541925,1741.6166854549672,0.6404180236087325,0.8430404930743083,0.4538409750371464,245.98488232367697
809.7784582449285,1702.7690936485387,2048.6570461478027,0.35541243164740743,0.3401900271665234,-0.09220172262963437,89.29169974918392
317.36841069173727,7528.79003671626,3121.362589178722,0.9191022171477733,1.9110189853609885,0.4138370220542567,426.1180678782014
1725.0110498216764,4531.76313107296,2814.560209978884,0.4485941156983487,0.4714748788951744,0.2337499782053505,143.18187874289805
1515.6315708703842,6124.652219949333,1307.6264816981175,0.6032525459347106,0.7570942411249953,0.6481223230414306,245.32167342454966
889.279606607286,6541.841338899996,3817.6363323380574,0.7606607095998731,1.189660458198322,0.26296740943439895,294.5283066425968
863.5401872726284,2991.3950426905467,2236.7581917952016,0.5519819991596235,0.6508287169008814,0.14434099707967563,192.51004950630355
1422.344966918723,6673.363502050484,1865.2771604799134,0.6486175428142281,0.8631754550782074,0.5630973981732841,246.221514791489
532.6489267096342,4857.86950219258,544.3956569485078,0.8023756215153885,1.3424419011299713,0.7984565209922829,353.83744702828136
685.4706051401779,2276.1712991949544,1376.228935957294,0.5371009544365482,0.6223403584319469,0.24639752082201616,187.65321010263926
1646.1688055260074,4701.072001152968,595.1914344005088,0.48129624953430133,0.5238503017071837,0.7752410007430341,204.07189790319597
1613.4464395403027,1976.4304119417707,2999.247053340611,0.10111321009535401,0.07783937576627997,-0.20556329230138906,23.191318187671378
251.97342718390863,4755.5096361652795,1861.2102754619427,0.899361246180607,1.796140956477972,0.43742207603194916,407.3308375210045
1382.072823999411,4502.942732539946,1087.5338085240546,0.5303078433738981,0.6097173551092341,0.6109334147666281,198.6652082333206
446.3778546696931,4483.356457236661,3888.783763992507,0.8189038894039186,1.4090432627499814,0.07101800465136539,319.5451089673544
1135.1870565871411,6309.835872972528,638.4481635395362,0.6950480696499869,0.9858758754958219,0.8162285362565167,298.08784175615233
1146.2782300573137,6195.893650596525,1786.1699041428978,0.6877549997374586,0.9655419092380959,0.5524541010805231,274.1353684632704
895.5808398084379,3390.793981326177,3678.3291606732632,0.5821266793171211,0.7116753316620057,-0.04067480131985432,189.68624016781976
695.7461565933293,4265.685429143456,2038.412411755977,0.7195381434047212,1.0573008540228066,0.35330559157635133,282.9235706676058
1990.0890090461762,2283.1929796953286,845.9514892705951,0.06858989679426294,0.0515131098735925,0.45930812853788916,39.653929026822695
673.2876021295997,6747.288899649437,382.8265207409787,0.8185349608948979,1.407580906227697,0.8926170198893287,366.0102328104231
1437.3300399932082,6340.361450419068,2463.356054361637,0.6303967463661334,0.8190643942293298,0.4403827580237222,233.05214391539462
1993.2078127485386,7848.914074701311,2271.7949436223835,0.5949638023508623,0.7390149280401815,0.5510601204352787,224.39794964872416
220.7868352382837,2955.7206039621806,3007.146332293756,0.8609876791446456,1.5969701413723274,-0.008624329349070006,339.07353990540327
132.87208370752876,2008.1600872657084,1053.2810351800913,0.8758803478557076,1.6705503094677667,0.3119050844299284,380.6568393920466
220.66422674497377,7795.828395001763,2526.092512806031,0.9449474383301145,2.076339998641137,0.5105382930902924,446.8272144739099
1297.2098221472822,6100.4105220974025,608.266946660046,0.6492899710699128,0.8648388633816164,0.8186626351014492,275.77845275172564
1561.3588881048877,2491.269883316328,2813.2712528553343,0.22945871616458752,0.19601134348115987,-0.060702963972241834,64.14340344670877
139.80979265826815,2253.485563592195,3260.4490050022155,0.8831654499017718,1.7082448254960276,-0.18262157969061465,346.92135060718516
1282.23660205298,5912.485291636377,2597.1548782997693,0.6435618717939778,0.8507167357798274,0.3895970154719113,235.438423258612
378.7345614351365,4844.017039398082,3885.4316083903236,0.8549674229951131,1.5684334044132502,0.10981053553030566,358.67333834287484
879.7102599554339,7043.120064225151,987.8362888850415,0.7779303041087448,1.2504501954976233,0.7539928631589503,338.81709797211414
375.6623867481052,7171.451720333333,751.5294561062501,0.9004487326232827,1.802323941267737,0.8102912427089428,432.3815457339966
1960.0493657713369,6668.260176922385,1833.9174299128358,0.5456701324064336,0.6386766339122363,0.5686005362384382,205.4665314711592
1713.45779902197,7763.251548944308,2460.495599029425,0.6383854909069517,0.8381538245255153,0.5186704906377871,253.91139859908773
1071.953155824452,4134.587986374709,3890.3693518232412,0.5882282971201912,0.7245542438941671,0.030432390382760053,194.33713202618077
1760.0755582408158,7391.912737003161,3251.5770968041047,0.6153676115466276,0.7842313736104187,0.3890017000494491,237.29444930159275
1443.5141082478326,7069.7005748907395,1406.035501182651,0.6608768456321624,0.8940794681592547,0.6682210279090841,258.8135443409096
747.1966400335707,5717.624154516391,1855.3573870351709,0.7688422729218106,1.2180266149634804,0.5100060980975146,314.97771693777275
1390.3467248460204,6019.827823016125,1491.7410724927179,0.6247465653668004,0.8058049669852703,0.6028150460855027,243.99569732668638
598.0636176148197,3405.4718894154166,577.978193629283,0.7012322648742684,1.003383499608015,0.7098102489375654,294.8693142476789
1196.990917313227,4277.080870383301,1714.4630599770994,0.5626689002197935,0.6719203456606893,0.42770575326889915,210.4774428910733
304.4896127969463,3293.1901237587526,3307.657200913958,0.8307300062768679,1.4590050411583215,-0.0021917000108362806,320.3796685410073
1778.2459127567736,2276.3348606022405,3011.5784818262914,0.12284597978547103,0.096179857214813,-0.1390422976839745,16.92442660150352
256.6395642220593,3741.918762973125,2242.571781112065,0.8716339522110222,1.6493659279867665,0.25053878363838517,378.94210142550446
1926.4193246991456,3999.9987156757866,2891.6214595470224,0.34988746600392856,0.3331690344737281,0.1608297073528287,115.55654744259454
1205.89506926058,5445.989735911568,2560.9986443861694,0.6374275547761578,0.835825235998726,0.3603091392344211,238.6922327397453
1575.3829517660672,4574.773409631944,1366.4535656232306,0.48769336601002816,0.5345336561526238,0.540009640572755,193.39897576541696
1293.8408952295454,2887.3525584706204,378.18895318495504,0.3811140719762143,0.37401467716637815,0.7683759632396113,153.910989216601
1530.9364743284866,4435.5982833089865,2547.679082294626,0.4868255908130857,0.5330743485833068,0.2703485916287712,176.68462019379666
486.4354593864247,6846.461914428122,658.231212412929,0.8673278964581917,1.6280918049122999,0.8245814447839284,403.98619012440855
986.4279416493625,5979.850226595481,3301.826873389708,0.7167991520911967,1.0490896144615323,0.28852795934061515,280.53342835307814
1658.6725933177581,3767.728308375351,3955.452456764382,0.38866566493656485,0.384281759985147,-0.024306584822157546,112.99339917157278
1802.40736447322,4069.9190718987634,482.3961892193788,0.3861351598226737,0.3808290849224752,0.7880655613930722,155.33069537662175
878.7064644773192,4540.582944915595,3568.834250736882,0.6757115560973112,0.9328365086814858,0.11982965860726044,243.27722704211956
457.82705727485734,3691.2418995981116,1537.4997877679757,0.779310943046093,1.255362743662818,0.41190447725161033,324.0213792871743
1204.3294402922136,7667.608216983338,799.6622198223222,0.7285081371894354,1.0848370125770912,0.8111168820705438,303.43231075495515
779.4443323036664,1762.3537060965364,3013.9223262607507,0.38669845462026187,0.38156303070210473,-0.2620385864266047,101.84003341377152
1279.9872506914762,3796.2017045378916,3950.6027937039435,0.49568967497921484,0.5480933613806782,-0.019930939160935687,149.31558712649104
1463.9914810151352,4416.059988860324,1232.7120143896982,0.5020480726175797,0.5590611550619302,0.5635469040130383,190.83891606234582
222.88066050205737,6177.421101680386,884.3758987109362,0.9303530773238936,1.9806992124902427,0.7495323360224896,440.894485094182
637.6194498560343,1763.3900194753685,1055.4906121189083,0.4688738564050513,0.5034655983718608,0.25112784101998853,165.58403061254987
373.25075970377264,7092.523221970165,2987.0070871792473,0.9000101634284702,1.7998640474762375,0.4073122465495181,411.83361244269247
1542.7271227541967,3238.751471970544,1400.006604758109,0.3547070880402585,0.33931034898498136,0.39638731669161936,126.74140420682465
717.1577485791497,5167.349347670426,1417.1278968858596,0.7562556260950557,1.1746522531527361,0.5695549260672904,314.8295564684448
829.6188996892914,3353.2283208741774,3331.855599804869,0.6033233554826343,0.7572092755483061,0.003197075955920115,207.78671174806112
1135.9777500253092,7009.650101974539,1122.5240279551635,0.7210828260201072,1.0620303943810967,0.7239301543763593,303.00651548742053
1900.2837483912765,6428.435678243271,1400.9946657996973,0.5436792497568911,0.6348658014758997,0.6421209195157586,209.16595172125201
169.48623267614636,6867.233404939403,3713.490663214687,0.9518280557190161,2.1235317311296704,0.2980649264750037,447.3774390746716
1744.1067726072474,2743.712204918659,948.653500703406,0.22273746715152656,0.18918516379582,0.48615409383634695,93.5401787384868
1863.5508632389215,4742.668831744211,2072.537033016868,0.43581928864035785,0.4519815803913458,0.3917903363920115,158.04246949607156
163.21236415642767,7738.233930203992,1854.6487494306803,0.9586879772245588,2.172109455541782,0.6133281701287364,462.5266203402539
434.96272699695123,6487.461094746239,2492.2783805948548,0.8743322458622343,1.6630963954654752,0.44491075990316714,377.06611276684833
1383.798210124667,2973.333520375081,2500.6472969388005,0.3648123142017759,0.352380509883061,0.08635145776449385,112.96494213856865
1616.9556641409838,4350.840557331037,454.06682483710335,0.45810627428856904,0.486332655970416,0.810998718964813,182.34319278943343
1904.4619638448528,3558.5842286329043,2500.731305684159,0.302783869329694,0.27593803715466897,0.17458290738995016,96.71158490234762
219.31094556127658,3702.6471415250107,2367.745744141172,0.8881625243637986,1.734897551027677,0.21990362441218483,386.5784079413885
1849.101065458963,5613.064310566793,2627.8577506883844,0.5044063023175798,0.5631751489901295,0.36224181436579306,177.4834698876727
808.2166722714362,4135.013248271976,1201.5375192169888,0.6730005742807573,0.9256206410470444,0.5496950851430944,269.46624916274317
260.90630508363404,4409.911535636423,1293.235786573064,0.8882823888984915,1.7355934937726776,0.5464834717454621,403.69616221224004
1827.0517214514384,2475.5572186579006,1973.4010816951584,0.15072378319356589,0.12063990788672196,0.11287049752973001,45.73659001948193
1352.829507798524,4182.525451052884,465.85130158727816,0.5112040625720452,0.5751179563091702,0.7995638792735685,205.6756032757745
1571.1372673554415,1694.809178959513,3032.955342982355,0.03786709721028843,0.027797355629700548,-0.2830399351594981,5.0
212.40819979130748,3740.045428677471,851.6422030767029,0.8925183087752729,1.7583695582069947,0.6290504617510868,400.8485148980209
925.7916878563825,3113.974668575764,2762.5582222918356,0.5416607761717901,0.6309839793879979,0.0597999624523919,171.4166640694171
897.0404870086717,4607.183193570632,1982.521693685891,0.6740537669242077,0.9284245395599732,0.39829727497541445,257.65806525793846
1432.5699481550466,2363.1183099995287,3864.809529539274,0.24515932244966449,0.21226906689299985,-0.24112212889894818,54.419299336718055
1064.3380588113755,6523.176737307673,1250.8662676679241,0.7194501525807894,1.057078226172066,0.6781941475738086,292.4821934504772
481.4970692104197,6830.823712763437,3419.0078216663624,0.8683052661388853,1.6329218379449364,0.3328655577707511,374.23043926851346
646.5476940881027,5413.052034150016,2986.7510275872123,0.7866038274876634,1.282236866387698,0.28885213003698085,307.2265906937672
458.34980869197807,5192.119630956195,1484.5694309830576,0.8377657594624915,1.4898777593525172,0.5552977179292181,365.14438189107824
1847.2808646629683,3837.9712185649914,3427.9663323801537,0.35014988331381136,0.33350133844621827,0.0564283526046926,108.3572712644172
581.2740789987402,6713.251820897136,739.8543812778591,0.8406273176911055,1.5026563603107002,0.8014641515606784,377.2172701950687
523.2776743175452,5138.549724491728,2276.2185648855516,0.815155907142216,1.3936320112215395,0.38603110003057617,328.9932027457528
1218.0190958737146,1612.9357051533304,582.5042792295774,0.13949943990516706,0.11065747134023791,0.4693507601138252,65.85808653844289
1641.4668626605853,7855.777910239144,754.5260322629911,0.6543277756362236,0.8774509742555041,0.8247388157923502,275.59621959348385
1080.1585111464544,5203.520055842664,1108.9356054006776,0.6562018569348549,0.8821556061780618,0.6486515976552363,269.22736886372877
1281.938652206188,7367.284757774204,3056.751241281659,0.7035713862868344,1.0101892059737676,0.41351867131593223,280.080801538592
1607.236347585671,1995.4310736461682,1381.8877828250477,0.10775202941714004,0.08337623639972178,0.1816657877783308,47.064686438114066
500.35553876298485,5286.710592440925,1153.781433472785,0.8270779950211377,1.4434394527532208,0.6417101584315822,360.3554714132498
1446.355608442863,7094.802192808741,1224.9858967549828,0.6613209491196668,0.8952183273120211,0.7055247359859181,260.0991085631653
218.42867777276183,4977.0701199911255,2593.4652664870405,0.9159161856317893,1.8917602961801676,0.31485287783564425,402.80478116055605
1705.6555515465327,4401.110497220354,1192.532250344922,0.4413882771514908,0.4604138559077058,0.5736115785546737,169.74545159119168
442.3323910957392,5445.115676964408,1883.2653895232804,0.8497371403001261,1.5440479423522113,0.48603508123277744,370.18850052869226
705.0107407911757,2870.4590975290857,2317.3324722448624,0.6056402246563454,0.7623182348994413,0.10662082655755276,200.54152011401735
658.6938485771207,2722.608960440433,592.767899131373,0.6103904997058213,0.7729125170155122,0.6424129596361255,236.69236773717324
851.8383169809719,1875.6448532663446,773.8466908938342,0.37536676562413823,0.36629013661894333,0.4158526810116315,137.38720479328728
833.3971080486897,2538.1898576254,2479.3153322914777,0.5056351108328098,0.5652816350790048,0.01173382449917577,166.92988064525198
757.3914778399507,7934.043257306938,2185.7489958965953,0.8257154310346418,1.437700592296021,0.5680249274902487,345.68144718811783
1186.6112437209467,6501.472786009839,2375.2913760591828,0.6913115830998131,0.9754086812713427,0.4648294507042625,265.9343363868879
1223.0167474614163,3229.8014812336187,3859.114240595833,0.4506774429706831,0.47469092348183306,-0.08877419114118514,125.42027041137915
1374.407666517821,7993.901165905485,3344.3943309187184,0.7065836125909196,1.0189261752940624,0.4100710583772489,266.72603572499366
134.2949993065759,4135.05587969061,1035.3748796842929,0.9370887970647825,2.0239284938155113,0.5995015006799089,438.50577164990193
1151.4337086898024,2052.671351291743,2748.1990958122274,0.2812759336692461,0.25139760357711216,-0.1448753412613273,72.93118580050009
1114.4523600600523,2990.052228962446,2404.6230686295216,0.45696132816168017,0.48451259140014385,0.10851981406290082,138.22254169071033
1917.4023105287943,2784.1500571119445,1020.1198006344017,0.18435352381999198,0.1516399925530199,0.46369745627321485,81.33381671279164
1802.599543969521,5876.469000577572,485.3131287534837,0.5305160948160035,0.6101140126211216,0.847428560327567,228.61977595204698
1440.8282117708911,1697.9837569614676,2530.20742842613,0.08192766807006402,0.06215117772305116,-0.19682735117180966,10.56884664765676
417.97564066340794,7438.1441542678085,1705.8269307967994,0.8935923453255173,1.7643937685623108,0.6268958168740327,402.80504798405775
816.0054575625542,2048.5232479189763,2991.440369217969,0.4302689610223214,0.443635394900846,-0.1870880809349072,110.39804544515398
566.1427493351404,2157.090728023202,1052.6743331617076,0.5842128452559783,0.7160049927228217,0.34408013467182247,214.01081898363532
1661.934232120607,2934.7719614409375,2911.485201289251,0.276902128490668,0.24653298931204795,0.003983191210977852,85.51838759486904
548.6104756886241,5558.078600022018,518.1650210114661,0.8203247392172347,1.4149854422598653,0.8294456069429105,368.27976390110217
913.6278180203128,7957.2738102947,447.417066050294,0.7940169203317249,1.3101980380577718,0.8935315829981765,361.5891355297112
550.9371516834751,7142.790748793538,1460.753205667686,0.8567827822250619,1.577086957290463,0.6604298847708098,374.21142683809205
529.3164173189036,4189.371010596171,3500.514872184259,0.7756509937168673,1.2421669428697704,0.08957950076539536,296.21925151504576
341.1166249328514,7075.431749648385,692.1349817892501,0.9080120271160186,1.8453957189130943,0.8217884683503601,425.42304275153793
1153.495565844335,3471.5080520922656,2548.707199091927,0.5011914967497684,0.5575640121245677,0.15328369740027775,175.44489123580715
400.4687644296452,6664.2122519375735,1004.3750774889085,0.8866279273062246,1.726876469532638,0.7380547329743844,410.97280996563967
1463.7022708268064,7123.940749441769,456.4870982545667,0.659114318631613,0.8895743301082306,0.8795616532823878,275.2333343716752
1559.7590327474315,2207.264453716939,1835.6054967804534,0.17188781092664523,0.1399489005039052,0.09192948608174523,57.980327264068336
309.6291301862815,5618.757489513356,1444.5021436730885,0.8955435431268346,1.7750268962995146,0.5909814394527865,419.0264606448326
396.5167585590038,2085.400084859587,2402.0400403977847,0.680475387440395,0.9455173472624461,-0.07056137722828687,238.2342840730937
1267.4545996840602,3472.7984769552545,2784.380344180705,0.4652375814435363,0.49766184200169583,0.11002053039288881,147.75896512306272
1934.2840497219236,3154.3023919647712,1891.071793487395,0.23975584496481436,0.20662858025883687,0.2503740162363778,88.87268373060182
1850.786908570192,5315.934123426254,3313.5246151614097,0.48350524583029064,0.5275270813990782,0.23204346514559313,165.71156018791672
632.7708136677281,1709.8786693027946,1711.9526738460477,0.4597819106123773,0.48892744489426254,-0.0006061095169987002,136.25385543653445
1448.8101652280275,5714.5262661153465,667.0298618183945,0.5954929160700967,0.740144615885405,0.7909507183383985,245.80088701196362
481.14736469784003,4886.422943386975,2559.4606390496974,0.8207206100743645,1.4166135657278909,0.31251661112639373,343.507109319175
237.48327815158373,4659.966051641553,453.90453073691515,0.9030175658343673,1.8167024120150685,0.8224810253461502,433.9242656888556
1379.8651983504117,7150.985509792575,1700.6062125036294,0.6764999773418766,0.9349773552073666,0.6157513210809619,278.85251592322544
1108.2130160410934,2193.572988633711,3739.509235761538,0.3287190540898778,0.30681203306560173,-0.2605620802811039,86.07043355030876
326.19826743267316,5012.217149160593,575.9891860191572,0.8777921003083968,1.6806834404615043,0.7938554334366547,409.1467371000398
1339.8413146210485,1763.4130470660448,3435.62903988254,0.13649275339396527,0.10801586686130063,-0.3216392490248739,22.22413174840298
592.5895956094146,2342.252769482344,1560.884904339402,0.5961693868427091,0.7415347351292317,0.20018967565078946,214.6297930490079
126.34824793819297,4988.558131657279,1888.7447221089858,0.9505960660716986,2.1148695108777056,0.45073097332044776,449.50945489365597
1630.596281748252,4992.311619960292,2830.5436866521904,0.5075890209551627,0.5687454354541873,0.27634001247657847,185.7415171404382
1528.9652540520378,5663.138155282627,1917.2970417015206,0.5748211149592213,0.6965548749897216,0.4941459185057385,216.56637015434626
1856.3432446902036,4808.331748654344,1453.9611767626373,0.4429306014875614,0.46276981354404034,0.5356457469023147,162.45723986597744
1135.4882072369367,2593.896531580239,1753.9852127793517,0.3910586936157189,0.38755190604680756,0.19317713038016915,136.48752990691833
1921.2836015546795,2114.7768489930313,803.1481975242115,0.04794111727542455,0.03545526311883113,0.4495073143105021,49.62458605935875
1764.7448934704448,4123.53506881249,3898.1138835788506,0.4005906971221748,0.4008002217736939,0.028101601870565183,113.28436799384606
821.259522551422,6135.382802635636,1956.3529502298036,0.7638919799110743,1.2007755171056296,0.5164565402929157,305.1475545201638
240.4276196736736,5280.315633050656,395.05364353808204,0.9129002711685679,1.8738760212350978,0.860783105128297,440.5293947008474
406.56199742122254,6791.564643242609,3119.0855889156023,0.8870367199243256,1.729052880035784,0.3705588400284714,384.82959908813046
1352.011352725524,6683.916295098415,1723.4008742468618,0.6635083310080843,0.9008431708298731,0.5900235854487016,272.7958488688577
303.23704722365153,2614.3508181791735,1287.3711316902466,0.7921316775302326,1.3028365364187589,0.34010103825907845,325.57032781903507
221.77588927049396,2677.67894491084,3262.262383441163,0.8470223525612365,1.5313658601406055,-0.09841569236410218,332.33102740938614
625.7070554106194,3042.5708323025424,1959.080231759217,0.6588551495316957,0.8888387038271248,0.21662658719075328,244.0104436923389
1977.1643026703462,5802.632843206217,3281.6687749042153,0.4917182888337548,0.5413413588538643,0.2775077462199966,173.18344457333282
1348.6816337044957,5849.057711564547,3140.2595616265085,0.6252485483782942,0.806973257421121,0.30133524797430206,232.85181836108222
433.14605144176056,1732.757996739616,3119.7509091129136,0.6000320955072114,0.7498970912921403,-0.28583006007771333,182.50754323193442
1260.6069868818463,5143.179236486336,499.90477659659325,0.6062932324052644,0.7638154883908416,0.8228256833146461,245.1414082617513
521.24620722294,5849.399984252438,1157.74044814108,0.8363600200122228,1.4836897525885775,0.6695540899612331,364.0568726661175
1512.2954481929391,2033.374741650232,510.01025402019417,0.14696214408294375,0.11727412169830106,0.5989515899575925,80.62336264205854
796.8653554281067,3890.6552569030814,3020.893885797092,0.6600056099329602,0.8918033958578115,0.12584174011100976,229.0292913986741
339.5048272889354,4379.380965241151,1202.6741390846778,0.8561080548910848,1.5737954185036847,0.5690927026366297,379.6123640498246
1638.7046935441927,2122.682750396188,2771.4298069715646,0.12867008887984063,0.10120058196066464,-0.13255662775188434,35.5529644647943
1961.1556273863766,7074.136786631285,1519.8454153227544,0.5658899484809771,0.6783995879618494,0.6463000783733687,217.44948693803724
636.5814411558754,5931.9026707753865,1528.719720926078,0.8061709731770078,1.357441743545259,0.5901897614007149,346.87797916353765
609.2885644765875,3421.79226170354,2730.364035356733,0.6977046151650576,0.9933228441632348,0.11238794868797611,242.10426799830248
1783.0460972211524,7065.18879921994,328.148062105831,0.5969713466271541,0.7433579604354941,0.9112314050566328,245.12074325653435
185.08797795055813,2865.803483564589,1835.946999520282,0.8786662975562087,1.6849963385370461,0.21903682203687888,367.13747623170207
261.5284641705408,1894.1110172188296,2964.9949526982896,0.7573541709482373,1.1781536882996106,-0.22038703043089605,262.57715486466736
506.0962742696148,4401.73934136363,3492.6259240590043,0.7937598916090858,1.3091400305670957,0.11515978633157348,313.5816091718209
1381.1636367826475,6171.247420282204,3268.9508889211907,0.6342456397926671,0.8282052424212643,0.30744020792699656,228.81017712134795
718.4099052304933,6969.940936198147,1092.2195941566993,0.813117293824339,1.3853623724170847,0.7290503977416705,358.8368853258676
887.6149780110181,2858.3684383591662,3395.6264332112482,0.5260977534523333,0.6019362925005389,-0.08590636957642196,154.47530479547046
201.89672406568496,7399.4373499349085,352.3365839556301,0.9468786077355325,2.0894371204028412,0.9090952374475804,466.1203773760244
729.7580428558769,2224.093969608309,1992.8613128851246,0.505893971648201,0.5657241395894523,0.05483403099584816,165.12807580226948
1170.1155755764926,5846.548246741479,1225.3011311757614,0.6664752350859587,0.9085220770861312,0.6534708062848007,270.1793020299028
640.0877244981116,7164.022821808999,2028.303553600593,0.8359613895477221,1.481964915437203,0.5586963580175178,361.79574279564207
1200.3667627045245,7245.436250422445,1163.2181464469445,0.7157483400461229,1.0459584458113331,0.7233283491252335,298.78544865470764
760.6377861027115,3258.6959923027525,2384.6902090615363,0.6215105147524105,0.7982523663388198,0.15487258038003013,222.02612853195072
1172.4140727822198,5435.543146766572,2257.931259597378,0.645150828266152,0.8546066163061149,0.4130269003205736,251.57161572825288
1631.4162053324328,5665.8540321976925,2789.6014794190587,0.552869455973157,0.6525956217204266,0.34016529901752224,193.78934863636673
906.1063082558294,3443.669865429503,2086.9941857183885,0.583377961363091,0.7142989632309521,0.2453006848579485,210.33831219756055
1322.2556944222863,3292.204360627463,414.22568521510857,0.4269077296752178,0.4386734093430655,0.7764826636520613,176.53931781873433
1535.784337520742,1965.8177188809188,3169.6447123531602,0.12281046626962522,0.0961482064532408,-0.23441452631726112,27.580734111415772
1956.8916909950356,6674.9483718632455,2568.223827875294,0.5465875926759608,0.6404382103460666,0.44429817543157096,211.45720347690127
1592.2498767378167,7022.493859924809,1714.6216775441253,0.6303430663232171,0.8189428480428451,0.6075085260130164,252.17300751809873
1328.809132203629,4229.69788704601,3827.090560838947,0.5218827185563397,0.5942713631934612,0.0499711924622748,162.26930554151213
1489.0846171271069,3959.7190678495135,3769.2323534849816,0.45342695261365074,0.4789823580987561,0.02464586771940097,141.0295942931087
1911.8424574271748,7243.549500227065,2045.966762794986,0.5823570489256916,0.7122007621373065,0.5595105912631988,222.86009446537835
368.3953135287786,2292.9099995636516,2262.4238922553004,0.723146899321914,1.0681584417848806,0.006692397972497602,264.7414091655219
1560.2907404303983,7236.24430270154,1212.0550462132214,0.645248786459107,0.8548643609213515,0.7130653172876857,254.56114848508966
1531.5281642113027,6946.245126740779,449.3387108761376,0.6386956546325254,0.8388971869685541,0.8784845872397897,259.9828211723971
1831.0352002179845,1604.3218378298216,1287.9091747937814,-0.0659941193335183,-0.04501305791826131,0.10940089555281228,5.0
1995.9537109059415,2474.3733404984337,2079.7431683524164,0.10702116958873804,0.0827652869094641,0.0866535081595753,25.344249758228308
143.95725078272216,6346.250387490176,2925.121305825164,0.9556386299841556,2.150290663617107,0.3689992370560061,453.34938828733027
1966.4627585647067,1608.682592998682,2620.340873314978,-0.10007429916366772,-0.06670791955162862,-0.23921793958710683,5.0
142.54274319513115,5879.863759119574,2774.3967986515845,0.9526625299648317,2.129312137402955,0.35883677633446975,445.7299336061654
1418.849663788392,5059.004983496283,3109.140855316697,0.56193840667169,0.6704722068280061,0.23871563588833158,186.03695376088626
1265.0325907779786,7395.536112732401,3377.155226470194,0.7078638518001349,1.022655182947653,0.37301550368068337,271.3105973641374
497.359915967919,7745.628988724654,2716.4128545184044,0.8793253461436921,1.6886618078449478,0.4807107645983727,383.32985643232234
1695.3884410418357,3649.3816026437944,3542.696895376556,0.365589753210213,0.3534026330031919,0.014833640550749037,106.49410017212466
1205.8972949429076,6673.453560561391,2433.3080551406315,0.6939094812747281,0.9826779666467287,0.4656040954936418,264.76404626428183
580.1688568083403,6867.263705776585,3752.3556190521745,0.8441962777494241,1.518728057559292,0.2933163601399923,352.75857425070814
875.8525439027867,2346.9973537314913,3131.8609036000366,0.45647326313649306,0.4837310993232743,-0.143253121884478,132.22204964236795
1104.868630686265,2477.5323733135356,2849.2885622192266,0.3831686460313917,0.376784777575053,-0.06978950359605439,106.73532342152923
1990.0000948323818,2124.0032622279396,3603.9325477683083,0.03257244968772651,0.023818544417686275,-0.2583704382125343,5.0
1316.4180689945965,6019.913220433976,378.91386766137873,0.6411236032342007,0.8447720162120083,0.8815677114303934,266.1537941938175
494.57366289667505,2805.6504010665185,1011.2674197935869,0.7002787364365268,1.0006233822983983,0.47011307683812587,272.5389643056008
742.5912710930824,3079.8597828325182,3781.534440712644,0.6114580613733791,0.7753258232918108,-0.10226415141255629,205.0823276369997
134.89144184818244,4208.064594848904,3767.859357103188,0.9378803556023511,2.029114061251147,0.05519175462835056,423.7034408319478
643.5935481765961,4496.166191130125,3327.376816638752,0.7495627884589838,1.1522605121665286,0.14939387093307424,273.6291721955557
1247.9856377483034,7222.907151747821,3469.3025667311535,0.7053473183727517,1.0153266415554334,0.3510597606571805,273.58269946351714
1663.0466608470247,5625.659926901368,479.11871907342675,0.5436648077138193,0.634833151150104,0.8430348593193127,231.65900335933367
1026.857786344332,6086.72200611486,1202.120878561369,0.7112964733203643,1.0327207217474912,0.6701476769587849,285.0097053585034
1774.7801875087,2732.9539298417913,3914.3126309846753,0.21256216919105123,0.1789957169127708,-0.17772097600645678,47.45845688787326
578.3766165605919,2270.611113047618,1758.989118194883,0.5939774602419097,0.7367957899841753,0.12696594336059328,208.4127578140391
1336.7381626505266,1758.508037129586,881.869656702445,0.13626375645748576,0.10781507946242616,0.3320124928122864,59.808656899266516
567.0944700999186,5223.231464124736,3610.127530483332,0.8041234718238994,1.349323596179822,0.1826150091311172,323.37430225394047
1631.2309534047424,3602.569802932145,3843.1586345270503,0.3766553105339222,0.3680355083863117,-0.03231232962408337,100.55124241557718
1212.2514293148115,2680.688583527736,2508.6155091582527,0.3772051839975555,0.3687614445746893,0.03315918112774514,118.80919527528337
764.9333565281229,6472.730383784401,2723.0078875315016,0.7886242344578983,1.2898008008109056,0.40776742282254513,321.83423710536067
1608.1671215056294,7786.618941422933,3079.4316480275274,0.6576468881648697,0.8858441641802672,0.4332013047622177,259.6511528261833
1184.0612425469835,4660.998336919247,2016.8726688866693,0.5948505821894335,0.7387449013094614,0.39595339073452485,224.02354175020162
1746.8715911232894,4403.0573166057775,2161.3470426627937,0.43190511059605247,0.44610926041728666,0.341494848719415,156.87166042854088
1022.5262573852292,5414.6497326607805,2674.0395514924194,0.6823059492834921,0.9506096348849462,0.33882005904204465,249.89800893013648
991.126151384397,5003.946002668098,321.29570673339435,0.669353053224188,0.9160264581461883,0.8793310333291253,282.455340423377
1971.1230814223293,4371.352528529796,1033.9002879214443,0.3784373160162845,0.3704265635304964,0.6174460942572662,152.16585755768034
1166.1736887575576,4517.947248999827,974.1412032606297,0.5896731607851761,0.7276347366240237,0.6452565496528677,237.20362312587153
691.9938214641246,2425.063989337871,2832.3453975920593,0.5559955164488415,0.6586588157229555,-0.07746807946690118,165.75281058525448
837.6046477051074,4270.775216934253,656.6848983520051,0.6720664201818227,0.9231530920877442,0.7334590708582185,266.1129244455262
1836.7870990025326,2054.9239925382717,1506.2493921108921,0.0560516668243538,0.04170352316473212,0.15407129645482343,29.130890132072597
1931.516288739365,6661.666108792632,3385.0747612802284,0.5504537900721548,0.6479031096940279,0.32613475250929874,202.5808086740759
857.3647659939969,2322.6403379485523,1406.0049045350668,0.46077774204737554,0.4905293040727402,0.24583605399721173,153.3955689299539
921.6518424959347,3941.0940290274675,1299.905212870182,0.6209335765606577,0.7969384939496493,0.50394756681877,245.09609996445107
401.3491618160437,6725.597585905403,925.5723112989087,0.8873713593024827,1.7308323144877886,0.7580573104209499,403.1375999751698
1875.8566044823297,7223.487579144203,1703.2030099180247,0.5876941091751172,0.723449520252571,0.6184021405840724,223.54505225310388
816.0312013001076,2146.6138516890232,3547.394556019129,0.4491198324947222,0.4722530630661075,-0.24600959531212088,128.60530884202777
1947.0256776069766,2696.493806145252,3729.455491559076,0.16140087944053627,0.1303001532479688,-0.16074849604277164,34.31222203019662
602.376613809975,7745.793750902733,2421.921914023213,0.8556865545571436,1.5719090616773426,0.5236054991900375,372.1410030907198
1592.7914097423907,5377.799964580647,2358.4108828965077,0.5429967632642714,0.6335570090283166,0.3902930182259051,188.61889869683273
324.75906775535634,4389.993020997401,2960.1685081636283,0.8622370542191596,1.6031246708513969,0.194529672166599,361.9712304407168
1546.5280037710625,1972.0832023404328,1451.154276931017,0.1209440809229724,0.09454890182889283,0.15217434618883294,49.28613163364905
1815.233364007874,7740.230348158779,2085.8700925372004,0.6200637836117509,0.7949759125408649,0.5754429530994738,242.03086912974817
241.5041095289682,5318.682843987406,2146.991818241583,0.9131309389398133,1.8752393767892228,0.4248364908489102,414.2660225834418
1279.8328420043708,1618.7796554766605,1340.0959939882157,0.11693415854996453,0.09112672132421577,0.0941856618559351,44.99883533567049
314.59064627529585,6200.568991587692,3737.1591892246433,0.9034281079165706,1.8191050243887228,0.24788460272756208,398.33585001945175
1058.9475696870347,7600.437775571367,2696.619932944812,0.7554220010212177,1.1718796952004837,0.47623486057523196,299.9599895170525
1059.3948442365065,3631.742173166312,636.5955301372267,0.5483419731375927,0.6437878374488146,0.7017126690817453,220.5596578952714
373.1694697244406,6749.632048273698,2455.780839996533,0.895218343729188,1.7732790994278536,0.46644851892325756,402.3632028379507
996.2646414507147,7156.111730871324,1888.9285470986065,0.7555891444828513,1.172437757731273,0.5823283281578217,305.4562681656931
1495.9496480242517,3705.9737699652364,1616.2125326819933,0.4248474927318899,0.43563851953220817,0.39265089909595147,152.46373645711537
1301.4954743162875,5314.8910637892695,2314.062166225862,0.60658420812511,0.764464229322568,0.3933473973026452,220.0687290669771
916.8942262448556,6080.508608813034,1213.4203636038173,0.7379329879308751,1.1144933454338488,0.6672793583468667,297.671163201591
161.68579625206792,5852.654672652297,3637.548124243473,0.9462332411804285,2.0849799066199646,0.23340982227481719,431.26695780276117
963.2897291984656,5066.6048374124,3913.7777839726086,0.6804953324150291,0.9456958786568169,0.1283717077450787,233.82387452976442
362.1295997362801,6065.312371008747,1904.1320367573996,0.8873176601739233,1.730525698965483,0.5221418358441869,407.98036481563724
1908.3351195095963,2560.437291812755,1551.854065778578,0.14592422977393726,0.11635167398300439,0.24526064378368062,64.93246204443497
1046.0795807945233,1548.3309222538076,1987.6661879777714,0.19358977335142952,0.1604471114475177,-0.12424650018193723,48.2055797823934
1464.0826499881348,2415.7998520333936,3571.771904107003,0.24529536688394352,0.21241230102297326,-0.19306191206728687,52.21733108648558
851.413756087696,5958.694788785776,3472.1150487081595,0.7499558925228575,1.1535957734021336,0.26366555817169496,279.35815636928186
306.9385048385974,3800.5386992546687,2214.38154414326,0.8505464595357978,1.5477118191680839,0.2637037717314201,364.18571212957994
1592.0559101793103,7502.527236373949,2031.6428439880117,0.6498891956125277,0.8663401305227396,0.5738186277042394,257.10122227533145
1122.7079440707616,1855.9047696555554,2515.3614747366964,0.24615379567805337,0.2133084543796064,-0.1508617110148058,63.14436437566792
918.547761992384,6835.766166839748,523.1641612752474,0.7630872902995123,1.1980063840870137,0.8578151610688874,326.1779362389478
1269.5763844962887,5437.615965828266,2529.399245669367,0.6214283657019113,0.7981035291009007,0.36503215352179336,231.74284251828493
1525.9238638820932,2812.026884679573,1404.9778756028877,0.2964770913840909,0.26864174531573504,0.33366075893373626,102.17603274800749
453.1606836262325,5202.862746984338,1421.730255736074,0.8397599693121519,1.49873970302419,0.5707720442787589,371.4248360189712
1302.3415232155203,1875.1659858768883,2439.1770263488575,0.18027477853064433,0.14778424814674018,-0.13072929962753926,47.79274887312932
1065.8117569117894,6485.91168004519,322.3738606628692,0.7177301933344818,1.051892476896641,0.9052995473859069,303.4242062427572
838.5034865241221,3300.639002714246,2628.4551046880083,0.5948419321143815,0.7387003487719539,0.113370421473606,197.73691257101987
1251.115110657324,2469.124543075486,1109.1593113043207,0.32740079819014783,0.30520998112734465,0.3800607460826541,113.41749501126233
979.7234190626735,7310.581493573471,2374.423267998225,0.763645986542378,1.1999422875084507,0.5096701908347362,317.12480955084715
1284.159541824232,6124.580554905604,2069.799329350956,0.6533392924074308,0.8749516976544535,0.49482465815992566,252.1692051242482
1937.7203947813764,7649.3809527022995,3758.2911655965745,0.5957651171408859,0.7407465455442956,0.3410941116130953,208.6808160684051
1118.8371373309687,5762.5952359837165,2100.8666663043086,0.6748243455804092,0.9304921566750456,0.46566367519988794,265.3127577660392
1967.4999539068965,4977.658880182038,1654.1182606144175,0.43341829866682885,0.44837645315683433,0.5011538458705384,163.4241188984304
1049.7894364499784,3382.1288570338993,2707.6563009664937,0.5262595710500424,0.6022443263722267,0.11075473739341515,183.4994316195178
239.91064815536362,3783.7000721494956,3050.719023790797,0.8807485786907535,1.695864376766412,0.1072484783215661,372.28656012299007
1519.498777752381,7396.415278199172,3452.5807553220725,0.6591490746666272,0.8896650306994645,0.3635206898710178,250.45796622107068
1433.610723454906,7433.0098097889795,919.2216387223854,0.6766274775337141,0.9353206840605638,0.7798859754356632,284.2117517938488
747.3739414007104,5690.073449077426,2790.0247344283243,0.7678042564231031,1.2143846379244523,0.3419829171256378,307.18117020033566
459.5783370428591,3983.634316809483,3162.6677459605303,0.7931324142044099,1.3067344417034366,0.11487991460801113,297.9400473977459
805.9944083660349,3328.1817072710464,326.27740123429817,0.6100822093076839,0.7722417432800656,0.821436009019424,245.89667293240188
1428.2756904947257,7986.416170190742,1052.3741305199155,0.696585780612255,0.9902326250441467,0.7671427047442961,286.26788586149644
276.13834832120773,2975.2314945226044,3094.2712486960413,0.8301403026517874,1.4564306436485122,-0.019612768819789277,330.82457869543776
592.0464157866306,3942.8741733907436,3306.199601167485,0.7388944725651858,1.1175158464484418,0.08782840290161487,277.98740755863514
119.04690431095011,1795.5783013170837,2805.4986163743874,0.8756446907741164,1.669280225868315,-0.21949650764467576,345.35129044664507
123.83822188848806,1545.4287525548393,3638.236281883816,0.8516256246480898,1.5523220764251402,-0.40373124324609794,311.2894441521712
211.21310520108227,5209.0399574027115,3902.907899296327,0.9220652234415595,1.9289721448126083,0.1433427932758398,415.2354673453761
474.89777055127246,4447.215422156705,1486.5806050173182,0.807035006160223,1.3608297721832943,0.498944487320109,346.32909439056857
1273.1089791522095,3269.3147759109293,3494.535193442407,0.43945829450504764,0.45746895528201553,-0.03329766605093881,123.91571963060706
129.3877958418585,7904.315902172125,1391.848370178195,0.9677887556749848,2.2388989029484536,0.7005542652321105,492.3390225523987
1130.3640914354014,3154.3220499439594,2692.3167255196026,0.4723701786438478,0.5091714753685248,0.07902067189172383,159.7700402498793
1578.2701064203409,5639.648025176337,2396.6461217529895,0.5626799645197551,0.6719566026832535,0.40354445018154994,204.49059812652902
1038.7651632718976,7562.111689604502,390.04951588921136,0.7584513343418636,1.182133792445296,0.9019010036992966,322.9554369198073
1711.122014164938,5014.7417011065445,846.5351355873042,0.4911814788856567,0.5404261988571515,0.7111430974755397,188.5265755345448
609.7509554338791,5583.081508209451,708.2417725527763,0.8030784913316729,1.3452214253425467,0.7748512542326723,346.9185865144659
218.0531458375802,4332.852383997748,1039.7466640887192,0.9041715347153972,1.8232339330269287,0.6129446269527545,424.6062081427306
366.3530837467456,6714.380580587912,1939.9308272640558,0.8965211511794857,1.7804532871102063,0.551684533611809,403.2023439597644
116.72939891374828,3476.759132239716,2203.3287635627235,0.935032824861252,2.0104839303562168,0.22419201811892034,431.42731653242015
1790.8094865284866,6400.710791220489,990.6742480667792,0.5627650482232628,0.6721317908274792,0.7319381298181494,225.4815748280914
957.4105960192866,3499.1261072199095,304.0487741012008,0.5703342482925955,0.6873521698270556,0.8401079182476946,242.69592749889128
408.48144225941803,7823.030852694899,2694.5502602482957,0.9007517870172699,1.8040407532935812,0.4876102724463668,412.7857219526957
186.47094044431768,7935.252693112043,1255.2146933793242,0.9540809440619428,2.1393469678918033,0.7268442091230904,471.57815695994145
1956.5910871901951,5824.761946674661,3798.796711530812,0.49710774490668597,0.5505412652062898,0.21052142007841348,177.10933120877948
1457.8266329716344,5015.208714029754,3812.6280866864145,0.5495693889817078,0.646177891012663,0.13622596955004346,180.580095658343
1322.6161561177835,5400.42295775799,2753.043161090058,0.6065421801008747,0.7643716997949123,0.3246937876179302,212.5469122537767
642.228402966184,7750.73346071561,3492.967921445608,0.8469602474500143,1.5313316304973132,0.378680062212121,366.00135628113077
482.6025666224077,2878.2089659090275,1613.0363218652221,0.7128059325508777,1.037090588217259,0.28169751654537134,276.1735809569889
956.1399675228114,5451.492209766218,2363.952975952321,0.701562155436294,1.0043835137468529,0.39505609214185505,265.8830167373164
1492.069857534642,3255.4099867978093,423.4705034805322,0.37142656455862966,0.3610788778754671,0.7697829516427788,155.56348602293735
1463.7456162790281,7134.73337433205,3733.785235147992,0.6595338272717534,0.8906448654047899,0.3129173589402212,253.83945506943974
1489.642101387746,5614.653811921232,512.7669200669538,0.5806362460529233,0.708594133849854,0.8326320509357642,248.23085146559976
1157.1218079306618,1657.9585036997046,1816.1210787845678,0.17791204518107298,0.14556346878950593,-0.04552646860387596,44.13361837875865
1772.599809720179,7846.009435054036,454.44083926156026,0.6314228460837115,0.8215033193543907,0.8905021234539516,274.1854579159513
1110.5957567166456,3650.6483011314162,806.5384002231551,0.5334850541203536,0.6156077729636147,0.6380953033459019,213.98086364100996
148.59107624358782,5648.012171529048,2008.5165615894475,0.9487316725445888,2.1020456383150727,0.47534538644405927,457.5332832929655
853.9081553585305,1806.5332097676503,2141.6661196147998,0.3580703061297756,0.3436111343613226,-0.08488246965349801,109.81991660135928
1185.9759209844865,2126.784068515281,684.847245608888,0.28399526383704693,0.25444743326494934,0.5128470490245316,111.98111445471139
1181.6382085751136,4438.00827070155,747.6007884751633,0.5794617283409828,0.7061358215582105,0.7116632664361755,238.78385343862413
1079.5422908475525,6675.3326831100385,2222.042681655177,0.7215835729567114,1.063548413736735,0.5005172669897644,290.27801093105614
1410.2107503236618,7673.440497438773,2178.4783902606027,0.6895057478091113,0.9703991470089905,0.5577555163878942,268.79556534301713
1459.309302665878,5626.648600852367,1387.8493057592816,0.5881123419501622,0.7243261408021706,0.604291191033564,219.72548397117234
1677.49192121237,1950.5199942423092,627.2481358872565,0.07525556125977234,0.0568028793937261,0.5133401419526439,59.997470792992445
958.8334840151534,5339.980717027247,1739.8290027213302,0.6955511136669976,0.9872801719520325,0.5085096713482377,271.2184907325565
572.6840653786774,6534.2850870216525,1455.860948929447,0.8388387360300623,1.4946766030006786,0.6355858972547695,365.31258029396696
785.0878176428105,7682.079913648905,1073.7345195216712,0.8145571593795934,1.3912398941749577,0.754737945146188,366.030477460392
1099.5116597762158,7709.079524538961,1821.889358369858,0.750354707774561,1.1549414285014776,0.6176906291351422,314.1069861735333
251.624268813718,6003.093685045464,2703.059890153818,0.9195409701509448,1.9136253745198986,0.37904612708799623,411.90424042925406
455.57996437667083,2263.8660815077237,3928.0582259096414,0.6649464949682542,0.9044422719883878,-0.26876816664887165,204.0041463499705
1760.7761515962195,3772.060565106925,2336.7765181121026,0.36351776062273766,0.350698152802561,0.23495209107844678,112.67051666010174
1690.6897505041622,6995.81585476735,2959.20550899119,0.6107319035669505,0.7737501065469354,0.4054848500944496,235.39794282126732
433.0548364520384,5326.549727530933,3406.6355240125895,0.8496234135291478,1.543518090469903,0.2198412318070514,352.7343665066019
661.9570476268526,2894.2504254243204,3518.497250884391,0.6277174192130235,0.8126895832295529,-0.09734467296584065,206.45755560195715
1759.6230549558256,5504.0157679291915,3325.1759055411394,0.515498196394441,0.5827756389419354,0.2467768220151096,171.3163903436224
1379.9986388297757,6266.887423368212,3234.6401775620498,0.6390691248896025,0.8397940171256253,0.3191326040236048,225.6969319385228
432.7156180850379,2586.6696941236355,2488.0588513600264,0.7133750259087039,1.0387583344744578,0.01943174730635349,261.76443567380585
997.9599605041043,5063.365620511773,2887.987754700103,0.6707123062436773,0.9195981584826273,0.27358586178797745,254.89371197719458
356.63050820306125,3428.0640209590088,3431.9910436661694,0.811540664187876,1.3788462288739587,-0.0005724476946021059,314.26036581563557
270.3688715860494,2004.211442695062,3161.784057916044,0.7622692236720294,1.1949542222003082,-0.2240754206735125,260.9298886931397
552.6525424255406,6562.815919033172,1188.0036275319999,0.8446616562658267,1.5208317086288436,0.6934508355557839,369.5179532605072
176.63049235862795,2311.2520150859345,2051.087505685774,0.8580073679049591,1.5825914782920156,0.05963875762116243,345.7311815250312
1637.9766244858702,3065.4072291414113,2149.1953760298748,0.3034901357777139,0.27675683451144173,0.1757011842143511,101.68094038533856
715.4352430122688,2674.785626350551,2903.090205216613,0.5779418091802949,0.7029415659010891,-0.040930380259287164,176.32845377324304
1877.6762407292767,4321.0799586899075,1188.0785672439406,0.3941764507201297,0.3918690948734052,0.5686896421892683,153.5690713061443
922.0662843559777,6901.491049994783,1737.6458201964176,0.764284648189483,1.202146815083253,0.5977269843956474,310.5967953274075
1178.0934163226655,5588.004032078046,2887.097318240073,0.6517657554793237,0.8710029890225829,0.31868724654459796,242.44174610437273
815.3266539212859,5260.687502671193,2145.431309674709,0.731624504724872,1.0945231457613405,0.42063275941276557,283.9248640598938
380.3582203145979,4797.008841014356,3830.1297505841344,0.8530688605866396,1.5595169341843862,0.11207413443661837,344.0957584991979
413.73861955983955,5147.431585228669,448.25106706744157,0.8512044750476483,1.5508379517372513,0.839786815893356,397.9760498756088
1176.1670842276565,7632.96735414302,2582.64597342782,0.732966480913037,1.0987702533703212,0.4943728015419842,300.7837012356155
1726.7528318503985,2804.568801743927,3676.3315841261806,0.23785907441770504,0.20465763075901242,-0.13451260324080735,55.6354871658077
864.5297497987309,1796.8050495850405,3602.3191347387015,0.3503036520064567,0.33367125825331123,-0.33440869725899786,84.43218856479842
1058.3703408920987,3287.8678175071077,3231.24219923422,0.512971768883277,0.5782437730987102,0.008686096433222427,152.45534487399578
1309.7654979828776,7469.93935474589,3447.3163504356135,0.7016379205670868,1.0046252095419208,0.36846466846357834,265.53626780609693
1800.4886839270175,7881.267032086956,753.5532862283092,0.6280656655563046,0.8135822240928865,0.8254617331080571,263.1224157109491
176.07006940610754,5636.244296689773,2804.39124819492,0.9394148152402564,2.0393067405124685,0.3355023485021277,436.5576443802331
604.8705501306705,6340.497917836162,2548.417171833229,0.8258204576666186,1.4381174746402212,0.4266078264133093,338.28523068345703
1625.6710334980282,3650.6722478156667,3473.974821162174,0.38378875406106405,0.3776381406107052,0.024800867315669314,122.81155785818126
1292.5402050145638,5952.544908794186,3370.3685116802944,0.6431953013574269,0.8498208113705041,0.2769709725251855,235.748407217188
1731.3080463812514,6388.171750334623,3995.5835692165933,0.5735421258469556,0.6939348728213672,0.23041646372220373,196.5889671187236
694.1290563771681,3504.9881017243824,3839.636594189579,0.6693928601765019,0.9160950646490867,-0.045563729431376904,229.52679161066595
828.8570607718855,2272.895015158396,3353.7041490185884,0.4655555694237287,0.49814768391204745,-0.19208923581216145,141.0961355085412
1905.1566380574204,7558.997924344136,1459.1018945605142,0.5973952822104631,0.7442814778177907,0.6764059116223131,232.43638244782068
912.9651648103124,3810.408979623382,570.5569771908398,0.6134266999818684,0.7797883091770553,0.739529143488024,240.45962531496318
706.7125924033833,2911.5670600155127,1522.2571436826192,0.6093654108600401,0.7706217606278337,0.31334348232858766,226.11343720350246
1780.3057580997538,6386.623835029711,3128.2748942929993,0.5640207894336521,0.6746432683165855,0.34244704364038986,193.63721200079053
1305.0984641840473,4517.20951584841,2205.2325230127917,0.5516903369125392,0.6502880792834087,0.3439192155360485,191.27757436035736
464.04747268003536,4347.138716307316,2357.0883323983817,0.8070964394827316,1.3610700539255842,0.2968351711770104,326.78332697808725
288.5035500462868,4296.478592421972,1202.1243446053472,0.8741528138959984,1.6620946809790964,0.5627528087937836,387.46730664694996
1475.7335537348788,1932.202458645516,1199.0065410775783,0.13394292120463178,0.10578551877115859,0.2341574508116896,55.326582538022436
1546.042186722031,6147.522042899319,2806.49863516643,0.5980946825481512,0.7457936675709174,0.37313108015755514,224.95138664374014
358.6949082951845,7914.940614939906,2870.339577879225,0.9132920690681872,1.8762820574264376,0.46773017913356196,410.7306857134683
1939.6508231031146,5850.798196354899,449.92612630455244,0.5020438954135972,0.5590642881511796,0.8571827289395717,202.2950457241641
1619.5113781992052,5777.567357704767,607.0977898245798,0.5621213626889019,0.6708430811781756,0.8098262708532428,226.05402878189034
1171.9941351884722,6702.008740174507,687.5170319997276,0.7023130029056277,1.0065571994604376,0.8139212031723115,291.4472492768373
1734.7678276120948,4381.7661740612,3754.406443142658,0.4327611593906298,0.44738888023494694,0.07710747551187501,136.06783005457882
654.2207322197005,4380.3609715825305,3311.6229880484098,0.7401092002953601,1.1214281255635827,0.1389417852408596,278.2632585772917
442.36951553108474,4314.555051503214,1122.9138479495764,0.8140102876536109,1.3889211352921889,0.5869718543655233,341.9805475603875
336.73942284710074,7221.81585881885,3366.062259317741,0.9108984691507526,1.8621898821633,0.364166791128073,415.42809737090954
305.12644980679454,4645.61605610076,1422.86148126173,0.8767350756452934,1.6752503022087177,0.5310647612133461,398.5329383005235
487.7730286234069,7335.546125980863,2810.5660633943744,0.8753027917123926,1.668043001741146,0.44598167038591946,379.62364242412815
1455.0494539194449,5551.366048955494,2230.070218075146,0.5846522508935642,0.7170085614096987,0.42682298183506373,218.92152231507293
985.1574019474692,5373.10521087839,2457.220031709206,0.6901174228616248,0.9720710044902474,0.37238366076263024,256.31202557356846
1844.4373523316758,4836.488378933602,2331.2304142783123,0.4478497661112934,0.47032662588578944,0.3495195663477114,149.31775821475676
606.905116984246,2494.3066321400584,2413.5528680832176,0.6086013040161352,0.7688945332093824,0.016453968178329673,205.37598604752552
1740.8198573500867,6444.801880657636,1591.7271206919213,0.5746639868406349,0.6962375993914832,0.6038769671019505,227.67053535063403
356.19016110549455,7991.308770767029,1765.0955594439138,0.9146594292566328,1.884386320974356,0.6381667876766165,428.22973588554555
165.91213094124302,3188.0086396428396,1711.645828547758,0.9010637741672822,1.8055382504726611,0.3013197808903799,392.22693225851714
631.6557840606462,5138.465890114434,2039.166688536529,0.7810598042400967,1.2617896516034546,0.43179964524300285,322.35084057994294
187.96979214994332,2043.4196720681884,2587.293905897326,0.8315222012293869,1.4622560092855021,-0.11744933573512815,326.2103113804573
820.6919874306271,2160.292103784846,1487.2396042045314,0.4493818399945319,0.47265919785363664,0.1845227274985904,153.89951045902075
459.4785843049104,6240.966455120903,2577.474899574878,0.8628513234471032,1.6061762351717608,0.41543526886186044,377.1162885037624
1374.47724938281,1562.1382822171613,529.4648579519267,0.06390384806968692,0.0478239038766967,0.4937234047602494,49.33549322495809
1195.453299060067,3163.6543928503124,2077.828721207854,0.4515146751229186,0.4759915473083296,0.20716000563333087,144.02537689593203
1342.0907911540448,7374.94977087002,882.7764770379667,0.6920765064815863,0.9775514669882472,0.78619381390738,282.43345822490244
1410.3028313116931,4511.328037302463,3037.7852834204223,0.5236775601638992,0.5975394139602487,0.19519414944293662,180.2474584026983
1986.600071019119,3336.242127587879,2569.4168788685824,0.25355665374945896,0.22115356631264826,0.12984583900816254,72.01369304428518
116.23563180302995,5646.199721347494,3392.8512639487813,0.9596574624583655,2.1789995871855967,0.24929038024178862,446.2713874901387
1824.9449342771475,7655.910645369753,3379.8805832610838,0.6150252644914506,0.7834547821823673,0.3874692781997933,235.2401986197432
1674.1249516751207,6195.551031051602,3748.499333091806,0.5745377686103079,0.6959765956328207,0.24608198954194516,207.6670322357657
1806.7437681773006,3039.927578506871,1155.824914263087,0.25443932997825575,0.2220929953099649,0.4490500016484253,92.39777565750705
828.4961572022478,7660.8912399025985,1646.2935852566661,0.8048160323353367,1.3521068580118434,0.6462316766011766,340.5373011506673
1900.0624323406932,4041.6447761585914,2192.013078344406,0.36043215666939127,0.34669100201189823,0.2967169101495285,120.86445550709414
702.9505417210041,5682.361582994128,405.05897960867276,0.7798226528692124,1.2572917976751,0.8669193377140544,348.14459693637406
1186.3731274287738,1836.2680811109892,3488.075600107753,0.21500896356176208,0.18142327533238703,-0.31023683247818223,41.29884400857732
1012.9228351678338,5487.146677309635,3440.9314224015234,0.6883347682459073,0.9671334533084174,0.22918877185282716,249.7804510320323
261.71761507756196,7049.117782904471,1819.6201723697397,0.9284028154664776,1.9684068273427928,0.5896552177229579,446.47759049227415
1079.5449012566633,5496.887847914697,2064.884600835657,0.6716928636642612,0.9221889225391877,0.45386227500039955,255.17814241078472
886.8281056927575,3758.3025316335643,3781.3413792021192,0.6181687124682078,0.7905805822074667,-0.0030556943852996458,200.66490323696232
358.1811642398419,5735.35244053126,2867.093443149094,0.8824389302126394,1.704778575364477,0.33342366064633994,386.5260050598577
1818.780436951009,4260.368571920988,518.4377312339936,0.4016332106689698,0.4022637237436339,0.7830262627371053,163.54267921725636
979.0757666796155,6000.4129893865165,2139.5102551584423,0.7194419817100829,1.057046397848362,0.4743168476854097,280.5283658246621
1401.265755923463,6131.9524136377295,2522.298794415156,0.6279768553897929,0.8133611951202314,0.4170960065784376,241.90777485421708
922.7040971044253,7904.906208877371,524.1648772667996,0.7909504236101916,1.2985668381135742,0.8756292662980991,341.9936740841038
535.0251641332318,3837.6845781736465,3975.3036818350442,0.755288964490647,1.1713492904377771,-0.017614144430268285,279.5533015930844
560.7109448672728,4925.614920628634,3744.5692593550125,0.795596922599351,1.316176227744243,0.13621921248962784,306.06864988222435
1245.2619486566139,6555.332634734555,1598.6583374861443,0.6807264021518673,0.9463406939518354,0.6078832210542171,278.7418819481353
1993.1017097670422,5815.67459159182,1093.9164624069276,0.48952265166951464,0.5376247011005062,0.6833628924781205,201.54582043095212
481.75109749368227,2846.035009835342,1453.0411771431598,0.7104675106444368,1.030181600114888,0.32402166693100437,276.21081637546973
1558.3184101736952,3327.7597574530932,510.19357369281624,0.36213938586592276,0.3489012090357453,0.7341324763281828,160.34451926062042
1377.5024167674346,4121.218729269112,680.374657447328,0.49897353205124106,0.5537387287349977,0.7166046339167826,192.2698182427079
471.0427131772544,4312.890873427783,3902.7203234423278,0.8030730548192787,1.345157206917664,0.049925749905471606,306.00055539481224
1059.047415762525,2506.656504782526,982.698722139365,0.4059812931390948,0.40837811071099595,0.43674480902615476,157.6497972387851
1117.7352065577797,7556.658515676315,2905.539269336613,0.7422908752541494,1.1285214212534107,0.4445642628318358,303.0165838891751
1827.249887634427,5641.545189473498,1395.3934602255829,0.5106975438406791,0.5742329695565589,0.6034089452841944,200.64558929315018
1420.3129214454605,2528.1492525035374,2439.6171342923403,0.280574127843174,0.2506184160518693,0.017821312698739315,88.67949209739535
1299.419498767771,6572.39113344512,1854.043290376582,0.6698549902140084,0.9173634911968889,0.5599459516553913,257.43888449901124
1985.4604900811532,3016.0091882915212,3902.9647251154656,0.2060491743977998,0.17256604610593745,-0.12819177349073207,44.68157514317129
1335.866039703711,7437.894284860159,465.1633335247656,0.6954860879179855,0.9871218620148468,0.8822826919839747,294.1352682453472
574.4610618087219,6114.2368316873735,2208.1823107724713,0.8282293291250524,1.448382638171274,0.46934124003889743,344.3704031901832
1814.7551913159743,7700.731002503607,1903.2796494025936,0.618568057446405,0.7915401842600105,0.6036489923453685,240.93915360313542
1449.8425785267177,6042.385237411538,2093.992562645824,0.6129742409196509,0.7787961894624633,0.48527646715871536,224.45884749433856
1701.0665006434388,1874.2767442593968,3185.972647664245,0.04844576637905977,0.03584151884785321,-0.2592156634096238,5.0
763.1049483322925,2989.0609764486103,3398.1949655200115,0.5932456272314371,0.735251355292414,-0.06405473535498357,187.5401258365451
1540.6292836837945,6127.442116058035,1625.0408571015741,0.5981703341899632,0.7459582095817301,0.580768932220007,238.41506711240208
1695.8622350904407,7425.7491192036505,2373.7247945484587,0.6281660839219642,0.8138154901020062,0.5155403615136812,240.87394265755827
1793.1659590217885,5731.791433733831,1585.8871374970558,0.5234083422160506,0.5970586192153676,0.5665600443246639,204.494214810786
835.6186016458672,2590.740935445087,2288.54751817577,0.5122411452410249,0.5769289609463029,0.061933911077368065,156.6373452472842
1765.2869479703738,6577.170638496241,624.9979373656679,0.5767945045060887,0.7006281109797757,0.8264417359311551,237.05313191480985
1330.248772939712,4714.466902274975,2178.588746263265,0.5598639060314783,0.6663441981320172,0.36788882680521895,196.77114147267667
959.5713489453015,6616.788319538315,2627.900503412908,0.7466932956442648,1.1428521291462277,0.4314788623053445,290.84383487152917
1241.7343256587876,4600.295806182463,3531.6248770177353,0.57489629532093,0.6966985964656831,0.1314167920059878,185.64896514280602
235.30887464176294,2615.20154773062,3898.2363376227568,0.8349005334536728,1.4770731741904397,-0.19698273205004166,325.24059371704493
519.3410236896109,4559.1153434460375,801.6179810708434,0.7954728813077246,1.3156882926913953,0.7009297299848237,338.1012848831101
1645.870271593216,6965.756818440943,3619.4870831497924,0.6177562602991056,0.7896766052861491,0.31612589809783714,216.63502830676526
567.716052454849,4791.99089132088,714.1945075520626,0.7881540693159653,1.2880006312466659,0.740584649376847,331.97401566949895
900.9704446654323,2743.563232950929,2928.417786128065,0.5055771055420821,0.5651857503066788,-0.03259082717709121,164.71751014169996
1891.3643628262294,6878.124444170332,901.0299451990135,0.568648890548428,0.6839681652711604,0.7683475862583482,239.76439772982962
675.2188689863355,2553.315539853391,1030.2422685920178,0.5817180281997643,0.7107940594582987,0.425017078626976,214.52472195284554
829.2572991306972,4530.9651458407025,3111.773826619932,0.6905884753891344,0.9733642823339561,0.18569145487617772,249.7035515414882
1858.8278363267593,3333.899462622183,591.5551467664054,0.28406491253833555,0.25453568823821954,0.6986055344005895,119.8267135277926
1192.4972127380033,5869.1609074710095,3122.2253355006096,0.6622614143110518,0.8976222506070302,0.3055074598549378,244.4070864492397
528.3751076817196,4423.603351681304,2573.7143280689033,0.7866004012695219,1.2821932604440023,0.2643711644965743,313.57398690304757
623.6622963314904,4497.588090193811,3376.6896344609495,0.7564413962845282,1.1752614250794455,0.14234936774974577,280.18822042570775
131.90908893374626,2614.432337953447,3340.242157811955,0.9039383172869179,1.8216948071759225,-0.12188908398817938,369.42176435020514
316.3158574168185,3937.050523677867,1267.7755151193476,0.8512632914726522,1.5510488240164557,0.5128461524263579,367.47381772596145
189.47601910517812,2431.396455432494,2809.542016913587,0.8554099664339394,1.5703010590585573,-0.07215226116548276,343.25660014378514
1265.7279331177037,4118.126530107004,987.9807842405967,0.529806036909665,0.6087847412611237,0.613019968549823,206.69487390630545
239.73488296817575,2825.4427158184176,1569.8745833843966,0.8435752085067652,1.5157078279551879,0.28566040781085017,349.64507302676014
1323.2173466656889,5427.134263276779,2277.5195716746357,0.6079560226105187,0.7675211980081765,0.4087937964072348,219.15195554228407
129.257725180984,6168.223582345731,3662.852796354562,0.958949389653298,2.17392581577598,0.25484196126930575,456.26762802409405
1239.7708570811342,7150.862872458514,739.9774127962169,0.7044869559569257,1.0128331570065605,0.8124464856841155,291.57994280049695
650.8358460152315,6017.277645727807,605.9765110890827,0.8047916109335748,1.3519811291853054,0.8170154739195994,347.7398619640047
633.4488658560531,4844.085736648059,3892.936163311077,0.7687102274257398,1.2175412140462236,0.10886427710940794,281.4735526125689
340.8465670175758,6499.341642616789,3604.6116725803927,0.9003400032216466,1.8016944523180562,0.2864947886681135,396.30291586106927
368.3263968254575,4636.1149624847985,914.074092330734,0.8528001945445423,1.5582528299297858,0.6706151507134843,381.7863267307304
1840.3909021256377,7919.170308882551,2030.7445475570992,0.6228537610151538,0.8014204834410471,0.5918066481667044,253.6923863699669
1419.7751520209945,2415.6403941651497,327.08689200667817,0.25964989448790565,0.22767231668790341,0.7614878489476401,127.88366602482728
374.1584382482234,5232.430774111403,2040.240196397664,0.8665290341383804,1.6241055629778338,0.43892960237294554,375.17780953715953
1485.415695775782,6778.2886487242295,2122.0779519766465,0.6404964083487176,0.8432555134944075,0.5231481921045559,257.68116136712143
293.42292810790934,4908.779161445236,492.3599739272641,0.8871927989338413,1.7298114992483988,0.8176829139202877,413.7306434684606
1666.7472796106688,7577.694961775961,2998.277136666982,0.6394055506197059,0.8406177278532962,0.4330020713037041,242.98403920847315
581.0150218396373,6155.109648567949,571.8410770232638,0.8274927942453808,1.445234167030558,0.8299850554091879,366.02040916604767
1935.6105853707184,5572.508604820215,1311.182667157178,0.4843953494660243,0.5290134401811778,0.6190466377234684,178.37223276748975
1552.623229197388,5728.984010109991,1111.1071013655946,0.5735493062293079,0.6939448296973504,0.6751192100821418,218.83815403816342
1454.5618805972026,2734.18712670707,2783.6833688163456,0.30549102931996797,0.279088053536353,-0.008970171036174382,79.63474175189093
1444.3062398431914,3593.9096339421394,687.5996101277678,0.42665964450968247,0.4383100355345537,0.6788050328656754,177.2499080615921
232.67301508134392,4122.904091057671,651.7969019548402,0.8931608786353565,1.761898471048367,0.7269789654798509,408.2405195433536
1806.0575948490064,6646.228891740892,2095.6933680868706,0.572646384383502,0.692102651510763,0.5205417513313755,216.65176731700535
193.3266944789293,1514.8651837067794,1529.449812978009,0.773647565786242,1.2347017425307896,-0.004790775357451954,280.64664238882955
1046.7330831442882,7840.264295389583,1229.941287725459,0.7644349291573234,1.2026790526057776,0.7287952788237794,316.6435275387822
116.93713993404612,2527.2711661291005,346.15806540279823,0.911552247890844,1.8656448337905795,0.7590627519315769,430.0755076835201
1273.9972849653,6661.099587214517,1924.8853415002002,0.6788955936325518,0.9414006248964941,0.5516215419063966,272.3671800894938
714.6631281000972,6458.71090423284,972.9863310023329,0.8007456114014883,1.3361122136443382,0.7381523222560022,341.4665912507067
195.2435828146325,7894.369898907795,376.06195090953975,0.951729811632749,2.1228822893032255,0.9090586904788109,482.7654231244781
1830.9111501475556,7294.103701577112,3221.782138623039,0.5987050585236345,0.7471310209941763,0.3872542574586669,229.9710487800428
1361.11992655417,6015.313138507462,772.1253954335698,0.6309544423804041,0.8203804699443034,0.7724840108801728,251.88476405535988
1251.3737556168542,6536.2049623035045,3110.3470574927865,0.6786231507165195,0.9406662208858021,0.355138073938249,265.05164090340213
1790.2129896641559,7385.20118070244,974.5023920744364,0.6097804509466586,0.7716169681407171,0.7668571896182294,246.2536679461381
1929.5865342101163,5939.1792497560955,1524.031593812465,0.5095580202941822,0.572220249972064,0.5915882249470154,197.6193537969008
1470.1591817217661,3127.4667002760852,1308.5684411286084,0.3604702863456308,0.34673383105806665,0.41002791924716026,130.15831509603672
1228.1194272815503,5697.808113284029,1718.9609348010422,0.6453559698939794,0.8551138789656637,0.536466371293281,260.5882695601656
1965.0621661609348,3449.5223576307544,1358.5954722449853,0.27415957488020376,0.24349950526727665,0.4348743019479896,98.03475730459044
1213.5035861672447,2254.170489121932,3975.726168103548,0.30010516561242817,0.27282035174161595,-0.27633775862214427,67.03911730373466
1786.9494995498387,1612.6707884226146,2662.9884537122393,-0.05126416961698404,-0.035320939382317014,-0.24565046126537116,5.0
1632.9658566385358,7687.234742977677,543.090028366017,0.6495856844474848,0.8655865463622616,0.8680270721051109,265.9254467100652
473.32413821257563,5873.235618198054,1527.4012944073331,0.8508407210190078,1.549173646487625,0.5872243665678701,365.51918629707956
783.622725876781,6823.715450289299,2564.2297120492663,0.7939824132627952,1.310050314335287,0.4537186428052445,322.8485979148561
1532.0456258606077,7606.28938165188,2288.356786115078,0.6646991766151087,0.9039288263514166,0.5374555597877946,253.2558088751203
931.6989464243218,4419.317668240126,3053.0307973874906,0.6517674999562189,0.8709891535499653,0.1828457113522787,226.62631510089074
826.8720447304241,3224.788054160759,1481.0351430028184,0.5918354329611057,0.7322309933772769,0.37055215160621224,215.53797196583366
909.3803265503213,5711.079844064887,560.2302270392433,0.7252818373715983,1.0748441897868686,0.8213355037151667,312.2883295907018
899.6789656275889,3691.3478723202834,1131.0311601993574,0.6080707006566886,0.7677501135914688,0.5309239888288633,224.03529121064977
906.5739063108142,6794.811782355479,2507.897031398727,0.7645686261299045,1.2031293524457052,0.4608243508769891,302.8108052420996
1173.9294430182888,6644.670196544276,2740.792258765779,0.6997085162340344,0.9990945469118467,0.4159494490496665,273.76208035817723
351.17100957157527,1675.30551628811,441.7736544796116,0.6534171450623562,0.8749791558815312,0.5826574075538811,266.06637782117497
1580.176857609967,7780.808050326587,646.2934664841013,0.6623908972224845,0.8979722782928612,0.8466154784968096,276.91179484527316
167.4866569155211,3269.504729524655,2553.361614558827,0.9025387971424259,1.8138654702754282,0.12298807366074971,381.0204086502482
1873.5010772372732,4128.157022771991,381.31713573272293,0.3756721738540163,0.36672608387667555,0.8308817734639802,159.41839100303827
1954.03595185703,6814.126496073778,812.3159463739437,0.554288378268971,0.6553752676194038,0.786973820913879,229.62503624707213
255.76993139691544,2006.7348870258647,2161.5680223079717,0.7739055141883247,1.2357352770487453,-0.03714536553911492,278.90364896060606
364.44959874144223,5964.632154942082,1101.6578791918223,0.8848333412752176,1.717356488797897,0.6881934157204611,408.5906869944175
519.4797236681829,5225.448130667737,822.1814208154794,0.8191518719645235,1.41009956352868,0.7280979550151568,351.4686982386782
1839.9781265848094,7249.656976770934,2732.7247940810803,0.5951480766916388,0.7394099721605965,0.4524904262253872,231.15255016075128
1787.9953816711306,4320.9117363511905,1487.5075741282528,0.41462675816315764,0.42075346730921814,0.4878098515758241,161.20438581458353
1338.1465730558816,4402.019316132151,3161.3448637475576,0.5337603131494002,0.6161312932940468,0.16403738107984223,180.0045997684701
1526.5918095286477,4891.867548497943,3721.109798193984,0.5243120740862126,0.5987004588497528,0.13592950533159065,167.1131608492341
1311.5807379757423,2964.281549196019,1259.1305687016384,0.3865187182927084,0.3813420646834747,0.40373776758954744,144.6034994940742
678.7049032942548,4087.1100797149033,635.4543614762803,0.7151778211820946,1.0441983377767743,0.7308858905982695,304.8246032876451
1961.6331382000758,2130.2576849980096,1956.4525307682452,0.04120944425025814,0.030325850885093084,0.042529356135090374,9.779906229792502
1800.6822874341221,4169.002968899384,3498.931766466524,0.3967245473378817,0.3954029297962023,0.0873861379198995,132.47636205065766
1514.7502213910802,6781.550247032372,1491.0458444696899,0.6348371837606921,0.8296236705908961,0.6395216620521067,248.5634298299832
1203.3914494049657,2818.1264664653463,2479.3661698052197,0.4015237655131535,0.402096471892344,0.06394728975681342,119.28608455033297
237.15101790181825,3239.04705256561,334.54893235241354,0.8635572464363584,1.6094393036316217,0.8127662252975859,390.7990150965618
1831.6027686144707,1516.04157564424,3259.8860583134087,-0.0942636554020925,-0.06307863944220654,-0.36513209913504735,5.0
1003.4124611569089,5529.839273997293,3746.9264740141984,0.6928290835315134,0.9796346105729571,0.19219120631272568,245.89028264718164
575.3992250069597,6160.998508873999,3611.9375756653426,0.8291670865787655,1.452405467737137,0.2608285689067801,347.7996725062804
394.8909430871335,7951.314616339456,579.6310735773706,0.9053723417837913,1.830234543674991,0.8641109450047202,443.10146334395057
391.0234253989983,5280.2684292343,1787.6460073105625,0.8621042838729611,1.602524859887463,0.49415176892505613,372.26790407163344
584.5762870696617,3614.8293757585348,3827.758542938036,0.7215909419730794,1.0635023714910317,-0.028609560206335094,247.1643056975271
318.6877674071909,7486.015145967831,463.6429995056395,0.9183344269721736,1.9063781483685065,0.8833552357943051,450.43032708952313
1834.1471429513888,2372.465462844399,2167.45878573325,0.12796954942400837,0.10059506356737793,0.04515640919123729,43.868431125178816
1920.311340102946,2312.6692407624655,2390.401546931898,0.0926906923080222,0.07089675895484643,-0.016527989830876416,19.181417442864657
1584.8929401582043,3059.859030174731,2072.4629384130867,0.3175554042756013,0.29334539901066076,0.19238779203888157,96.21512805640653
1446.9407921976058,3016.832532224538,378.7901871477909,0.3516961157247979,0.33546194024938725,0.7768950093452924,157.39341181002288
876.4895298477179,5690.226643631562,1517.0549991190412,0.7330508866047585,1.0990102960370727,0.5790215855004164,306.95422629026734
1927.9813821685475,6621.211813535932,3211.6894235591312,0.5489676421368649,0.6450253714763967,0.3467463271946104,187.91719356297034
621.4865014980973,2730.0678289858206,2509.3496013648382,0.62913535599888,0.8160161082266582,0.042126482669674184,209.78862036292006
447.65113593609664,6402.8556512691275,1031.6690420449736,0.8693086072969566,1.6378878262847982,0.7224653666604968,404.94197627760303
454.8120294263703,2814.451913835662,2352.3559282988244,0.7217648757148395,1.0639889759049312,0.08943548890653209,258.1373077418911
771.7998076362065,4116.2908989432,3227.406250688293,0.6842121579538348,0.9557775436946492,0.12104048274627867,238.86437810676028
780.9248732863934,3217.2197120646265,1929.2421015524294,0.6093563617222163,0.7706117339844039,0.250264678318231,223.61623749270638
347.2256343895922,1861.21150869282,3354.0953422250877,0.6855462825192957,0.959295914159498,-0.28625043087987545,230.52583269963037
1789.285022856464,7342.762498210492,1461.1789211445719,0.6081305930498541,0.7679258111345266,0.6680625524685414,243.22709723879518
889.8886879334897,4424.0452841557635,3941.3446917360934,0.6650734868216086,0.9048596872051996,0.057702102801310946,228.78161744393094
540.3229107884126,7455.477031700884,724.1322849901755,0.8648483165894166,1.6159296602359021,0.8229420850396841,402.0546929847221
713.6861849149242,3521.752796742136,3351.34556618071,0.662993050620127,0.8994597749749658,0.02479336414795107,237.04366245855877
713.6494838567609,3211.4914165347877,790.8958974783541,0.6363700043971636,0.8332374258351182,0.6047879249408639,245.03185362337328
1895.1304461732466,1857.890594501249,2546.00574578158,-0.009922633328850744,-0.0070371827987821,-0.1562514414405783,5.0
509.6555086771414,2882.52350341303,3382.173049949159,0.6995114307290872,0.9984369878750357,-0.07975638439953113,244.67419310260115
238.05406809091696,4690.329870033156,3810.3811007236654,0.9033946739818218,1.8188428623848332,0.10351472626620004,387.37379915395474
1695.4032422837727,1503.1779766284458,2397.8274532171354,-0.06009704066873822,-0.041156095943670055,-0.22933817766943368,5.0
1921.6041689829349,4774.493979708161,1545.4682913030013,0.4260525677714021,0.43742241498575035,0.5109248361664044,166.84249622767692
969.243180892072,5296.373231141233,1834.6211745945784,0.6906152188391492,0.9734534651051187,0.4854515175719034,262.5418301244337
258.5316514255536,1761.1950938627683,2316.0660614309936,0.7439934363391872,1.1337827035957835,-0.13608914079779086,260.01082898308744
1693.934987883902,2288.502733157134,3827.305137345129,0.14929743709049406,0.11936127165239255,-0.2516106516946565,31.518829343890157
1651.4050802054394,4157.019417552082,1832.9310373664412,0.43137589855607444,0.4453174673382082,0.3879979304151449,151.24499036218708
587.5575211000862,4176.112297939961,485.0843370441831,0.753317276890888,1.164743464016604,0.7918627445152763,317.7682616295915
1516.5432839168843,3712.581683441052,3011.6697894318413,0.4199628834293806,0.4284838805860352,0.10423641898769057,130.42965128894286
1273.0628350121679,4634.219005834939,2034.2041052963525,0.5689852390336931,0.6846314980683612,0.3898995094970207,203.07412535580707
189.7306082022139,6811.56019769907,3170.2086182373073,0.9458012489596365,2.0820891572729314,0.36480023192716793,451.50119207898024
1678.1464036259192,7571.802603940929,3591.551114849776,0.6371555340312249,0.8351891454859733,0.35654621263454656,238.4726381433432
287.239539423019,5383.385731979761,2074.168328424459,0.898692110261305,1.792442712462277,0.4437403170406508,393.7010143006159
886.9695124522303,1662.030773903854,3894.035710337462,0.30406479955933835,0.2774080689549521,-0.40172394307420994,58.24258983628756
226.82883026101138,1694.6938341933114,1529.2905282174454,0.7639072025128778,1.2005438377879214,0.051304003782723234,284.9489069428782
936.8057454914485,5597.07880014643,3624.849057499584,0.7132469239991398,1.0384858455566983,0.21386306343719474,265.53866356128634
1787.3954943422568,4888.696338231455,3412.612036664976,0.46453837382717245,0.4965555076404879,0.17781345237726837,159.1390799079966
1964.681957296913,3795.8693325040053,3088.365756483069,0.3178840501136295,0.29374269307503736,0.1027715594794228,94.40795150147062
1337.269416141306,7010.676938560096,1005.8716122688356,0.6796171514140144,0.9433483202027144,0.7490512017071607,286.92219755320923
1917.82184301774,6887.006223761002,3406.542887350953,0.5643704047927961,0.6753467414158523,0.3381208267918734,204.83369184320972
831.8215541054079,3215.9160525692932,3537.0715317229105,0.5889943295591913,0.7261633196350131,-0.047557540288254624,193.77487248536096
179.778211461804,3811.887597897399,3922.8043482050075,0.9099232147665057,1.8563156298893888,-0.014340163909069536,384.87891402423145
525.7998720265605,7739.4920811945485,1349.0351984260478,0.8727691954648903,1.6552316045754694,0.7031344777271921,406.35134600394025
1304.3636701429164,4201.924292424968,2449.5874561156315,0.5262275858897384,0.6021978164501263,0.2634494085393994,178.09792017868304
1929.6630709560518,3685.486660440133,593.5943377739371,0.3126939927093999,0.287567166548496,0.7225598962099753,129.86495944514192
1345.3261801091921,7836.0076553473955,3648.5131838992456,0.7069431948401077,1.019972321101065,0.36462073861831396,279.29323821963703
1765.891019978623,1849.2739195651814,830.2536775727466,0.02306475664538161,0.016749446657205444,0.38029846854370075,21.005149835172137
1617.1740241622774,2539.4150393728587,1197.139545106581,0.22187447469352437,0.1883130007060591,0.359228124080529,88.72548293077776
1404.7981498816139,3609.341804427932,3800.152315258493,0.43966536119756583,0.45778713363946777,-0.025752164415360157,138.7396616975667
266.65604356659026,7282.06177233499,2592.9578845429423,0.9293506392649762,1.9743913322186757,0.4748450180604198,441.69594534702804
710.4865125368755,2594.6201685119536,3918.4603586048142,0.5700674251177597,0.6867838722715813,-0.2032586860208289,164.66858824560666
377.91855835364055,1633.0401458549677,3658.377206190032,0.6241409056538166,0.8042451757945392,-0.38275889524563084,189.18504389660572
1851.3576568651438,5775.991467708463,3620.7650958159875,0.5145475506928721,0.5810781570505368,0.2293585405871953,176.72262165427915
1415.6367870320396,3942.759836909668,3625.7549269958704,0.47161925978279373,0.507961142014124,0.04188469201166369,153.7249517357239
1059.1426583872883,2064.1856921941753,3307.3878789127875,0.3217859029448487,0.2984079760163578,-0.2314409679082129,81.80334870340315
1865.6604973912265,7475.585840118502,2979.620784547304,0.6005542664687146,0.7511730634527515,0.4300216357785168,232.7851950886599
445.4581269620591,7387.9262653482365,2303.0343878898248,0.8862667513565451,1.724978226705098,0.5247046251534084,398.07149337163423
1038.713533308973,4784.620363505996,3467.3388652910267,0.6432581225683387,0.8499592251427626,0.15963257470521588,235.9046557533917
1787.331466594099,3606.8205127338033,3085.18126523098,0.3373077089365028,0.31738648737434116,0.07794965762599036,112.82920122160105
479.41178795162716,7952.139127574859,3851.2198117356666,0.8862814698747906,1.725068455715581,0.3474366353321544,383.0737767795091
556.3655783671904,7166.470078382803,2841.693095615737,0.8559167633435607,1.5729859588224981,0.43212494712024874,375.3971297608271
393.807640779843,2372.4990441392465,833.7330377576787,0.7152827318211809,1.0444189822571586,0.4799297014679135,291.003918224937
235.04442091469267,7115.810310250296,449.6068744577632,0.9360497710868333,2.0173284531977957,0.8811415513721775,468.6488097129859
1545.0308270147605,7667.27333758888,3579.2681394708598,0.6645723372262271,0.9036009066260041,0.3634899854406873,259.5724232928645
450.70804198240836,2719.534840927915,3617.3074317872965,0.7156633993124941,1.0455841091358267,-0.14167507286448974,251.44741193098608
971.2954380733869,4985.312471292476,2712.8426193968457,0.6738763225012309,0.9279603859688211,0.2951966834688632,250.12874895065045
1718.504645253998,2635.8978280387782,2812.5897321102952,0.21068176132105917,0.17713130351368933,-0.032429532432345885,57.59221523088048
1399.9856744834642,4774.680248066979,2799.7576157724825,0.546538811227387,0.6403306177377579,0.26073520801617334,190.31997197926813
1659.39407898679,1968.0359605758997,1534.5906391604651,0.08508555041387732,0.06470262430272372,0.12374865231832319,34.846220560669565
121.1676364332117,6600.576555692378,3590.067667543216,0.9639475607961602,2.2103213787937537,0.29541889814870675,454.340796622393
1820.8652033830404,6343.160524551376,1966.8763088423411,0.553929577308987,0.6546706830667598,0.5266263318588911,208.26266017468606
193.49163132391354,7100.602010011348,966.9398279722452,0.9469456682867685,2.089884138577232,0.7602888592904855,476.7796082423453
372.1736287695851,5128.051134243501,1978.8958207519684,0.8646696652454475,1.6149882803848261,0.443109443899097,373.29171525747785
801.4278547313994,4574.724251398216,583.6825651618764,0.7018581917842015,1.0052161223367237,0.7736965748126254,295.0440328628902
753.054829051551,3435.189390886426,1325.9609958728988,0.640395932125037,0.8429594472904576,0.4430081436696992,242.94705400150116
1340.3580731086279,4768.195097262544,2555.1949394809976,0.5611536689602847,0.6689066245364095,0.3021824792037716,206.01380850271946
967.4221213904661,7661.254414016718,1807.292919057155,0.7757658158099683,1.242655768941898,0.6182533907702268,332.4432327981182
1929.7791507018826,3802.8121525434076,2896.710356171653,0.32673408977445223,0.3044099752742918,0.13524871288331444,102.74464515301904
969.1372191699554,4723.422005380957,3905.4193635197726,0.6595073740049968,0.8905487708270434,0.09479866494180261,227.5488994381239
1212.4018775311604,5488.541273823499,642.7290487281692,0.6381399303155909,0.8375421687018924,0.7903439204892683,259.45646516823393
355.1255895071497,5775.9645914776565,1759.223053218015,0.8841558093369339,1.713781053480938,0.5330645668199288,396.71194549246184
392.02422961091673,7629.864158796482,1629.9411307219025,0.9022613601484235,1.812539571045698,0.6479534763239811,410.430736473465
733.1347472623064,5644.1011339560255,1837.8590866143452,0.7700775817916635,1.2223741983207659,0.5087225719763045,323.26303713627453
1578.8799026598658,3914.0235114498146,1424.0238838683415,0.4251200926574678,0.4360417488032333,0.46646263000566746,153.14850371087522
1749.0865496811239,6343.743821276752,2522.2633200699324,0.5677441711266283,0.6821345505184584,0.4310261022635875,218.7390996731574
1140.52510352299,7194.293956504109,739.8757537029633,0.7263227682155722,1.0780697283626581,0.8134963629129628,305.9205640041883
531.6031887332481,3904.940671042464,2924.8678015048836,0.7603525600487135,1.18853817590011,0.14349931968568638,279.08209673635514
1099.9163320539642,4348.770350113881,3378.148301060346,0.5962636882932395,0.7417970581348944,0.12561566812670122,202.03066613980278
1439.783910510138,7578.477723551559,2822.8966276391966,0.6806959103043837,0.9462673006312085,0.457206993507616,257.8461185180599
445.96660512897296,3104.6813123801485,2277.5143534459485,0.7487970557124519,1.149668542278702,0.15368578367236949,289.81808849287603
1326.4984230297516,7576.513921373092,556.3737735161835,0.702011325590332,1.0056984688246475,0.863179280270303,298.9564308647254
1391.802728864505,5512.060094278711,825.225908813171,0.596804639716395,0.74298436210882,0.7395648835225879,238.44452263404438
1350.439800199621,7173.079442624187,2643.192893774413,0.6831262388060759,0.9528616600589777,0.4614670817140587,270.9661579591985
1317.6458539221935,2243.7098491852857,2372.5072234546146,0.2600313117263235,0.22808143514685572,-0.027901065356047434,80.27189129872575
1725.8315872915982,6974.467725750953,3699.904615696889,0.6032707552931994,0.7571404583988427,0.3067686796939241,210.8114455863681
1658.585644670718,5740.318810805819,3580.1383987236645,0.5516672353516078,0.6502543628788928,0.23176764436424438,184.91700233499847
1706.5352981295896,1761.1483793936943,364.7317580780543,0.01574915313133802,0.011376435774534933,0.6568651712977078,40.32892468830049
468.76414969002053,3824.5818943855247,2703.930518677068,0.781632253599641,1.263834522986844,0.17165493524903824,310.83605379277003
1813.5627054936615,6775.4998287486305,2964.44263957587,0.5777041560584,0.7025104698201007,0.39128128335208434,213.5574965672009
186.00885481405749,4248.391521238318,727.3000230164441,0.9161064227413308,1.8928452958374045,0.7076587176268758,429.3221099217718
1707.6577728430489,4974.310804867684,2794.519903759903,0.48887584452768057,0.5365281161047262,0.2805815936246953,166.5116932536859
1874.5465621461794,7954.638421355085,3586.3795638430947,0.6185753822718814,0.7915583356081357,0.3784985746262556,229.24094880384433
724.2208932085119,4707.448283980313,337.27887447941004,0.733333945809269,1.09988043321297,0.8662845920826642,315.53386001693264
614.052838325253,5300.901561634528,1029.162112512556,0.7923727565082784,1.3038990414994058,0.6748335669818858,336.0225668023763
462.66298788142615,6372.461038981074,1678.9626921365304,0.8646219186380698,1.6147979326619752,0.5829401734406179,386.9697792604963
759.9013211366191,5476.6891917673875,3649.080315878739,0.7563087331315158,1.174838654768028,0.20026901557803944,288.39168305727884
1316.5618983830948,5215.333987074785,2925.8227076835683,0.5968821543488989,0.7431495250376856,0.2812267795538294,210.56966022715878
922.172568668616,7213.1651440464575,329.54699187558435,0.7732921234200374,1.233798854052709,0.9126184358110575,343.6824235041788
1419.900426261378,6913.822089837107,1776.2791242703513,0.6592398117772372,0.8898927204126357,0.59119483633117,261.2187508494656
751.7879474773017,6544.949672000528,2052.162164236411,0.7939386100803579,1.309878532569879,0.5225926558619798,338.8522352947152
1378.0640422226472,6542.187144451535,1968.241741092821,0.6520150661718288,0.8716366014682808,0.5374518093430607,260.6562506353576
695.7741653045657,4066.4117470398014,3793.242294999414,0.7077921028429817,1.0223897045746686,0.03475591298860234,257.1862258459354
258.56194199099554,4488.080670908243,3661.72551984732,0.8910548092523891,1.750497521896973,0.10139568127360785,376.1181663470504
860.7973353972997,5802.136382295949,3269.895619848435,0.7416161191931769,1.1263163090825234,0.27912608350255314,275.8120730578089
462.7650754121702,6511.823348731446,2527.202511857446,0.8672996748470813,1.627944023910032,0.44082414387224433,382.63174969518855
1066.8339410687067,5522.40296551692,2393.916170434959,0.6761889255065174,0.9341280387048501,0.3951946278263059,252.9043218591062
1678.5201137434985,2406.9768109925135,2446.000183440095,0.17830308295184477,0.14593537265638823,-0.00804112042655642,48.889681754658284
1265.9438907568149,6289.685826028592,686.3081746452374,0.6649004944546516,0.9044389337982045,0.8032371659205659,278.54636551582354
412.091842730726,3778.188398607005,3545.5760279880305,0.8033106048292261,1.346063995512802,0.031761312494230434,316.7328203876369
1942.0021958276905,4278.140702984725,437.74477390554694,0.3755763404129328,0.3665990745325597,0.8143530938323891,156.03407950522484
1743.6177025059385,6677.982477437129,3892.3536948397978,0.5859177197816853,0.7196858981952823,0.2635326575175285,202.80328462438402
1256.9493171082242,5675.0464173091805,3481.3851861036756,0.63734850234078,0.835637621246731,0.23957599706727348,227.24989908323724
950.8076866109068,3533.3516434794064,624.0136168281915,0.5759260022191406,0.6988009194830382,0.6998033234482152,232.8574267172038
1140.8910978892447,1769.048436147106,956.5882505456485,0.2158661136063827,0.18227757884163248,0.2980808811643944,76.3849428388186
1911.243089503317,7188.663692867871,2842.0103632806663,0.5799422707283447,0.7071589790667705,0.43333611528225124,206.4368163143107
1451.30093914278,2538.8309854106014,1144.614348129192,0.27255490960164047,0.24172412458368928,0.3785088444798657,102.9629658955712
1676.701787699803,6784.9734317151815,3446.609661409129,0.6036950734874522,0.758075478121794,0.3262802774111441,216.4234833940949
1130.8407471841545,5276.760767637134,2160.8102902296337,0.6470315000419591,0.8592362916988022,0.4189473220148656,236.17289734496933
1811.9034015577447,5191.732084574342,3060.5926292967456,0.4825820374613186,0.525989261539884,0.2582471641520819,157.86135009984451
1564.5818368131538,5054.25971484611,2201.1444555225185,0.5272339351636091,0.6040535390188905,0.39324001694937855,197.84573115963593
817.5442207091385,3942.8490054429208,3496.499008999178,0.6565223996429217,0.8829428201207706,0.05999853690366944,220.76503032798607
1212.7222248424616,7810.4129752665995,3490.6732065731558,0.7311971508099752,1.0932200556336062,0.3822411137128389,286.19372590352316
1301.7314821877987,5423.949899802697,3060.807118145549,0.6129071811281671,0.7786386283925439,0.27851625878970404,214.39435451741417
546.7354996283059,1807.9039905442792,405.4824836706804,0.5356100140357049,0.6195175569785778,0.6336089619131692,198.8140515273859
1570.3624888694133,5488.636782815594,3075.907018361549,0.5550750386259496,0.6569078205523383,0.28171141629758717,197.67609496206316
1536.588105809168,3143.0582145729877,3129.19775487486,0.34328878689476283,0.3248390067398086,0.0022098045365865405,94.77723313413789
318.6831789596962,3024.443907566804,2022.3628549617854,0.8093502453743197,1.3699935063051447,0.19855744425300537,322.48749972664154
1164.928406151674,5658.782481946109,1393.913486032815,0.6585645477703707,0.8881588854034446,0.6047147097609474,265.28278630301077
1704.5882464415754,4858.957283314,2168.628957281737,0.48058919102360564,0.5226796693576554,0.3828239502929781,179.57361077330995
1114.8716394980502,3132.70300854782,1897.2882360561446,0.47505495153641003,0.5135511462767308,0.2456097261742522,155.9992098398007
273.2666624104841,6466.486582653409,458.9845070042354,0.918909000690767,1.9098167623505211,0.8674503144996449,437.3071562980968
1566.1552084828136,6082.509584419341,1571.3463224977029,0.5904761808279478,0.7293646259790558,0.5893974639965919,225.62966240795035
588.0757907294329,2064.9416454783154,856.9950302182095,0.5566740097657469,0.6599755147074875,0.41340615794103475,200.3410641081919
1195.3568519478638,6998.4064464265875,2793.0883327901,0.7082276339275939,1.0237148714143518,0.42948683607871185,268.93624728897873
1048.812608327934,2177.1544181106356,517.8176670633865,0.3497685500767841,0.3330001784655099,0.6157157469497073,138.04715499227663
1922.598271203884,3121.824722871438,1293.71706787544,0.23773312682903736,0.20452867940313801,0.41401661250561084,99.6850980164514
461.45294148166323,3999.3655531090203,1868.1770263316314,0.7931083981839707,1.30664393760981,0.36321654211452464,320.01244942393186
1214.343870509419,6548.786940390213,691.9406749780819,0.6871509960522563,0.9638806085031894,0.8088753749239538,288.48766916354583
1133.2579441772677,2599.431348794099,1560.719700199657,0.3927927799897074,0.38994060583948076,0.24968123419364813,125.86206212380102
1011.2747233602913,3707.510881176196,2431.5633287062597,0.5713834836345281,0.6894926976871862,0.20784038580412054,193.77233167976885
749.0014575494575,2983.6543164343493,313.9009090736432,0.5986763831429344,0.7470094722945153,0.8096159803176038,236.0893424370405
1041.898908564085,1524.666059106293,1613.090698063793,0.18809855056671637,0.1551894870712327,-0.028180845671755828,58.648012494949924
1460.7566962961234,4382.093970961723,2757.120773550582,0.49998492868150773,0.5554872537554422,0.2276123152665489,160.8764329714806
1831.9268925607273,4286.884106987053,1738.5555177214694,0.4012147481277895,0.40167642544281873,0.42292824218049146,137.95834496479497
547.5022254595644,3567.048233362981,1550.7210255073721,0.7338702094890931,1.1015317642916558,0.3939855639186609,297.6161017774092
1192.7333599836054,2139.226524357468,3427.7331350569375,0.28406499386080564,0.254525968536644,-0.23145607105109733,61.94926207208553
1153.3659345142119,7724.484254656645,891.0616379513161,0.7401699937917031,1.1216820219639985,0.7931502775436641,306.1462200410801
1095.405179658734,2949.565100542836,557.924986519437,0.45838653735011337,0.48675854902450566,0.6818665353220343,183.04781254024468
963.3724863556339,6503.399147396497,3934.135974925237,0.7419574257844262,1.127430135787629,0.24615612231382797,275.713961561859
499.6647777034405,7152.042823673946,3467.523931735714,0.8693978379288319,1.6383502633680593,0.34695566932750477,364.0737004649494
837.9143807849816,3385.3817548618727,2270.583187662829,0.6031941146564941,0.7569251627479019,0.19710139265897217,217.3310074108703
1989.768466080327,6948.146649760147,3947.2873792665896,0.5547578063633022,0.6562952480981714,0.2754235638730395,204.3400991037775
131.61925015543733,3001.9886676603737,1310.2205885575636,0.9159950740071041,1.892033553047834,0.39232049703317745,419.48632783134457
600.3180975127061,7490.660896657456,416.55734232654027,0.8516080443736016,1.5527785737697328,0.8946387135945842,392.27814067105857
1916.7480810803986,4368.538579158967,723.6762339216298,0.390084117117279,0.38622972852180887,0.7157715214917578,151.06455688052375
951.1276535545479,3362.432939105313,2592.023565205763,0.5590057756682354,0.6646230481422319,0.1293836596526288,193.97122664774747
791.8180225338523,5777.476266419832,888.0301257231463,0.7589336120183361,1.1837487486726948,0.7335445879590808,328.9891452883975
918.6871935644923,7014.439495901171,1751.5626605585974,0.7683921535833769,1.2164681329273517,0.600373664163877,326.70450986140685
340.2277594871011,6786.808607871683,2757.2607863555163,0.9045247582859047,1.8253632780131792,0.42220437159973545,400.8717415564198
1410.8166848891117,5280.43329219493,2673.7595585018576,0.5783099749643245,0.7037543202020753,0.32771065302207464,216.81468556195523
368.87692860587373,3820.7039428815146,1078.4962568237913,0.8239074788944849,1.4299282265874067,0.5597255824864935,357.89255109875273
1902.31734282637,7267.928020860816,2924.346822456162,0.585110917391192,0.7179867933947636,0.4261640570678442,223.06181651819108
885.9739905247947,3432.0302517155533,3351.372693706924,0.5896372763358214,0.7275382536319129,0.011890427068197007,200.83403319804222
222.26645943343107,3415.8425300675854,692.148619661511,0.8778120938576819,1.6806733721753035,0.6630233149169921,393.38040802834036
1361.9582385516683,7897.025736640856,3026.5948190561917,0.7058082738767774,1.0166706487472446,0.44586233037897893,274.19351018685853
172.61517648663764,2937.4068186718214,3061.5214455918613,0.8889942404266888,1.739257390824935,-0.020689466756706486,362.71805166204325
539.527676119062,3643.5277432525686,3562.798437968665,0.7420413442329533,1.1276293879671084,0.011202560533975179,277.2029282996615
357.66257216584063,3143.335296817585,2379.2191548391925,0.7956796399493189,1.3164031693609077,0.13836280810428106,306.28261514560734
1594.2719346404483,5217.380656527801,1462.966973191329,0.5318986358836106,0.6126734503966582,0.5620087293170272,207.82002682006328
725.1707401058319,2623.853912291977,304.4767893159566,0.5669361586394428,0.6804459152407265,0.7920475378379953,230.86022999785845
153.03221930470772,3302.694682761229,742.0220711713889,0.9114326889263519,1.865079358162046,0.6330907123390149,434.5803580899766
583.5965414904862,4965.490222229037,3352.1302455349037,0.7896603290830023,1.293651904857398,0.193968934114385,300.4306527497286
1284.5504037304424,7854.4678415162125,3072.5240524536116,0.7188865653577177,1.0553900954616804,0.4376267352466822,275.48992597385137
1515.7703915429465,4004.5693842177125,1816.0899399605253,0.45084163173289227,0.474954688318616,0.37598480206366874,168.81494646745153
1627.320893188099,7025.3085811495675,2766.257134398022,0.6238551764347696,0.8037392014848901,0.4349714407322842,225.04995166123308
973.662204911465,5684.063768341063,3505.80446401631,0.7075090776709898,1.0215985175385007,0.23702835002770878,256.9849571159798
1637.9227629182512,4597.565058072439,758.0534398086444,0.4746448681555305,0.5128971030978731,0.7169128307152498,186.216814006813
1553.2085006526615,7173.671248351606,1468.9705716821584,0.6440403567719832,0.8518990604139421,0.660064456539875,259.1580014807006
1284.745415235364,3853.450185283911,3842.680533184936,0.4999235080285822,0.5553753237547616,0.001399359300347036,157.21132911157758
688.3743959129779,7986.393683032729,3328.7611911343943,0.841292726198788,1.505660188758067,0.41162781625908085,357.0081866962385
1610.559670945711,1916.7770076022955,1181.7543673300718,0.08681261939980822,0.06610261770040615,0.2372164587331477,28.242373422575042
1664.9842757082656,3166.277479776715,2285.9108123181522,0.3107455732559451,0.28526113621271565,0.16147033450285217,91.1986483081248
1224.1367073848144,1868.5547006916152,987.7967055026509,0.20836802256298936,0.1748403980609793,0.3083507137709342,76.98073949327227
1460.9456486453687,3004.10165275699,1834.8323014845055,0.3456079856715844,0.32775155686656016,0.24163779916978223,118.06918020180507
184.23951772174078,4250.169532102244,3972.3725275185056,0.9169045903929381,1.8976239477844923,0.033784807974915586,403.5704591105745
588.2410646672193,2081.292596987296,1977.8879997620347,0.5592930155581649,0.6651465509681819,0.025474253912869813,177.76500074319125
326.26061525280943,4390.2667761814255,693.3950076808954,0.861652190857128,1.6002971655982763,0.727206475361667,396.4108094296465
1568.547930243271,2871.860976857817,3626.4170263762003,0.29351194306379763,0.26524285350898197,-0.11611630789368269,82.70909752453682
944.5152099074614,7401.375083954893,2451.5692859240994,0.7736574105248195,1.2351039637720698,0.5023681867787928,322.8852908811403
510.7501165211823,4714.114123474126,3819.6494279279214,0.8044924830721009,1.3507622494179896,0.10481479713536646,315.5873164354499
214.50422746697777,4824.355641527943,2562.2769466278633,0.9148600145662736,1.8854565059373476,0.306239503264451,419.25902536490895
386.12048441702956,5446.376730414886,3082.2552905864222,0.8675968558136874,1.6293763870369269,0.27719819939818496,358.5210640665314
1329.5011041305108,6338.354924015868,1882.9830377240385,0.6532274211782464,0.8746729751850906,0.5419278354063671,255.85891082167475
476.4777136326419,2909.453573669451,2684.8948912917776,0.7185544102570515,1.0542732596685727,0.040140274375827505,256.97488196151096
1750.8792484238595,5827.494981569418,488.76970264331715,0.5379274774361793,0.6239550966057958,0.8452345721712404,222.53672092068769
1145.3253942526444,4081.9091892891306,2006.4247018833894,0.5617853470209068,0.6701553872555442,0.3408953129318502,199.87965963403187
145.79129323992032,3960.705586503288,3374.744843730029,0.9289948109184806,1.9719585925829366,0.07988067648556664,400.7138374884205
1240.287552863873,4971.630709581879,518.7826804564484,0.6006748637816475,0.7514169781890621,0.8110223606101404,247.6325761389619
374.00135466447273,5727.018762468344,3207.0740643131294,0.8773971080498799,1.6786877043192678,0.2820593815993482,371.07954750481156
1634.6296240097417,4446.6993424907805,2454.4951123259534,0.4624103931080089,0.4931560167029362,0.2886752783042767,154.1133953914272
1940.9890894756604,6962.647106650437,3935.565209754256,0.564000808882517,0.6746065163328869,0.27775949015618484,189.41341055456206
1113.1061676680356,2195.638306073969,2731.983497500703,0.32717308534088074,0.30492917130476205,-0.10884463392235284,85.79124709922775
1363.1900111333562,6667.586517932981,2709.147538411361,0.6605085432200176,0.8931327763426365,0.42215540670273843,258.78920142716436
1424.8562037433273,6495.385482963504,1285.2550606205687,0.6401988069493192,0.842531259713629,0.6696274416596187,264.03077719077334
502.7392031957222,7602.334281481295,724.3784464254945,0.8759445661821217,1.671315718727998,0.8260109432115359,409.2372009452245
1810.6147222852762,5319.908873817993,3293.7102683136054,0.4921509765367505,0.5420731369669287,0.23523197065429283,169.99294470412855
1649.3717099456205,6966.792992247853,1271.7677257175155,0.6171448046172326,0.7882788707754447,0.6912645862304868,240.32939449108585
890.9347211785648,7055.4385042301055,1884.4336546458428,0.7757631824496573,1.2426383860067691,0.5784204468597252,326.9834070571853
809.1320904969489,1542.7291174687875,3223.1096180251034,0.3119219043093313,0.286627546916904,-0.3525886194362778,66.98603003431928
464.63379599537484,2721.8038807150465,3066.283123766008,0.7083678744162778,1.0240116131227242,-0.05951521508311042,242.68634884879535
938.478273797504,7618.699055900986,2984.4989116830498,0.780657046586903,1.2603649198026354,0.4370568349236239,309.8264600435146
1059.261671893526,1930.1286678437673,2472.831600011963,0.2913192646951062,0.2627303789969453,-0.12325864850677765,69.8560282378983
544.5669601699669,6654.874804855808,523.1015753119216,0.8487196706723061,1.539387672036197,0.8542481757994242,382.57830526724325
363.5020598866206,7146.154960896728,1203.6151190512874,0.903190769077148,1.8177881753660274,0.7117010150261212,419.8751710712403
1617.2413546950486,3325.4265197512286,844.4174926555684,0.34559982748222723,0.32774397513652664,0.5949884501959236,134.77427440965099
1066.612722393153,6697.3502242726145,1581.75866738965,0.7252401305666122,1.0747301276024734,0.6178915657718778,306.13329432240926
1456.1873336747128,2826.822875059416,431.2351429949574,0.3200168746433566,0.29629092894879966,0.7352808691724156,146.22921957523727
476.27797499460604,7935.702350277745,2730.8711543392665,0.8867619854014419,1.7276191748346672,0.4879571863633262,402.91979540818915
1389.5466122292007,2234.983443267359,1703.7961056688557,0.23325419236703757,0.19989969551297287,0.13486089558048642,79.92868196414103
1807.713937129874,1912.0434505969638,2574.3386206837813,0.028047397333834902,0.020441813441083662,-0.14762344343760408,5.0
1948.8098823454322,5196.773639913215,1287.2728743382763,0.4545414306607381,0.4807344654078243,0.6029415051818616,181.5183642381228
461.18513347469207,4969.919328621036,3660.1011441778037,0.8301689326329708,1.456680227302124,0.15177463233371272,333.999658687128
902.7407846711757,3682.1845367419733,3241.4517824736067,0.6062135272920681,0.7636145598098342,0.06365625429826786,207.58837236978923
1765.4390847942618,2132.7746438548866,301.50487167790556,0.09423176473540514,0.07216009532920521,0.752284098740356,77.98971853018361
1619.2704445798531,5557.71250166605,1069.7056784894753,0.548760124698016,0.6446175911214165,0.6771878128858417,207.2241876213442
759.1662323751667,2948.658364553258,3987.739019793532,0.5905058544035143,0.7293779363595188,-0.1498012004668796,180.84262875464864
665.490291948697,4473.184704594807,3717.13374785306,0.7409875920283621,1.124258162525384,0.09231032481081042,268.527262113388
1243.7151488268532,4928.8229330267495,3106.612472036242,0.5970166137065367,0.7434380921501359,0.22677183860075484,214.45198561791594
627.7931595869536,2044.5218872517532,1054.3348659785577,0.5301503386775486,0.6093686650305068,0.319533008397846,184.96554095696476
1776.0075549675,5450.813174171073,1422.542138125432,0.5084954721345507,0.5703436025180632,0.5860705365039038,204.20321508915458
835.5710951789143,4569.447459385591,2196.762265982038,0.690816567199871,0.9739997500853579,0.3506668119016915,266.4243233741514
1655.8028724471094,6872.888888585257,856.4798941845344,0.6117099974656521,0.775949971681082,0.7783829653766864,254.76471434371558
1036.8924016149263,5063.288914794753,3471.383633395658,0.6600453828624157,0.8919288864207947,0.18652212750096675,229.37365468964134
172.41102425592413,2174.5354434565083,1357.201779911398,0.8530763039938349,1.5592861589745,0.2314253897220207,354.5092440529397
285.03109204681834,5941.183959007857,2489.613916636732,0.9084416165635791,1.8478433769696232,0.40940016507012156,410.26855266472216
1072.2112723526557,6796.351966683053,2104.3972868069754,0.7274696179863732,1.0816085842995442,0.5271415412033091,301.5857132987463
927.7107951406995,4206.986982589782,2225.903658288717,0.6386502825994679,0.8387537660611661,0.30796160460184036,234.19400043418415
341.57114609904806,2292.29584185601,2566.9199219888196,0.7406314380859753,1.1229848313070967,-0.05651613211326068,271.7857739018117
1796.2312741528037,6014.76409514129,3538.7904744680336,0.540076215770392,0.6280138603948993,0.25916778957754355,184.45637913867913
1957.3532827637384,5926.247644198559,3049.669174693416,0.5034367413699966,0.5614865964949454,0.32047739826757465,178.35192969886418
851.5893214479565,2116.7542859849395,2027.7542037652327,0.4262191752136515,0.43763462063847736,0.021474218817102125,126.77698138354943
931.8083815768196,5748.754682518504,2843.56857679266,0.7210389684230833,1.061880365475097,0.3381141534962029,270.3037783596036
1263.9005341868021,2771.720922024902,732.1810144172177,0.3736278052401587,0.36399244768749095,0.5820767658516628,138.6581288040246
675.6490642442608,2519.183589641583,2187.978030068834,0.5770363347757863,0.7010620091432955,0.07036205387882187,200.37491722133518
1300.6283417901836,7867.524829821389,2448.0888554672983,0.7162725539587169,1.0475326903425892,0.5253624398088403,293.76256426275916
1792.6475618465593,6185.930507145987,429.8859692302224,0.5506348257495376,0.6482515918362795,0.8700429580535425,231.25919681002983
1080.8456581762198,3997.3300392157194,2287.2277861772027,0.5743173443098939,0.6955003318344744,0.27211178578971645,201.17380073604483
378.239059387977,3775.334655101348,998.6917570627452,0.8178729519221174,1.4047408978458074,0.5816144817259862,344.8930519702492
1658.8404251677168,1966.9889062735936,1535.0641300195655,0.08498703409694053,0.0646228646846028,0.12333473298504799,34.88216093275587
1041.714293384237,7340.841749756222,1076.6188002489198,0.7514566467796151,1.1585985070602491,0.74419391829039,323.1555532867895
689.4013710583934,4855.542557607305,2057.241569515381,0.7513405436364956,1.1581685718720942,0.404800864055314,305.4364120852492
912.0599210878128,7841.296960365068,1708.7886721269138,0.7916091086343932,1.301054414377677,0.6421417067436082,330.6228362616305
1384.1151565286596,4862.098903019274,332.4045804463025,0.5568146901109432,0.6603203324499308,0.8720168031688207,228.6838628321357
531.6652175865802,4185.811041322413,3164.3901815800946,0.774597607366937,1.2383908541687512,0.13896501995356345,290.6439306245175
444.8811064682472,6458.860716428967,3198.9568886987286,0.8711188458907033,1.646917115022194,0.3375404217265289,374.7547536716456
1726.716779416016,5872.917522166663,3534.9923987384846,0.545578981523044,0.6384971379607576,0.24850632529809946,193.48436092370002
604.7490437463659,7264.385203316025,2923.6588880969575,0.8462984554126084,1.5282976510985604,0.4260608096947281,357.31231948802326
841.2450572931336,4320.010902531671,3173.19400333335,0.6740153698330833,0.9283163817550424,0.1530475829037647,233.03915150786426
478.86046501776605,1649.4072755803227,2888.31841239226,0.5499997898213729,0.6469153752263177,-0.2730246871957674,159.71311534916126
947.1988377783151,3824.8733956032206,1696.8583308982134,0.6030240986488031,0.7565607468795571,0.38538907171209624,227.3674348960716
365.3257862048828,1627.2825977704401,1289.276016946807,0.6333190310153121,0.825836661122219,0.11589226391752452,229.95076204319622
1576.950047389874,6011.241403946191,1365.1401009346243,0.5843673534609088,0.7164127030272613,0.6298618501913797,230.3818713764555
1806.3547785720925,2994.9366029213725,752.1363721410877,0.24755461180362917,0.21479257918363204,0.598547251443469,107.1239791030554
133.86702250016043,5122.572802067169,3986.4422543301134,0.9490655167974981,2.1043087651118193,0.12472594902721366,428.83657152569623
1525.7137938955966,4027.3309601463857,981.6972285394744,0.45049468833821343,0.4744160032899033,0.6080288663334349,178.9226471833597
1113.2279951658816,2761.494387558134,2023.6011561851765,0.42538954514932115,0.4364251272152577,0.1542065826007536,135.51708523807096
472.0057029809635,1919.7822842904861,497.4626830821759,0.6053114190760001,0.7615361231843266,0.5884052381194301,235.64985918916167
126.28110943869346,1611.669233017732,2750.932955976996,0.8546781150403339,1.5666298572135873,-0.26114316028449075,320.9014838599518
695.4556162262795,5525.0830843059675,1191.5266345479224,0.7764001961582605,1.2449012020750996,0.6451999789340619,337.5895376012493
1480.7557903743816,6729.295263573259,1545.359689275157,0.6392821966723263,0.8403132584925322,0.6264835939638949,261.40364109138824
1634.828496278156,7759.02332405168,1271.7585728641716,0.6519364946621603,0.8714492592176649,0.7183502851159165,266.9435289315225
1208.2298612905545,4758.932340268376,3044.4572000926687,0.5950403824208356,0.7391561282695227,0.21970902914538767,216.22834788042513
1997.8176492878522,2369.2603725781373,872.7051068260978,0.08505520655811818,0.06467897570258671,0.46161974111008625,42.27802428747221
1374.3690364092065,4128.442397347622,3647.5036904183426,0.5004847782977174,0.5563489369569398,0.06184954235010704,160.55868384605594
1872.750461130433,2979.1907541727805,2719.8902835107033,0.22804074569670188,0.19456709315204987,0.04549864599257865,71.89972184462789
1521.8306147863548,4859.071800335714,1497.2388957840344,0.5230045795900973,0.5963169090709973,0.5288968813426688,189.07642679160858
1014.7194910321715,5350.168322352492,1228.8600458446554,0.6811508635740907,0.9474746305328197,0.626431145335032,276.95003941519633
1368.8532817575713,5693.125075067876,480.28951654221385,0.6123314989373391,0.7773415702013076,0.8444006927326259,255.96834225054272
1328.1250992754392,2051.681495825478,2227.1036308871153,0.21408218960953654,0.18050224507466522,-0.040998117415495576,65.32363014550111
783.2699042268866,7914.413302151148,3809.4692532640124,0.8198899900004503,1.4132233248931168,0.3501352072689402,347.6651105727933
324.79375393152424,3007.5910820070235,3276.99971211503,0.805068279730914,1.3529382516949118,-0.042868126007044864,307.44886267622
1788.0543848690127,4864.43665414937,3397.6409714605143,0.462440648288623,0.4932071682293943,0.17753351505252257,160.1623545019973
1283.4903337816613,6392.33515262961,3529.3759465705784,0.6655759471377644,0.9061913503169133,0.2885549858432449,237.54264554116673
1538.396300233158,2775.757075898468,1507.3360213148112,0.286814275594439,0.25763031487321336,0.29614603873840306,92.2105670298445
1334.846415091306,5092.701748699295,3434.301706389697,0.5846483351448233,0.7169957949748669,0.1944880227678766,205.77429717969054
1259.1037609436828,7514.1359113038125,3798.693605890873,0.7129672029175025,1.03767956200508,0.32842732222184623,280.7688319546896
156.00723518147714,5835.629065390244,362.3586381602023,0.947924998171016,2.0965216647983462,0.8830721660211859,473.69971818493406
1249.045391634353,1805.5619065851793,3630.968315733575,0.1821892179374478,0.14958779492506336,-0.33576680974175993,39.28357665448395
1449.582216500946,7041.735355492516,1951.565833873257,0.6585730766656694,0.888194393763375,0.5659956687620102,252.55874999527853
863.9250404027163,2879.0224036573054,1897.7086634803693,0.5383718026589271,0.6247532736732399,0.2054362546643274,181.83345986740656
381.26187245387484,2950.6495856596466,3488.0018144044207,0.7711452554292592,1.2260352260825276,-0.08345726383881721,273.2753717243926
881.147084744005,3827.4940024080847,1440.533117047344,0.6257318964228756,0.808070548196749,0.4531033783201906,233.46008000567917
852.7045982680139,2870.382550789945,608.5637323021696,0.5419368043776578,0.6315023884044336,0.6501447949427113,215.59982592616106
1360.7619373194912,4672.887344445819,3237.031891654979,0.5489423153226983,0.6449616373912649,0.18152593089144106,195.2484680764331
943.076532076995,7744.371832844468,377.2543568534101,0.7828875654037998,1.2685357059348603,0.9070988128496976,352.21135739230374
1687.539851302383,3897.721408351465,1586.2480227964843,0.39571677203697053,0.39400095901962773,0.42149640222367685,148.66355664211292
610.1371860220786,6345.251244044983,3329.0119023033894,0.8245569769196989,1.4327649249928238,0.31177974961000693,347.654579465363
455.41262913617345,6754.79713630129,1558.823558179049,0.8736756226549588,1.6597816499838227,0.6249952660153243,392.7082458112211
612.2673914639546,5574.789030550761,1813.1817780424801,0.8020811998137168,1.341310028551264,0.5091529662818719,334.12714722668403
1505.2674506135784,7512.847980937368,3702.3850295111024,0.6661680675143489,0.9077389184867425,0.3397578050796233,245.76079955148953
180.80302560591082,4027.442991617463,1208.996951226297,0.9140720265293605,1.8807175385432409,0.5382370600286713,415.99608085651096
172.5538794827657,1858.805270797414,1393.807825658292,0.8301099243095237,1.4561109839645636,0.14296119188072431,337.1141982547423
190.77410740695848,3840.2563245099777,2675.6353299016278,0.9053472251912966,1.829901074965751,0.17873547569519577,384.29931536978137
820.0637943559748,2446.9675320473066,1674.2683726723246,0.4979761669394324,0.5519904971444165,0.18749209631571834,176.65494864093287
947.2696779715511,7923.082098129455,3140.41978705264,0.7864189149934396,1.2815928362400109,0.4322919054273568,316.4002205943257
417.8727444909831,5505.639938262073,1997.2425852473264,0.8589104920338503,1.5871742139873493,0.46760659540569777,371.9728909907637
405.8171488927807,6708.805227702891,3621.2896433989736,0.8859202560994042,1.7231244549770819,0.2988855012979857,381.55449181929606
1096.5780260727247,6808.370066366736,660.8068317927259,0.7225590823340621,1.0665212218648705,0.8230576564957006,314.3353056477719
1128.895014672233,5187.236975635585,311.02768923860344,0.6425359645030204,0.848201654543929,0.8868633255619562,273.16843263238553
771.0184556929989,1754.881223384739,3943.8396035627757,0.3895098350309227,0.3854058318457041,-0.3841139873781858,96.96367464930924
1484.9729183357917,6238.187960936637,2614.3306447989053,0.615449440492968,0.7844093753283415,0.40935890418580734,236.49762826585382
1236.3042991388404,6486.908073255777,1376.547176869916,0.679847130994938,0.9439638036950599,0.6498874519129852,270.3161088412916
1241.5490129642255,7342.873271066269,2147.5738465952177,0.7107437234001787,1.0311051234365445,0.5474240949359809,286.06149731031894
1831.9996444058193,5769.99379492532,2928.4014941224314,0.5180212507981279,0.5873047947039234,0.32668006063763155,173.45242118904747
1347.3827117536218,7681.580997872493,438.9422959576642,0.7015421137050539,1.0043520632357876,0.8918931008455793,293.0918485064194
534.9166071130601,2874.347857636888,2505.840012381077,0.6861982325003392,0.9611708635272389,0.06849349020707839,247.1516288886337
337.7520043568977,7227.63744927268,2206.7851382515173,0.9107112708784045,1.861095129586639,0.5321843773596071,428.1883255436687
1741.5916784850842,6611.588284633979,2809.1194450349403,0.5830110960218599,0.7135677405532157,0.403628787593121,212.76981752205924
715.2153091107311,4347.35893431976,3325.607782124397,0.7174499473671665,1.0510099638055213,0.13316246372768123,256.24343247441766
598.683379189416,4943.295661193124,2365.161863886326,0.7839459964684152,1.2723789742207512,0.3527603174961342,306.2937354750519
913.5138446753208,2279.204602979403,3079.0785656843486,0.4277517044697525,0.4399046962920419,-0.14927803129806227,119.92388132378194
589.7449259532495,4354.091449632875,2874.56518948018,0.7614221501155396,1.1922206343648774,0.20467513312813204,299.28574108640123
198.1075445811456,2453.8079022199413,1843.4966025943515,0.8505928646817059,1.5477764174338966,0.1420218880928342,341.842690880657
1937.1886839858205,7943.242053866661,1504.2178715745456,0.6078736371546476,0.7673555635839293,0.6815614178230922,238.20951726265812
405.8390727112719,6020.806454566559,3591.6814350300947,0.873701117814716,1.659889151970737,0.25270513182260945,362.8082702949779
616.1545487763143,4051.4220375158825,1911.2758755198822,0.7359852429829054,1.1082438480878682,0.3589224530322505,280.4038384098325
194.2569985152137,3530.312680246984,2100.573309485639,0.8956888898759353,1.7756860256340623,0.25391019692361494,385.8557286989818
1685.6349025645798,3872.288923237977,1833.7778804970624,0.39343000890520785,0.3908341043536777,0.357253273138917,130.32896578959262
1050.2363775525669,2163.303901205957,442.0021015520016,0.3463680012553102,0.32869833835769496,0.6606908352305284,139.13540657083408
872.422056151003,7495.8596952182925,3005.74039222729,0.7914931445982932,1.30061143792344,0.42756525340659945,331.7982968891183
1219.1498997950262,4417.248624108056,2806.971979572939,0.5674011002208225,0.6814238425350821,0.22289970540098467,201.56404718364502
1277.0748001842821,1977.4064449718278,994.9412467364064,0.21518994635925837,0.18160516544226787,0.3305350853285455,73.185923409543
398.0208525469324,3750.889580482452,2708.770919016891,0.8081323473351638,1.365171296026637,0.16132715664933212,325.6476931559954
1975.5114975276924,2741.1981247246395,3187.7576223770398,0.16233490894209,0.1311532398537028,-0.0753184062463915,34.88980310347338
1015.2494780708073,6961.189392593113,3573.411036025983,0.7454379090956358,1.138747284795442,0.3215858426905351,299.7825115486598
806.8801794296169,6743.566455765662,3904.2050258031736,0.7862695496550892,1.2810211466539312,0.2666625062916429,304.63966935485684
1527.5173537446926,4215.2185134075025,3483.1063834290794,0.4680175479718894,0.5021366782639662,0.09510018603971424,143.4702318512236
1949.2592074622803,4733.56333743822,514.7680112770522,0.41663595147890586,0.4236585566993977,0.8038355517301784,173.8723710476053
771.4265639698759,1708.4812084780365,3855.290270651641,0.37785866657667555,0.36961527417754947,-0.38585500318276333,96.46320520969796
351.27062907443565,5298.119388108931,2707.098729860644,0.8756429885549339,1.6697111842770063,0.32366646601526966,382.62847758956644
140.84990051504963,2245.920923215794,3856.828525487917,0.8819745075181792,1.7020190688846353,-0.26396423702931676,354.2254931494827
1026.6060896448553,4498.341634992237,2164.4371711584663,0.6283743698130735,0.8142749448035049,0.35028995129313784,228.94223426058232
1544.3383490949425,2797.657119250319,2816.937823644501,0.2886504094727595,0.25970809436313297,-0.0034340330133961765,84.3925751912561
1643.7425139682898,2796.1775096783604,2503.1298335177667,0.259562106820108,0.22758065591549306,0.05529924141530373,69.52933065246842
458.2364009689,3525.830146811614,3162.7807045654004,0.7699654883479987,1.2219057770424444,0.05427875088848867,280.55531144868036
115.79208583784126,2818.7758509980176,1401.8499261677418,0.9210840649862523,1.9227215458622502,0.33571465448568083,418.32691699598655
1824.4106729937753,3299.4713297411095,1576.129958790893,0.28787951316445953,0.25883823760637237,0.3534623256930913,99.00294273963138
724.0841913766984,7768.430655729248,3504.619598120846,0.8294770854505628,1.4537691503269856,0.3782304665743815,346.2308852553687
1708.5695903597218,2382.3805436667553,886.4897602232751,0.1647076916283832,0.1333244403135691,0.45761704929244795,68.80728911404626
172.33198527555655,7412.329420258786,3104.514689657289,0.954557764272222,2.1426903128545938,0.4096109712351971,458.1076747359831
1461.6181053350417,4980.730787219254,1606.1163448971201,0.5462468332637429,0.6397716949113006,0.5123262122413237,203.02500083988645
691.1273188706341,2165.5023174506578,1487.582145194742,0.516123959269207,0.583840022228285,0.18557473253148427,175.95785375354427
254.09190736305746,4437.2904079211985,2992.592893080353,0.8916771685901278,1.7538610801346417,0.19444417309376252,388.8235554341471
470.240153893521,7470.660994820426,3445.603579359339,0.881565040156567,1.7002699712322595,0.36872113054247807,392.02132566533265
1646.429509172615,4767.678861840188,3585.536331526219,0.48662248462884905,0.5327361948171152,0.14151946320157444,151.10443280201827
1959.8137830023084,1877.6258469943734,3524.0661554697863,-0.02141738865259715,-0.015066523283319665,-0.3048008489598322,5.0
745.0391318879973,5399.617281602283,3479.493074391908,0.7575001490299597,1.1788693912450978,0.21625186871316085,300.7704936946568
1286.321856359376,6391.286440472989,1399.426370569224,0.6649159980660786,0.9044801321571014,0.6407449729359523,259.8291155854474
1400.9868824192624,3592.3824700454315,2708.648734197759,0.43886110409710616,0.4565672372796917,0.1402522392068624,134.5910514473303
608.158881125207,6568.333609644857,2664.75476085432,0.8305136158582656,1.4582128073301972,0.42278148889380907,355.25067445698267
415.58725340985876,3473.278525958225,2778.2791585783484,0.7862681422393945,1.2809118201164094,0.11117219137044955,300.06693172870456
1221.8316174944935,3976.7480500318843,1892.0267137813323,0.529936368815584,0.6090238566456332,0.35522258389428946,198.2412785069319
296.9473508307783,3048.4426259988622,1637.3371288043177,0.8224737006455515,1.423837247697251,0.30114635572594683,343.24383024053003
146.18174114481084,7524.052426593007,873.7841874912274,0.9618833692873118,2.195234833708662,0.7919025510875666,489.2193955022692
151.95236246941585,2121.828812663648,1618.2620461150163,0.8663438992596152,1.6228773643358398,0.13464024950945508,350.82385786110063
1376.1152735106184,6636.722290566973,1966.7559659575084,0.6565223585691661,0.8829832179372645,0.5427998054769508,258.89437856840976
1787.8837528046088,3417.207530779454,3930.743603244141,0.3130250151040423,0.28795776406989054,-0.06988833526899034,84.32354812776126
1754.111119374873,6137.677052730056,2224.731409074863,0.5554591478132036,0.6576660114153812,0.4679208939696677,216.17558945370587
1588.5998481684317,6886.68824920639,2435.9638800024177,0.62512192382627,0.8066867172587793,0.4774096798894807,234.0625497997074
1298.358549110702,7591.961788952331,1094.3738957903743,0.7079163629445688,1.0228104034651635,0.7480240377800221,290.9372562321996
1326.3408131133563,3746.0688253504195,2420.4171835073544,0.47703718434161435,0.516810018557071,0.2149768344116685,160.62165046905008
955.1173289494421,2725.2314014385693,1460.0893560574352,0.48096368080356994,0.5232729097391335,0.30228078524518226,157.69577718852005
1441.33839792174,7381.552028087953,1942.3287677209355,0.6732729686839719,0.9263876813949596,0.5833647360902126,271.59238242267486
1949.4477793461485,6500.803891285079,2889.0626921572216,0.538605983442898,0.6252381337743398,0.3846424405126276,198.42526286939332
1609.1908579898668,4409.764021074565,2722.8336243557183,0.4652922673271009,0.49775900182374433,0.23650996177572417,165.30998143734436
215.62304255880346,4480.172375855091,3582.4327014425385,0.9081633573015765,1.846153821952865,0.11134610534615254,397.8392237937076
1109.0856669973537,4147.3573715827115,1933.9777553587617,0.5780090608245388,0.7031166991443585,0.3639627762091737,210.9999566696677
1220.1349741294482,4274.437092275628,2741.134937225609,0.5558762503571341,0.6584678074565393,0.21855696846725556,190.0611653628004
160.99515715864288,3853.8089303854904,2056.08916389315,0.9197992459367931,1.9150499868553283,0.30418794664641025,413.37949330069415
133.89925394014705,6485.916226294438,2514.232919244143,0.9595459254658333,2.1782391447151235,0.4412908322277957,467.7602557403056
1573.1068296856422,2952.361790428111,858.4212723870463,0.30477616269561564,0.27825505418781293,0.5494777537781751,114.77182393281959
1439.6414335307616,1879.2857793786325,1270.0267511534353,0.13246579919118198,0.10449675055024582,0.19345778550876525,41.040040014694426
1294.0707826400335,2514.4746640783724,3798.041358588229,0.320438313836966,0.29679373277638915,-0.2033367819895531,73.05203745301081
1538.1214089231667,7197.443564056896,1335.2972662947036,0.6478484416280694,0.8612745622118907,0.687017971555292,270.44915716096216
944.0643755238011,6433.997282645729,1174.90381422738,0.7440887811365716,1.1343414503068192,0.6911764788069601,319.30885991561183
962.090118872407,7418.494190213169,3967.337922830103,0.7704002289638481,1.2235421067703216,0.30310970975291424,297.5196435734883
1084.6137305382795,6116.158474256163,2402.615794991765,0.6987507172729353,0.9963580532451726,0.4359245310952839,264.3371888724388
664.6762986550833,4462.793854410907,2106.352826804794,0.7407390860664466,1.1234572359655453,0.3587134131112614,296.3385914291942
929.8972764178887,7124.157562771276,1254.7953655418569,0.7690859336398438,1.218906723679784,0.7004887420593925,334.5643544844818
1648.932725911022,6899.455836405545,1563.9884087205708,0.6142120320812192,0.7816045601304872,0.6304132540516377,242.55707936669134
1373.805292324098,3910.8527778901903,419.1536399225126,0.48007788798777273,0.5218250376883946,0.806395834148696,191.66782629750915
242.60587923672722,3393.2800445442117,874.9590744835941,0.866549234626307,1.6240872043362284,0.5900140313704382,379.26664982902776
1383.846686956251,3921.5620910036732,3038.882699691436,0.47832608377161046,0.5189329443574537,0.12681364736423323,147.36943235015787
1969.898681774792,2361.131671893924,3600.3110031316437,0.09033254400939368,0.06896878584240823,-0.20786567926270288,5.0
702.6767321611327,2470.6179623962835,3616.5496397333545,0.5571311207592072,0.6608949833903787,-0.18825367593754197,170.12804347960747
1553.648721952566,6352.46914703982,3415.8189182219317,0.6069755730939886,0.7653444597738759,0.300631001962427,227.82439954420647
911.2194354344686,3385.800251704354,2033.309888223337,0.5758830528751211,0.6987091017073456,0.24957794329854416,199.2936836419318
1444.553363758015,7331.065257677477,511.70246269558595,0.6707802774006355,0.9198028130379975,0.8695097237672619,275.33370534437904
1927.8615739824957,5535.23014078296,2969.5347499138315,0.4833611463168885,0.5272882371923477,0.3016774036133578,166.59427572513994
383.26021133953157,7719.333082291214,1305.6366910947072,0.9053981366450906,1.8303768020047142,0.7106612599855392,420.5396473951598
1604.8941071697052,2110.3477630435846,2963.9040213273393,0.13604865400292576,0.107628404136045,-0.16821322519796095,23.037046995672924
1899.0686961393742,5627.950980319435,2211.6234309687825,0.4953995663578451,0.5476124561515692,0.4357797208985856,180.10722524146314
1168.72679560621,3967.007388414341,958.5117424217185,0.5448647636339716,0.6371099200660346,0.6107976774564189,207.9431663628005
596.8591211340679,3343.2185904129965,3646.6737286852185,0.6970318023254276,0.9914120667152743,-0.04341342103363878,237.02183967946576
694.0421263343156,2777.030085559462,1294.5498916800912,0.6000992867528367,0.7501091521918546,0.36410440217371276,216.8838261670569
1061.7599207787034,5423.142348646026,3086.5603155179665,0.6725440486216723,0.9244367671839083,0.27457857519432266,238.82820628095445
928.9561094420426,1990.8211750944495,3631.827583734857,0.3636801583848528,0.3508878952707866,-0.291856468140867,82.88257859561315
636.3548065678692,6501.418230731586,2849.7254666319805,0.8216937401474231,1.4207249345176518,0.3905076086830582,343.31916461685535
111.34778534517068,2974.641894643093,3732.0287905206455,0.9278365792788315,1.9645357944756596,-0.11293038398919551,393.89730995657715
1036.4945383659679,4566.312195635407,1986.37607937382,0.6300088195472215,0.8181267881898545,0.3937217837306982,230.83830456260287
1900.7040396119912,6651.53581024429,396.4763674675026,0.5555073119419853,0.6577635962965223,0.8874927120117523,225.01232358230283
658.4592609764524,4626.593966118581,2265.781879887341,0.7508220889900894,1.15643886109741,0.34252515223132923,295.8615591263924
1603.9750158629229,2961.0705612420793,1203.8827212518477,0.29727973623923837,0.2695662046556268,0.42189857133671105,110.59887654400623
1748.8330232006676,6342.992864510892,3243.0633336233286,0.5677531751788274,0.6821527433697289,0.323379027463613,208.2346962191574
1988.5687275930309,7451.694418649052,1147.5932342167152,0.5787048100086108,0.704588268094326,0.7330957444595261,240.08363108127372
1300.6746959744546,7035.797211066739,3913.239591969732,0.6879555978063453,0.9661044174999401,0.2851901655811263,260.66752316453176
645.7730700405949,5801.636605941568,2434.1199716548253,0.7996798395342976,1.3319512781103262,0.4088897725605998,336.13840815724336
364.0237133882494,2930.541845020064,1682.2924785194439,0.7790156502737035,1.254239935825026,0.27060355492503646,309.1276380493676
188.28046387135967,6152.690769573283,2979.0363543515596,0.9406146290812342,2.047269120024677,0.3475415298557603,445.41942552176573
1314.6570618052701,7434.016892543792,3930.449792001393,0.6994614111772972,0.998397196905182,0.30829137851217375,268.1602697655062
808.421781057121,7085.695534451525,3163.021477889674,0.7951837427430927,1.3146424548903166,0.3827478162833003,316.7839933265723
980.1365165207335,6437.566731563798,2491.705166106641,0.735730458847434,1.1074882891987068,0.44190182696135527,291.83479000670616
1769.5464453783247,3420.8292811558804,3235.6031472027153,0.31814321784408306,0.29405052679550925,0.027826637755115503,93.887515316265
927.8028360963075,6936.734222587633,2763.2164826502985,0.7640540493216027,1.2013488672169947,0.43026174733582834,300.9230253523701
580.7098232719782,5625.081414431316,1219.3542712407282,0.8128490626141919,1.3842434517030868,0.6436947244269857,359.6115649499444
764.9236878547938,6653.6026017410395,2256.054688381885,0.7937801502909124,1.309276751562709,0.49357093877680575,323.90040393379985
1124.1153523917378,2368.418043751275,383.37947587054725,0.35627510172913757,0.3413121713954306,0.7213606935121338,156.80841811803822
156.7478502971117,3895.7475234036924,3292.7610494069236,0.9226413178528627,1.932405580266085,0.08388199969512267,407.18773943220936
1490.1348713492746,3562.230451494996,3569.147758661959,0.41012386225647945,0.41428522966218656,-0.0009699818130723854,129.67606787618337
1970.4214781130568,6884.8527160042095,2428.72913834475,0.5549722266760452,0.6567151754477301,0.4784543311980693,216.47674535248422
804.6265935613001,6441.454442765245,1603.0472009861894,0.7779139951881717,1.2503817245920954,0.601455187088666,333.3585731316379
1256.3351500070298,6829.117614804545,1076.5227970531328,0.6892356712986313,0.9696430643418706,0.7276570293274955,277.3932822906682
207.70146406003516,2098.335427548426,3460.521462868279,0.8198628432825334,1.4128000137904184,-0.24504786900040018,294.1685968510797
441.18832922256615,6822.6603959995855,3619.984838318079,0.8785249125219536,1.68451412621582,0.3066919813429898,383.78044866670155
1746.2372708087266,3603.445535366811,2470.831404542265,0.34716231438376266,0.3297162193859602,0.18646073299631924,106.4317613051403
906.4223842231033,1500.4045955522377,2597.8853624904646,0.24679057367795815,0.21397242101543815,-0.2677899265074406,58.54486556495027
1240.7322147718,5283.452874161316,771.4316905424546,0.6196514359513611,0.7940076829600734,0.7451869865820341,261.05838331850316
926.5027127625666,7648.337975540294,1625.8249638486561,0.7839020579313196,1.2722696436047352,0.6493861548909835,331.8882302070681
117.05485002386261,7927.768679129674,1661.3460533741,0.9708993366765302,2.2623755485260664,0.653493341138268,490.3186542622209
189.5513222712139,2900.0589177284564,3505.9127759623357,0.8772975825521068,1.6779726156795816,-0.09457641824049974,348.83759977354487
972.4224793969391,4081.260467400275,2875.682270604703,0.6151628466044566,0.7837304996801863,0.17329137841488126,214.3903018522325
999.6678095244656,3466.6569643963967,1430.7253667327154,0.5523532835597794,0.6515626377035586,0.4157183286073093,208.59565217497942
313.6082168880839,1910.2880677460307,812.0362240497524,0.7179650693119777,1.0524032533969392,0.40342432626510905,273.793391818707
1997.9880058655099,7318.822595902993,3869.873739375303,0.5711004352129248,0.6889506048244721,0.3082529682519667,194.0647080849758
877.4789907229559,4697.326799463619,2839.9339385410435,0.6851983641797186,0.9584891208573704,0.24642810236227206,261.9471751926836
1982.843219216667,2133.128494813655,1321.0666035209608,0.03651270854174973,0.026777005202770966,0.23509439042662128,27.700016451805237
1043.6331201346084,4907.17825928867,2426.4778163233054,0.6492467820210509,0.8647164506333536,0.338262446050157,240.54504808941806
1988.8167984824925,4981.497088825981,2235.06383032703,0.4293465600398865,0.4423011967592071,0.3805736955437105,157.2403760263561
284.7810115595401,5741.127323804244,681.0119335177568,0.9054811337434363,1.8307888093307554,0.7879174192196841,435.1314721091129
861.4596413883179,4653.076592352847,3998.8326380004783,0.6875676919262269,0.9650007270968994,0.07561844869817623,248.4961490380749
1576.8951939021197,2908.5267478052306,598.0120990686461,0.29687988575258834,0.2691056792036869,0.6589160277341635,132.25832362869053
307.01010811549645,3638.738037639363,2586.6810777180804,0.8443843361528315,1.5194501477365434,0.16899375612430284,338.579555850348
281.339661207117,4780.762021124705,2162.64551034128,0.8888447213008401,1.7386249837736383,0.37706507914761384,395.86899282820366
1487.133480046277,3560.741286975845,2754.3835312922806,0.41078828263840966,0.415235052104787,0.12768674868045046,121.86338412773053
151.92285093222029,5767.549848742851,1637.2450004421644,0.9486701403606795,2.1016294534030804,0.5577878836437294,462.41373367142006
1708.3172047354292,3494.2701310983753,2583.9799973334243,0.3432816809664252,0.32483273940069274,0.14976187461539126,103.7616132519366
1356.0385789567265,3137.7888299048545,600.2258815317309,0.39648835801707155,0.395065863068133,0.6788531195263916,166.10832050765157
1416.1289306482417,7500.826683775212,2213.565637052491,0.6823738970509629,0.9508172045252244,0.5442708994614658,279.46935298081814
564.97593557461,5260.147123936151,3215.1252174109927,0.8060209440364778,1.3568286044091082,0.24129276605155198,330.8227743188361
1021.3106608855837,4557.088316076165,1503.403742030591,0.6338337700761757,0.8272022843832985,0.503867432588576,250.67139843856305
1072.7830491909804,4568.463808673361,2657.3784671570465,0.6196645612112263,0.7940280922878072,0.26447924938026823,213.418614462657
1648.4616356596543,5934.261545190708,3892.834650847164,0.5652059038353577,0.6770174739754858,0.20773449790375306,186.8927539245299
1692.6809746229549,5046.661593596993,732.9285422599228,0.49767178096753856,0.5515055797782307,0.7463735228953424,193.4758475877038
1584.3388499373298,5275.193095895711,3546.762614696325,0.5380621118999821,0.6242047370167143,0.19592373139305508,180.13946783078438
891.4048578082737,2683.3114188090576,1502.742415770903,0.5012723869081855,0.5576884210170692,0.2820243239596539,183.8852753224625
1184.863943645114,3572.324179297339,2810.395688218286,0.5018637424987202,0.5587312153545728,0.11937363800618249,171.23647499097635
241.38084627356423,4485.3418261144925,1638.7845453422226,0.8978654499310638,1.7877960353139601,0.46481034316578995,397.5562045035968
267.9156339753507,3006.8825231051396,1384.1312188581103,0.8363773145442415,1.483609729250125,0.36956188234380816,347.59336764781233
684.3629031768623,3756.0892666199206,307.39936964394417,0.6917598130309048,0.9766063158701687,0.8487017449366215,295.7508591471062
1585.0004369570909,5381.0802635197215,1438.7318072710837,0.5449376757518557,0.6372647560133051,0.578072887456182,202.39603418136002
1255.1806403352941,2514.997932798453,1408.756409286673,0.3341532152101363,0.3134784111197691,0.28193445021891367,117.06545778872571
1755.0714734870921,4431.3291799236285,1908.6061023603545,0.43260335952027995,0.4471531422729624,0.39790990993468706,163.63775961648514
1646.5704525864305,7081.191312438751,3767.222286981395,0.6226820811044398,0.801017646506782,0.305479597987397,232.63168950013255
727.7350823531989,2771.9061135337283,2934.14659549133,0.584108746061997,0.7158146722997618,-0.02843304999138175,194.97830513447255
250.00202671199463,2645.998996426715,1148.561837086508,0.8273467273469997,1.4444119386105685,0.3946272637719624,355.2904515000529
1950.9146930900174,3927.1758390351224,3177.4374004522315,0.33620801428766156,0.316026547943531,0.10552839587527796,106.64996933193368
479.6985439737607,4734.128881523088,3560.996186044616,0.8159898649364892,1.3970351490272825,0.1414243529520446,322.1910222815831
260.2923240931464,4202.77192845555,2955.4642707854937,0.8833571242510427,1.7095056423279609,0.17424790448072314,382.5484990727033
479.44505783295716,4111.303022866128,2956.0987028116183,0.7911255203724838,1.2991385761654117,0.1634553071596158,312.81953358612765
1077.9030210714259,2299.718406813122,1882.1591473860321,0.361738404219326,0.34836803153941576,0.09984970958988401,113.25066141587979
1359.7506666840206,6720.6435326180845,1629.4155558484765,0.6634444722676566,0.9006787154067502,0.6097235866500745,272.71522145687555
1560.4455009505677,3443.4931445668844,1365.4927997094892,0.37631309587035905,0.3675769529187719,0.4321078016246878,139.663097294032
1472.8779086234003,6108.796184840503,3743.527801734809,0.6114636712757442,0.7753894659402071,0.24007212776280143,223.51695654941997
1390.8134466634183,1679.9078738977746,2092.578735444061,0.09414544563339831,0.07208770304718964,-0.109389615967091,24.998910364989285
765.9231712692891,7452.820276367204,3155.840977235687,0.8136155054465515,1.3873968184531495,0.4050444439695104,329.3487476967492
573.7703314514445,3188.9860939464966,1190.969216027399,0.6950265885263743,0.9857418567117153,0.4561728912879782,264.58871299459094
632.8063362458959,3475.4786118394923,682.2566783822699,0.6919364919481666,0.9770894147988475,0.671813316098925,281.36917112132124
1766.7257074564886,3712.9218103369135,924.5082859321407,0.3551681191546732,0.33990473835215423,0.6012842168870314,137.88360952477805
582.8516485206706,7036.933706924674,1178.6600233275958,0.8470162552472282,1.5315745963309133,0.7130675974533767,377.41200092537076
1118.2551529745376,5986.48506011239,2757.7583784824774,0.6852087142448032,0.9585381942474658,0.3692402554816685,262.47282756411096
176.99927112910763,4733.1344423357,3067.502580498221,0.9279045003977451,1.9651625812746463,0.21352510785315848,424.2603472519175
776.3664025859209,2729.195478691471,2774.0583304063825,0.5570659260012528,0.6607759088334141,-0.008152059356701493,177.91353492096923
1390.5362898529502,7104.318277710787,3908.9192687023674,0.672616810769474,0.924647808315569,0.2901416586405122,257.11128554916064
398.87507490189415,6357.471457616456,1809.4460289891522,0.8819258090380449,1.7021211499904036,0.556883969444964,388.1665519348585
1491.4766906146604,5124.843299734925,1506.0478138070969,0.5491521894150613,0.645371787712184,0.5457479882291459,211.67957113815268
1350.9250820486927,6536.091937968153,2346.8045718530275,0.6574306663853193,0.8852853712393907,0.47161276291035453,245.86116216361648
1502.679978972322,4681.51134596112,2853.813282366944,0.5140253914296523,0.5801383726224436,0.24255067346145043,183.06965732513916
878.7487030987966,7895.42489321289,989.1536028385788,0.7996965312224878,1.3320526149837684,0.7773324635114992,346.70261072099026
1022.2435562242977,3328.3885298642713,1180.8907360836602,0.5300712465400031,0.6092628029614657,0.4762396974437397,197.0111157253378
1142.922173026167,4707.507795936902,2435.8930916872982,0.609286093707953,0.7704852667481501,0.318001850892497,222.0626209619145
1510.983820850585,4690.289957006431,353.56339024232096,0.5126859818696534,0.5777534274979641,0.859804254275125,217.25270202289374
963.8905491275788,2448.9769196624025,3238.022557315808,0.4351432874790805,0.450937875564585,-0.13874550907008698,119.87800679401559
1357.1820306759428,3966.6388203307533,2551.915506548683,0.49014737013008874,0.5386662433319851,0.2170302252036759,158.90272800634594
1538.0382327101083,6741.814361437564,610.6505822196582,0.6284865665092972,0.8145641899921506,0.8338922831142782,261.845754047395
965.2015744935366,5884.166027055878,3054.363619833455,0.7181633017815315,1.0531873661283604,0.3165847760980049,274.6829852109923
1232.98772699119,3944.7727417577476,1516.6786026453005,0.5237370540043634,0.5976412521998402,0.44458770856874796,194.72159518191825
1539.8055260088806,3826.4877629922685,817.9038039842291,0.42611950435957224,0.43751455577107123,0.6477886101922369,158.320441527561
1981.7411542072189,5554.098067538965,1710.9601243529326,0.4740489821689588,0.511929681017379,0.5289892855842699,179.07229810876052
961.2688805525183,7362.048393650799,3095.89875661672,0.7690178448642553,1.2186704049207715,0.40793375366378815,317.94206588112957
1767.1473017226467,5376.356428864186,1055.7839280165763,0.5052435419306209,0.5646362434351938,0.671716141199247,204.03022306090307
1939.1734731958368,4179.466193832285,389.1809355913642,0.3661422868783571,0.35412913350816205,0.8296296803052612,158.68058435871725
737.3706307156751,3720.9223694014822,2894.6767802568374,0.6692139206503902,0.9156328902018002,0.12489353879042459,242.8234893830167
1589.9898883625947,2762.664731637261,3835.2087693766084,0.26941601054606285,0.2382787265794627,-0.16255904836792864,66.95070146311632
1205.8818325645539,4023.400906416548,1202.8497876002016,0.5387964686457508,0.6255764141735997,0.5396892119059181,210.5461113768031
815.6069807002365,2601.945907793142,3433.8276406539444,0.5226953275791774,0.5957173372265769,-0.137825206006446,158.83087213285611
536.2305992565114,6362.40390938127,3591.4241351156793,0.84454007557369,1.520275161914574,0.27838332766047375,353.29879917803504
1458.9899164298188,6264.04416226294,763.5764727445227,0.6221718299117331,0.7998301273809005,0.7826927454415562,259.320748238333
1228.2880815175222,2754.891012909339,3086.629230601696,0.38326243807227484,0.3769159336591954,-0.056789706070790945,103.67124298063621
600.4252591290644,5111.501623529091,2950.73264920729,0.7897643748392917,1.2940472858015823,0.26801118659634404,317.9991019529739
304.97499480881714,6894.523940627831,1985.9647431830863,0.9152788275958096,1.8880419951570797,0.55273525722073,427.3681080111259
1008.1131613002868,2283.6222898858523,375.2192891013037,0.38748834683493844,0.3826542114413818,0.7177573177540603,167.89276306900643
1110.155023038632,6987.2310864656665,1079.3437649482976,0.7257991632389893,1.0764537041281272,0.7323910618333137,305.440286502666
793.1879272987534,5020.710280570225,1859.8285410275262,0.7271407584712225,1.0805624274069818,0.45939450688969535,282.6373643818567
1037.8752456708048,6812.182580571853,2232.0526083330265,0.7355751335820772,1.1070006011160414,0.5064142933115163,298.15579791039926
1711.421532782537,2380.842681035613,2161.148681720599,0.16358209370477403,0.132292780544953,0.04836953259491179,41.34336612536108
951.3946546403732,4613.8243444853215,3617.246875332993,0.6580926446492456,0.8869421379621325,0.12107506330788995,230.749013363334
1037.657602683835,6696.565170474829,3640.4393740139567,0.7316711365876807,1.0946923907217707,0.2956490715479668,278.5876744149498
678.7674948823079,2997.6069760039654,2123.570723215983,0.6307408287306239,0.8198168500180618,0.17067094796387236,224.9214305373863
1406.2355400859255,4934.466206425706,704.2941483901327,0.5564416695241048,0.6595869424267454,0.7501953959920568,227.58637947250537
833.9766878276747,6118.493133143166,2448.1242288260482,0.7600919645297317,1.1877075917985374,0.42845019787891603,310.2118662002665
1165.8566444216976,3270.852846132269,2776.6259807916886,0.4744498610327745,0.5125639660565952,0.08172444739426128,155.71427446333195
337.6580437705017,4037.671358829375,3447.607627447536,0.845653657988499,1.5252454176890224,0.07882989162926311,341.2737228845612
1436.8061778735553,6672.819670259268,644.7225165895724,0.6456541386487773,0.8558566534461114,0.8237871403979965,268.5757862180457
565.2135884152699,1818.2596487445142,1316.7544785165273,0.5257227311252245,0.6012072533475981,0.15996903034888915,166.7519044439021
1035.6580630745486,2631.6925065253427,888.0906721026896,0.4352009475848176,0.4510283802075376,0.49537194350900776,158.82618546529636
338.3634108219752,6189.467864879568,1962.2969604714265,0.8963320597670389,1.7793926401276359,0.5185589862386114,414.99805645342684
1182.349550328009,7234.512226695779,2329.0471852466053,0.7190521640939634,1.0558840881640033,0.5129329812925716,287.73305813686886
740.3336435854463,4672.723081445559,1628.3491481994874,0.7264637407085596,1.0784631673473828,0.483151727485342,282.7371884438453
210.24022811556807,6958.533112206371,962.3000456126894,0.9413455500388859,2.052157228978592,0.7570204985213547,463.07223361800953
185.54714084914517,4032.4480179568495,2058.391208793029,0.9120211691481981,1.8686137761372612,0.324102596596215,405.0468272803148
843.9434958486277,4353.3498539636585,3309.2240918807765,0.6752373055037475,0.931567828338069,0.13626305851349974,251.02130876244695
1194.4330856958807,3805.9852394895656,3150.21064699188,0.5222667351885135,0.5949633712235313,0.09427201348338034,166.50151542774321
1754.2738457328037,3964.498435478588,1112.1284615898076,0.38648585407410424,0.38130615663361683,0.5618632275249689,149.0477522277779
1974.5698720921982,4345.907508243032,2532.844300371689,0.37518331181020337,0.3660753660998201,0.263574447523626,133.78294377530617
351.81272580775965,3275.1538435131615,446.658855575626,0.806001671376513,1.3566571051502185,0.7599777892826415,351.94184510817337
617.9944963763651,4223.909967501246,3251.164174491362,0.7447308176527658,1.1363832742459352,0.13013192570427806,280.02862532888736
1377.9210558736563,4794.0639593562355,3628.578736321079,0.5534917687744653,0.6538027348402848,0.13837524219030853,184.76208208198835
996.8878857731007,6570.221173313805,2425.4083612644513,0.7365208091076061,1.1100003503053257,0.4607585045222648,290.5531453983989
1548.5031231738908,3976.889756688684,1032.6011716557036,0.4394957400994253,0.4575332315947255,0.587742073308497,177.4317521602422
1367.483119617307,6372.050358626791,2881.1935759838084,0.6466238892086643,0.8582426809157793,0.3772576198071049,245.31274326455534
918.9478122886208,4761.0950343016175,1578.292939748462,0.6764292673677681,0.9347578744857616,0.5020677243733472,260.044031644295
1284.373899433787,6129.948049833055,3894.526409628454,0.6535424524187103,0.8754620056311002,0.22299639238161975,231.75214878309
380.05017328733487,2716.377059580923,3117.3560392180775,0.7545234264636334,1.168706167079128,-0.06873454317801585,270.32825576290696
1954.411015635827,7682.182541963083,750.2295307519341,0.5943772030539007,0.7377479667211988,0.8220605149052186,250.20340466776418
882.3568584615266,5626.333019304965,3243.6216413931347,0.7288680593493729,1.0859285310224838,0.2686272330343202,280.9903688588451
1228.8814005853135,7392.832104930958,2662.7211654975536,0.7149333713868994,1.0435261737082586,0.47039787983356146,277.4935950771572
567.2055075591384,4259.039674001919,2714.666285055389,0.7649495677887838,1.2043921382040645,0.2214566254717511,295.34234242878176
1970.0852392061076,5109.4077084619075,2335.6324743307423,0.44343888637482903,0.4635487362811325,0.37256685869466316,153.2040787990715
1924.7610388172395,2821.5602068506005,1557.338722892464,0.18894615880940627,0.15600711116711702,0.288707618959273,60.8087797451581
1559.4337692271338,7582.923727518743,339.13667919628983,0.6588552197588806,0.8889171794863825,0.9143816981334765,273.3280449477528
1000.2397053579549,1641.5094406742805,2858.3242374135384,0.24274437110606578,0.2097312026338022,-0.27041328269402254,47.04296964003605
1850.1581671323713,4237.591390927078,746.6651718266605,0.39217007871847515,0.38909790686621826,0.7003905546289404,158.1265941970949
1642.460925389983,4635.83785154605,548.9339903623269,0.47678153462141026,0.5163985037972727,0.7882514380596526,200.27695304536
1958.627865370191,3064.5466019148007,3822.794067605295,0.22016331376246054,0.18659231219465106,-0.11009292293846056,61.92420275384896
1630.3926284431193,5226.800416723288,2377.276171083162,0.524472297056123,0.5989957305213485,0.37473639466424585,198.2823353927318
646.1793067796054,2994.272805273242,2432.325392806092,0.6450005179506533,0.8541815976831704,0.10355426951685653,226.3653167104101
1401.9519558067536,3914.7870473759585,2917.858995007766,0.4726271290714743,0.5095995416349572,0.14590658524358222,153.49207879312416
302.9045980664945,3252.5450706666984,1980.6063528792442,0.8296110890585465,1.4541788483748597,0.2430540633358062,336.34790027173324
669.3995854413757,6517.444407689087,475.6328910073539,0.8137152868524546,1.3877865625487353,0.863970360651383,374.5336285421085
659.411766877611,5606.859909982158,2402.221265224281,0.7895361703810354,1.2932029422462608,0.4001256291768262,321.68441724198885
534.3309498173232,7260.221697555336,3753.8654044300333,0.8628963137662864,1.6064195761548512,0.3183519669256024,366.3684163766984
655.8811705463521,3583.818356835763,3296.3823183582886,0.6906001632164538,0.9733697329667852,0.04177727540303035,236.37839741601942
572.1148281927885,5241.8598832553325,1964.9285758168735,0.8031932173809248,1.3456627167064519,0.45470063754384527,338.65213524672754
1720.3617815069897,4607.614929947196,3033.545343447982,0.4562679794250443,0.4834395895364285,0.20599876589080013,153.02535670041232
857.9301368731866,3968.526297369928,1786.6841021326102,0.6444886019861187,0.8529559102545978,0.3791072859902398,248.695221195222
482.9349038198204,6003.25637700336,3693.7865039367593,0.8510882940892627,1.5503270879549023,0.2381622832015916,359.1842999209744
921.069596800998,1790.730687053682,2515.9294265423173,0.32069510985366956,0.297090554338766,-0.1683900563758942,73.89535641384704
130.9388049099618,5285.547942585472,1153.0888614810729,0.9516517582374466,2.1222231893218675,0.6418220511914228,473.96717586958783
1277.8218455388637,4660.800075843955,1077.683250731427,0.5696571148189379,0.6859948094817371,0.6244013654085951,226.86229967681288
1360.9896804089865,5137.134990197371,1233.9095462046962,0.5811130904102688,0.7095844425176212,0.6126507860804093,223.83304730543915
428.33528246645295,5571.752868500207,386.88674548696093,0.8572236700135626,1.5791373881839132,0.870142592609943,404.31265664775
121.99862275523151,3132.866623236904,2914.7456896519866,0.9250361449722244,1.947088925848627,0.03606728114564868,407.5158213383994
779.5849247948212,7799.572461464897,3016.754020108256,0.8182607241936077,1.4064636558151877,0.4421851031459279,341.25268644630785
635.5726971814912,7438.413511025021,2261.8784247679796,0.8425628478392079,1.511359566413185,0.5336473499959886,361.1974438153604
693.592543645645,6956.19096443206,2583.728956530603,0.8186634841828959,1.4081170424525211,0.4583331981472128,347.16679682571055
1673.6181726833086,7945.181141081496,2975.570847439826,0.6520110008711142,0.8716368215815019,0.4550611806229195,258.87043647474013
368.2495465124623,2398.628689702453,641.3316942221487,0.7338158636260518,1.101282085228318,0.5780657551311774,290.13279179900456
294.83122811303315,2944.9791964711867,2738.952682713366,0.8179947651968758,1.4051785583946068,0.036247182074098196,317.90580429455144
1521.4689124901493,3171.3514082512556,2060.387197712134,0.3515758930972389,0.33531021481051837,0.21235086345109822,122.78987699660433
233.6229542029026,2843.4222793410377,1774.7207663368329,0.8481511080304097,1.5365644030938497,0.23141368775334728,341.2813780325885
1143.8539115665403,4255.851689806188,3672.510664943278,0.5763273051168158,0.6996413511912047,0.0735764838548133,190.0370240375524
1691.4785164493837,3653.070777014728,443.60180771384944,0.3670266943925773,0.3552851772883918,0.7834331160565733,149.5294517902139
1655.913236793538,7544.523666360258,2839.1551001597304,0.6400359559998874,0.8421442408394954,0.4531504365214821,244.82983701800745
1430.405739747826,2096.1175169044473,2942.0856079918653,0.18877283049589424,0.1558379461838161,-0.16791067568100831,40.85262967329007
957.9795620310008,5423.524861120108,2029.224012124759,0.6997637237684953,0.9992357072897098,0.4554428045637415,271.6155741158898
1540.899682514047,5949.029447965601,2401.1758381722198,0.588540917820503,0.7252395092146904,0.42488220202900784,217.11960319366034
1480.0325898395122,4637.462261776756,342.86281566486,0.5161311530302157,0.5839022110144628,0.8623130776547041,211.68121703705023
1433.599750110627,3518.76681743052,1375.7923225014108,0.4210445730260503,0.4300602722135683,0.43782788872811196,155.757305420309
279.60916724121273,7497.630681652636,685.157902583378,0.9280955266552492,1.966487793130656,0.8325368189715692,443.15579472511587
1588.5727377804867,7848.4161598385,573.5328123348377,0.663330590859769,0.900393607116895,0.8638004541082529,278.78675666386613
1485.0872176532837,2516.6076498306193,2234.576193639572,0.2577708861066014,0.2256537915454808,0.05936024902915472,72.04789612703166
1083.6750234052133,6911.320077483554,1005.9887676599702,0.7289116478259751,1.0860824920232828,0.745876082969788,308.7009009370757
851.031875972077,2344.8569067057897,740.1890795704323,0.4674208434170231,0.5011457917848785,0.5201438921019501,169.54621136079797
467.87234086294075,3995.682920873863,3179.380758477167,0.7903588893504289,1.2962425164846643,0.11376932648446676,299.4141828536151
1319.0883047321697,6335.775909507478,1545.5269411545528,0.6553594503724653,0.8800399937097916,0.6077991238901249,264.16711892757047
1047.3135958610433,6496.003682439251,1944.9873895424862,0.7223201523724877,1.0657888668814746,0.5391566290673899,292.2158304561794
946.3516950390349,6833.776498707494,1642.7727642011296,0.7567259377093423,1.176272302194198,0.6123958668663172,322.9781794443828
1931.635772330922,3790.992723678223,2249.255649229088,0.32491309759476233,0.30220066278832053,0.2552439865071008,102.82924644496546
1869.5768051423684,6014.149337419383,3539.1510963840815,0.5257123924404302,0.6012688286634973,0.25907258522077653,178.677242915043
1516.118387923456,1849.5217261751136,1103.4055033918248,0.09906089981396989,0.07613873000401263,0.2526700336736847,37.65632791555805
1760.3072050118833,7474.403396703403,1751.5762437227668,0.6187628868425397,0.7919856491857034,0.6202947952848497,244.82512245332185
931.5392548558112,6891.0760820313235,3085.6676542462424,0.7618343188002346,1.1936920198843355,0.3814279015272666,305.30175685886456
1859.4622628559448,5849.334614519893,1765.17094320543,0.5175739372321576,0.5865007011629343,0.5363662341324965,202.51168611114062
1514.747155807619,3871.5306779418615,3705.235183529713,0.43755327787391385,0.45459089708250067,0.021948084107471955,144.1120644493076
1686.898054430698,2635.24850144662,3891.830786600793,0.21941654095623497,0.185839756178869,-0.19251831171451317,45.82132380296164
681.9054232688903,1984.0847739582232,2291.7732507235596,0.48844116214503847,0.5357424670629125,-0.07195946986950665,153.9135382219595
1883.7428581047072,5300.127021706864,3596.00884168645,0.4755632020462213,0.5144046201943042,0.19155712165336056,164.59694512430605
1352.1341476380526,4806.784005412543,2136.0423238830635,0.5609182930126189,0.6684389323996816,0.3846764349952804,199.17342844517898
1211.7478603026282,4457.003129096311,979.6624835055152,0.5724815350489221,0.6917461643184153,0.6396090715770607,217.33515883067471
210.76146764112713,2411.528665218368,3168.1175897793833,0.8392538907730033,1.4962665627542866,-0.13559800923718632,312.8829295686595
1338.4746550549537,4956.856727001192,409.11526992473046,0.5747722958135447,0.6964478305201894,0.8475149439531687,233.76790303398292
760.2838990577449,3651.3227574798693,3884.2864465150633,0.6553256178182914,0.8799091958635046,-0.030915043853491687,211.94909371239103
929.4392907170136,2856.125602326936,3193.98455941604,0.5089560912405149,0.5711230826978585,-0.055843438879785094,148.08494007620166
1155.785145806574,6298.137536476215,2894.5323692282473,0.6898853944651988,0.9714393407802393,0.37025208147261185,256.76043879821253
696.8320348104411,4030.1303606550177,1056.960089226252,0.7051670917325296,1.0147493226103774,0.5844539821212937,281.2657706476288
917.3893341606781,5074.389365851743,3482.901891689312,0.6937839728607905,0.9823033883181305,0.1859802858263078,262.31079755512246
945.1890760467368,4170.666331308272,1029.0540388622421,0.6304863992038977,0.8192478251029701,0.6041887001971258,239.2912488666439
1008.7188531082147,6532.559313251871,2292.0237219135547,0.7324806667458259,1.0972303449823804,0.48053665243553184,287.3386792361586
1126.4066461687937,3629.58735445216,3192.6806420709486,0.5263212500752155,0.6023616678715744,0.06404127081196967,180.10422234772287
1739.8683354393918,6320.729242438496,1876.4073323623354,0.5683028909671488,0.6832643501187023,0.5421798049817128,225.12373926221068
1498.9806721598563,6590.34868702851,2853.347060553674,0.6293930915862841,0.8166974639299273,0.3957138948526465,228.32743689945767
471.6061049181325,5329.787275440889,2348.919001190356,0.8374162638467191,1.4883360310412428,0.3881992833785123,343.7189795044489
1804.3820598880457,6002.414473702816,1759.5679300433817,0.5377407231268108,0.6236045071170574,0.5466189334653828,201.2180902797398
1034.6251944077612,1629.1397844794583,735.1963837031088,0.22318582703826526,0.18962836871360683,0.37809488025783433,76.63351023594569
382.1645010358438,7273.989555478378,975.2284281599403,0.9001680220473715,1.8007530144970243,0.7635585747701152,421.2470855850613
1784.0558578953376,5046.002350060726,1843.9628030475358,0.47758692420631044,0.5177253189922824,0.4647395850912131,177.05055246072573
186.91223169395982,2544.413000326309,2007.2249335460015,0.8631344008876788,1.6072905713321517,0.11802082557240516,355.0530054228727
654.7919051902132,1655.8536713233264,1922.548618171762,0.4332389942772378,0.4480543055627949,-0.07452905660071471,135.79949017645393
1494.512635269498,5097.08955930141,3153.942074754047,0.5465404035535685,0.6403367520087462,0.23550357949079695,181.2823560257214
946.2361087143036,7169.932487913753,1612.8974852772799,0.7668268967476007,1.2109914494242129,0.632715766895888,316.021849437327
1786.0077206540939,5726.055283607505,3703.899197837991,0.5244960752051365,0.5990426345642417,0.2144396443836389,185.41631640151056
1207.8343797125942,3794.0637924799175,2927.4983000371517,0.5170495926182831,0.5855399839421542,0.12892322950918897,176.5867978147701
486.99882052321647,5879.404155001884,2256.055822103305,0.8470097407220585,1.5315161559427715,0.44537719350227617,359.2837196757883
1692.0917061490727,7164.119348451185,2687.303916295643,0.6178745750240284,0.7899486151030094,0.4544333657575476,230.05346646958802
715.9081317159348,7003.869042505172,1495.8631613091984,0.8145262185769164,1.3911026671607272,0.6480211080151631,355.70029525989736
652.7893524637361,6263.460356381022,609.1363821112787,0.8112302532875469,1.3777042363853276,0.8227347229291158,355.9875051299055
721.4940070667403,4651.7053176983645,2659.485611206494,0.7314471457974417,1.0939534603922416,0.27248908222915136,272.3992552222544
1487.7948252930346,4335.347848729276,2050.2482316167207,0.48900622607968836,0.5367428083215666,0.35785220173695786,181.33751570215858
1225.7545941379738,3938.979167445744,2739.8879027413204,0.5253367739812494,0.600562874860848,0.17953512952478987,176.51108717797166
1315.5984578659386,5951.459604634854,591.6670973991977,0.6379281830776594,0.8370367413397499,0.8191485127057554,254.45860219529243
1865.6077866942974,1500.685522260724,1212.494219161861,-0.10840477368813989,-0.07186150339847751,0.10621902360274084,5.0
1004.5756098187929,4398.741470178434,1933.0104916136495,0.6281633688121852,0.8137772954133514,0.3894231790907807,224.2413808892786
868.7534577148597,3321.110418931604,3816.5585581045157,0.5853070726952316,0.7183546991492367,-0.06941315725028635,187.95491490667126
1326.3160677292026,4298.881891092084,1048.0633735613344,0.5284375491484605,0.6062611329773097,0.6079767710383484,207.78045520713147
884.0330973711972,6190.618161666955,2150.713148422993,0.7500843319684906,1.1540252383961898,0.4843237683021698,299.1695607157173
1983.572524214069,6592.34032260483,3038.2822751308445,0.5374084228902704,0.6229823939188307,0.36903720512737864,197.7428270103857
874.5049120731361,5936.7524568815525,682.4586646164789,0.7432177746121627,1.1315034072184227,0.7937945617728158,319.0386207272832
1300.5979285179312,3568.2451282937095,2506.1185414062434,0.46574662047024346,0.49847897610749925,0.17485396733993647,163.17338193066706
454.3784797130476,5613.13418024748,2754.345182421472,0.8502257825890992,1.5463144968184213,0.34165474135958823,368.010706444074
1763.7131335032439,6704.498039124857,1186.820353958599,0.5834508380008661,0.7144910752995882,0.6992085998333505,234.36607468742235
1502.14875782891,5828.838613777959,2790.6814598941437,0.5901919667896653,0.7287556799839674,0.35247405047657376,205.34343524002043
743.5124105721388,7512.9564489820095,1818.3677434110887,0.8198957875020104,1.4132414538053097,0.6102658730475667,363.69945927162973
973.0210311121066,3418.741176391217,3137.836677932912,0.5568881075900947,0.6604437202883269,0.04284315761311402,176.33637672743436
1803.9598151081434,3457.7757687625926,1645.644840480806,0.3143099699668922,0.28948222305987364,0.35508163380548013,102.73334086401972
1503.7653712278607,5835.953956255009,2180.3534382703738,0.5902389984063079,0.7288561392611674,0.4560205014125521,225.81933721241154
1895.2572076166725,7088.740030020509,3100.2984094080534,0.5780815247881418,0.7032938535256206,0.3914443589482323,217.37025437549778
1343.1958393011844,5432.453997078534,3269.274769976817,0.6035226518374432,0.7576837226849162,0.24859189303197973,211.49818123548644
1716.3866628553549,5091.013785050012,3158.4669134147075,0.49572919171183744,0.5481731543871633,0.23426285144963135,162.46450671065122
1936.1287688830805,5118.005103145623,3785.5756514546233,0.451065487490727,0.47531049769143985,0.1496509649618124,148.2786144793099
1868.2596983016106,7791.757145310339,2267.960873942764,0.6131974242169844,0.779312591984639,0.5491005076132935,227.119346083996
1407.4457318952605,3428.5435983363914,2766.591220002165,0.41792852051772167,0.4255223098045129,0.10685035881186876,137.91048084868976
420.46095378561273,4190.279453031231,3789.168415008643,0.8176167308952019,1.4037061118029213,0.05026801911682291,322.20553171763027
473.15965873885773,2524.3404192456264,387.668585559257,0.6842971497774517,0.9559408418331723,0.733744926415772,279.9930471179984
408.30030453956226,2638.987923908825,420.245619809044,0.7320238360823048,1.0956678607730905,0.7252608444787433,310.5590684612852
1702.7024263482858,6154.30667185322,1683.745773622224,0.566577458330466,0.6797786508322614,0.5703662904477353,217.40612515232922
1217.7873212192117,2093.685929623001,3945.905776413179,0.26450420758087545,0.2329168235755016,-0.3066796460151975,60.3417926394755
1819.1185348403646,3945.9245074502805,3376.3334480391245,0.3689141532230348,0.35776781459017437,0.07778899115488709,117.32642163894069
1658.1928660976687,1872.1740266745858,2465.2121687211466,0.060611592793482924,0.045249358298282624,-0.136727078289538,10.815967097681082
569.5905600394374,5449.91960215221,3356.045852749626,0.810751856846295,1.3757539110244514,0.2377790101367308,335.03606181606006
1348.6299358982428,3530.869957081478,1210.1997336283275,0.44722616427877404,0.469353452110166,0.4894824110075949,170.32042387636042
953.4108759271905,5152.470118026525,3390.562761553104,0.6877073505968593,0.9653954842094014,0.2062390934346818,246.69003304303186
1031.7914917609664,5856.478533053407,1097.92481625475,0.7004207185855835,1.0011196767018415,0.6842504636415431,291.4883917398853
499.4260305533256,5915.933475913952,3351.128766913198,0.8443030260511483,1.5191882339116782,0.2767656719592217,360.78249455861567
1219.252183968318,4008.87409096633,3870.663471796308,0.5335796726714109,0.6157895220316855,0.0175404480341133,166.2908098209998
537.9508901390509,6196.373328607325,886.3494706907285,0.8402361178092161,1.5008952808039255,0.7497150471133984,380.0223565115779
776.9591115381321,5215.189286332439,3947.1134265879436,0.7406742756288957,1.1232677049902693,0.13840143677177294,273.85744974713015
572.8126611772857,6382.983250755546,1825.3252924171345,0.8352991752928627,1.4790382543708889,0.5552493469040009,352.6351533688451
1705.9678030412565,4541.2900692801595,2572.30545586104,0.4538506851697281,0.4796494243842446,0.27679175828643204,159.67034996920228
140.81956933463314,2515.209742594386,2202.826806345045,0.8939623375772611,1.7660669034664007,0.06621036800856309,380.950073228697
190.14671410818917,7042.902566051487,2400.5162123524556,0.947422806836537,2.09313917575611,0.49160017808635764,447.24074668636865
1341.3708944492175,5068.440256973234,2600.405677796606,0.5814632091173935,0.7103149046197614,0.32182607394222906,203.6959531748402
931.9211558111447,3587.0048162420885,3387.199027593761,0.5875475005042015,0.7230988824975169,0.02864926134848734,191.87653921441387
1010.6343172251325,5123.569289213241,2052.1279776821348,0.670492085883934,0.9190197193962596,0.42803384770327085,260.87410240565737
1914.006925278776,3983.5250034315895,2529.802523857162,0.3509125686504676,0.33447153470563884,0.22319198186496914,122.73226312272229
1728.8135482286411,2961.472059587688,1172.459897419967,0.2628109701980661,0.23108846070719655,0.43276284668941034,93.01894286500932
144.04554719218822,2513.532532085209,2454.4429348095905,0.8915963758422084,1.7531985518424051,0.011894100052925157,363.23057921649513
1724.2191282939477,4600.629183783844,3287.2828708144016,0.45477929479231743,0.4811033721055743,0.16650113537172723,142.29980308040544
326.8229248580912,7722.943685590937,502.4013666734116,0.9187994034775475,1.909192426181516,0.8778406586179563,452.6682375134877
1025.4092143971961,5625.357644974172,1350.9304014267423,0.6916418102077514,0.9763183389921821,0.6127079636770317,282.3968566246584
1363.9613258984857,5184.172754511248,419.7671946137648,0.5834045823005379,0.71438184810394,0.8501885463264462,236.28540226412775
1911.3257029231866,1907.364693524303,2199.4901679426903,-0.0010372690599717647,-0.0007403025872101945,-0.0711311902176419,5.0
491.7803779551718,3424.3458381876053,3575.190057674966,0.7488434482512788,1.1498402342009122,-0.021550603027119843,276.1203120158044
704.335238101642,2422.1721123350662,1172.7154243409873,0.5494427746808385,0.6458826349337403,0.34756488899839166,188.42997876857524
1425.7139075189023,6427.182771935222,2600.3891027019076,0.6368947750025777,0.8345536695963178,0.4239006592194244,237.13373363685795
1141.640252800981,3534.018241333343,872.9648310165271,0.511666536600559,0.5759292961701563,0.6038265557244528,199.7773881987133
599.6641708871218,2135.210600024414,2751.0193681238334,0.5614686437960831,0.6694689758881094,-0.12602942800229383,166.7560176546161
1643.310161718771,5226.11209768108,1227.740250602863,0.5215579709833943,0.5936913123353836,0.6195325877763282,194.68045809110103
782.9913106975662,3214.365383403805,1740.7667897610377,0.60824546272936,0.7681277097955648,0.29738835248953444,225.34805770814802
273.043412855203,2570.850525699816,3138.3589320802516,0.80797918687648,1.3644575590165453,-0.09940227460172739,312.23530634489396
1381.8550959134009,5854.28334963155,1551.2961977164703,0.6180683643295417,0.79038197902914,0.5810466451440598,233.22514941826714
1644.3318062175647,1685.3205072843982,1944.4481248252594,0.01231020454847835,0.008870238137675688,-0.07138956879432395,5.0
1825.7790596283699,2922.6632344463574,3812.151381328846,0.2309987374082063,0.19758925871517133,-0.1320731449187829,53.328077621103944
909.7549152375407,4201.561508706634,2987.9018845849264,0.6440232456367728,0.8518206156592871,0.16881087746901316,222.36844379534733
1697.9667879645003,5604.475227483881,3388.8476633971222,0.534959186354396,0.6183815901436861,0.24636361784441035,193.76672734512223
358.0532182846784,2793.876095936528,878.0629376882807,0.7728037763692366,1.2319070347039092,0.5217442719454086,324.82455087428065
1285.394979422545,3957.610827385029,1623.8324433838955,0.5096724943510798,0.5724060204865395,0.4181317036411426,191.91146409436416
1394.009789362681,7854.05463276725,3173.555076484878,0.6985293946750232,0.9957456823401927,0.42443463989580743,273.1927431543846
564.1871273243663,7756.031730753821,2386.3346095582706,0.8643816617374717,1.6136566332055426,0.5294323770699931,373.7042750507653
959.8903806682227,2787.507700952995,2388.0090717836265,0.48770300885845475,0.5345254430938712,0.07719009456150179,149.86549776557973
273.4195833620133,2402.8151522761896,2374.1294818847923,0.795668459033998,1.3162836442404964,0.006005024672099963,293.88229467570125
519.8704905975982,3633.832358451679,2405.0573367522256,0.7496833500781449,1.1526267289056682,0.2034769773112218,283.6819869842834
1912.9861891940268,1540.760469024174,403.1201144015019,-0.10777447129087078,-0.07147368227653167,0.5852418938372135,9.367516404363537
1604.7690459565665,3805.296818113071,440.9629584657055,0.40674694671728906,0.4094794071922476,0.7923052370492775,174.88698718017537
1424.586517744926,4696.251151186898,687.4063384114218,0.5345125634541478,0.6175389549604888,0.7446322169967666,208.03915889531513
911.9247954063766,1901.8332750947154,750.7132165973194,0.35181008975666467,0.33559031567245107,0.43396791033402,136.83942067204336
643.7841738791255,6183.6358764397255,973.4061873334587,0.8114121675420377,1.3784372767949304,0.7279864561298182,345.15213878536275
1417.0980756231072,4410.9918907592655,2326.413693777681,0.5137006861410608,0.5795569300886475,0.3094036970932114,173.08957616297212
866.7350745685013,3680.211123830896,3001.5083597860357,0.6187616756129695,0.7919376058456042,0.10157606370746511,204.01101536445515
1100.1366428712238,5647.211003203559,3879.741820083522,0.6739054511743818,0.9280477802985093,0.1855230329905932,235.97421350214728
880.4524743319339,7040.3689805336435,3422.270869867165,0.777686574621642,1.2495688508998253,0.3458112065457422,310.3169389936148
836.5040851479563,3529.3575509879533,3831.156604990715,0.6167977113462902,0.7874409654261021,-0.04100244189009803,194.02974536143014
1220.5273840815871,7044.69993097313,801.1627972763607,0.7046596934579683,1.01333209978374,0.7957744545314018,291.82750694313415
1368.8267867295006,2434.7277470465788,3988.307084992008,0.2802381168907913,0.25024231002199887,-0.2418762124648898,66.13766246441334
1977.9993623194568,6304.757131457178,2568.2862700381875,0.5223813801439544,0.5951932020363555,0.4211036385067364,182.11034398838353
1885.0389335235054,5193.099075564474,988.485091605064,0.46736304623139874,0.501089654280603,0.6801838929266673,177.81273704013594
1552.9740243483327,6814.596133009471,3583.493924502196,0.6288112330203359,0.8153285997341587,0.31073997150682103,228.99499464550797
1804.7555075763023,3517.6355954437568,3077.0544143964107,0.32182529513355335,0.2984700554408165,0.06680847474606554,103.89763199526308
531.8927401326096,4682.667895224071,3017.972483709631,0.7959971020667876,1.317702326361758,0.2161762307265116,321.8810868187836
407.2594818287087,7695.811891714878,2817.4827125061242,0.899480218424795,1.7969150250063073,0.464015264709326,402.9530097641607
488.935430774981,5940.717065245866,1068.3432399910996,0.8479123307203532,1.5356560965977528,0.6951536457632012,382.679347053735
1720.4534830458472,4903.432894281548,2688.5337320037293,0.4805304966658318,0.5225827910123971,0.2917424787297595,175.5929291489618
1141.3768118271485,1897.3819744926448,1422.108763977751,0.2487874871214435,0.21608438118011514,0.14317654357750087,70.1341161136394
621.7844283455632,4382.888054557363,2236.8558337116674,0.7515184336855303,1.158746616496246,0.3241865934306812,291.366133885611
1951.3404582438927,3431.600822521622,569.8448898203965,0.2749909922465713,0.24441833618893902,0.7151804966788065,119.64405594062774
1546.3818084421086,6422.507392190138,1456.610721806486,0.6118952667517659,0.7763641954147943,0.6302604679744389,232.4854499600408
966.5713954016503,3328.1657483708077,2673.225290973202,0.5498809993164968,0.6467574091154755,0.10913144185986313,180.89878586249364
1741.6817182658772,7334.077515554573,569.1778878454147,0.6161904092643476,0.7861038833410027,0.8559636860454907,246.80133480146333
356.55500446159243,2519.8973860824253,1656.1433172576121,0.7520869762977712,1.1605347711437668,0.20683564408918206,282.69885628836477
1612.2046776374077,5847.191620687249,3750.3886512650793,0.5677385639684086,0.682119778439162,0.21847204293058428,190.9415495708958
661.0200808542301,6809.142464619252,1987.0508745801549,0.8230239095222137,1.426311331775436,0.5482020919210243,347.9301111770673
1937.7209477580225,5828.159854966157,2480.813981664643,0.5009655704916882,0.5571943126353494,0.4028591181911782,190.64851777965052
1953.2236219974493,3647.0277612661594,516.1961607202122,0.302451447809683,0.2755520617911553,0.7520209478187599,139.47039755330502
569.5336320471257,4025.8483029564522,2844.890707940338,0.7521278359541854,1.1607641763184098,0.17188217933635203,292.9550421688648
525.5108855867941,1712.0384202150094,1989.9462042370674,0.5302799500423768,0.6095880809127872,-0.07506994548582724,164.9492071241615
528.3170660434771,7209.416978125834,2541.6236455975504,0.8634439841278062,1.6090786013212377,0.4786969424261525,376.8814787330749
707.7414070404972,5097.891245984995,3022.2354003352784,0.7561880161157748,1.1744222215043258,0.25561865421578184,292.8520776997498
1647.8706447730003,6893.963359273368,1610.6755701669208,0.6141646760404226,0.7814971676896956,0.621224232130091,246.50313128387864
1970.8161851957711,2761.599875464982,630.2885124483398,0.1670993589671192,0.13552422512811368,0.6283553934094694,85.89414380765895
385.18863711976036,3805.4938609242395,1073.6190209431804,0.8161690189091483,1.3977257684094788,0.5599122023951936,351.3774841108596
1794.3216575125423,5644.517181963048,1144.148989954253,0.5175801770971488,0.5865106676222362,0.6629237728557872,209.32218529503396
494.9217189726552,4319.780939914699,2460.2948740549687,0.7944123430109246,1.3116241158339697,0.27425741490297023,325.8547189016766
1174.0145670202146,1866.1263897458055,2879.5628976643106,0.22765780677293787,0.19416878522128309,-0.21354885377631266,58.6391840436361
1968.56471233043,7049.529766743796,1342.1241482023754,0.5634189202208875,0.6734422559045455,0.6801288131885385,225.37026270080767
739.5562644288284,6869.843972592651,1532.7683072179316,0.8056203533010321,1.3552770788321489,0.635168622210885,343.9736273446261
890.7677939305048,6779.276830159101,3823.478172091694,0.7677281325022021,1.214137230824171,0.2787764743372041,294.66086292248576
326.7022727696697,5743.129157442853,3837.8952082048922,0.8923521099483296,1.7575888785895541,0.19885493203317814,391.39778457086476
651.1513559903083,6208.415749288176,571.082782362137,0.8101479739459604,1.3733408638219737,0.8315265413476288,363.2077683964969
829.5744440400454,1717.4405350207228,2306.202479901435,0.3485908398385212,0.3314968071291092,-0.14632559164689632,101.02165771779684
1257.4560815196915,5502.624975971865,1001.676785471482,0.6279760342695417,0.8133528692107873,0.6919955984344733,256.0713932574229
246.57052341842876,5029.6655722917285,383.79198788563036,0.9065354470880593,1.8368010252560723,0.8582081843079378,438.3037024890038
861.6363644238,3662.960898178823,771.1906340440701,0.6191323493672721,0.7927876922460135,0.6521586469177147,246.86519020449975
1691.9171921953537,3298.5378982820007,3513.692315904367,0.32193871633679594,0.29860527150665483,-0.03158355058857628,86.68567335718541
1918.5262997388747,4940.428206086094,2946.0088816464804,0.44057762787904353,0.45918342343220947,0.2528923139815645,144.24142735066667
1098.76324662093,6546.968837790737,2872.396364083201,0.7125812846051957,1.0365255428320603,0.39010829228559785,279.93851985766963
723.176553570026,3249.316130014538,2307.0966451194545,0.6359079240717824,0.8321302565044963,0.1695733421645926,218.6887751785392
1188.4291279345443,3266.4186901672792,1719.80726824177,0.4664557907730492,0.4996131154225312,0.310176761846711,172.38693784058776
717.0999342394892,4518.082483567869,2263.633134204106,0.7260458653118513,1.0771705755713699,0.3324305347047264,289.3079780835233
829.625380394683,3401.6734509349762,1443.609456868856,0.6078625435027902,0.7672784630496755,0.40411757804860826,234.84464385705004
241.21805604426456,7306.419909857292,1562.011031967755,0.9360811799394535,2.01753888161575,0.6477367772184117,449.0320154864528
1737.0796478339398,5975.936783491947,3164.58521931519,0.5495719052137122,0.6461903093535701,0.30757013253792237,189.29529328624403
1981.0638673242065,5277.715938047434,1411.4570438520013,0.4541606383802246,0.4801388042464466,0.5779875784464457,172.28351210775088
787.9978242636078,6222.902871882914,552.5959992467219,0.7752078202778345,1.2406317855189866,0.836884040518471,330.7922135118642
260.9999215837398,6409.725715778514,3077.797038951844,0.921747666975607,1.9270833597510373,0.35119058605832826,426.17882093289876
1163.6670877761985,1583.529706756949,2067.451088415589,0.1528331059731263,0.12252992446087395,-0.13254558396087787,30.8944109218654
655.7847029398872,2115.843348161755,640.9476790099372,0.5267873674877657,0.603175330056281,0.535004523041404,207.32328748528542
1072.2715420565628,3165.52319821279,3636.5876673051694,0.49394833491374623,0.5451089623154449,-0.0692526891043633,149.4197083379746
445.6011655174425,5617.832793499014,3882.437163894922,0.8530201964906918,1.5593214304483842,0.18266803335107212,345.3961799005196
707.4863143759817,2886.1850830944377,914.0317366136409,0.6062598738565188,0.7636943753060104,0.518958112004076,240.2148619455507
850.544974247804,6945.981418535906,897.6702341173053,0.7818143794328827,1.2645870012865743,0.771109102174569,331.19814313214
1377.8940069881585,5126.212900683432,1989.9794646598045,0.576300320140469,0.6995963571217181,0.44071791128873433,222.90914330532598
1396.241050300423,6689.499988295474,3962.22459562407,0.6546411654879802,0.8782316508311333,0.25604073508740693,230.74665412239696
1712.5060786808856,4918.661012140679,1693.7225224946196,0.48349783515695893,0.5275121365180495,0.48771195322629096,184.83298508459023
953.8359072105313,1862.2896697858114,995.7679131808623,0.32258993337280073,0.2993729322238415,0.303185548627859,116.86083253235387
1467.2361314424413,3676.35697215865,1487.7465400085225,0.42948981301419165,0.44250478436928525,0.4238122699457357,149.2401960978529
657.2530609621841,4300.164805672703,3524.8681112191302,0.7348405645797415,1.1046245407365025,0.09907903296877728,278.074580026855
1552.9599089686167,4828.70599497518,864.2393591619501,0.5133057942548958,0.5788574105136713,0.6963823449026826,195.4649996645894
692.6165776502442,5827.029853034886,958.9547480322145,0.7875294050351673,1.285695232553554,0.7173719644927858,331.2256083949172
200.16282513282033,3688.852456140943,1253.1365530374323,0.8970624638349107,1.7832811884929256,0.4928614568116161,413.0644700441487
1617.4240576292761,6588.723375170687,2485.7895753909047,0.6058018525313511,0.7627374550791852,0.4521381832480307,219.12055734598454
842.398120967971,6133.397548434073,2273.7791683639975,0.7584797028840096,1.1822103170490215,0.45908614861148656,311.6202122954726
980.4828166637119,3293.3530674919734,1703.2244393080396,0.5411696454844122,0.6300553703520859,0.31824356285910305,200.0318059371116
436.5733874036546,3488.583367481053,2770.231175397116,0.7775511068447745,1.248976159694139,0.11477448118135511,304.822797991147
1525.1739219028561,1504.1885154790928,3914.3750557574735,-0.006927334332095357,-0.00492327079858299,-0.44480174646793924,5.0
289.67461706932255,3828.8012086694184,1398.0104683999843,0.8593292131576236,1.5890906201467874,0.4650618560581622,381.1794637308955
1708.2578671598928,3673.6779379952973,3222.634317121695,0.3651883154361672,0.3528778174260141,0.06540359602677924,104.37729180076215
587.0071726012756,5558.044213375689,3073.7352495176597,0.8089496291779419,1.36851373202337,0.2878095964163438,323.9564132862003
691.1028170114785,2958.8718310843824,978.1158286972617,0.6213108944837891,0.7977811192091561,0.5031146076779586,233.17891899983584
1207.5078200230955,5773.451495132111,354.7890597850071,0.6540567661728944,0.8767510716375947,0.8842117710466045,272.6800570281209
316.9522318384985,7930.976961507226,2080.1368042460267,0.9231438037669427,1.9356987195817688,0.5844344888669376,429.82769107391476
472.2299459565325,6076.9043235483105,2235.4554352285877,0.8557885891626006,1.572353203545049,0.46213698628737243,368.50579871521575
608.9022175627249,7024.323642180319,3191.326989010808,0.8404600547209663,1.5019148463258722,0.37520827514315475,352.1545996781261
1615.9874803218818,3853.3799430027098,3624.8949798340973,0.40907700819846127,0.41279375106082267,0.03055316439896086,125.88129420662294
1017.8328887765875,6525.0027249339655,2525.753529141522,0.7301192969679624,1.0898380849858202,0.44186906409613474,290.0295068979297
595.2459264638005,7225.3455210038865,3083.5880094242298,0.8477747032597058,1.5350549767284771,0.4017639166023308,365.6299952242926
441.08481810452093,6316.741210529754,2903.4093801922672,0.8694595520304058,1.6386357794359099,0.3702034794748389,381.94794072544283
464.5497061475025,3861.46214736635,522.9780944032015,0.7852295729782702,1.2770807686784318,0.7614390590608902,343.1093549194574
113.96850132369698,7926.977279749103,1494.261325348079,0.971652961004217,2.268114506946379,0.6827887736797088,494.9115002330363
1358.84101298867,6237.943780580019,1914.71101588407,0.6422589160455956,0.8475379039934562,0.5302852717424887,245.397964898838
400.7486469572259,2614.2698608446553,384.05890484301835,0.734165049874618,1.1024035240097954,0.7438180164830307,305.1374039461407
485.2562475934551,5170.438290903271,1540.5473541615484,0.8284008286852651,1.4490894730107085,0.5408879005530602,358.36371220207167
1296.8993764532304,2820.7235698240875,3314.588009904725,0.37007375684518423,0.35928675192105747,-0.08049541308250419,109.86561461462941
1593.1396075317048,6950.491570839613,3235.2523195370613,0.6270579629236909,0.8112121650043275,0.36474893644713574,223.0854891420945
1690.890580923246,4940.477598060588,2219.5126577902274,0.49003266429179987,0.5384810688631027,0.3800235534771698,177.87174731187883
522.9996679199397,3182.6541865814106,2560.4559805021318,0.7177288064056477,1.0518035621855653,0.10833819792227743,259.1858213532579
332.72610798952655,7452.9294148242825,1510.9941642819836,0.9145284279604138,1.8835946498200975,0.6628721449309655,426.6208037146714
109.2888754016546,6669.870297541892,2435.1763160957885,0.9677573949519525,2.2386162214903043,0.4650930589018864,478.3541051542111
535.1103031663654,5442.198616047945,3263.920173149154,0.820952769612858,1.417600950960858,0.25020086394312524,323.49463946390495
1304.0829756927133,7689.678034949524,308.29227012005634,0.7100027509059659,1.0289272749625327,0.9229073730403584,313.83291292824936
1747.4293313598746,6986.123591451936,1334.1607158345378,0.5998354055666044,0.749597117930848,0.679299248222612,245.5552134300239
993.3284492415852,7650.233877518467,3464.6647744327447,0.7701576243509305,1.2226885197026536,0.376572853588222,315.16360751609056
227.5639136966702,5851.520395202641,489.4006960327818,0.925132173664346,1.9479188754261005,0.8456373484501922,450.30679029858334
947.2469890974311,7121.632838054729,3646.788122733165,0.765209791254418,1.2053589161462688,0.32268841714603913,298.5642145022864
1440.7302905021959,5352.685900068545,1633.9955113349354,0.575845126995207,0.6986599345910004,0.5322541803798018,223.8358236474154
1812.2428117185034,4652.734058056047,1905.1212988703987,0.43936603380256667,0.4573414565844246,0.4189803844735036,159.65989077154322
1985.2300588676999,4517.176040122915,3665.768265781916,0.389386012242279,0.38527302877807157,0.1040466294781665,113.672163323499
1524.7269807208627,7532.77997014198,976.4059316975341,0.663323033738931,0.9003719429187502,0.7705054412146037,283.0711247628353
359.938255787381,6460.001144719261,3289.2278247155323,0.8944453212567065,1.769030340053273,0.32523323943045307,390.40143525578856
199.33322886769452,4896.557922568694,2957.0233365182803,0.9217670772766047,1.9271274830540908,0.24696180275200139,413.2595962084257
733.7099804437687,2224.000352523234,2050.902041103779,0.5038662356366138,0.5621819270681143,0.04049175757486691,163.18134507209325
1942.0642154211794,4407.61635932219,431.02319419249574,0.38829546061257797,0.3837793241894609,0.821841164303991,174.5300070079994
1758.1523787898748,6272.108053013066,1650.4098465177624,0.562118216712382,0.670840221646971,0.5833622927107098,225.79258116771194
677.0994332814906,4145.664671177938,897.4543042298804,0.7192069033544453,1.0562963960611564,0.6440875938369666,286.2347895039337
630.381522481872,5430.894094774083,3537.067877584362,0.7919970769574557,1.3024791380414569,0.21117687862814327,315.16681843367945
785.9579078978632,2596.317162347185,1925.4308975017325,0.5352489718652337,0.6188784562492332,0.14836878477468723,180.89635445368324
1223.8308449383453,2732.8655510462654,1673.8424717303778,0.3813875401857853,0.3743815312225589,0.2403206823782897,126.7938641010748
1806.933409956956,1551.8946113513434,3788.2320630642826,-0.07593088926010011,-0.05144195006386826,-0.4187798506744006,5.0
471.30823750858144,4037.1039162938027,1169.6245211914566,0.7909205184328404,1.2983614588933952,0.550725744386345,335.07402167562543
1973.186735457725,4939.167227143911,3518.7954413779576,0.4290840005161977,0.44191096716093725,0.16793308758434702,143.677697156619
769.3820345260864,7599.0347045112485,1127.8793879471798,0.8161224377497591,1.3976485565931827,0.7415170181879933,362.5882310864405
658.0358115888192,6776.6248691852115,2402.6268493438606,0.8229816153676024,1.4261328731934888,0.47650921376690947,357.82271119705763
1608.4276057875445,5313.9312084302255,728.4526397987249,0.5352949336426602,0.6190077819463445,0.7588856787402938,216.94625529689822
1344.3676969375272,5531.414702916067,2796.752100285012,0.608955717600769,0.7697558159626192,0.3283630920134279,228.0448547162809
641.4716792118317,4839.407260483538,1598.6132665176633,0.765923791912672,1.2077974795319535,0.5033836067888459,322.1400233822301
1493.0773250005723,2386.930867496306,493.2383014839154,0.23037413786751396,0.19694659776802584,0.6574935200856258,100.7953210697268
129.77927249103982,4567.352667489354,1579.3814005026547,0.9447410570442899,2.0747848823696065,0.48610713160016217,455.9926652160901
156.29037149294388,5651.039404148795,2913.45641684842,0.9461747901345037,2.0845717425030963,0.3196432159227767,438.30207249374604
1819.8116620072306,7536.110356010577,875.7386642272744,0.6109818660719714,0.774315234465533,0.7917845024283604,253.88999684460936
1623.1619691959263,6295.440143414101,2748.417931331935,0.5900382551344179,0.7284312661071647,0.3922023302858574,210.15099386203647
706.6554712572721,7589.107482242489,904.8382514397474,0.8296346036806728,1.4544439052527722,0.786945130048303,363.13592615423227
988.1295767345233,4436.59947453324,3765.233694957434,0.6356944032729361,0.8316478166483317,0.08185557614013764,213.42951521069375
1353.298936532194,2116.8427425948266,2469.412223432002,0.2200324587423428,0.18645510034732293,-0.07687524644224887,63.658592971077866
1564.5929137152814,3087.4472404557946,3346.609925551078,0.3273519307540266,0.30515665082345933,-0.040279823192159496,98.47391698822653
978.0781640964507,1999.9622986029617,1841.2743673108312,0.3431397749502354,0.3246372252752413,0.041311677736229395,111.02916870134646
1933.251078808075,6883.283048008215,788.4586139554938,0.5614487390892888,0.669509891845317,0.7944512083189984,231.31679888047518
931.0737482832859,6581.109044545685,809.5893830116313,0.7521163224227891,1.1607863270253986,0.7809166775406732,321.5752615225275
172.25062967640287,5717.464708801346,892.3309889337878,0.9415079947847947,2.0531842269097798,0.7299974068473716,450.4428467584059
170.9752761490509,3558.9868719474584,2118.793860355871,0.908323318138515,1.8469967785008945,0.25365421442643205,409.54923404615715
688.4523983669299,6150.389214141237,1889.9191598419172,0.7986640317836606,1.3280202733678368,0.5298888867938781,340.68518292203845
1992.351943511926,3654.3351094738628,817.1459206944112,0.2943288958768848,0.26618226616109986,0.6345077098623345,115.9114402124302
450.9540339423886,4886.6354430718375,1096.7821343126088,0.8310270820564644,1.4603817070095797,0.6333927490620683,365.7169361485573
1625.7040072610205,5799.238724938608,1393.8858033320978,0.5620965531513382,0.6707937747178772,0.6124394070587791,218.27235265451677
875.9877309808609,6794.487876540682,3539.1177544774123,0.7715949372141464,1.2277604969593994,0.31502751682110736,312.69905916184655
1728.1038930319953,5877.717047511616,3608.5354444853256,0.5455838608839838,0.6385065264316905,0.2392073798058268,185.6604394753277
1991.70279630345,3010.653776961408,2677.803197788023,0.20369419203342218,0.17025795286209736,0.05851333333316332,54.76494042862653
1065.762159080173,2725.447221470959,2352.7070127011402,0.4377719337969521,0.4549066415746521,0.07340072623004655,134.71924527450687
1299.9672024132883,4507.406356142614,2681.707256269468,0.5523046039377916,0.6514836977964998,0.25395329633782715,194.2220951288661
1393.0155255957216,7502.187829110788,3956.636097585771,0.6867940011282451,0.9629065127501542,0.309416721462596,251.05777815173758
1026.3970966262948,7127.425516810588,2876.2794700525737,0.7482414946557726,1.1479484718681294,0.424957158564317,304.9370847171071
610.3693358013973,2449.890997443955,1616.0004141491638,0.6010997303261052,0.7522858907735679,0.20509415984696885,215.76524337693508
925.9902828890046,1890.0986346791992,2410.1952106291606,0.3423572123142974,0.32365487119953545,-0.12094442718058548,83.27183389064513
826.4472229973716,1671.1913473159855,2074.5363132512766,0.3382171199712111,0.31848894919975695,-0.10768133788096229,96.75133419027516
1773.3669743092535,2912.063911383241,2870.4948693536,0.24302928900479587,0.21004106269845194,0.007188693379292436,77.25820615912609
197.51382142716537,5402.108292752825,3824.3088958069006,0.9294545889474483,1.97497093530255,0.17100889375903183,417.14806051380026
1758.8373853138505,6347.723019053977,2630.983411559749,0.5660706149431216,0.6787590572574407,0.4139504544226673,211.23735518535238
830.7673779517735,1906.3565061310317,1204.2963001397352,0.3929632611958735,0.390160784236338,0.2256954567061671,126.86687196682055
594.5735146668055,2200.652958023089,1804.555558050158,0.5745793618061101,0.6959842527022065,0.098895575170297,202.22805774302907
1057.3936183199276,3459.670213845576,2605.3636083643523,0.531822591898632,0.6125111611577426,0.14085768198223841,173.26557640266358
1692.5506830935183,6894.157378573621,794.4943570220512,0.6057742568534953,0.762678286223461,0.7933332436581835,250.14498320763013
1643.4292079209624,7546.978931712854,3414.1214178177115,0.6423599075747634,0.8477943749677446,0.37704768515280435,230.499013732727
973.2811145593723,2334.1636480613124,2578.163138370292,0.41146039639742066,0.41617964784196576,-0.049670858814454814,130.3919272985451
347.462474364626,7450.433027363962,3435.591682254927,0.9108830133096694,1.8621056312905924,0.3688069292358591,405.53895786208517
275.93168999582645,6041.136756491699,908.668173962988,0.9126393222458836,1.8723725666151412,0.7385054160727955,431.03038208015863
1085.5498196431886,4569.227500554923,2101.2266355748006,0.6160592156038475,0.7857782688919269,0.36998993085680604,217.7501048325462
1548.4345005871558,2016.6771817945069,2956.4778872731863,0.13134025601217705,0.10351762334893222,-0.18897474384724688,21.417245564548402
1566.3482118450786,5185.009069178358,3364.192178320204,0.5359901285284575,0.620309321308296,0.2129809368071586,183.239283114882
1653.1088526556066,3806.103151034755,3093.449416699747,0.3943782173195273,0.39214493112492804,0.10328984774526052,124.78266869979244
465.9581561422212,2781.458749629679,2759.742178387514,0.7130284345871639,1.0377439867909228,0.003919109146258102,249.61887047961844
1227.5707131439117,2147.7430612895814,1719.7209830814072,0.2726183132492598,0.24179003670195778,0.11067254231373623,84.61952459937791
431.2371877634466,1964.2555682732343,3716.0977785813,0.6399595139691393,0.8418221904406649,-0.3084037388219406,203.80884556307365
1253.7926638264746,7663.9892134200845,2063.8897293086243,0.7188106456416269,1.0551593516202016,0.5756752850755495,297.19463473216155
1119.045688356248,4129.750163721587,1856.0128856858705,0.573599080558619,0.6940289836580014,0.3798575484675994,204.3387988131526
1861.4911217491779,6605.204225840038,659.7570953754355,0.5602791772685305,0.6671832373946998,0.8183728538628363,228.88909493587641
1657.6072049841923,5395.346970211103,1615.089664652768,0.5299537855842456,0.6090702243439361,0.5392327898977589,206.43492474262735
115.59936380967565,4837.646874695382,1082.4445742784112,0.9533237966698674,2.133875654847842,0.6343149142457241,459.6045470752986
834.7718644082493,3452.9949096711484,3418.047509116556,0.6106262729773628,0.7734664794132639,0.005086186115508275,207.45727310016187
1005.7786375023824,6947.214314163506,697.5201569427277,0.7470691489383906,1.1440899221036747,0.8175161845090084,315.79587735691433
1946.3354042330327,2026.6987732448547,3636.425846428113,0.02022720303972066,0.014658737486708907,-0.28424715700357817,5.0
480.1002398842275,6538.512796139807,442.42781967271264,0.8631922752111733,1.6078394605501494,0.8732469320517657,399.2011251756981
145.6702820797487,7090.3273792457585,1260.6882045060834,0.959737332879974,2.179646188331677,0.6980754754408602,484.70340208486397
718.8554280723043,3968.5751235298494,3877.91037790709,0.6932838063389576,0.980874798530738,0.011554822295230246,242.5336758442746
1399.1822286359543,3787.5414147030333,3896.535957211852,0.4604755043530874,0.4900752583108056,-0.014184467076425655,133.4449512003071
416.4012079113983,4938.62269465532,1166.1144079708854,0.844482035595003,1.5199661475995399,0.6179640863557531,371.5762053062036
1682.2936011588324,6161.187291565937,3806.7927851206514,0.5710339262750641,0.6888084045981426,0.23619574759339843,195.30660298149652
1383.1227102706653,3593.254107251184,1404.5426617474943,0.4441246066323815,0.46458698116089325,0.43793526352298406,167.32039221662757
1973.8229372796136,3045.230474028077,597.6755878861297,0.21346804840155012,0.1798971456493856,0.6718687893324329,103.79897927682799
440.85376184457846,1645.1090437593487,621.5166025729967,0.5773138802390106,0.701579051194706,0.4515930728971705,214.7427674588749
370.5542660200284,2092.199216888082,3519.415028749217,0.699073196776479,0.997124437741974,-0.2543324877892986,220.7112661537356
1547.0766793610492,4962.5784371896225,2876.638643886676,0.5246824441774256,0.5993774610791763,0.26609032145216005,173.10402390051013
1719.9019569163786,5160.117045519555,790.6216988604374,0.5000298817321736,0.5555713141220644,0.734277798710536,200.99706629636808
1700.9695148902688,5244.770351234217,3556.3984713409272,0.5102121450181908,0.5733716438477279,0.1918349612122827,162.45370224072076
1665.5145265649141,7678.6444881459975,1274.2360520191398,0.643517512006253,0.8506225977832399,0.7153461287324829,261.0742187818889
1473.2289169002077,5292.580289009036,2595.818628151088,0.5645076967598357,0.6756109566247214,0.3418642602682847,203.26747027218426
1529.1504155623256,2487.799443900066,1799.1661473800764,0.23865098187394104,0.20547700753440867,0.16063420190730304,73.58987686051843
156.19167223943936,4944.076137447531,3140.122786384329,0.9387515799024675,2.034894751627859,0.22314559152200994,426.8116515791059
1688.4344687790754,7092.253412813142,2442.1463600432717,0.6154209119250418,0.7843507310918578,0.48771890869529005,235.4701406370054
1598.5316368363874,6546.496169097185,1481.5509513683323,0.6074828287324902,0.7664757427109131,0.6309062641381519,247.9977447881568
1175.4289792640552,1924.276460581902,1427.1831669216585,0.2415866589934671,0.20852638807677637,0.1483214326774384,78.13605093550599
1851.3761433361467,6303.048284614256,2972.485593022526,0.5459210738986646,0.6391560600824191,0.35906964873069064,188.3675901088509
664.8595754344532,7898.426565105328,2703.9772847693002,0.8447185893487138,1.5211161772701531,0.4899312791134173,368.0726815083699
1297.6199708199667,2012.6317506792516,831.3939828874389,0.2159992169173937,0.18241303374595344,0.41534004191132373,92.33827702668448
809.449321123527,3265.9267711668244,3285.888678714826,0.602760921645394,0.7559673625277719,-0.003046775004218895,206.71284095735396
1031.9438761716533,4727.072134432463,884.6926479693008,0.6416249322480296,0.8459747708607146,0.6847007376053941,251.9893318417606
981.7729253442008,3585.7583629752103,2845.9444363728476,0.5701078487891472,0.6868937050256978,0.11502613686725806,193.40879471006363
399.11573630582353,5697.28045532322,1383.5399624110935,0.8690650265517907,1.6366554950608254,0.6092147855492713,395.94745329299764
650.7756530725028,3214.2214617078334,1392.488597758151,0.6632464997629824,0.9001020635082726,0.3954520341063983,253.173763024893
529.8731663897386,4025.2436731718126,2768.7200043585844,0.7673503510726998,1.212746829786441,0.18494706893767598,285.36487349083376
1729.8539853949624,2316.9617053073584,1084.7729017496422,0.1450789372780714,0.11559891332366326,0.36222367278131573,62.60681312583165
202.73335426707044,4000.786238206203,1845.687025585927,0.9035411396288716,1.8196230544203043,0.3686152514539721,412.66027956672536
102.61118325496099,7224.52928498555,2927.571718993937,0.9719914790263062,2.2706732979532473,0.4232579604836482,463.00745860982767
1626.3655419266727,6260.641284469749,3794.9426037324106,0.5875835844905559,0.7232090525217738,0.2452069126870935,200.32654309151633
1614.5031546358157,4723.473986480747,2620.295068829411,0.4905304582412382,0.5393214378159519,0.2863895775486257,173.49934670732054
1611.014561186521,4223.964223368343,2464.7014673706717,0.4478079112559017,0.4702577132409396,0.26302148097646555,146.47046260045238
1212.9636552536879,5352.886600131236,2052.024112426988,0.630523509251784,0.8193539385757759,0.4457666831364278,230.21050437831326
222.89208312700697,5942.2105117576675,2117.253935604508,0.9276923359634625,1.9638997768327804,0.4745919037995704,425.2413096234869
373.504741502592,4900.172222229268,1139.102406578396,0.8583513004302558,1.5844792414442619,0.622768469095212,385.8608426830665
868.8614115320377,4318.35130744641,3068.898014676509,0.6649987347981179,0.904663713462217,0.16913647260543543,241.0136867768758
179.9903361172233,4976.352744370808,3319.624807428247,0.930186826682106,1.979581066071085,0.19970255782377117,423.7812834411934
561.5919644391306,5500.032392253087,1758.9587166353783,0.8147057845224378,1.3918024811622671,0.5153710231882609,334.87959047603175
1215.0462547787645,4226.551491881165,3970.5419620618386,0.5534229791971391,0.6536616474615833,0.03123174466980705,185.4071245454053
297.81806027301104,7165.441672875527,2826.941485366044,0.920190889401764,1.9176128449488272,0.43418072729696816,426.6403134086992
636.9486169676005,6193.8102191316875,3371.9228468627343,0.8135057516572834,1.3869267050577538,0.2949995941247394,321.69778253901774
860.8693200734133,4229.513374588753,2422.6161962349424,0.6617663653041199,0.8963231987477294,0.27162687660313356,249.44983638432421
757.785235427637,6021.557723550473,1044.77083876813,0.7764428675754491,1.2450653920184456,0.7042959919266849,340.44937454379664
1432.8410622100857,5465.857344419076,2805.259007538974,0.5846053913226503,0.7169091105798611,0.32167342633604423,202.77450270228016
257.43807646470043,6040.798523104208,3037.510400038303,0.9182507443618595,1.9058248568276823,0.33082021642588894,411.90353048690076
1067.400194333782,4548.936616434695,2287.105581267305,0.6198945217825431,0.7945565700198483,0.33086850101610804,229.3936927520162
1196.5938391063937,4007.4680547992143,1156.325457302924,0.5401308194363443,0.6280984994639758,0.5521410936091966,212.53512905650223
1323.5457044519428,2475.6177801392187,3121.0095929745694,0.30324361666894945,0.2764647768784859,-0.11531798879812806,74.9819938993167
1577.0263486478439,4494.226454418158,326.71299865591345,0.4804939276810587,0.5225191181220536,0.8644608577774957,204.07296796870463
726.6918989379266,2367.688130820032,2809.0487105691595,0.5303150277505342,0.6096876831138368,-0.08525845396178744,166.46953476460274
446.42281878954356,7961.169101968682,633.7808056327558,0.893804831765387,1.7655657135892615,0.8525225131333234,427.3473486047544
868.786207597729,4919.313208798447,3518.699982856676,0.6998025965184407,0.9993375178912917,0.16598850866468617,251.26933992644217
770.9390969953198,7270.042341850601,1845.4740561295723,0.8082475122563912,1.3657392073582204,0.595091714861916,350.69133348889915
958.2441465937911,6242.854060805409,871.816292768775,0.7338616640511536,1.101573705428657,0.7549243324511121,312.9001066294536
1580.9570907848997,2778.6621427664904,3815.0292542986676,0.2747269859003721,0.24412261203345334,-0.1571755559922454,73.13263282614957
235.49109910700875,7016.842863843217,443.97007928916014,0.9350578446117941,2.010888718704461,0.8809861383434564,467.1607072426781
665.219145959514,7625.581637668284,1523.8922736075888,0.8395283727736131,1.497767363409017,0.6668896400561396,373.0511776827057
889.1609867697512,6609.972838332832,2400.1142182274007,0.762863016479368,1.197229444876477,0.4672383955017394,309.3797770483885
838.8508390147233,2542.441063294551,3595.1362693129518,0.5038282032416432,0.5621262651817978,-0.17151640603437493,153.4578515581538
804.9805940251573,3819.0498240005613,2411.3420259385693,0.6518272928253069,0.8711249829114326,0.22594209669971282,225.83145660507046
165.4935634747876,4647.9186303351435,3082.095513534727,0.931236487848171,1.9862284637279013,0.2025640687655916,418.3081072583958
1229.6715027762978,7281.644691606515,2182.295613274732,0.7110502124352129,1.0320080286315028,0.5388188126210872,288.0240259652751
795.3846530051874,6542.887113075072,2266.3263571070124,0.7832228953216723,1.2697515472893117,0.4854645389123711,327.29885064250016
1178.266223028886,4189.751592248802,500.3803159329112,0.5610050995151412,0.6686039188989465,0.7866242032752496,233.8407615775949
746.4355451220388,4941.762801100327,2581.739020774379,0.7375493961153675,1.1132469460913506,0.3136868755916896,283.37155299039085
756.5565494591663,3934.8083336189393,1140.8677129605255,0.6774684687064854,0.9375210682965835,0.5504568444613035,271.5892425336475
1018.441158348233,7484.262897063895,1816.942785079882,0.7604429950539797,1.1889277384531705,0.6093102663297386,323.6335587775531
1062.6660054256727,5958.161497577333,2996.681342544367,0.6972818359887687,0.992183415613729,0.3307126889411725,265.49102772819504
1514.8822864416004,5449.838244367524,2121.035786685633,0.5649840420666236,0.6765681301817784,0.4396853578052662,212.10445084533762
1613.8991619765093,2470.0504846786303,3039.3934034085623,0.2096380701445947,0.1760983925107029,-0.10333945316289644,56.086425813417364
1112.6170244968216,4588.008980030147,1648.492936630248,0.609650931698344,0.7713007276324778,0.47134051784315806,232.53567767682742
396.24569790745795,7389.609249233457,1592.1532026734371,0.8982139531119643,1.7898504851695365,0.6454697590764837,409.0476685928064
906.679162786815,4329.888966834127,1230.4658140973788,0.6537124541605829,0.8758628687564856,0.5574146388659211,246.57592889346705
723.6490186125498,5278.417503764468,3151.6140392392595,0.7588667115587403,1.1835102809274647,0.2522889094095978,297.0023473195314
1700.3199773307456,4214.034556171691,3836.47974467555,0.42501925851362904,0.4358955618474025,0.04689822256566997,128.96946295403586
1099.8941511497997,3310.779073875332,2756.371950601025,0.5012579280823228,0.557676522259756,0.0913784939498482,164.76220933256846
205.50098471087853,4241.539264023716,3360.912393559631,0.9075785359832786,1.8427563613842033,0.1158345899470254,392.25922054719143
517.3822928591385,5971.474088854936,1239.2566315488675,0.8405320559297892,1.5022119901396034,0.6562743278235729,380.74512996452745
912.2858092570732,2380.127506466666,903.9391717219889,0.4458254647901356,0.46717732500558723,0.44950011036602244,167.78308967939833
104.40130406910791,3062.270806732258,1821.729741168225,0.9340624473370442,2.0041511730140313,0.254001008628738,418.3491050572353
1691.6608586088616,6914.47460403258,3295.2776934848353,0.6068709663575099,0.7651156108771846,0.35448430135501896,227.54240385755332
760.6515422307201,2193.064168674826,3684.4644351293678,0.4849527734407472,0.5298972550589179,-0.2537461519516036,131.29627647433742
574.5037500559278,5785.020447310061,2409.855000691075,0.8193249266341214,1.4108340898010188,0.4118629340523267,344.2673525015338
1336.1453581206995,3487.45198865745,1171.788950080515,0.4459963125918226,0.4674589357172034,0.4970043551143692,174.97770171073682
1027.8720658493087,7823.647294473915,2611.8962451314615,0.7677523994715296,1.2142355743829243,0.4994230563135684,304.5812668900806
652.8383681863113,5183.085677047231,935.807188414021,0.7762690660418556,1.2444208395773466,0.6941253232121949,336.61787063067726
377.0996004187237,2701.717479727214,2238.781526288498,0.7550360473001099,1.1704281806926111,0.09370226626527565,274.5642961810199
1683.3243019069466,2304.480452891767,384.589022770205,0.15576393254498982,0.12517831667959128,0.7139612593813621,79.01494382699286
1590.0267023136885,7768.725678292706,2272.7661677122346,0.6602054124353771,0.8923656421635022,0.5473249985478743,256.1565089462039
695.8547199788233,7509.582532185427,1954.351207919932,0.8303918002150386,1.457705033623694,0.5869896679577409,363.8154133079354
1166.2267699328113,6641.261080057994,2263.6742391933726,0.7012542849401138,1.003516525363699,0.49159108779928257,278.0937926116779
971.1762539095341,6547.618309079678,3815.6633827899714,0.7416670328882448,1.1264924297122267,0.263618707592345,282.3108416012737
1439.4606822356795,4637.231982332713,378.31998492354785,0.5262354830311178,0.602216995366822,0.8491412359724478,211.6828686187582
233.22441305915274,6316.89065961516,2401.736604854797,0.9287876897013583,1.9708044918768173,0.4490562488278739,435.3641331257077
1074.4380048687365,6739.440292820421,2236.1017618139053,0.7249923880823733,1.0739692381980475,0.5017344359920389,282.9889093272702
808.8776061114742,7706.128535222026,2593.6315940304494,0.8100112687905108,1.3728173723532562,0.4963704859664781,339.78528177273097
1268.4007886913041,3774.150058909236,3837.5846278331087,0.49692097223240755,0.550203594862612,-0.008333786124472421,156.93752760724425
1568.0696984540914,6111.005082893078,2589.0179119248014,0.591599315438676,0.73176731464555,0.40482504157302845,210.67626213739592
175.31235080459825,5880.584800894696,3288.895594180544,0.9421019390243586,2.0571523274557277,0.2826429737309279,434.8632382666727
458.36957024843633,3135.1488939505925,629.360290643062,0.7448909333916283,1.13685556600529,0.6656348755627683,313.41643558430695
1886.412167277997,2542.7199737456613,1818.2314142837738,0.14817977550062417,0.1183629111816974,0.16613084963167363,57.23679864168159
1200.3177751977305,5242.292875924011,3467.3237072033753,0.6273815567909786,0.8119546600922943,0.20379417986727247,227.1877704990897
741.7072621299108,6985.247979458216,587.8544192056843,0.8080208207906023,1.3648286908642637,0.8447520213824723,368.0814541972808
1004.0735056700712,6243.002846085366,3726.173150478817,0.7229024623734482,1.0675619075273706,0.25246115588906226,269.1726398481869
940.3645932798868,6027.539508818068,3272.9466788771306,0.7300868152413872,1.089729647022145,0.296177293751499,274.22079812407816
762.6535027202559,6023.914198752469,3927.095948341927,0.7752461813819733,1.2407656069756867,0.2107141103470867,294.3787129895985
626.1542164346295,1737.3741056144154,1764.9618312196617,0.4701529820240396,0.5055320044645814,-0.007876950154104057,145.77892608644217
1746.0451942077464,5240.435147149206,790.1626073572401,0.500164572389335,0.5558046898652171,0.7379488270011859,205.17739484814408
1162.9003933283561,5181.40571201973,2150.326301450016,0.6334034410272975,0.826186008631996,0.4134192854550114,235.85454754152298
1519.1596537804621,5923.0620263511055,3646.974375250858,0.5917456589254733,0.732079348836417,0.23783479553760214,215.92013058916967
1362.8622461440798,6481.239971130827,2056.5726104821833,0.6525128794296094,0.8728824217872598,0.5182436739896752,246.0593209831584
667.4040315411505,1571.056927032321,555.8046255092211,0.40369383778011364,0.4051178855663873,0.4773476204093084,152.4198359954575
629.5859886711495,1965.2951428385777,1788.6584382036342,0.5147477229045755,0.5813688580446179,0.04705351325597645,159.55556021192214
745.6388371000177,2828.7453577801034,2970.968838606025,0.5827875254935102,0.7130431181090588,-0.024522498175861916,193.8819883491379
1144.1174186256294,3239.1523337825247,581.2385767717541,0.47796166629442055,0.5183237494557756,0.695717746833774,192.7244965634442
1838.742495695318,5884.87669189942,911.8170131719406,0.5238650556696166,0.597892019743054,0.7316880668441976,211.971597327349
1734.7762626534889,5983.288303306345,2567.6540664455647,0.550463397111273,0.6479177189922378,0.3994453580395763,199.20082436680985
769.3998661634146,4401.860907891587,1763.4151958242157,0.7024323853962939,1.0068622590687812,0.4279525632354456,275.99677182203465
719.8886201025499,4237.693600513687,2280.098437247874,0.7095807640007806,1.0276333758110054,0.3003463675465432,266.12286559247383
1359.7734844086228,6612.419037311341,3042.9235560577436,0.6588708862628688,0.8889494039591346,0.3696912301522368,238.229355844292
549.7451674143545,7929.29304688744,2297.575049070474,0.8703284136820494,1.6430009228331715,0.5506786578671311,378.86131587617876
1780.855448862509,4543.198922888183,2710.5860961835115,0.436799450353899,0.4534577655253225,0.2526422855976173,150.09346099264326
695.945858220349,6797.618488128826,3496.5820043347608,0.8142550523459406,1.3899921105368194,0.3206695348405244,338.12254769033433
711.5117096665815,1915.4373045772336,1563.508464022171,0.45829804382363015,0.4865912711006079,0.10115962244378034,142.5385108620806
1607.877631340076,5341.84061011437,3785.8088836724964,0.5372826420450051,0.622737904521131,0.17047452658327644,179.30738778728667
902.292590371555,3591.751681767081,539.5787475252207,0.5984496208617034,0.7465322084653108,0.7387869321374788,245.65204750131466
894.5094459038767,5412.961572607392,1337.0234647328832,0.7163651030224829,1.0477795377836625,0.6038440210938191,298.25202636660265
137.65088664424582,4369.8067487537155,457.38486018818537,0.9389230478695096,2.0359776557882245,0.8104964966602224,471.9133673242133
969.135043785594,7122.543138720478,1393.8756362178058,0.760461298062728,1.1889859366209734,0.672661555663287,316.1123060209265
1094.1085394680053,6863.389003736726,847.6668951582998,0.7250119063461551,1.0740306754853177,0.7801424586560605,303.33442724518125
1821.3949186764835,5480.675772681804,1817.1768214535077,0.5011292013147457,0.5574757397848249,0.5019968413270438,194.7298948370833
163.11423303865448,3161.627698368973,1452.234658964689,0.9018785596868659,1.8101224149119717,0.37049068798438245,401.98528779044244
1697.3259749032723,7964.731971120056,988.7834074391128,0.6486616030022504,0.8632939114693847,0.779129567321345,268.08392932755993
110.61496438088722,4167.3004325662605,767.5173230218365,0.9482855762252949,2.0988688327423413,0.6889379258242381,455.64997100100226
293.6086273477084,6157.793815374147,3716.835751110941,0.9089783561298576,1.8509644215073164,0.24719489957382565,395.26163828373143
653.3733310780098,6387.362073083528,1661.6588380055948,0.814401964005344,1.3905834925242377,0.5871152885166722,357.32790286616705
495.6285928850256,3871.018808061206,714.7220859453312,0.7729935358810412,1.2326517593389223,0.6882850109461702,334.9905861385445
1298.9976282676932,7968.663856577031,1323.3279259132323,0.7196708941620793,1.0577604784540378,0.7151680808059943,301.3649669034629
1229.9553124148295,6445.455349595545,648.5448865979822,0.6795076206561099,0.9430474129728941,0.8171567901287371,280.56335389060496
565.1839311408918,4574.640790416806,1124.838474681388,0.7800765737553622,1.2581854862568718,0.6052837732484845,337.2724522237974
772.0568015370285,5735.420533939197,749.9573893162245,0.7627170216300456,1.196710862593948,0.76872361223195,321.2540883165506
1711.785336975948,4077.893575875846,1066.1779100711478,0.40867693599363336,0.41222530870011265,0.5854731361037425,163.18649735279493
1277.457370683253,5295.10547638125,357.6633919611136,0.6112757228150537,0.7749584708070811,0.8734555044693613,256.84538492736345
1142.5877462812755,6481.591075266218,736.8268495770296,0.7002725740371606,1.0007040550865745,0.7958481047657116,298.87040851741267
857.5265608046217,1996.0359822252115,3308.353361967758,0.39897826098206834,0.3985152204953232,-0.24740215967212437,106.57026506033466
1646.4733719819442,6516.538943961768,3287.2628162558094,0.5966015219493396,0.7425519865922374,0.3293901902913325,223.31521694225847
1213.6282169114622,7909.7446300915,533.882106512285,0.7339518536333597,1.101877616065537,0.873541992415502,319.85911430009224
1792.3618998866716,5483.673767169843,3965.691744666878,0.5073245975811921,0.5682842328745892,0.16064380412005708,161.06380448435507
1017.5193647156207,1885.4010998425738,1633.0031884806438,0.2989684855041561,0.27150092524211755,0.07173647216377173,98.23647130738605
1195.5409899317224,5200.475712866244,328.34339886655624,0.6261607666778581,0.8090959205816721,0.881224763309624,258.5481322718971
1254.8902758986405,4109.033346391684,2238.2976961372688,0.532099871463543,0.6130361531559249,0.29472791594218384,181.6272447411934
1189.2290397772979,1962.2100333555175,3468.2330569788933,0.24527873628365213,0.21239045835827247,-0.27732967610444176,47.113303579640956
490.001961672237,2129.351856636324,2193.74796671262,0.625860425147463,0.8082999640998257,-0.014895818438796709,214.55768512257015
1004.3500905078442,2465.035022134382,884.6127240165466,0.4210212714301651,0.4300110733086631,0.4718174618397046,147.86713022974087
1084.263268407665,5282.513332183555,1971.1308445654058,0.6593996187531755,0.8902826714926794,0.4565129480401088,253.9459008068205
1661.4167499528676,5786.538380803987,3918.9495440991127,0.5538596242695233,0.6545302506124981,0.19242606358001255,193.47552854580596
285.4023682957712,5216.448763922619,2574.55847758287,0.8962522387882854,1.778911940374204,0.33909483127243895,395.5456937734847
1125.130514610051,4839.467342621652,882.0668556845103,0.6227304700660529,0.8011078809728661,0.6916677151762978,245.7963307947219
1388.7632837251463,2943.104863669696,760.2023435227103,0.3588155333214621,0.3445918813381026,0.5894467829506551,136.37547765491064
1301.2069042832036,1731.0983669520137,2140.7511181706964,0.14177050925744106,0.11266279218819292,-0.10580286054169709,35.53486943347747
228.0472606761403,3644.9642362431564,3814.1507918845814,0.8822377566920963,1.70360396596404,-0.02268185367577171,358.3723343436054
423.98392654689525,3454.29567412536,1290.7808287311204,0.7813546362855943,1.2627984292903949,0.45594941275148665,313.97545867447275
1275.0191803754403,6823.4556964564235,1383.2305184940426,0.6851211616731493,0.958307607338915,0.6629015701110628,277.4744309886602
342.36397407683114,7875.82862268382,477.19702781925287,0.9166814429075023,1.8964492979769867,0.8857427121073466,453.14477818322587
1660.9410315523976,1651.5227797987823,2825.3763925655862,-0.0028432768739985923,-0.00202662135889349,-0.262202378769379,5.0
1169.5623481101757,4400.367381519849,1542.9794339015455,0.5800441279614188,0.7073470053259925,0.4807708578815182,218.59839471757763
1987.0380609848426,4942.890486393911,2759.4122988802883,0.4265343292898143,0.4381346490104723,0.2834838162172311,150.43659417722918
1060.6045741563003,5892.8200975630225,3689.0502738381338,0.6949403712339283,0.9855672452710391,0.22999370040242337,260.0493830219321
534.4694067881658,2392.575861369307,3357.4742163755636,0.634806189764186,0.8294537035758027,-0.16780694807737676,213.71493497194749
1119.959801463558,5864.29996783269,535.9926193808243,0.6792903360419958,0.9424549083523586,0.8325099634138965,289.59430965253796
1560.8952832805924,4216.847121597368,3729.058226956533,0.4596867862462602,0.48882961271220876,0.06138871194435008,136.44237973023021
1259.7495609651585,4753.132759145177,1110.4024367500797,0.5809831311541337,0.709308889070145,0.6212515487796378,218.48847962536698
1398.4195553516267,4490.197031987869,2585.193959249139,0.5250430946308356,0.6000322218860236,0.2692435053877397,173.1065211258362
166.398737907393,4326.970018519185,406.30705251877083,0.9259358635400792,1.9528202046054814,0.8283189228794369,442.7458250012587
433.4573260114869,6660.900317104247,423.22638276814115,0.8778022343232135,1.6807951399820362,0.8805141688908467,420.8139696291346
870.135619180699,3523.5050348216573,2558.630322710521,0.603911340045522,0.7585113509068847,0.15864078242809657,199.65824515690778
1684.9732256806317,2388.290935303102,2890.6240158959554,0.17266685430977427,0.14067332953150802,-0.09515839621238731,39.43314813016855
1764.9186822256165,6802.563326852569,3512.316901321377,0.5879959407794519,0.7240876789930016,0.3189805749004501,208.9387777904444
853.8067939899732,3899.8686722746174,3873.1778760477832,0.6407803602203919,0.8439051312035873,0.00343376256111073,223.46507060201617
325.6093966337278,7704.311672313727,515.5929578203076,0.9189009719280196,1.9098060568860324,0.8745501361737391,437.27769414477905
1216.0632275596363,7879.174553517166,2156.5583100648014,0.7325934170833825,1.0975995212046556,0.5702240504675626,296.8962824804835
755.0937430858718,2198.572978374009,2410.531385697146,0.4887075526537317,0.5361999207980772,-0.04598689691850034,140.59220988670847
1129.794492472291,2988.23318293405,3412.288582568409,0.4512933949204424,0.4756446212761964,-0.06625325482895471,134.95752339795382
637.380126552482,6882.461534378713,2793.2702467668732,0.8304804394275519,1.458076136998626,0.4226234645277718,349.87757526542055
1611.3953493290696,5393.293019155616,3293.1075941762556,0.5399094820980265,0.6276939772809087,0.24177855917838062,180.5984018715951
1002.1147130270579,6765.122855590296,2782.5009357065023,0.7419636763919848,1.1274538926671782,0.4171322631183947,297.0909472830653
455.95754732926497,2416.8735357782534,2288.552209647285,0.6825726717093679,0.9512325498991063,0.02727092787054333,230.83250644852157
1293.163287939247,7402.355650364484,2939.8742427857533,0.7025678864100563,1.0072973935284182,0.4314815521653406,263.55875479546734
1821.9772101843046,7212.731759710016,1660.6911258299926,0.5966716323560887,0.7427084291451549,0.6256932307713914,241.27621163291002
581.0377451286183,7712.5717622523825,3128.968855686755,0.8598830231779159,1.5918889494132782,0.4227815093510336,374.8273456114547
1420.8853207145125,5734.856588701491,3525.739315802499,0.6028684826806706,0.7562443540404784,0.2385502288881879,219.8105621197775
185.1222183107334,2622.491790646015,3113.110628482285,0.8681284406230861,1.6317773478640374,-0.08553919918063206,347.34081725550874
174.27814337758073,3886.167260405822,1272.3979848638555,0.9141581149337594,1.8812144911288335,0.5066853186420519,428.87023483880034
1721.9061252630015,1907.970995873077,425.47145862933036,0.05125927527281742,0.03800217983931567,0.6353272324106033,56.98634254776205
791.980208833789,5039.346708377092,977.8349731589703,0.7283704993933772,1.0843718396606867,0.6749857241316196,306.3006531398735
1833.8817251489677,2898.498894659734,775.4476146352372,0.22496440054494965,0.19143949295125393,0.5778666820748142,103.3105954161466
755.2813631801205,5924.14831366777,1186.5579392497298,0.7738485469246014,1.2357625927478415,0.6662615787015473,324.5518486344042
409.3229811501895,7844.88643100226,3172.5490613586253,0.9008207906627702,1.8044288128972235,0.4240857477640045,412.88266305623324
260.06618503372533,6772.9694031922245,1432.423980067974,0.9260443993964352,1.9536287514147856,0.6508579385564408,433.7086860680883
385.73025971724536,2140.300527711502,1975.818838347073,0.6945957571188759,0.9844566073852739,0.03996037886577849,253.18823093113474
1888.9727724456973,6258.544214764433,413.6331190895088,0.5363071287413977,0.6209112790362523,0.8760125521757992,228.7871069518925
1371.0976494672766,4285.0969686722865,2503.2141874561103,0.5151872443258142,0.5822091374274933,0.26249279680484644,185.884743451151
1308.2945298633572,6924.420973566082,1261.596489852002,0.682171810829742,0.95026310082198,0.6917679455643123,283.9862693880076
1553.4391716736257,4961.137690512709,3008.3868795511426,0.5230882358754378,0.5964700596850909,0.24502726524637514,176.70447946257292
981.532072963288,3581.3027979226454,3554.9043888724764,0.5697709423976606,0.6862091624033234,0.0036992212187053,187.3875623467221
1470.0373199101373,7332.012225879927,2530.441825144388,0.6659784036443577,0.9072446618785768,0.4868535128688376,250.995680172444
1701.5278283774348,2119.1014204332573,2742.6407054286037,0.10929445511534855,0.08467120246382008,-0.12825429007231737,26.346786522926315
1160.083833675244,6277.625627213435,1746.5548473793103,0.6880534685793815,0.9663668087312673,0.5646770774431534,268.0055205701463
1953.565608938881,6204.5572860006405,3529.6016298596523,0.5210747289891369,0.5928213463873859,0.274800902572873,178.45449131289251
1998.0190495150712,7096.937005801597,1359.0267664494056,0.5606314010440109,0.6678853938103358,0.6785637206137389,213.10310808651832
1131.9604997439556,5870.410693136797,1282.2434739079408,0.6766922321304086,0.9354784015431792,0.641463589799573,273.1413686242586
131.22063211733845,3949.6017369912424,738.6927527283822,0.935689123065728,2.014795864214168,0.6848778357713627,452.9064927993364
326.6880760780906,6875.667983508663,696.1775774276889,0.9092829974441791,1.852758505843625,0.8161141633877554,438.3701294617605
619.3082927197545,6615.455788574022,3976.3987028478077,0.8287965478417083,1.4508251497697613,0.2491591144510515,337.50766815845947
1337.2868254297705,3132.011498387345,1465.3625299097814,0.40156743688194385,0.4021618069729243,0.36252194358273054,147.34868281716817
1149.1670881102684,3784.668130899724,2161.668856777055,0.5341688413307241,0.6168856635491694,0.27294101851496816,186.58017059151993
1025.00595416564,5213.442548238496,3153.3233359575333,0.6713907459182119,0.9213877868767226,0.24622646797445258,251.86307252872638
1609.2828634206865,5159.7436349524505,1677.2415019138384,0.5245157146098577,0.5990745037470667,0.5093622499997774,200.84757893375468
165.71644471153218,2949.7176565332547,2322.366089476147,0.8936158238159317,1.7642520224305633,0.11899499271288586,386.981140422626
1109.2471424747082,1733.6167567520583,3498.754479136599,0.2196269804641531,0.1860435641950201,-0.33734948123332137,38.80296426131559
1752.8048659737558,4594.910996311828,588.0077743580475,0.44773682243347845,0.47015069639944,0.7730978235382999,182.81365205417129
655.1404421910931,7841.450540456259,807.161185723622,0.8457874590051504,1.5259770524890068,0.8133431788394507,375.2322667097391
461.8166653372442,3341.0976889075364,2944.255998131546,0.7571248665117422,1.1775241762940525,0.06313752741252619,273.2994794996146
570.1844506308652,4858.710690719539,3350.1421394510257,0.7899445702375427,1.2947170658945462,0.18377337032285362,306.75103105345613
1389.7388855955935,3969.0166804569294,509.7919579340379,0.48132029210655264,0.5238835507542109,0.7723537666019328,196.09646504225398
849.4590936507791,6471.861713617631,2557.789441270872,0.7679492221700123,1.2149068919126773,0.4334688245175758,306.963736624567
1541.7004780021111,1955.4775828723705,3246.771026810868,0.11831742552121453,0.0923059033144783,-0.2482183264534344,22.283241535918485
339.4702370236914,1686.884713445556,3757.254762821874,0.6649449423680169,0.904376363780751,-0.38029335178155577,201.35979480688903
787.1732573458498,2852.126589160057,2560.3098675157967,0.5674040113043628,0.68139785199392,0.05391596260320233,196.09147668457115
1160.9908974333275,7824.577253932579,2992.530274760912,0.7415876484944053,1.126250914010084,0.4467041642978459,292.6544329264001
1772.5208634287665,2251.0666022704354,2431.998246069795,0.11893509033972852,0.09283359534517949,-0.03863530606988074,25.783968785681193
751.8464211707819,7088.820131331068,596.0629383752425,0.808218748612645,1.36562129727682,0.8448739080631296,350.26303981017105
961.7767882074943,4806.73397573711,3900.452801413521,0.6665424308290321,0.9086816324122335,0.10408426939890217,240.50711406836106
1818.3671110555656,3874.819501468538,2031.5638449714754,0.3612128900759887,0.3477021011930963,0.3120785678931557,119.59315548473873
1878.4024778822777,4941.0397511309675,2766.435576421794,0.4491037785714538,0.4722661289315434,0.282142216745506,156.69791007721133
1650.2890716628117,6260.6710410715605,3588.8705518275488,0.582784125204294,0.7130895122421406,0.2712614047844569,203.30828921338133
1034.3969567320178,1657.6562276881948,3068.8749709638755,0.2315181863165494,0.1981107000009506,-0.29857387662638585,43.7163495015921
575.2055341376761,7081.817416041647,3550.877770354439,0.8497573957123677,1.5441856404730314,0.33208321911388533,358.45039812867856
103.10140532025751,1567.515122908116,3746.015766046829,0.8765708299703245,1.6739037380331159,-0.40999115056564295,326.2343549880852
942.5668473935345,1542.4915932413617,3034.8995245386664,0.24141273130508045,0.208339244907183,-0.32603897997142595,58.02465633950463
1510.141785428308,5225.542653560252,918.183849828868,0.5515996037573063,0.6501187398080127,0.7010987225186827,217.57200658077437
1137.1860337709218,6600.917599840938,2116.5040079058435,0.7060814669929237,1.017452105980212,0.5144197210142477,283.25617355630806
834.520007985297,5912.103695447001,3472.2998206711313,0.7526110703529986,1.1624266605685794,0.25998497084288974,281.04159447754
592.5214080294243,2884.854923717432,3323.6452366436765,0.6592135266179956,0.8897451613098734,-0.07067573512473697,227.4901698450796
580.3257888241878,4288.501998599506,1184.1861213439547,0.7616158079347181,1.1928832450175306,0.5672378561781416,322.7205049217838
612.1473849770925,2524.4121576426064,1614.36600454437,0.6096695267766841,0.7712864263151354,0.21988280531505341,225.23733049958201
1774.6823389049744,7411.052009370023,1091.1912846314558,0.6136003346221209,0.7802220504069691,0.7433168524422317,251.62546062301038
1036.8156170727777,7427.802121833453,1168.7648383914502,0.7550236408940865,1.1705364330165242,0.7280856778843922,320.81679136809566
544.4248765853897,2656.904202284216,2595.596908067908,0.6598757181766737,0.8914237149979356,0.011672019275503974,221.71204114854396
606.1990007854275,6416.765822185124,3668.976217665641,0.8273666417304643,1.4447016500891534,0.27244297875059453,334.5262109655958
833.6957415791557,2231.1428156197567,581.7141907499821,0.45596107184902646,0.4829229292939745,0.5863890772080629,180.57185456981517
1083.6604095468763,2148.6640255043576,522.3049820283534,0.32948537098538966,0.3077466468520541,0.6089022516848446,129.44425550527407
1375.6689447886731,7345.638014107227,1770.020763156072,0.684526883042976,0.9566858472786631,0.6116526941800922,278.0508471408415
798.648891016034,4764.002862814699,3699.5561943794364,0.7128531762490904,1.0373017256641721,0.12576820946321643,260.7841224095966
692.4864529651715,6337.725936485812,1701.3710151769,0.8029970035028348,1.3449186792359695,0.5767258373184885,342.1961246104939
515.6966323808795,5734.253868903871,3213.014115322772,0.8349757705465476,1.4776024815384579,0.28178878264785023,337.43572076490375
806.2815778987853,3284.179562176146,2708.5131325515117,0.6057747277917411,0.7626301665265438,0.09606139657971142,207.83403895598875
965.3256441770496,3075.7490636199727,643.7301700580016,0.5222431089553329,0.5949075745387759,0.6538600540869887,213.09255430611552
111.33798596143392,2968.0464987105424,926.2096598851541,0.9276881552274641,1.9636032887975765,0.5243201153560922,442.27957958728496
623.0501601142395,5475.019119081937,2671.734738142957,0.7956565817847855,1.3164207768356009,0.34409832796271456,323.48577380119553
1464.3096048886646,3354.9041624942856,696.109722350473,0.3923035267721679,0.3892751706919404,0.6563281477346439,152.1374569381106
1027.37658588298,4980.241690145162,2408.139388938406,0.6579754108840602,0.8866503693731942,0.34812799628598257,237.28543064690274
1326.1918724756981,3267.3007916261513,1027.1582407942328,0.4225779947136182,0.43230083620941595,0.5216355618713924,166.06709636059935
1797.401653032058,3944.3775572998024,458.2008193022586,0.37392171054409673,0.36439356437422216,0.7918488755892061,161.268910145311
230.71352817814298,5244.65025279757,654.7306645573703,0.9157266848870841,1.8906442637109233,0.7780341109961946,434.8638051362829
645.4206138080904,5553.2557890047465,514.0588656045388,0.7917553450891263,1.3015673035129844,0.8305481435253118,349.29220091799436
639.4013375711579,7947.891261377229,1099.7597814720452,0.8510819724309847,1.5503403320417326,0.7568960658093288,385.224269439647
1011.3282447735947,4891.495851701278,3903.2700779528845,0.6573408834235045,0.8850371525116761,0.11236521603195056,234.84513429074116
1984.257358233356,5448.844834178621,1930.5128295316842,0.4661024947317364,0.4990650856663847,0.47678025168401383,179.671315170012
1534.6954142261297,1523.318686902005,1084.7161093555758,-0.003720299169388186,-0.0026500667788879923,0.16817359109151145,5.0
1885.1094699492235,5878.333569591233,3217.1016199609235,0.5143625165779563,0.5807484485463604,0.2925898424733599,176.18020764486164
1408.7081987192182,7403.953733194901,2524.306117017406,0.6802990492673093,0.9451927875676701,0.4914907233800551,271.7760872334271
1996.421748240742,5822.293828540652,374.2045766085032,0.4893223243945552,0.5372865179377497,0.8792206331443069,213.76330532740195
505.39570184399906,2967.855434500323,1930.845619021095,0.7089783131948074,1.0258146571996287,0.2116907735208879,270.8466463943777
1728.3350586561462,2133.0394608507804,1111.729339949786,0.10480837847904587,0.08091466529922783,0.31475589889000893,39.12849890627012
794.728623992071,2559.2972776452293,2342.640119627061,0.5261046589609408,0.6019403552176248,0.044198271094716614,171.44231049407932
836.2281278040764,7252.124768100739,2949.2376269018328,0.7932265965734315,1.3071798257411689,0.42179534205009733,319.1935547087295
425.3947996686478,2259.1005888866703,2483.5907399188786,0.6830728025656145,0.9525804954781083,-0.04733391558109527,237.35146043700016
945.0794178290314,3015.4301547176497,1723.6701172623502,0.5227485752634089,0.5958250783384735,0.27257495369327267,173.49264048047715
754.4065189384941,2608.6966667040124,513.6665482838546,0.5513628470069976,0.6496128313853622,0.6709757877279257,210.42960309605542
1359.6636255536637,6069.562476163558,1543.7949117592161,0.6339689740883319,0.827544050650252,0.5944509541860217,255.1295950830455
1617.937427777589,4334.924089553088,734.6305551406051,0.45641691032271936,0.4836716716491011,0.7101794508657153,188.67365462909657
150.9659527625282,7814.973672265242,2923.0929727266825,0.9620971384796178,2.196804162613175,0.45556438238018354,473.6483207025427
672.33702860805,5742.353902296727,590.247726832961,0.7903758618317699,1.296364391464744,0.8135844438643858,353.3651841299027
109.807024700262,2078.6152920273444,3910.9357697639516,0.8996473173292417,1.7973697878270691,-0.30591950190048056,362.3662650234948
199.1378328328324,3179.8785073961926,3588.657234685284,0.8821326603822216,1.703005761911257,-0.0603939674407317,354.121757247141
1298.003120264641,7561.010989021347,979.9582458882211,0.7069644308936,1.0200318805291986,0.7705276253032046,300.52793011520663
555.983688706659,5248.809358605055,2115.853461807248,0.8084397894707502,1.366463826236877,0.42540384709656104,328.84475226756564
595.024659346489,3514.1078616806253,1570.5230205732385,0.7103891604094813,1.0299851118350956,0.38224698817539476,273.42504622946626
909.8793895101885,2573.971036042606,3636.0722051994376,0.4776587518939513,0.5178119272575861,-0.1710295931487549,129.20567827309142
931.4033978448348,3311.8496230347314,3960.6601059260056,0.5609955882704982,0.6685692666574199,-0.08921410998164138,166.97463793369943
215.67482208980186,7281.679326253609,551.8534080379835,0.9424664172737018,2.0596445086505173,0.8591048439609434,461.62896860077996
1926.8149505339065,6272.259437147329,1992.4829884535905,0.5299920796684412,0.6091465946056278,0.517835430045447,199.96999982810192
852.4900481039567,6336.733811217764,499.36275749583945,0.7628422580331758,1.1971535458233515,0.8539041241142794,341.7330540109392
1206.2699261198218,4502.862774630726,2811.1311983806095,0.5774244566955142,0.7019115550063533,0.2313006521828308,205.68008466077228
1022.6107947487301,4938.712951992036,1018.3291287274657,0.656918215308712,0.8839658240279012,0.6581091369649936,269.2866839992423
1015.6862297856735,1653.349034868951,3829.9840170353123,0.23891134496751598,0.20573839100775487,-0.3969547282949556,34.484818755012704
650.0714832036182,5422.0613289454195,3687.9629285357128,0.7858836413143314,1.2795610144270806,0.1903505798895451,305.0271948457511
1022.4765321096377,7503.101188624911,3224.4715711659733,0.7601390624818296,1.1878883132120686,0.39884414796022294,296.98742254475036
1164.5660517651945,4657.618390783275,868.6670770592442,0.5999556305518133,0.749838556061121,0.6856235232664567,241.40205541826722
946.3879896780386,3382.248021496923,1299.8548426274942,0.5627315452183203,0.6720299103291344,0.44475596518405264,200.08350568950885
1789.4551688604615,7062.064071365085,3325.920412767522,0.5956727606655012,0.7405434834314106,0.3596601115399018,209.24068396419483
1518.7276954462106,2408.2096965525875,631.0104475165307,0.22650781310957585,0.193003546390272,0.5847550240542511,102.82455603042882
1396.2516139676661,2924.599047635447,720.8200120997597,0.35371447731244243,0.33803696619683765,0.6045337994944346,132.1115232618874
1642.3645293471693,4602.849724112813,3457.289470302423,0.47404061320257046,0.5119099527829994,0.14212660923548406,163.8878622337421
1988.5326641335755,3845.301956473052,504.82442937174153,0.31827595617171023,0.2942116201267409,0.7679035572858848,135.61397578249392
1346.7687461592902,3932.937838523268,3743.324666296385,0.48983197274203055,0.5381327274962745,0.02470123606157687,158.2756551486518
1470.4893367874665,3829.9210753046136,3082.1992967981414,0.44514132956371094,0.4661487245769317,0.10817545675507821,136.23636223416528
1263.7065698039162,6847.784119451032,2434.1353551517573,0.6884157009951035,0.967373785864323,0.4755103484683745,267.63301864821807
102.00727485144766,6944.403923559538,3390.9639476939083,0.9710470273548684,2.263461500366162,0.34381359423163566,474.40606974492925
506.6605589133769,5861.584086903756,2526.3700854201584,0.8408790530160906,1.5037615816848124,0.3976194829593286,351.90532684765395
1033.1536297725652,3092.9087605052446,3144.8865591047484,0.49920600693941247,0.5541247960072985,-0.00833271948307866,155.67995810241067
1935.06195936303,6847.871785860517,1261.66476394724,0.5593586344209733,0.6653590402159704,0.6888441758557531,214.27287505661732
1608.0857951913904,3600.1319024965514,3316.103060140416,0.3824813443967595,0.3758677790381338,0.041066974133969605,118.00004354578655
829.4569192825243,4363.295946181071,1147.464641985869,0.6805328729817226,0.9457833354488948,0.5835548926797667,270.68565231500236
1573.3053876870908,4914.575879269427,1330.599557508733,0.515001793896073,0.5818835737334407,0.5738792060316823,194.71995542765075
220.44354896333203,3848.565860995845,1419.3082335026065,0.8916475597871044,1.7536557286943806,0.4611457266165697,392.53330979442467
895.480943183447,2998.3995683096923,3463.546711518685,0.5400573074544106,0.6279404511451103,-0.07198251470907675,176.98267086934607
1560.2903609088175,5373.028989730184,457.37003947259427,0.5499153342648285,0.6468508822289037,0.8431084947691181,219.46831913669718
986.0854933336575,6969.440467167275,2543.8078673857885,0.7521004899976172,1.1607388448419216,0.46520730287697215,293.4983869259298
1347.7959829320212,6731.710547120673,536.1403313569534,0.6663667568676587,0.9082491799352281,0.8524624842342696,284.507899162777
429.84005161850126,5987.596487406584,1149.144116804248,0.8660399524209955,1.6217297042919343,0.6779638827099277,388.2533045179175
1583.1701842250254,3015.578328901101,3282.5667349576133,0.3114778162528567,0.2861245584362555,-0.04239159360526759,83.5345370976688
1213.1035520025043,6289.0704463898255,580.4407691672336,0.6765994623423117,0.9352351326064866,0.8310095867466549,276.65055277603585
1184.80129422649,5932.170619351889,555.0170025161244,0.6670490458731339,0.9100170973084041,0.82888825319014,269.2270540642664
1735.1657357015565,6164.728492110669,687.9016861937911,0.5607116536135082,0.6680395729363835,0.7992298814632333,225.67919644402897
378.2691372386723,5512.381207587112,2146.41265915676,0.8715696517255618,1.649143867569258,0.439490683070427,374.08125060003937
121.40751811789497,4441.867023252243,2830.400277290831,0.9467892990042028,2.0886669547720556,0.22159069230300169,427.87905585307124
253.3074567670464,1657.5944039240285,821.1243040455162,0.7348817724811058,1.1045413198923049,0.3374606795243219,287.3964036351588
1072.0743292772313,2755.2153511001025,3980.472461046062,0.4397736157815878,0.457939672050064,-0.1819052699495073,120.71060184841298
587.9343401600871,4205.050341757958,3494.9960607591006,0.7546688005261292,1.1692774486595459,0.09221428596515142,282.75742024639817
1721.6824240530525,4953.762155226757,377.1729760543358,0.48417445344714827,0.5286408297288621,0.8584965049488626,199.24347665266478
1511.2911030286798,6562.023663372446,3759.485111332605,0.6256082793573083,0.8078188837416476,0.271524116574556,235.82487529453272
551.6410506665663,5582.933782734463,2525.968134519868,0.8201534528283483,1.4142728634511306,0.37698885484518146,348.0227968349734
1270.03479423037,7276.641163448414,3261.4022273253463,0.7028002931500629,1.0079653100804051,0.38102319252713035,267.94522921700013
1881.2517834494504,6474.668048977832,3854.2520322529463,0.5497200017588412,0.646480048737412,0.2536969979303919,193.4546928169227
1610.8336291430858,7249.526737514063,1938.0651744656282,0.636395459597086,0.8333604687915384,0.5781124818511708,249.76934625741066
1639.182730633433,2267.155743628828,3065.4251149807856,0.16075745022408347,0.12971162758235633,-0.1496966276495237,45.512762290602176
1580.0462217805741,6403.857305573147,3414.9694590633208,0.6041920555103752,0.7591706325205763,0.3044037661373368,219.69130380630955
1797.897987704792,7964.48190898942,3799.540135074494,0.6316680958852176,0.8220853628631937,0.3540406298084507,230.1667927914401
322.99284281460655,3724.817178175545,995.6736309966275,0.8404110659542252,1.5015712995324701,0.578148259773728,371.57538725170724
434.5155134260151,3692.671356976863,3454.794427228923,0.7894374413057199,1.292762122696722,0.033281296741610275,299.9798692083882
1006.4472883853266,3258.668813760676,2542.6555434926863,0.5280563227139543,0.6055431633453873,0.1234223818651581,170.15590358307077
1294.623097856259,7187.622886758015,2620.812641584548,0.6947452123996605,0.9850323220636314,0.465600271471588,269.15931929287797
246.22268404558127,5211.826560723477,3330.938809405409,0.9097763052480894,1.8555617125193429,0.2201731722229798,391.20916351047964
982.1715707685203,5510.212870488137,2013.5548356674774,0.6974388747296263,0.9926221274835265,0.46474827120128925,263.2722529018882
1744.6220504570329,2669.401364907043,1063.1962605666968,0.20950938117400617,0.1759723522845459,0.43031831048388697,80.16842307526692
673.0778100885062,4309.664128068031,2287.209424256508,0.729836375711465,1.088911625337226,0.30657775800360654,275.55667479290577
878.4670246389552,4826.689656602421,2508.669680784021,0.6920445575584672,0.9774287855115793,0.3160063289180724,255.6118485605997
291.10531176492213,3247.365926087597,1461.932616437602,0.8354626658718731,1.479610569743042,0.37912935294891886,352.9498341157482
1057.4263701164787,5064.09537198074,2485.5742697541164,0.6545217300554853,0.877912061334387,0.34154091824507415,247.46010284264315
1945.2953234343152,1833.3613555757236,1324.0521373738468,-0.029622687991409217,-0.02071909950167547,0.16130583440459934,5.0
272.33656338635205,7519.333647158889,691.7321084312734,0.930095459255239,1.9791123037369514,0.8315122227888401,451.011482251764
1114.297630152701,6980.94541476958,3057.3239192102233,0.7247031066685532,1.073083692644739,0.39086633010402794,282.5776182326075
1027.4407956185867,3065.299703660086,393.19789563943056,0.49792038070890215,0.551909642896518,0.7726192459376705,194.7429115851804
796.1437175690191,6882.314824104389,1166.636274552175,0.7926292852544787,1.3049053712760137,0.7101147067219844,349.34619307351056
460.5244993689225,6803.334132522195,3988.348696171025,0.8732011391896741,1.6573875474138062,0.2608476806421481,371.85614063833344
1230.680352971504,7415.959624206573,3176.2937729467176,0.715339055037002,1.0447371507757812,0.40026099186779474,275.5675342472105
1278.5173171080858,3884.538143427728,1901.8105220000332,0.5047439148647939,0.5637495770677713,0.34265609207606634,171.28115766263147
523.6499968858927,2038.961419983913,1840.0203928031262,0.5913153326842026,0.7310652030938535,0.05128691928219203,196.58113185932427
1281.004070085795,1670.8402449869734,2870.224748154136,0.13206528975072415,0.10414666936206336,-0.2641196513845564,18.151972270649477
1790.2491104243861,5507.250215106818,2638.005523438373,0.5093527163707561,0.5718553018321693,0.3522596200065605,185.78100980879054
1989.66522217518,7097.594705450502,1179.6356836776336,0.5620978736599013,0.6708042966507377,0.7149685030914376,228.16770280522985
1990.1566161121807,5153.167901722723,2036.0416149894304,0.44279260689761274,0.46256089167689085,0.4335840093481191,169.13696151863326
1329.4876694377153,4546.947463901171,3499.975193951053,0.5475189840286441,0.6422140310370541,0.13010840470777604,180.78517586866067
1019.6050993715451,4200.374483648593,1665.6575579651412,0.6093451771371481,0.7706095112017077,0.4321007637309214,231.16726239682768
1234.1446640121887,4866.424869049528,3853.3593452442856,0.5954001810416203,0.7399351222524633,0.11618011395607764,194.73282525359886
823.8698867037596,4933.634821126666,343.40225005997297,0.7138100865327405,1.0401461885378556,0.8698503550903885,310.2691867456419
446.6909665557262,3515.497156350538,903.3696597094104,0.7745230902285679,1.238092226606118,0.5911306234794109,323.266353178826
320.9538445021566,2623.6419812334084,3134.83688399885,0.7820048224696615,1.2651117615380538,-0.08877255862882308,295.02102007111677
1370.487273907819,7671.238736642274,2950.5492379385914,0.6968527308487054,0.9909857024529343,0.4444345443117853,266.1942717854421
624.2807377615658,2499.4673834094874,1069.5040228295843,0.6003002074138545,0.7505367715575351,0.4006654011515636,226.29772872327803
501.32490774774686,3437.9680541857842,3769.859686482722,0.7454746763112446,1.1387780075252294,-0.04604599945948618,259.3926374191089
1626.8681265763041,7567.967323426316,3731.4284573787213,0.6461343684189785,0.8570454172588644,0.3395348689551541,234.05331576047368
1632.6032943575906,1887.5238396425964,600.3556599738414,0.0724179938702675,0.05454412276281896,0.5173756121829152,43.4302456764616
1871.4717133693032,3251.1852072920346,358.4592011219398,0.26933552549431206,0.2381934980859855,0.8013880809494276,116.9973326237123
1420.658667597473,3016.959288114729,1491.0120217128704,0.35972015529249013,0.34576175901400225,0.3384997732209871,128.6682197891783
1829.1664630448458,6382.801159671899,2975.731268732919,0.5545120128671518,0.6558107001789643,0.3640602751168392,208.42638583517615
1535.7986782089972,2149.807200376865,1459.5468599000326,0.16659635952091043,0.1350585454408271,0.19124206956649628,59.37239601699024
836.0343001395133,3665.8046629040946,345.44112568823437,0.6285809833195025,0.8147434506100268,0.8277636702869099,252.67630372655492
1615.3055313457264,5639.199130407821,1871.6053251135647,0.5546751688949595,0.6561252799818724,0.5016232052244388,213.39444988416736
682.1160038134717,7216.356611093421,1754.174232633585,0.8272790101367841,1.4443435452395144,0.6089029147779562,356.56309934017503
702.0496680719718,3170.838120802151,1045.9440845632093,0.637454165128399,0.8358420028837845,0.5039136318283999,242.72803636753196
1905.9050447204095,1608.549063682081,2131.1526667843,-0.08460943628280396,-0.05698667155201919,-0.13974472849130137,5.0
460.3366714605764,3205.8376336508927,1784.7626484202565,0.7488735485417589,1.1499273049676748,0.28475031151084806,283.6232271483904
502.8650862494051,4696.786556683362,1848.9648004826975,0.8065773935697499,1.3590194209617361,0.43506415083241806,338.5799510845042
1304.6628775055462,5862.271736466876,3761.250440838808,0.6359216462558542,0.8322120316528375,0.21832144787533223,229.3154363976988
1631.897250316952,5411.375040712181,3580.8938379252863,0.5366082175571235,0.6214709638741482,0.20356166250009775,186.69976048224905
891.444959790313,6272.615684418378,3154.878148405355,0.751134166937431,1.1575113068219507,0.3307069292188004,295.85975056659123
868.1001308218483,4687.021025916441,1949.2804428454006,0.6874595146813012,0.9647031502478791,0.4125401167420579,259.5580052942753
542.0934653821184,7731.511503677585,1118.7567739826675,0.8689583397216011,1.6361790447507554,0.747181274226407,396.61571551388107
1912.7215327855058,1504.5370296169624,3094.412013111543,-0.11944794214287537,-0.07860666872777083,-0.34570397896942584,5.0
397.5455847755691,5238.5524372565515,413.189917663445,0.8589287895096981,1.5872515932897286,0.853783172642099,405.6742307801069
369.8851093215569,3841.391054407436,1404.9748700669459,0.8243358567080056,1.4317373697084346,0.46440073356495554,354.7012691598999
1402.2296591169597,2586.1236352519936,314.30206368819114,0.296837789548309,0.2690545441164768,0.7832717699373075,139.8272247304605
1795.3949636790942,6664.865199266082,3204.5039831875165,0.5755697982361175,0.6981025087684396,0.3506162503151673,209.57413907189348
879.9317234128142,4003.6141171067047,2292.7638019135034,0.6396340886444826,0.8411281785006313,0.27171976284227084,225.7631520095506
1854.6475132552157,2419.8320328178415,2114.7676302793466,0.13222300243538068,0.10428746036912268,0.06727482581402949,43.40572446843891
870.3596188104327,3134.435650576307,3453.3972527112464,0.5653412668825974,0.6772511934088264,-0.04841677176228162,189.12024702922173
1048.4082092641,2429.4719932321605,3060.8880800842826,0.3970992970314785,0.39590535924041315,-0.1150044948428513,109.84684189191191
192.82398840548785,7208.103760866121,975.5294459048143,0.9478919412776564,2.09635422583018,0.7615901344457909,471.5931789840723
1207.84392006398,6479.182283345381,2024.3536275013262,0.6857448151090865,0.9600138364699028,0.5238795604588211,278.966291607669
209.548498115543,3228.554775137059,913.6608644545478,0.8781022663368971,1.6821428883061607,0.5588540316437725,390.7153174585741
1412.2793967540445,3744.3125493409066,2982.461587699587,0.45224310484769903,0.4771330029784622,0.11325650988234996,139.42541937469065
1428.9500784361308,3530.51570793916,3605.058639972626,0.42374838734702625,0.4340206730933676,-0.010446661808636926,123.27497310507592
1573.5575521139604,3981.33065224476,1372.4147183310233,0.43345122550046206,0.44841910413017416,0.4873066895868914,158.67425854231186
1249.7788178509725,4618.980671273675,3963.806792870911,0.5740909742667173,0.6950445921305947,0.07633579196309823,190.12498542782538
1841.0833176393614,7397.733546863478,370.1574389321861,0.6014460845059391,0.7531282056518028,0.904695511288353,247.45839537343232
1658.6628295926296,7891.581628944587,2066.0012190473285,0.6526449480701555,0.8732240086175971,0.5850396123479935,258.3047222281574
1125.7017182481866,2480.6504086804243,3635.249893679318,0.37571170045740454,0.3667629720115504,-0.1887865118345078,106.5247929137889
1864.1637252167209,7670.66875748642,1889.2539502936968,0.6089781904605173,0.769821878600173,0.6047553922044683,230.41152471315004
518.3480491740264,4687.7847233876655,3374.0729266109583,0.8008702151023294,1.3365510197305464,0.16295398078803555,315.24838067097977
1042.1051658620945,3502.7857833725475,1770.6225719134402,0.541416866643063,0.6305287774610097,0.3284712835474501,194.37241612764532
305.7834039920044,3889.3975521675466,1044.485394781812,0.8542215901461172,1.564870227166177,0.5766071443928659,372.83029138937457
1613.42592373979,7137.770330831803,2594.2382979923414,0.631267342858966,0.8211304734679292,0.46686477639524687,232.48449677549988
500.6328352404914,7826.73453120245,323.4164766013121,0.8797620391535053,1.6909200852894104,0.920635463870066,417.7372434871916
737.2929368607278,2120.26975685517,3687.0129756892543,0.48397077080821116,0.5282547879933077,-0.2697893818367332,135.76123944515774
241.5868022022836,5389.368870206468,1372.059159882178,0.9141933210935625,1.8815296394627397,0.5941510716157796,427.58952603503775
781.5706432786315,3116.224201806151,1780.492566626279,0.5989677883823488,0.7476491639375658,0.2727810690457178,210.4010710690183
253.6098539041304,6566.6268701795025,3218.6682655698482,0.9256301900866877,1.9510427191184418,0.3421418115470186,420.6291717152433
1774.1743537456036,7277.449063412798,2398.172631213375,0.6079875902290754,0.7676062414992393,0.5042855731332572,233.35335655934662
584.9227437528036,7918.362642129415,3997.643176157586,0.8624242942251127,1.604143984304516,0.32902967029655467,368.181063673584
508.9004927633976,5468.758600379359,2185.111035601103,0.8297325139327377,1.4548175798585847,0.4290179635295816,345.4517581270977
506.9156760450833,2682.8378457168255,1559.0524081234096,0.6821599707138747,0.950129270635147,0.26492562751030946,256.81922886197054
471.9439264526522,6779.630831193925,2874.961484182975,0.869836844365448,1.6405258330837593,0.40443648152677913,384.0197827264857
1615.990956691241,3159.8816508151185,1936.4077561151908,0.32326881822057746,0.30020833429114924,0.24007151022390652,107.17932084272293
1856.134359181617,6845.285653538776,3949.817341904507,0.5733720802455541,0.6935891985997802,0.2682205359771235,204.49177917458974
975.5185634035446,4411.6328875099625,2199.4820151851054,0.637835107250589,0.8367913310582764,0.3346108643624462,242.22950326761725
383.20650835405655,7020.863616788128,2708.370906484495,0.8964876068634098,1.7802767938593944,0.4432509772012144,400.6897793473385
553.677894110773,7513.401894608427,316.2258280789679,0.8627315189527719,1.6056253734448669,0.9192232786184014,401.2615590805385
273.5909104899653,6465.062709634961,1551.621922615195,0.9187995328525898,1.9091548541062373,0.6129018430687274,429.810577455642
1730.5823729744943,3624.8294694709766,2415.9300825243513,0.3537070820827469,0.3380332869864016,0.20012373880155335,106.85463273147779
408.7311659786725,2099.2041036612,597.8128087463025,0.674049668455447,0.9283026416845602,0.55668590265457,266.82771293845093
293.6597326943446,3841.072219044602,1653.3467372607154,0.8579546454034015,1.582527260255207,0.3981723088071235,375.7936741003359
1196.5451391573665,1666.1524376960947,1782.6297327992959,0.16404362869893305,0.13271106414021092,-0.03377345663228614,34.61978577903221
178.02054593694885,6379.827460108163,968.7811276164977,0.9457076326728825,2.081436411044929,0.7363361740063425,462.8440339843453
886.7448451483571,4873.940000826172,2634.959035483337,0.6921390879023458,0.9776937657996794,0.298176996949619,268.58751994021384
1494.4390571087654,5680.410403469887,1923.9903321995137,0.5834228813826708,0.7144249316054964,0.49397976268615507,221.02446732239426
806.0349719814081,6442.939887714816,3311.2663917336267,0.7776140797916925,1.2492974507991867,0.32105877258905097,312.011078282555
1724.536611864751,6806.143851086585,1827.6113687231589,0.5956860370864341,0.7405706473200424,0.5766358154750301,228.81580789647697
431.1956481658862,1707.6289771631211,2169.7132381682777,0.596791954461481,0.7428374676202829,-0.1191755164294897,184.9539829954922
443.2333365125812,5361.643971912088,3890.623651874193,0.8472893350242019,1.5327797506860883,0.15899024754721944,349.85815138990074
162.8055051818749,7063.4862458196985,3105.1427947345164,0.9549407880918231,2.145382027191657,0.38927012037801434,461.3065525715868
890.8720651507683,5376.671155957136,618.7800171399904,0.715718892050608,1.045845248724451,0.7935835020011902,295.27690021051916
613.6238282390764,2574.6324611025148,2295.371130282558,0.6150724578836587,0.7834788940797002,0.05734314678055277,201.16402895777142
720.5032647974541,5158.158381104491,1395.9423343236745,0.7548750689956244,1.1699988996195996,0.5740247532892869,301.3592896269068
778.3317369712138,7408.416790515608,2207.443380969771,0.8098557113943562,1.372187586897826,0.5408744840558095,349.9589165039641
509.09889862595844,5729.958788594759,3045.9804943680524,0.8368026312412106,1.4856379493270815,0.3058337355559672,354.5451019531745
709.4031264867215,7932.350789809466,420.0530467171261,0.8358196417588623,1.4813544330039026,0.8994174478657592,374.6016167198222
870.148291391478,6463.835402211305,3991.5603733628395,0.7627078738852838,1.1966923401736187,0.2364592485717017,292.42471156724866
1460.8924250788232,4939.5061259638005,2098.9704862617095,0.5434995450048673,0.6345120862904741,0.40357250521577903,194.15602209984874
1780.098090086159,5958.155725346954,3954.92986305929,0.5399225373543818,0.6277226333087332,0.20207894345514768,189.82098449947267
1256.965534822613,3434.2324327457764,3421.8960338713196,0.46411746264197806,0.4958690470886179,0.0017993243464914839,142.41460861322685
359.4273022331377,7180.578318073011,2733.3775493105363,0.9046612639869955,1.8261531361926147,0.44857984318297994,413.1255292441989
1422.1085693234902,5227.829483559664,586.0105378291864,0.5722941903216479,0.6913719791549253,0.7984084405238242,227.68475630140335
517.973832342861,4625.744984056998,1007.7830103120597,0.7985994758925427,1.3277278516119768,0.6422195783386574,332.7491049363316
535.11218794366,1556.0188476991202,1648.3663371997009,0.48820788456876496,0.5353254074672799,-0.028819097625018338,146.46811509729474
1322.1784198617092,2209.728955117444,3139.7084940673676,0.25129496353501585,0.2187421334346859,-0.17384623104954608,60.90647873157659
1105.1651753097665,4153.188870911705,1873.680938886207,0.5796535699631183,0.706530562639658,0.3782241866153249,207.32435991054146
391.6862398190911,2153.0999423726116,2345.7309225609524,0.6921656971370119,0.9776469214559567,-0.04281800892916374,231.3766514975099
773.4614972366595,4701.032373957876,1313.9642977350973,0.7174308654667996,1.0509617850377628,0.5631038985606545,288.5850609991341
1917.5590136239757,6646.742348788101,1574.1843819612927,0.5521972119486447,0.6512915514526275,0.6170299447185779,215.81471924361887
1095.2155138239655,4139.821931017107,1946.0122058890304,0.581582548108018,0.710552120945575,0.3604780668378301,214.54881362526723
925.6720858461415,5806.563748036443,1478.9144740530091,0.725003072070102,1.073988977683679,0.5940103232026774,286.6244409484832
1211.899959375473,6035.046282421716,681.6019745590984,0.6655418932960923,0.9060991697860452,0.7970410392566829,283.7406539480302
921.6228806869625,2686.9515909617076,1961.7477924864136,0.4892039013342034,0.537051456044815,0.15600144008051142,171.43672910902131
1751.179598133845,5891.931549760408,990.6982154806228,0.5417626240101998,0.6312118360181085,0.7121163713207559,220.30229925021027
1044.5559236768236,5613.282862154479,716.4384865824688,0.6862177179048327,0.9613014791101059,0.7736271638206498,294.3129563019248
546.5674059992798,2211.977298718949,1268.2972933066615,0.6037277152940157,0.758054507661693,0.2711510198946372,225.74290559019076
598.9776514455802,3731.7593917645336,3908.9745084803194,0.7233830427333976,1.0689715973777392,-0.023193467932041627,256.191574677984
1060.7696844089119,2281.7103407298036,2476.5869031222664,0.3652798660793618,0.3529820405742173,-0.0409551048126085,103.80580461744404
1702.8578072284372,3624.2327280092204,1930.0679191376314,0.36067998238636745,0.3470095063628673,0.3050185642069688,120.62802046762128
350.3563960064484,7057.899874189062,1770.6799801328789,0.9054146121081986,1.8304539548276249,0.5988754681613944,427.89033430697293
1632.5109318567272,6324.14142497911,824.5117464994096,0.5896487972736411,0.72760084415029,0.7693238916181626,230.33158428622968
1959.3618457194343,1648.1835351088018,3963.5814688660776,-0.08625762885148604,-0.05803246532393866,-0.41259709408798384,5.0
1533.8998977893746,1746.5455545221498,3551.51137830347,0.06482218947372376,0.04854504745330672,-0.3406844898659839,5.0
747.88632652706,4062.1151389341107,1261.8459164942874,0.6890286490588964,0.9690236665160499,0.5259747756904886,261.96873458848745
1644.270538254224,6674.847222001681,2403.5579421281145,0.6047007420878256,0.7602976861230404,0.4704889462611354,236.42631349962272
1842.1699846665288,6333.292770884961,579.9668997476441,0.5493417216804548,0.6457471130188848,0.8322160810399065,228.82177947796438
1093.050172648244,3950.5179440182983,2742.8682783437216,0.5665567916810631,0.6797138411310516,0.18042432116938062,197.42524697265318
1318.6240145422078,3922.311329180072,1802.7648561450521,0.49679821317769657,0.5499947450652762,0.37022153139162634,171.7930646521871
1777.72114079101,7293.739475029412,388.8055067307488,0.6080628652028238,0.7677743397903334,0.8987821072045165,255.49849480205845
1901.3456580967231,2786.8946092529586,2247.3047096780147,0.18888727976135905,0.1559507805946062,0.10718485011879557,55.4069548434409
1409.0237169558409,2533.7732041659,1384.2365127362536,0.2852669080924403,0.2558827316958801,0.2933981215455358,99.68462340721995
186.76532715413907,6744.71530034399,1108.7175269802444,0.9461109861906642,2.0841894912406174,0.7176476703330197,464.01127314132015
601.3070662234027,7797.383039698011,1766.5564283383346,0.8568093216755641,1.5772255276726836,0.6305797554328664,379.4381186796692
162.17119416647898,2678.8974876301504,589.8622973614345,0.8858378921646876,1.7224050129615822,0.6390910703262349,407.22106453534957
1147.0946533890822,5590.718371239834,1430.7314279425934,0.6595053470537613,0.8905567048056623,0.5924683735813588,271.09674318773324
1926.114692690389,5606.90345210653,2325.9738331739345,0.48862072122710243,0.5361020004762664,0.4135863319866056,175.80211949121946
345.1212448693283,4362.639110431938,1111.7446594230269,0.8533819824080939,1.5609609026124414,0.593837514336559,368.3938277394894
1107.9909705711589,1702.3937902249995,400.2349889702518,0.21150229240281998,0.17793636923894493,0.6193003793726387,97.25040119009387
483.5459439469567,4753.830312080778,2420.766760645858,0.815348021331057,1.3944047997939701,0.32518391311180317,334.00919154251403
797.5343093336119,4119.016036889636,1067.5802990450443,0.6755715884068834,0.93245338732307,0.5883310633053842,259.8831801914086
1973.6383237643965,7140.26980697527,3346.5813886762467,0.5668952779124254,0.6804251612450938,0.3617566748263158,206.70318022868238
150.1012498637605,2340.2594801946398,705.0713982327636,0.8794542103946783,1.6889636776148909,0.5369492336640056,395.2433036636086
778.3062239312378,7085.152600843264,490.1363401432078,0.8020448147117806,1.3411984883288894,0.8705960011831101,353.3681182280113
1532.9219994986413,4054.4270822395065,1744.8515839494858,0.4512882666542057,0.4756494507502673,0.3982522018397006,166.38273211781856
1328.890561601767,2941.3749498182747,682.7335900645896,0.377607524292484,0.36930331587671333,0.6232267423214262,142.1211180169941
1467.3068938114052,4211.280537812252,2033.9600958270844,0.48321412262434055,0.527033640461171,0.3486367570704357,169.39499222654848
911.1254984338221,2034.1779507048213,427.91802426111724,0.38130279996043676,0.37425446230355,0.6523953339444983,160.8261536463332
1807.8253019402107,4597.384101458947,3909.765348457988,0.4355140672844889,0.4515212254387952,0.08082833820755846,146.54030440724398
523.5692058749963,4241.521487103799,2514.270472529609,0.7802479574894209,1.2587974481055788,0.25566965718290807,302.2108674860311
1318.365357488743,5072.035378704253,2344.2238642173465,0.5873919610970002,0.7227921590339803,0.36781501627287816,221.19059601053564
1353.5782202140003,7729.751885050781,1279.3778564177946,0.7019643225824334,1.0055647063341455,0.7159819220080996,283.81933502046485
1604.8250718564937,6944.627805055797,439.508971106961,0.6245782986879556,0.8054206051437408,0.8809586049472296,256.059299230674
1410.4175980524215,7598.906150696937,738.0986523703455,0.6868982317143039,0.9631941723941538,0.8229343342802784,295.99004027976275
788.4986121805503,2700.7506996589354,3651.633514261767,0.5480411160193739,0.6431852442818082,-0.14968912182127844,160.88354219380764
964.504673303219,1892.5009176032045,2438.4102260826635,0.324814290503629,0.302061306403631,-0.12604952866541788,95.70605296362434
838.4037492862676,5023.827258460462,1063.9317900041588,0.7139642745107351,1.0406065516759302,0.650468495267491,295.5511066260657
627.6017557670561,2421.6124696068123,3903.013382593736,0.5883518115331625,0.7247681251223064,-0.2342274384874905,186.42274490689869
1032.796552388666,4849.102711738694,1158.6286062979248,0.6488220874465102,0.8636613820858069,0.614287475497916,265.33495678066413
222.0614119326512,7086.359764198867,1878.3504691944127,0.9392313587160263,2.0381591186886645,0.5809456367060062,445.46412100013464
1232.4856040693023,5347.478447824028,3415.0407137436755,0.6253822681516457,0.8072797298450094,0.22053449450193105,214.1874999785283
886.3871346100523,3213.3272413569866,2712.055738456633,0.5675859078915639,0.681775325772011,0.08459731708878054,191.5567669502208
121.79795716891428,2732.43420214258,2541.063643247097,0.9146544844091296,1.8839989803656,0.03628911293222553,395.57078495284503
1827.9226184712454,7840.413835201383,459.395835259995,0.6218744294758536,0.7991529779502703,0.889299669764811,262.82827782912756
601.3987867362248,1599.931337761738,1701.6490320090488,0.4536041820622589,0.4792044706154013,-0.03080878937487863,134.4483124067351
1100.532701365055,7070.341278606909,1045.0855160530023,0.730620566556788,1.091409596669303,0.7424447184683105,298.93524075202646
1484.009819782487,5949.044898381045,3277.3030531953805,0.6006998801027289,0.7514817342035885,0.28957739930452003,221.73998509838606
1508.626108055942,4167.537952628058,2325.350860822917,0.46843463572884675,0.5028087355137855,0.28372380067637304,158.8096958192053
199.7267181876372,7178.531360630605,392.5793688384443,0.9458607393433554,2.082506231142836,0.8962954358180089,477.1517544015786
508.5592644584678,2340.8759444506836,1504.4852378332025,0.6430455669320643,0.8493593633945179,0.21750641012691943,238.13899580862207
437.2562502851515,3972.5251559603626,970.4905050597865,0.8016880156160504,1.339713251610658,0.6073285735197693,343.70986306313546
1199.6820599086516,1821.1536047120599,1265.3621560581269,0.205728352547013,0.17224351399962315,0.18007082793420567,59.57436348516552
336.22265204072016,5208.778612141061,2315.4377060495635,0.8787294586740917,1.6855122274801366,0.38453717747481403,387.27962957790817
1823.6098120932907,7279.4870107327315,1920.9077004079809,0.5993429823089963,0.7485228734286759,0.582429284610327,241.29869137202436
1396.9802589286794,4098.298093820929,943.5392066800167,0.49157070142753595,0.5410782296240093,0.6257161226130296,196.080770014789
215.62242160052637,5607.083576643123,3148.094946623881,0.9259373830213872,1.9529133744350702,0.28086104962949476,412.58542177922476
890.0151509613054,3324.8639609228317,2382.6203256337903,0.5776793935841779,0.7024179237652033,0.1650891334634609,202.33762809803733
1576.4029871748694,3672.755423021143,2040.6677815563155,0.39936924581565886,0.3990871085465799,0.28565845426461306,140.66443349120345
1391.3553193377343,5920.974177928779,2366.6240670647285,0.6194495009647543,0.7935503122345022,0.42887577382052006,223.3933610391979
384.79384829743884,3626.5919436172194,1949.4416796148234,0.80814916905918,1.3652308853999149,0.30077836272613595,322.11257317226
1027.0312320513835,2314.1829462652163,2601.155748745329,0.38523472161162153,0.3795846066666061,-0.058383118687839304,103.5973337267662
253.41833054909634,7863.712935884595,1236.7695224933204,0.9375596321656587,2.0272013437697574,0.7281969327419894,456.71722695624493
721.5309493207818,4188.139220364151,868.6456124215989,0.7060776285425612,1.0173972891121115,0.6564435144173261,290.4564201313127
1945.200058519976,6397.108910538694,1293.0282509996337,0.5336542758122526,0.6159489534922716,0.6637177662321861,209.1314038512738
1384.9682796113007,2279.8664218736913,325.38792452277187,0.24418513109352313,0.21124669800380677,0.7502064047236346,107.44185862131782
903.1629833937568,2091.766931478981,1853.2284363818437,0.3968720409067933,0.39558184373051813,0.06046610269304796,124.64408669431921
1981.9369447115578,7694.246630061246,3323.0727880038103,0.5903473865101267,0.729099414764094,0.396754752748049,217.17625143562861
812.9012007266052,5514.055914962322,2809.346925686037,0.7430356532424169,1.1309048346525283,0.3249523110599134,293.8153750644858
1304.3236548525333,1976.1995792067444,1940.7091042344132,0.20480754934877657,0.17134199373329756,0.00906083798003955,57.04908902162533
1262.9272766235447,7167.717027606982,2728.1871191428218,0.7003960239812272,1.0010642473477267,0.4486229698853389,267.7577309224132
1275.24632163092,2891.3350578723666,1862.8044336102212,0.3878692358689121,0.3831841332289295,0.21634422504608755,138.2824963549279
558.7190375237602,3574.943267950014,1619.4301521903512,0.7296735937288615,1.0883776452569092,0.3764675654239645,289.30194341475107
1295.1943127908564,5113.534677394677,1166.0171234500972,0.5958030632681623,0.7408096184916182,0.6286304625729655,224.46335791922075
798.4184406414095,6565.883653621669,3655.0769000218306,0.7831652121780897,1.2695397073307937,0.28478798426410373,317.2768241860848
280.7345985529639,4351.383208279717,2307.308789544468,0.8787877982817036,1.6857668026189354,0.30697837039109166,382.0342749171754
583.3364675126902,3291.503233599152,1937.3717697547727,0.698910658061667,0.9967456677603286,0.25897185584219073,252.30868901472314
1067.964551839373,7051.075952094733,2971.808220018156,0.7369234574725058,1.111287552349101,0.4069953978935033,294.27764494143577
1379.9950000655544,4881.80968443145,2707.7910388781206,0.5592340962784204,0.6650978684242316,0.28644703779869796,190.71644197830904
1550.2723552120444,6474.341408147552,2567.8732989207406,0.6136206922263595,0.7802618823602147,0.43202558613666875,226.47516517578006
1542.21275192152,3364.5726995292534,3019.924900850832,0.37139588948147834,0.3610392511091127,0.053981976374135036,112.02470074950487
1170.6024115472908,2437.915487937622,655.5405338078215,0.3512004405520697,0.3348240592419938,0.5761759472332637,128.61598935297116
1339.8536676489339,3940.744089847938,1762.1432862295544,0.4925371219600999,0.5427175300630938,0.38201715369221123,169.67316479789187
1465.7622098019147,5756.734494743985,3024.291170262492,0.5941120446129362,0.7371635409328263,0.31117587266137453,206.4057486611104
794.488156884904,2056.2335918107806,596.9294723928375,0.442605608583359,0.46223453383552765,0.5500242855619386,170.72185891384441
1690.740514736446,7835.390072595161,2388.5117775944323,0.6450310019248728,0.854333264598326,0.5327592512409497,255.34994059215677
551.7064618431973,2985.040204949871,1948.6132681913614,0.6880147128618277,0.9661792911251612,0.21007290888805555,243.9130277047009
475.91576885310315,6366.058768517701,1495.3254128219771,0.860883501777419,1.5966681774357845,0.6195770671833662,386.243541002954
925.751856020582,2702.8935503810226,514.435039336277,0.48975347404722414,0.5379797193956114,0.6802098229440815,189.09652449323767
1109.2601852998978,2231.3504153073814,2785.2663879572765,0.33589375231809676,0.3156225809025215,-0.1104162415153989,100.89702953536032
1638.2828918204734,5724.0888942803895,3721.314845087274,0.5549578479068924,0.656679869792472,0.2120368916189026,185.57068083341844
896.4838936230492,5995.538778982637,3962.753817983891,0.7398488262215663,1.1206278451160996,0.20412986875017494,271.2355747167479
1163.6870910263965,3659.520864875309,1797.6810274965364,0.5174634384730462,0.5862814522333272,0.34117114846714897,184.83726860125788
826.938049830062,4964.304642426551,391.57007002471056,0.7144177531040243,1.041954906167148,0.8537792269332649,307.5283024446929
579.005367861774,7283.868255124387,814.4939917646249,0.8527242338995544,1.5579805089655898,0.7988497013758706,391.9921667225764
1941.75912296807,2456.5534524213167,3904.2312185119913,0.11704359808730236,0.09122313256176975,-0.2275942105819886,10.855297101058522
1658.1759111124024,7348.151330277575,2359.0028934569195,0.6317753359420729,0.8223360210041784,0.5139661245010367,237.97396952502572
1553.4874793112945,7985.402845703366,2950.04558431787,0.6742833963454656,0.9290740127338664,0.4604618908083731,253.73517157157326
1093.8720184883523,4470.529014900644,2313.222053662449,0.6068320697131544,0.7650045519580919,0.31801092627314465,222.89560274211496
1508.4702708429902,5424.72418179096,3346.648936096366,0.564855628547287,0.6763101438699515,0.23691561372755782,199.16990400935376
394.80069610792583,6724.773624745875,2682.7248418552253,0.8890942972823332,1.7400403479060071,0.42966244393355363,393.5671065096059
901.2852993293625,5507.689643106832,3004.528090527034,0.7187427606492918,1.054927388270455,0.2940669083680889,279.00087731273914
689.012611631133,4130.329901784948,3573.347089258594,0.7140636466198066,1.0408797427890206,0.07230090424372836,250.7473086644485
1804.6239181676615,1552.4003056815254,1357.2207585798183,-0.0751330927608862,-0.050928980444223663,0.06708074444194885,5.0
501.76667873754377,2472.6093722759942,2784.748891786167,0.6626071011445462,0.8984169520743973,-0.05937193239891976,218.3791045272873
1498.5626357267813,6497.545491514351,439.4059984567423,0.6251769955601105,0.8068121775885893,0.8733143803791453,263.8790716862042
426.4700214503424,7707.476166428168,3090.3517141160505,0.895138223920524,1.772863550366031,0.42759752266506884,402.28550533034763
1042.591259990344,6108.2498546764,2457.3967736661525,0.7084003843390854,1.0242097837966004,0.42622037062606033,277.0983540002
761.7590069620884,3127.4271902221244,1993.0860202145989,0.6082681730086674,0.7681757209087059,0.22152880447099754,212.65549113867195
1574.9177361546717,7238.126700163518,3772.854141488817,0.6425939417743548,0.8483632128938274,0.3147106155385866,236.78568109898595
1673.1232054819247,1952.5547130255381,3755.3703548615335,0.07707014074255479,0.05825230535621357,-0.3158443077087393,5.0
896.1966177613742,3213.7572216995013,3800.233820651774,0.5638896916852585,0.6743417180802616,-0.08361524777084044,185.91824335237578
1197.6918114051846,4969.415834650747,3219.6370740306006,0.6115871878847642,0.7756556837485575,0.21367290942173595,217.7108548470469
606.770582885104,7587.895852562921,3376.3667545113003,0.851910852481725,1.554190578458826,0.38411421256457295,354.23875254247764
1130.4016516233626,4284.062571552004,3024.3053293447097,0.5824511510940771,0.7123715295564115,0.1723718974082235,196.30060556411817
1492.0537260451881,5134.878066741625,2420.16891456107,0.5496999899881005,0.646431806639045,0.35932392724222895,205.81191284290227
586.4523393132256,7033.610729536491,3050.7176475180336,0.8460767753659046,1.5272813387092852,0.39495868566577164,369.19376667097106
1063.9445343972761,5823.011309792849,3154.6922590047616,0.6910261779475939,0.9746051980909577,0.2972162123691327,263.2703378269246
1960.4375085061636,4266.408541877502,2794.5007653184407,0.3703272915923349,0.3596329071934404,0.2084586718668863,129.781340124119
1633.7737125925146,1925.9671220031214,559.7115868854021,0.08208277593942183,0.06227688397523145,0.5496508980354072,62.02972929792337
1609.1631284645157,5933.57542566645,2534.1988585187237,0.5733212500465422,0.6934791467907551,0.4014486514000637,205.41842342177316
1876.9620530642412,3659.6211771859225,1395.406376599898,0.3219782038243026,0.2986550255243461,0.4479134438035636,121.63210209319341
578.4172434130944,3971.4239324022024,1016.3661272790661,0.7457417868295951,1.1396747912100256,0.5924583370935851,304.8195048452057
1297.2053555562807,7898.238688367763,2529.6895906084833,0.7178591159450646,1.0522948532566805,0.5148241293592316,293.3987806460625
1166.0313321308806,6415.769721054524,3259.8365011045016,0.6924131022965334,0.9784826175040495,0.3261742103968788,265.64268998339764
1117.5956605345395,7412.08807241619,2205.0105837705178,0.7379514420713702,1.1145695668611757,0.5414395416183554,303.57846416999774
1787.9280691754493,1754.1612414228734,3785.0720673690967,-0.009533025506163483,-0.006762709095253639,-0.36664114189884073,5.0
1051.0642824364031,7606.36452236069,2455.461725139225,0.7571878888030587,1.177845681016463,0.5119252380242002,301.0545160513035
658.3825842915161,6535.300890086764,2610.3853084939296,0.8169553645097251,1.4010547569392782,0.4291548491760828,335.21340750200045
1993.0729788507651,4738.840724874864,1747.906428230332,0.4078732833572481,0.41108544960382104,0.4610838414985378,147.89254089021009
1683.9352659383605,6587.671952447956,3545.702379666402,0.5928396448777957,0.7344316720336013,0.30019315114421957,218.8662498932306
1953.9501251343054,5567.607998873036,3987.4582715781753,0.48044006490147323,0.52243716065471,0.16537297412745938,161.79861913495787
889.8173080189958,7862.059428000381,1567.1774310210385,0.7966568005339526,1.3203040286810808,0.6675918836728684,338.8552939243518
1201.1715119545615,3115.1188293526297,1870.4250332821748,0.4434241363788804,0.4635086447802014,0.24966058470559468,141.4326611053387
1964.8079455401894,6425.1881877559945,3818.674346774658,0.531630786334084,0.6121838403522685,0.25444638991793284,188.58241368416253
1469.6702485683106,2729.230064508115,814.5465006364702,0.2999737363893223,0.27267327219208665,0.5402946625257203,118.13475534499138
271.18748484022404,2550.248103082985,2083.756413860781,0.8077663113027352,1.363605290641621,0.10066707691282079,311.657940876109
1144.6785346732056,4890.714329750361,2951.4292479312135,0.6206780368081732,0.7963656699009137,0.2472901780440471,214.46453051771525
865.1672853682624,4290.682392271208,2639.1552600608325,0.6643939060315803,0.9030972524979797,0.23832118656001702,250.62596907261843
1176.2047326264951,6739.158751502273,339.40017159938753,0.7028046190585371,1.007972371779829,0.904104726473698,294.4640903889766
167.82428838257732,1776.1844815909476,1737.5983533878093,0.8273420455829178,1.4442214181845072,0.010981363961381581,324.08090258747336
604.1460691551288,5753.209053843136,3069.791588571981,0.8099379198199741,1.372485356336433,0.30413887221847524,331.1356375327821
1684.3516216800708,1876.7181739729228,2663.6584250391975,0.054019315339916954,0.040130447848760194,-0.17332047986155463,7.837670000909569
901.9586402572863,5315.111559879031,1614.589404532895,0.7098444728539718,1.0284323994646651,0.5340089238794684,290.9361133686949
1218.456159647113,2086.9832484210915,1917.3354204315824,0.26275692314650967,0.23102270035431335,0.04236621557288565,77.18207458506302
375.6857527702049,6057.884166431654,2846.848456746444,0.8832107965157803,1.7088293377350525,0.36059877878495955,395.28935733521286
1455.965384189197,4344.923643643154,3997.0113095869465,0.49801991472253165,0.5520984920414338,0.04170643093779878,158.53131624553444
520.8785377963206,3587.7386418993697,2730.72326765995,0.7464458160065799,1.1419629119145314,0.13563670816899095,274.66750148142455
1906.2669419697033,1950.650051754048,1414.2832257718283,0.01150740600460436,0.008287078091993602,0.15939894838485283,11.470737919216779
753.1708070016955,2684.461650138037,1779.0665055551494,0.561808415138556,0.6701694996725838,0.20284293339232598,194.85513192677593
1254.4200987779664,2491.680101583276,2814.4654910793643,0.3302794736658991,0.3087222325816964,-0.06083236575370353,100.97698320975809
1425.4173061748731,5402.260203360508,2657.0379359043372,0.5824590998987877,0.7124015004965778,0.340627957878967,206.47069085591127
1528.6413599324558,2161.9228531883095,796.4237956259058,0.17159476343286603,0.13967672848036725,0.46157506850935043,83.07907249904822
197.59318032127004,1669.2671075218436,2746.9178683010923,0.7883149778243793,1.2883083822095958,-0.24402301226850448,291.14702069122023
747.2920642491632,3617.0532881966787,1994.1798702107499,0.6575467777044072,0.8855313677993599,0.289218674733757,241.342570581934
1543.3351111654033,3677.024455813098,1581.0029442941257,0.40872459394093635,0.4122900665354315,0.39863267184145834,147.9411296489477
138.31475957720517,1783.4029707362256,3319.8000059610517,0.8560509092220617,1.5731682880562707,-0.30106524117096667,321.2547691443161
1619.7236712781482,5256.104738745369,794.5856171674061,0.5288644291409708,0.6070571923808322,0.7373570383552647,209.15343462945347
116.40468049420556,5382.931726391116,1436.066989807812,0.9576659173542115,2.1646725986990845,0.578804147099851,475.07384456471925
635.5242337743615,6033.499078548897,2770.2090146732917,0.8094101026743385,1.3703720862086457,0.3706722245842385,328.79800698527873
484.98696283520775,5633.321951982133,329.23530085971043,0.8414637214275347,1.5063752721838215,0.8895657392144706,386.8851918035059
393.9702241576831,5505.407971030831,1155.7263632992285,0.8664366950021205,1.6236622662622715,0.6529941281414008,392.4563543834047
691.1977403240159,5987.578127447554,407.01008860048444,0.7930166382567503,1.306359365113348,0.8727017048524276,361.8411224749259
1505.2824996264994,4115.347362137969,3292.9727063907703,0.4643723081291332,0.4962839316810513,0.11100690143366225,149.38509080513737
420.86987869634726,3219.7753067245912,999.8722435960365,0.7687937947009343,1.2177636915569265,0.5260873179879181,326.0076915836739
438.10447850016965,4290.391434225197,1016.0211447770977,0.814696052616441,1.3917184846229596,0.6170591223509204,347.1347032616691
732.0626763663446,7110.511923463346,2728.4025363530977,0.8133106246030741,1.3861507642600959,0.44538545431633064,332.1850273763412
506.43510242187085,5744.889174545439,583.1420763252377,0.8379750976263401,1.490823096904582,0.8156955762022031,386.7465166316696
557.1577433945689,3217.9201249328753,2401.9204927997753,0.7048231781275387,1.0137216091450534,0.1451997818965049,254.25474161090955
819.6982327306367,1993.4500426426366,731.9957015367236,0.41723780426718465,0.42449480414289675,0.46284331410269824,147.38631926417597
350.87990722747395,4283.375820227444,3895.0912400439433,0.8485711931808048,1.5386181846957367,0.047476449715399306,340.89624465434275
635.788126164835,2421.8223803166593,1056.341006371816,0.5841274582821057,0.715839523731467,0.39258689766506843,206.47654915408367
1952.494772321512,6756.288433707581,2294.956919980121,0.5516033121032107,0.6501362616107026,0.49289698145425986,208.53534284250122
1698.0685651698047,3646.9169221720736,1627.928797514151,0.36461246924860047,0.35212527357137247,0.38275775853312816,128.85845904479785
1143.4423689214098,6133.631480237677,581.8324830329095,0.6857411665826607,0.9599998855181135,0.8267186045138413,296.9401013334639
1833.5206681324314,5955.333229332998,2862.440328788976,0.529193718990242,0.6076696086151666,0.3507566711490826,180.8164315748717
1292.2064488754293,2309.6392805640758,3221.881261897889,0.2824754050653072,0.2527437321715639,-0.16491703757876242,74.75220618662065
1305.7962279258124,6985.133552648358,1883.1531826612415,0.6850060818684475,0.9579939713726899,0.5753062030682858,268.71145702934746
910.6926051818089,6939.114355074623,2924.093191382968,0.7679707003811354,1.2149892248024938,0.4070705340400745,302.8815275183019
1512.6168958748806,4731.073900498383,3980.063387016038,0.5154734769981748,0.5827254826265322,0.08621268252453645,173.5266571912747
1519.2521788245758,5829.877921116911,1536.6219430389222,0.5865491130358553,0.7210144816906314,0.5828081255231474,221.8480631401146
1422.0920240907653,4440.201571929494,1074.0188054041419,0.5148342535032365,0.5815798599611017,0.6104548849283735,208.4632314744786
1376.7445571676124,4193.6588014518475,2007.0433081492463,0.5056930463428183,0.5654126284256362,0.3526399840373288,170.44791411589068
1102.3654568904942,5065.373842797793,2955.5320931837705,0.6425382450041376,0.8482055124123982,0.2630428241137061,236.46023220987968
1393.4070415003164,1983.9725114449004,1609.015274872347,0.17485907654492877,0.14271188821797381,0.10435806041314723,61.15835741125795
1726.2151940825909,7447.949639536678,879.355474387082,0.6236790540172958,0.8033327343521044,0.7888019082401226,262.8359278139512
1329.597992355131,2385.70962564179,2242.926790186786,0.28425953961028766,0.2547475178992866,0.03084771033989206,75.19519038102806
1379.5989409995382,6939.275058247185,1446.3512096435186,0.6683207507509739,0.9133467086125204,0.6550403836838653,267.58577750455015
1319.306465082023,7154.013620352255,449.3877645593945,0.6885975149943356,0.9678794198581308,0.8817929654767231,298.7754627887476
816.3799702226647,5108.236599941589,2228.1939119408717,0.7244108674657281,1.0721582781002867,0.3925672959000272,279.58583264987215
1788.3404296957196,2953.851836482424,3429.9752709896466,0.24577481070379406,0.212919327594231,-0.07458275833870127,61.71749133734999
645.9873250378582,3402.9879033359016,800.8104499113995,0.6809131748441095,0.9467836402952695,0.6190062496207499,266.81347443995685
1060.4768270404065,5141.814383269068,563.9436960878791,0.6580370732652165,0.8868096469063063,0.8023247082524047,278.4958843331328
1128.5270982445522,1740.0154123460864,2322.780920987284,0.213170385877411,0.17959220130595988,-0.14343950832987515,59.48138519802666
1486.4375373803348,2149.388605349768,445.2364455273728,0.18233849523104312,0.14973128549959702,0.6568009349133076,86.29644610377544
1934.9169649439882,5361.942544797796,3477.8151295565413,0.4696576074691923,0.5047925791241804,0.21314242815663273,148.28563853694942
1889.0795184835265,1637.7974087878474,2253.268410182801,-0.07124776815471127,-0.04842303100006065,-0.15817542798584583,5.0
1559.048987131102,5494.17504063436,2714.7807570185228,0.5579187669999516,0.662502824713251,0.33858073447927994,198.60150552355316
348.80926794754566,2015.5013836428293,3792.2159561966314,0.7049378701014734,1.0139616241740934,-0.3059230448527634,236.3262432818187
861.3972272540879,2232.9724705795716,1532.0211428295638,0.44324866671311536,0.4632225449789812,0.18617596722272597,148.0186762475434
1310.4778164750264,4276.73685031758,2903.111758413837,0.530901211106403,0.610813740223977,0.19131672080689283,184.14268838286165
456.92682211271966,5908.072964495934,1449.8645646805087,0.8564251884179911,1.5753603167061272,0.6059046276937495,378.1630383826843
1155.6109052762256,2650.8655172505987,2455.578331100225,0.39281856646545865,0.38997699239203926,0.03824328474212053,122.34018121389212
1929.4093063222822,4167.602533815209,878.6375735929792,0.36709674932751285,0.35538026831149766,0.6517654510220517,152.18973036531958
279.80755587123826,7678.316467008664,2139.333008833054,0.9296800211880033,1.9764856249251812,0.5641863127463652,428.5943237823427
1115.2081346372784,4256.5507657171875,2379.4945233098124,0.5847884629162774,0.7172801479240144,0.28285766000245877,208.3792331813567
1208.714328760172,5430.785122681167,1986.092279381013,0.635901971852493,0.8321600301311571,0.4644397710926104,240.95251573484134
1399.2194413136683,7198.962475826803,3061.857233560514,0.6745313241485177,0.9297273534681469,0.4031944190655821,256.2637764457363
1223.5046754393127,3206.824711293353,2912.5749956973973,0.4476687537828999,0.47003216374291656,0.04808473537228214,139.3657150686232
1047.8018698910546,5596.288136441528,995.5145275257271,0.6845913076931003,0.9568428642291782,0.6979537833204621,281.6671181120082
1824.7317627371986,3355.1479536374136,1301.4715828165902,0.2954540017149078,0.2674703884512049,0.44102301128592236,115.99773287509275
543.5910041703407,2994.867868604093,1066.510383126138,0.6927526790269016,0.9793490194609976,0.4748037157537915,263.09817371279195
1760.5437571055318,1997.7747161074644,3022.525310340688,0.06312156902871559,0.04721188015042456,-0.204121384903386,5.0
657.7562510406486,3519.8430672871054,3800.3783108608995,0.6851032369248409,0.9581963809342522,-0.03832332781258664,243.98066841009413
1086.2177938722446,1999.264827042089,3634.2179299818094,0.29591708820040624,0.2679892453772455,-0.2902206633385039,67.44157823956601
1974.7510347217574,6238.206300582328,2726.2575187386437,0.5191132854196914,0.5892750760716312,0.3917633951383318,178.69167962421886
269.0990214574588,3404.0878780048633,940.0906696310846,0.8534792651451585,1.5613483345817547,0.5671951971558494,367.48621494512105
1288.911646642095,3355.2630657074487,2570.9178455695696,0.4449340402990626,0.46582533348845334,0.132352560906972,134.50364329665177
1171.5881813250016,4266.1344835165455,2284.82939956042,0.5690886594181663,0.6848363418575729,0.30244481865820766,207.10461854229752
586.5439445089482,6088.076172041185,1455.0688190097333,0.8242464935295118,1.431447138543991,0.6142010206503766,364.11970578506066
806.8709015096181,5094.431931171645,1063.1939259750197,0.7265448241685004,1.0787231769338297,0.6546740737525023,294.19678192326865
1409.8412731106525,4385.037807531156,2007.2274764977321,0.5134182253855707,0.5790534728014998,0.3719824232893486,181.65770642295928
1792.8077231140028,2070.593952677575,1911.4286684900185,0.07190197986202258,0.05413484087980436,0.03997096432890575,12.514738806083837
586.007275074186,2326.7960747568795,3146.736356263861,0.5976334788223931,0.7447110468205569,-0.14980093599340796,193.72396025166253
1892.7045951731568,3954.6864956456902,1572.0519410113388,0.3526328012089829,0.33666298861991295,0.4311104246222353,135.2964625622738
972.1015959186875,4043.8243396850016,3957.3315517985525,0.6123939592788713,0.777459705156886,0.010810036580802306,196.26560420685047
244.78507629056884,3396.8995956532935,3691.4098161016786,0.8655649246024976,1.619255747212924,-0.041548725274101646,337.7955423304816
260.2087311451054,3052.144837941261,2464.2898718136325,0.8428858960015426,1.5126223268034586,0.10656429323482079,332.1469037155849
1101.334560446858,7665.76634422585,2025.5966301859955,0.7487574118750601,1.1496560153179036,0.5819789980366686,313.7184550191649
1158.8383644263756,7207.198327131867,1315.2663669247875,0.7229659855646615,1.0677675239931241,0.6913413162772757,301.8186919971687
1044.3542292899824,4943.758578897574,3971.7483759337247,0.6511908632757785,0.8695577363448161,0.10902466991269563,219.01035375106804
1938.240510269974,4863.149561105462,1787.6909657594324,0.4300457729538723,0.44334019848493644,0.4624165295289884,156.50656021525523
1909.3022414288798,7442.462677929241,647.8793008178676,0.5916701802945312,0.7319275615986678,0.8398388342693719,254.6233045742853
472.8117088592519,3687.6248227093065,1861.0283136927667,0.7727105289755022,1.2316357136412361,0.32919637681150277,299.72274005738706
1873.976439280767,1602.7117641171274,1052.978826891674,-0.07802387191940273,-0.05278520893877061,0.20700187698056632,5.0
1433.8502273309105,6364.508690164876,2203.4745318207924,0.6322687265829299,0.8234997179091529,0.48564919538837464,240.62953454014925
362.2358925465464,2967.1978505180123,3010.670242674557,0.7824039035512805,1.2666073145264554,-0.00727222338659121,295.0497772464327
1471.8601656763647,6855.130534992215,3108.529594386671,0.6464844938805011,0.8579030929824434,0.37602656971229637,251.54952400894035
225.87084396632582,3455.709386067936,3680.014624267412,0.8772967963254886,1.6780354012260215,-0.03143412467230501,366.45533680236883
827.9863624990268,5425.295799207904,2155.289239971682,0.7351834312109126,1.1057376363713447,0.43136598849615365,282.64648432905534
1966.7215702872795,1933.6356729560407,3792.785284182767,-0.00848278638580389,-0.006022202659993424,-0.32466170838949016,5.0
1956.6226366993028,6193.754743927556,671.4842019427052,0.5198694377980446,0.5906401539646078,0.8043814038697596,217.71026253887203
884.7730173155315,2318.1936017547337,3106.904494702595,0.4475290424374627,0.4697994920948,-0.14538186753111795,137.6817722086148
433.2558522302844,3249.7581132261203,3994.5683878423756,0.764727553750148,1.2035731167226156,-0.10281290806034037,272.14999741073103
298.317539684631,7938.790577288407,1461.7084078303249,0.9275674093596721,1.9631839428920153,0.6890147192210201,448.34570902699465
1033.318553667272,6229.101615073554,327.436210424397,0.7154341032283876,1.0450075731433686,0.9001191727740581,316.9054912418262
1026.199771304195,5417.985380986888,3155.986356348742,0.6815113944142002,0.9484527903019604,0.2638216095959797,254.95254817784792
552.5224948791501,4925.470195909826,3639.608562373961,0.7982755631611804,1.3264854398459467,0.15012840741739875,319.3783505931986
1324.0565274489388,3600.839567664286,3333.5640444893875,0.4623007259000257,0.49297327994644474,0.0385434044634943,141.8520214773944
1169.2792075965133,1983.0302907594842,3571.53980250332,0.25814441232030566,0.22604936347007334,-0.2859824405464922,65.34396332447983
1769.6452972604327,7143.997739392025,1396.1870477357857,0.6029355696015183,0.756402623346754,0.6730311854196167,247.29711601416864
742.5767628048216,4417.25326247959,2071.816558392294,0.7121700678037449,1.0352701716041355,0.36144420825644846,267.67498055381117
413.7321292491013,2826.9668742118347,2619.621338519194,0.7446648829900064,1.136097601739713,0.03806888414474141,279.703164648639
1599.5673690112174,1531.1317285878536,2417.633046324878,-0.021859539440883174,-0.015372527834039501,-0.22450091814651463,5.0
1310.022095382619,6098.224081306426,502.1638929007467,0.6463340811141154,0.8575255480502815,0.8478380679175197,275.13058237526735
1862.4290210080615,6419.123013034538,3895.852855144343,0.5502222255858877,0.6474527461323478,0.24462201268252307,186.1726447947061
1836.4709060930988,6575.331561607168,1477.3357751706435,0.563358527871647,0.673318893376183,0.6330816327802449,211.77313781806328
1723.1581452502567,5142.616434878877,2358.656465438283,0.49804406614617713,0.5521465955353423,0.37113167405917924,175.5369144451439
425.8759607470336,4605.942903905017,1250.0908440993603,0.8307268315423169,1.4590725336928028,0.5730588660586539,365.2143740711248
222.68596438707522,2753.964340157895,1146.586519692648,0.8503781485703907,1.546827669902263,0.4120899528828979,356.4229406054103
1356.9963126501787,7094.251609720338,2138.818023265785,0.678864866951156,0.9413219283866715,0.5367048861208664,267.9789191990442
1140.0856803943684,2803.1563960391877,1409.8133984585343,0.42175212248881827,0.43108541638837383,0.330727032287219,143.8765723675049
1030.0219523853516,6561.190595811968,2028.1036669929401,0.728627819018382,1.085196345848192,0.527760115044766,291.4046119786551
1264.2210678039469,6115.005339418435,2397.7973400950423,0.6573567476137402,0.8850935736493132,0.4366608905234459,245.16966307129655
615.717571951899,4620.189800520286,2555.7047672796107,0.7648096008835287,1.2039187434822456,0.28769723599575425,292.85192866392407
945.2132878834899,4972.810819858196,1744.8208264471791,0.6805645698579402,0.9458814638851414,0.48052500686098965,270.7635154445455
915.9028695813636,6586.770867630276,3119.634970578797,0.7558462750641529,1.1732971377465151,0.3572007965137793,292.0791955777014
1171.037748988112,2150.7182351686233,1733.9889635335135,0.294928492808687,0.26685726355340245,0.10727430671404603,86.12120256534685
167.52846272101274,3224.7014397591392,2353.1134947061682,0.9012281195628032,1.8064673316149562,0.15625974600038647,388.0184262886093
105.94057117682013,7756.301094858793,3117.8340352333,0.9730507974281679,2.2788070693490385,0.42655963014133064,474.41236638144755
945.3584073631504,1885.830496186274,1126.133586157272,0.3321827403716804,0.3110446025207497,0.25222641738332796,106.41096706704681
1654.297910581905,5091.063448338534,2820.3925580213304,0.5095005818631435,0.5721134065609542,0.28701049316394417,183.6681106286951
1330.5625455608788,5476.065057759906,1030.8539420697261,0.6090391238044961,0.7699418462955474,0.683151444658127,252.72440557850743
1886.3570339788744,6295.778408291894,2066.9780852907456,0.5389083821558417,0.6258077273518627,0.5056706273512267,211.2331689482162
1864.057921804771,7590.703724082981,912.9345894110819,0.6056890714070263,0.7624933651558102,0.7852837676891722,249.70867855705424
136.62376925140143,6631.235508291026,2897.436475551336,0.9596257061122506,2.1788213918321024,0.3918488367192398,461.92187698218913
1745.714622296049,6337.979163331624,928.6358037859545,0.5680898685984689,0.6828334685250103,0.7444103455707057,228.2945876303497
1698.6946312033454,6086.676970413611,2014.365822336309,0.5636188692310203,0.673836637347651,0.5026897464631532,203.4615079459307
234.25601638722884,6177.895499136555,1628.7253269511832,0.9269337237950279,1.9591578506489158,0.582732307991759,429.8245282552265
783.336613966254,2568.691413175263,3675.3069734481746,0.5326192932219821,0.6139703405656851,-0.17722867489306107,155.32644177985088
401.73043143246855,4721.929017763241,1301.6049360641955,0.8431861306015865,1.51409290128308,0.5678268118598215,365.9516492446628
643.1032676136819,2412.641752030901,1199.051491781093,0.5790857785784594,0.7053032325579114,0.3360169809529273,211.94825175745203
1728.6243405330563,3102.414553308473,1669.164547392718,0.2843674502894849,0.25487455287389055,0.3003722615443521,92.38283020392053
906.4955888685696,4797.560922570115,1870.0566377049536,0.6821575707071629,0.9501959066677694,0.4390630173313848,256.81978021818037
1521.3489352827667,5925.05066676454,1991.5976320009916,0.5913867058221851,0.731310536491671,0.49685837816996953,226.4825623759495
1908.4614103227875,2810.11362058847,1277.037673507296,0.19108569942575832,0.15805280906270763,0.37509645138919495,76.44077395878021
554.2391450510229,4637.829560719019,2091.222962918081,0.7865054656043593,1.2818479506281155,0.37844950510893466,309.623036460965
116.2668255838456,5462.562769796958,3472.9275243502775,0.9583185598071423,2.169353138594059,0.2226666002342623,439.53355492173364
561.6612284898179,1627.3603999025602,503.76678421038685,0.48683811850162295,0.5330278546505425,0.5272297324819797,184.59673091440482
751.5527003920486,7125.253938877742,2952.598135684018,0.8091732512387007,1.369443259144822,0.4140421760418756,343.3503661186368
1665.5261349623047,4291.583727587612,2804.776708368457,0.44082745706831844,0.4595592342163484,0.20951684069995036,152.02774765036156
1880.7447301797856,4870.789828263647,3138.093227851556,0.44286896138325443,0.4626759889791293,0.21634684737626916,141.529660245807
846.7689323568662,4398.243966378812,3115.295742730868,0.6771146424064889,0.9365844927914541,0.17075150636679284,249.03748838037976
317.1554281129095,2887.4232971644024,1862.3129477917414,0.8020610784111759,1.3410963102194287,0.21582468926467754,324.40619866306054
1271.8168907700435,7973.185922970625,2109.9187036321646,0.7248639255702122,1.073587240700375,0.581494235742392,289.98665292173365
1564.8216855413978,5768.123099577302,1083.7950139197324,0.5732078362287378,0.6932455894928782,0.6836520821442161,232.280211108593
1839.3808319046773,3399.565828255253,3247.554391571787,0.2978050927522027,0.27017405247122994,0.022868765966828346,86.55778559762352
703.3219611931966,5254.526883559308,3613.0202567144984,0.7639007031221976,1.2007875001441253,0.18511394421625935,292.16861118860055
1824.3858388374244,3654.9955878085157,2233.722789826848,0.3340905854326627,0.31341097250036704,0.24135519931435911,108.7943410248152
970.9277612228761,7020.196723566912,3834.290148711911,0.7569984641211814,1.1771970934163376,0.2935105649902206,294.0879008278432
1748.5174722346492,5781.90507679617,1042.1044956837695,0.5356123879854542,0.6196056821300879,0.6945770708664634,208.65850761656174
238.07481377738776,2077.371939673184,1150.9861396186889,0.7943594998936782,1.3112283312138202,0.2869526170934364,311.151322635246
1509.1733576136594,5423.605634811361,575.1954083058622,0.5646267219696619,0.6758508351204185,0.8082298764117432,239.63429985490464
1288.1966775095127,3694.663100192704,1595.109146848394,0.4829488545852586,0.5265863145506424,0.39690819470002964,167.0717332624846
733.6623680021056,7083.032174760454,1614.265159698068,0.8122832191037728,1.3819794267834562,0.6287892438454931,347.47430496104
1463.0455391679143,5321.185738599633,2464.344995907812,0.5686923161812675,0.6840451446745967,0.3669423241324623,212.16167382306543
684.8807697772445,3413.2507764155807,2903.2165306626976,0.6657594992301404,0.906611673689637,0.08074675619718452,241.5918071271941
1273.0443076453773,5621.239662888113,3633.691746955219,0.6306957144783187,0.8197642526467332,0.21475555330472018,219.4521656354633
1694.9278678673895,6658.425916926105,3009.519902811354,0.5941922461730413,0.7373432879269746,0.37742309294782717,221.7153923506057
1078.8039371697594,4275.84867402008,1151.025270646953,0.5970592246399447,0.7435214415166533,0.5758054148038712,235.9406337563462
955.9927925254954,6239.956811080395,2438.047910326922,0.7342969738382837,1.1029477647421686,0.4381086462117995,295.96174387672613
1391.6555722995013,3319.1450931173567,2387.577643394908,0.40916388896666,0.41291271442016053,0.16324035572973136,138.8799586130381
1402.6366687483353,6409.193474913101,1374.3476740487345,0.6408942224103811,0.8442183076419321,0.6468579922506162,255.0586509978953
1477.4649502198613,5917.227865551846,1656.2752382507688,0.6003985595266752,0.7508214908168626,0.5626131749519008,235.74976187556803
1591.3603685907653,4198.432634122717,3197.629319142666,0.45028764652895464,0.47409606822127076,0.13531570194634152,149.4314742742325
640.2661884889773,6755.835558274833,861.5578791776694,0.826863877533172,1.4425645633464077,0.7737919442814817,373.95605557883744
1706.2629744600406,7126.190356625849,1918.5463036181566,0.6136378170804133,0.7803051729059265,0.5757651381186191,246.21101183469608
528.240188921147,3323.6228109516487,2914.0540141961956,0.7257222339935493,1.0761299264720163,0.06566047074426386,254.77281211909678
671.0319140388552,6765.4837234324905,3021.126079882617,0.819530557814629,1.4117101858733272,0.3826000748388797,335.4088189433207
824.9287400078056,6021.825635265489,1676.5878825015889,0.7590307187398136,1.1840841126040165,0.5644328850575698,318.98477288670256
1350.4315032261698,7845.754656497482,1869.8161505010714,0.7063061838626582,1.0181176237214853,0.6150887708086683,278.0992958001124
1656.1879597773232,3071.1608901501804,2484.338249090175,0.29931637689383556,0.2719158919004079,0.10562914802910345,86.47455405495941
1643.100828806985,2936.8482315415667,631.960975066839,0.28248074059444706,0.2527550763619804,0.6458421065381975,124.80837398626036
1273.869470563352,4227.75302770499,650.8873369469859,0.5369113488856194,0.6220289459528177,0.733168551619606,212.9108896151496
1182.452072571291,7438.510685101968,1746.9263915499666,0.7256798095127679,1.076090988945591,0.6196312973935189,294.3668895644418
450.52273887857876,6037.0424277168395,368.3697968789445,0.8611119186505026,1.5977592318156235,0.8849817047193456,399.3820984207869
738.8192636045277,4843.555954902582,2269.8139464353,0.7353029006281089,1.1061032834042617,0.36181754130646226,295.42587392560796
227.89732700541828,2923.6802670585757,450.1380708469156,0.8553757154116393,1.5702135360542082,0.7331580861031505,387.88576162634973
959.8791002844584,2848.433578605569,501.9176790675964,0.49590320886562456,0.5484430528845603,0.7003790702432973,197.60879881602585
526.2982032810048,2845.217239294835,2897.4580673126416,0.6877972457259093,0.96557151123029,-0.00909694963053225,239.62374446555788
1360.4893919820659,7514.467188499949,1626.4962523879387,0.6934093412195872,0.9812825937065851,0.6441302356741473,278.55730822688935
585.4678640743144,2354.0874356275003,3874.2469658182727,0.6016622892350181,0.7535153943898991,-0.24407159795303038,189.69714889943745
1222.83900377655,2193.0753679060904,1440.8879083329057,0.28403415843459184,0.25449198104104054,0.20698818402608624,97.87202029601369
1773.526452595251,7480.789865522271,2902.842758095886,0.6167136735035718,0.7872978543459742,0.44088107437205604,235.209272292857
849.8478291492983,5348.21422636409,2131.4004770282722,0.7257698222765567,1.0763391843719936,0.430077467419112,285.8876058163455
1882.6963723880936,5507.991643939582,2481.1006870223905,0.49052202759092006,0.5393124999348554,0.378877953983271,168.48385440801187
1841.525970124454,2969.6476095317894,3096.983933409668,0.23447951326118224,0.20116573763276444,-0.020989625454515264,59.65636627073993
1121.9668913763012,7755.277279815997,2725.8142111927996,0.7472263080493314,1.1446152658894007,0.47986062066702323,293.9437200233821
118.85426868831004,5977.972665529047,1933.005089069687,0.9610111061208684,2.188819617458767,0.5113107003235683,469.63207040286056
1344.4043186000306,7883.550933573889,3094.8219359697673,0.7086235721315125,1.024881842417109,0.43619660709947994,281.19902168724826
603.3994583403501,5989.885774394151,1020.2172442488674,0.8169654618450114,1.401084169141554,0.708929457415928,364.4661728839662
217.63856624427234,4000.3276194628806,2818.6891211341203,0.8968040249207513,1.781880400206953,0.17328575997190215,390.50135236087726
1631.2407215951764,6484.565220821898,831.1411627773435,0.59800893873804,0.7456095450871171,0.772778971822316,238.1604784992539
974.9637707030132,4725.761808045068,2476.0826134365993,0.65795098972433,0.8865840023090289,0.31237542254949974,238.56577357353896
1059.667258970831,6798.764887314965,1340.4525189215872,0.7303107694740798,1.0904390159352348,0.6706188193892461,306.43886677771985
1116.733846517554,3176.371859183146,2319.1534095131465,0.4797547867155703,0.5212808617156212,0.1559848072024921,154.98565021840375
1311.6923463765895,7788.085264413536,655.8827378502971,0.7117089223857305,1.0339571380692953,0.8446505865259603,300.9775107451023
511.9834660439746,3614.1808002061175,3629.2136993865306,0.7518356355283018,1.1597724991869989,-0.0020753942339027808,271.4113593829571
1213.7035837111753,4674.064428933429,2114.5748821441875,0.587720310515469,0.7234837539915804,0.37702541394940114,209.9266196754786
1419.490759707321,4900.424339053592,1989.5347456157508,0.5507880286996192,0.648538880915574,0.4224828561743274,207.92404060147285
770.7125525703282,2430.8015611268984,1686.0818985854403,0.5185324659152933,0.5881770556078894,0.1808940354149836,183.442150294344
1749.4570832477523,3526.8525886381713,3759.757178980452,0.3368633790628625,0.31683544056388246,-0.031963368114666324,89.65049841548696
1444.6536533753188,1865.2782034307859,3282.3238007313566,0.12707951949629148,0.09982356161760934,-0.27528266479800156,23.59019716070312
172.84290419648954,2782.1594939866554,3379.0921880865544,0.8830167415469654,1.7075709606302212,-0.09688497156184198,358.7753824854933
396.74638067500257,7258.390714034224,2636.985403428772,0.8963450618285117,1.7794962604582223,0.46702674615699946,394.20143111097724
221.15467730305795,3353.4727758457784,3370.5447344996956,0.8762642089897352,1.6727461532472905,-0.002538952140608129,349.20143953429255
1274.5114105353123,6191.309324727039,1509.1292235577876,0.6585743333362228,0.88818984305724,0.6080407071885673,255.47528613666606
1315.6716262898515,4853.961994255814,3222.969197256154,0.5735008891953493,0.6938372925475266,0.20193223863436335,198.15237675693913
298.2367391145991,2580.6374150450088,594.1545738812879,0.7928101587350807,1.305405209902469,0.6257048800258053,333.72242982788663
163.96379544258946,7111.828940048848,2921.350828438827,0.9549289536189682,2.145300216664821,0.4176620182121983,463.550299453874
1451.653007272952,3537.16163883387,3699.096083059602,0.41803690437173746,0.4256807364148524,-0.02237820299205448,127.45301554643558
313.99160159855364,4233.597711967918,3530.1990270794413,0.8619085496164743,1.6015264344521318,0.09059983258708885,359.62985469748423
1017.6153013533086,2462.569860703135,3713.946799153069,0.4151947358113576,0.42155165030346636,-0.20260237398541478,112.38501089704731
1436.5047171987662,6467.73648116551,2199.844952271872,0.6365230560488712,0.833660889448442,0.4923970499932971,253.69916499244002
587.5576034939656,5308.179791257541,2993.026479468215,0.8006839299126984,1.3358448721063307,0.27889360124381346,315.5752166567451
1169.912147354478,5411.583753076206,617.4564778560118,0.6444844256151058,0.8529706165085503,0.7951725466731124,266.5691672290658
1697.7717152183561,7109.399512841343,3372.062565733553,0.6144569756708093,0.7821614258194975,0.35656637582944606,227.51819365162004
370.21376683738504,1869.6558122534898,3644.8320686423012,0.6694327467741538,0.9160951937537802,-0.3219113532222569,206.38710870667646
116.1267482941283,6966.115653141984,1357.0114490528335,0.9672062202349403,2.234505352486618,0.6739178838126963,482.5409183694717
609.7990705394675,6633.605642856659,3503.83350014789,0.8316263980590498,1.4630264377267466,0.3087340005942002,338.87780962033577
383.9671656244165,5125.086524733711,1947.5068264931829,0.8606050375850454,1.5952859552341954,0.44928070086767075,363.5817011443099
1919.3050885455632,5241.837667945832,2835.5705449779534,0.46396681254880867,0.4956438870773554,0.29790089336081477,158.8119925374793
1595.2804669550333,4897.533521315852,2476.534147591049,0.5086012104794099,0.5705258616454599,0.3283126060267587,188.97119031553171
153.33315959968968,7504.810948714782,663.407773197033,0.9599555302404944,2.1812377299205092,0.8375636607682463,476.3611155603438
1867.8036705508946,6987.970405217786,1662.079545658483,0.5781726916564646,0.7034822411252448,0.615706370389696,228.95590666654803
994.9938731439192,7728.921374385752,2807.5851943952002,0.7718928152559448,1.2288292367676947,0.4670747507627534,313.80744022646445
1879.838755540494,6750.2180962250995,3082.676843574952,0.5643507828252418,0.6753066611182617,0.3729869254915215,206.27733116941158
901.1185369141575,6991.834847051492,2868.0949291153192,0.7716650552806782,1.228011952306945,0.41823217924794426,304.80683457131664
1816.1602272096861,3833.338287032444,3956.0595177156056,0.3570543570160234,0.34232859756249867,-0.015754906058668822,108.00842230450556
114.49547550633278,7016.891766429041,2682.0409514301728,0.9678897044555373,2.2396228330486103,0.4469410130632118,462.0922191047837
1498.7843230885558,6784.363344998036,3117.4858839984017,0.6381123738305075,0.8374882450647914,0.3703224898528326,229.33824950306894
251.51732055471723,2389.6012360417485,1000.6166409426136,0.8095372732653024,1.3706702353828795,0.40970363707861424,337.2181768009737
168.90432310525142,6323.111885594406,2016.0291972487928,0.9479655262249984,2.0968231135280053,0.5164899652184131,460.8560678998344
229.6362057140348,4428.445459533842,3612.6183628729905,0.9014030999593835,1.8075681586995904,0.10145760742329271,395.14086531994803
1660.930350602871,7456.0151053087775,2205.6649436899543,0.6356388531767067,0.8315471977589182,0.5434199988458024,240.29459788397673
1345.356391155092,2664.6564399017266,1901.8696865061154,0.3290014531125423,0.3071627077387639,0.16703873625455462,102.59495360797658
428.872946751639,7289.995828766311,416.0594400278329,0.8888767357837875,1.7388890063182805,0.8920175301211023,429.53401525959396
1226.8957919661486,5251.876661753708,730.2591395245668,0.6212567115017777,0.7977050595059105,0.7558533727213446,255.6327589911445
1895.8921282786123,1609.0270888445527,3563.0199783859402,-0.08184640546085731,-0.05522846511993339,-0.3777987446293494,5.0
1161.6312194780676,6849.480708226424,3894.728163998945,0.7099950093529851,1.0288963785688463,0.2750088516606132,277.7073838198056
1886.5260280054108,3551.1381971462315,3070.2230460621417,0.3061263255526361,0.2798364635022169,0.07263085842125598,92.75132039289456
1491.0269256684248,4015.2207778904776,2852.499217639764,0.4584235921918558,0.48683062024985446,0.16930241198507684,155.32262658289775
1837.7065650859668,7729.84511916048,1379.988071752517,0.6158460124297452,0.7853217475022458,0.6970332950821616,252.82652409092594
454.39715786069667,4552.819176105077,2173.3924290454843,0.8185030851622659,1.4073860687002249,0.3537543696787363,332.9012196489335
773.8169653445852,3158.140107018625,1739.6910166914884,0.6063960254872779,0.7640061321489822,0.28960759450665824,226.93908530881194
1894.784544679118,7233.61585340207,2019.0271638916636,0.5848594578805206,0.7174566707600065,0.5635782855990937,222.1804783647595
1619.0120851777715,7509.885726407429,1744.4686611963173,0.6452995489891925,0.8549909904010194,0.6229950597430028,260.3752046857778
228.9876399821613,3455.8414387029597,1101.0963491215607,0.875713290613887,1.6699488987071895,0.5167384762978768,386.3748503731869
931.1262047766738,3152.9625084895106,1078.8495072439118,0.5440225370109397,0.6354843681435216,0.49012408704454385,212.5147705797351
875.7070854564088,4244.580335271878,1590.6786763502535,0.6579461214461177,0.8865621242929428,0.4548044316766442,248.59430567566758
1396.9458116300852,4961.435846905039,2713.0561501783186,0.5605970553732947,0.6678020946757239,0.2929678859901392,201.9631187922713
1847.798958935164,2672.6137089861477,2046.249293463763,0.1824644806704796,0.1498528935812684,0.13273630005034184,60.058901907739425
277.6472119760837,5321.696977501579,1536.5494595101516,0.9008286674184969,1.8043900139763023,0.5519118556329942,416.1875145488136
1156.5994891980135,5697.398560810524,3048.1346160653707,0.6625037004415766,0.8982435294129913,0.3029276649989913,248.19229169251966
163.83574692256826,4054.802592695822,468.7268908225939,0.9223276639549279,1.9304961801807896,0.7927605455311869,438.2923095475631
470.89471952492045,4938.24889559129,1199.6292940861285,0.825889363106604,1.4383690958827866,0.6091061903417379,366.4755019269138
1329.6456011244138,4989.74343721259,930.6418684035956,0.5791853948704152,0.705568262151956,0.6856144251748011,237.33970746226058
503.2687887785609,2276.437731972143,3279.724955096259,0.6378978965293112,0.8368661744064186,-0.18057196656221533,208.2383797535852
547.3273299551133,2335.264427185259,1128.3460069069463,0.6202533161974993,0.7953133608546986,0.34845674561151485,224.21667611694113
837.2827869026955,4619.087023890765,1886.101265709345,0.6930989590943843,0.980373558985199,0.42012400503926056,269.1776372373123
1991.1936088420675,4433.260424139747,3341.959686739475,0.3801205211182918,0.37268846437602143,0.14035624994499496,128.70925767116063
964.8449537408629,7562.011449624966,1059.0552557858314,0.7736926931836559,1.2352318733809158,0.7543099265202768,326.7453189227754
1870.9306860448503,3321.3516933509845,858.4016856845104,0.279341703907013,0.24924859208325234,0.5892572560454651,114.320464383127
550.3201819428662,3486.736371548577,3099.5793216064944,0.7273656313629766,1.081209253014093,0.05878203656190661,268.8595337958378
1534.5634645070327,7945.244157292132,3325.9255576121755,0.6762458636151285,0.9343040776495588,0.4098348899104781,252.06938244729608
218.32864348094665,2764.016781718805,1645.5105659384878,0.8535859447648548,1.5617762167619254,0.25365671359786524,354.80602290498683
313.45469544637467,6026.306871846612,846.7744309201116,0.9011146736135774,1.8060277123947301,0.7535968529992376,425.9238601394442
1522.1626595231353,3295.4688131874245,1550.281775983159,0.3680867171640427,0.356674450555072,0.36014792852614197,132.47698762148713
947.9032465225807,6622.764974833032,3186.702519609483,0.7495853155409732,1.1523793160456541,0.3502802223280669,290.27314230269593
135.23029107828026,7610.167610150759,1267.6163870209634,0.9650811247439303,2.2187276685997976,0.7144295495853438,489.36862478287793
466.35954008107706,3823.948068620779,2426.7893961926784,0.782598553294184,1.2673769975855507,0.2235190135675099,303.9761514901391
1958.2697559514756,5492.931035745965,2628.259110954479,0.4743747186706657,0.5124613794200776,0.3527404078332819,172.87562303244118
606.4515610915892,5672.680846258488,2701.459897886267,0.8068358740818649,1.3600775873306237,0.354809053107318,329.61924176846406
898.912202199791,4210.806256763871,3583.7006533275467,0.6481558779635057,0.8619983585383824,0.08045481395929821,227.02096777947435
1687.9615504104936,5240.350012938561,1117.8580498680926,0.5127350913038551,0.5778451565159283,0.6483732400229657,191.188433235365
1124.6061696247448,2375.235737838805,1108.8234477314168,0.35733887441878587,0.3426805704431269,0.3634875937208375,120.23263536465049
1819.930506137495,4792.500833013257,2977.654548554418,0.4495427134080445,0.47294508695739007,0.23356627957922724,149.05640783959004
1480.5612168263865,6931.500508952925,3072.2168795076927,0.6479908813286271,0.8616250713588142,0.38578495165318916,253.0262909308379
334.815498117177,2890.6205974729273,1794.5256937900806,0.7923905552051457,1.3038455329281708,0.23395105196457242,310.63585997824293
592.4514940356314,1548.4044218326492,348.39623315632474,0.4465283815995517,0.46822672984224356,0.6326485521224429,167.843972439495
1079.3832955328694,3877.1165953887676,1351.4182997013424,0.5644574520047483,0.6754927560050304,0.483060426272786,211.89088049209172
1326.445600844908,6588.009373489995,3336.8980909561683,0.6648043092092317,0.9041927467761781,0.3275709414775562,244.85209113871687
172.32906062749748,7962.386816288199,3155.707495460348,0.957631203421538,2.1645395799301053,0.43232942495516324,457.9243618583795
369.37705629674724,6648.967030261792,2934.024589842555,0.8947395419237012,1.7706484101909779,0.3876599904603826,395.8258101975915
1235.3730266196012,1845.0973882742064,1690.167188197732,0.19793222441244965,0.16464200246740301,0.04382421645716394,50.10689266828469
1764.5932372409302,4752.114329603815,3514.6501297494124,0.45844025702551827,0.48686275786437183,0.1496914791499367,141.9717347207009
1211.7225223966566,2133.9113846976497,2216.394842299941,0.2756395014020759,0.2451261804861857,-0.018960379632920174,82.1537575707532
1834.6108649382863,6081.058074342343,582.8740593242212,0.5364609411334869,0.6211989427523769,0.8250660276709478,224.6577399645391
203.00239933977485,4400.23852119968,2043.497696397255,0.9118002280133168,1.867346150670641,0.36574135638897765,413.769919971209
463.9120199304851,3012.597391080974,971.4876040415525,0.7331162005040727,1.0991266218483773,0.5123158238405838,294.26880929151633
287.0611040132284,6540.618490240851,3726.220700014944,0.9159125437834651,1.8918104581865611,0.274125048400769,407.8677730476914
144.42910121795617,5930.863837785229,2386.4641148826504,0.9524536172512923,2.127854353356635,0.4261464430219473,444.99541362715246
1404.8207770925333,5267.021110564331,772.7915167155995,0.5788806746212196,0.7049382390509689,0.7441008306790199,231.0022240668303
1567.8118418753638,3978.7228015052447,1932.000070340828,0.43466977386906985,0.4502472746518098,0.346272829092882,154.93065952242952
1619.3673089281965,6031.6578768690315,3073.6797763406084,0.5766927255127557,0.7004142019059533,0.32486198896323965,216.53510684881707
1614.9305937257734,5698.04507888244,1084.1807620545233,0.5583383108865263,0.6633330656597787,0.6802876259735734,214.43736321232822
483.71373090500725,3270.151877498197,824.9780147195765,0.7422850033877965,1.128398727482157,0.5970931146355678,312.7275062197735
1139.0335593918846,3686.0469029419905,2916.8426287059287,0.5278696102386351,0.6052070250553108,0.11649509967306573,183.9999544039984
808.1892277743553,2310.813163216123,1664.7910531416542,0.4817642779949348,0.5245896996660411,0.16249658536277062,159.56431020619118
1518.4772948940752,4361.59345709578,1689.7331531223494,0.4835173387592415,0.5275402063507075,0.44153298534907304,172.28703601774103
1586.6796988513456,1812.6400796361422,3921.6358747513664,0.06647223428296128,0.04984250873082739,-0.36778763553117194,5.0
423.87229126613664,4999.737318528791,3559.2896170824674,0.8436936571089191,1.516397990910078,0.168295731759507,336.9426258798088
718.595969990698,2693.7006644049197,3459.78644533859,0.5788197526342052,0.704762614930444,-0.12449620307096185,178.04355714575507
1967.4659686403165,3954.3809423040034,3786.4937347489226,0.3355228534625059,0.31517967797236235,0.021688402737106406,106.82406552901192
1605.0791851152098,3236.5054061179626,3947.8446399884992,0.336961213818276,0.3169545949482222,-0.09901232946702432,89.49292515278653
754.0781969345405,5650.730310446166,754.8088781232195,0.7645274807364412,1.2029668142157148,0.7643262007194238,323.0914849906258
1801.3660366210634,5923.34190807472,953.5201056480265,0.5336092834099219,0.6158623156825498,0.7226874396762287,222.91955317984397
691.6751135459261,5840.290508396723,1383.5851741188305,0.7882183851009532,1.2882693366964464,0.6169410340833832,335.3939656915835
1249.7169524440367,4062.648426622612,3859.653363579677,0.5295064011849434,0.6082303244272379,0.025623242889883487,174.85491798167664
640.5509502701187,3435.114399998252,767.9863684431064,0.6856704878526027,0.9597479643696529,0.6345620002609736,269.0915207125341
786.9534259502834,7820.260037525235,3258.86422053048,0.817140952830258,1.4018411651240328,0.41171086363314485,332.02268829249164
904.4484641844825,2822.9299372561663,3499.4435459497968,0.5146999488475552,0.581314284594278,-0.10700310735891218,156.30345181890567
629.262421708276,7189.450952931268,3696.04619098273,0.8390368358638536,1.4955711486546885,0.3209228494980362,356.52055283222353
855.8097675937348,6768.150878885495,3299.750205739333,0.7754947047433414,1.2416701110277149,0.34450086901414056,311.17684182204357
1352.034485160177,4007.829493891534,2383.7874974283723,0.4954967175688915,0.5477656612903422,0.2540893796381404,172.9473071165593
1182.563541982748,5336.11772582235,3920.749429250691,0.6371770627467672,0.8352210990090327,0.1528992771213202,216.26842036269832
102.75469930154334,5000.322933001615,588.2961531090202,0.9597283415282745,2.1794668999785043,0.7894663621051422,491.54802849423584
1691.451082782145,3174.5610993557802,705.8659828745697,0.30478962253999703,0.2782723338980102,0.6361916004426218,132.61227596297257
1875.4677174981994,2216.362950856607,3376.5674502951933,0.08331117802882086,0.06326855046948747,-0.20744125458672155,8.583594669483192
690.8035319372426,7127.065526267693,2342.3812581781376,0.8232757475967507,1.4273766239741161,0.5052760078279787,347.0006461811337
1946.41423266668,3769.877374308736,3764.8090292748143,0.31899407285274695,0.2950709308778835,0.0006726683450074777,91.45733066353307
1850.2101224195167,7603.980380476171,3004.291469397665,0.6085947026015353,0.7689639814175362,0.4335945548661271,222.99477167361118
1760.496984353722,2318.01527350539,486.0583126619151,0.1366964848372488,0.10819717652813905,0.6533198590890515,84.49672785678523
1516.396553146138,5879.809006113747,3724.1823451727178,0.5899528369536404,0.7282458098360203,0.22445112473240925,200.42423973125088
122.83701541340258,4755.829152707263,2080.169129511367,0.9496431968676623,2.1082624603970284,0.39140735739566346,445.33554812814526
1880.8839247366152,5550.149888250715,3717.1315155899806,0.49377597456325556,0.5448395021724566,0.19779461662869874,162.39033178115977
573.3715815560579,6911.941637618577,3145.4096216828434,0.8468009112803214,1.5305866140760922,0.3745053661199112,365.5870823135024
1859.6433079947406,5654.78896323337,725.2035479895178,0.5050475561892752,0.5642953676881513,0.7726631976134262,212.84441293604738
739.515433181503,5002.149384854157,2227.7979786406395,0.7424038299032202,1.1288465801308194,0.3837305123185194,301.80996768658486
1886.9005602110196,3770.8778987208016,2811.7724532077013,0.3329888845687472,0.31205562694712125,0.14570201880560332,104.35036101062377
783.6443981011082,3309.0881432305737,1834.8524465219948,0.6170556514525348,0.7880236136806791,0.28659656360706437,228.3986892960824
1154.0455713963042,6559.92526917848,1517.0127509609322,0.7007907871062917,1.0021876241915875,0.6243594422810917,279.48726174342625
780.4281754718895,7899.016714489728,3061.1877952120267,0.8201663387978665,1.4143731405165385,0.44139951171111375,340.5629112396436
1875.114075131409,1927.2925067675988,847.5769527762926,0.013722475621323013,0.009898042883797918,0.3891049901063365,35.623085546032215
867.7638220325979,4402.972509669729,1930.9381059144862,0.6707238731907152,0.9196161213110337,0.3902856471139112,256.38586430197137
1435.655858025102,7357.523482083286,3906.6602201916708,0.6734614858101743,0.9268873003760387,0.3063571540375632,249.60440315149128
280.2891293047775,2951.2713692560956,565.1674030460324,0.8265301671790672,1.4409682229189529,0.6785569492425375,352.75558372173174
622.1032383842722,6705.176514858103,1486.9886906046722,0.8301953085593369,1.4568426541789288,0.6369729726808754,365.3325258302002
1025.9931080476622,7712.959537653934,1994.1613872809614,0.7651908300624766,1.2053002656470109,0.5891343266461052,319.46396040351925
1421.3421523833879,3803.2665645755806,1061.2025413038998,0.4559048420228317,0.48286220939057795,0.563692350187561,183.01267142081082
1613.1806524263188,1649.5323288495956,311.5981279051572,0.01114154895657404,0.008021382993538979,0.68222600676765,42.67617386469335
386.7319554585542,4049.9271166953044,1820.6897316100435,0.8256652361238833,1.43737711445524,0.37972796425115696,337.12344910663006
1023.0326436466988,5656.235067622635,1830.5728469698697,0.6936692199752792,0.9819909191251617,0.5109870940705179,266.1069337339351
368.6679973172602,4279.552212298072,2786.574219173654,0.8413724044418901,1.5059098786903857,0.21128662321460545,349.81109814564496
1408.625421874108,3390.632469100603,468.45641965300916,0.4129819842648578,0.418378497188244,0.75721916051386,164.89557190176822
1781.215819704191,4550.329095791037,3616.2874456366403,0.4373519121490596,0.4542918825118119,0.11437314894140178,134.6194947450628
1135.7384783664536,3002.221496413404,3293.0828244267886,0.45106357455649027,0.47528750977028034,-0.0462029019001201,128.86900532600623
1198.2009244651103,3693.7172218982996,3589.5810510672363,0.5101304278319116,0.5732115962390715,0.014297941250504941,164.99305059532406
638.3576980518471,6327.356258016415,2504.097754562446,0.8167143518995373,1.4000583722902125,0.43291382116415855,341.96385598302436
1211.800418207298,2633.2725025917916,3232.7794099230678,0.36968663879575897,0.3587736798272542,-0.10219938660107418,100.53069148007567
414.6831960335976,2689.2295030917644,453.6995829210969,0.732799703730811,1.098108312510861,0.7112886922610735,315.51573219331243
1278.6056763562183,6446.739278651707,3532.694137752845,0.6689841853956672,0.915078431425415,0.29200506872631105,249.3668760963017
1024.5117708744983,7852.959328166749,1906.040263739757,0.7691883736192082,1.2192759354156182,0.6093779395943014,316.41156239917325
1225.3220180591,5548.790053933285,3377.4785636293245,0.638233910110723,0.8377695592670198,0.2432496245730957,226.86520308448917
1010.0122929761809,4985.567431954078,728.1766455251616,0.6630810231384354,0.899720347268258,0.7451140142003098,266.10460225408815
1987.1900075133892,2580.7090148012276,2786.4087181294135,0.1299326023317305,0.10229665349111268,-0.038325915980520237,33.39791778247837
1241.872343956515,1646.8381285410967,3409.6575416998394,0.14018912185901924,0.11126568072736084,-0.34862472506104636,12.90215866076352
1923.263421095174,5045.71492349833,2615.180694812675,0.44805010828846775,0.47063726674272166,0.317265023499204,162.04523501161594
1016.2511475335486,4219.700752714298,2018.3836412202986,0.6118179971090442,0.7761642616614097,0.3528835091236497,233.56993909253208
402.41656026975704,3790.153703153684,421.6494413692975,0.8080334804716279,1.3647786572678275,0.799777232078143,359.569497873405
1887.4733118361876,2342.5824503713484,2755.830041782838,0.1075893945639298,0.08324097833570042,-0.08105416969818968,25.45033483347124
480.7068487339229,5010.6836702856945,2017.895912072154,0.8249234515442162,1.4342768446063974,0.4258026423005599,346.1189361655131
822.7797927425033,2704.983823571122,2173.7789649835227,0.5335402920964154,0.6156898891976795,0.108881058887491,174.3656635113202
911.4923470531619,2539.7110435093105,772.9981317514375,0.471782886061375,0.5082043602565014,0.5333136166670891,186.55306690687317
857.8408386301516,6362.035363959322,3993.235662532375,0.7623668841569159,1.1955160902625448,0.22875303747609677,295.9264551979001
1681.8516750821789,5720.751899270282,3479.4078052505574,0.5456053647983977,0.6385466838671393,0.2436201289717543,188.9673284552981
1941.1810009407927,4546.641210861528,2712.2919451085763,0.40159241798880063,0.4022081037686684,0.25270232224023026,144.02754512420265
1390.4063986313229,5113.408746520781,2348.8104732095844,0.5724336046193015,0.691655762606324,0.37047936968013806,199.09151976714534
628.3281503142731,7333.222486780197,1229.3205408834606,0.8421593532777784,1.5095413303371372,0.7128608785338112,373.4235425744563
994.5199324614948,6562.683618238928,2172.9689389786213,0.7368021315933136,1.1108952058231327,0.5025056399628602,300.0269699531899
1191.9815595070856,2027.5212174436288,344.1334464945512,0.25952444074869935,0.22753330342834666,0.7097946407779216,122.71704719430566
1284.575543804592,5667.3143543097485,3648.6203446548893,0.6304384669647186,0.8191565030050882,0.21669258906060407,225.4467395782784
1317.1566435500272,6121.016386377506,2677.725201378296,0.6458386653353292,0.8563056557882183,0.3913390511888091,236.5817066428856
1266.9682279537355,6042.422652762566,2662.785136689888,0.6533313790556945,0.874930968128584,0.3882316881372249,247.03479879146246
1787.1032465121866,1928.8740703319645,3226.662785567863,0.038151692460283146,0.028012427602945488,-0.2517271724086357,5.0
1080.675500583628,7352.519866616636,495.71202882459033,0.7437091271100824,1.1331185795553722,0.8736754887303034,317.01838042891654
639.6361110729964,7548.80520608734,3464.1397276199673,0.8437709725892738,1.516815620582721,0.3708967494783838,360.44987597004354
823.3578278679481,3912.2106469149285,1313.3704573960345,0.6522665303739138,0.8722263783063876,0.49733037094718346,246.5529983015761
432.6500749423183,3583.347893612302,3424.513368491236,0.7845367060828968,1.274502917873388,0.022665192582697263,301.3934313793109
481.69250983159037,1551.539137401124,3872.4699347948285,0.526180392922491,0.6020258092705877,-0.4278995049737552,150.34904754598568
1248.5297487958221,7524.590590806355,1420.811041932329,0.7153738462887368,1.0448420707341963,0.68233711562518,287.42891037742527
1691.1500239282204,5400.16647847891,3311.4962959883,0.5230363717045539,0.5963790458183155,0.23975562832533928,182.28833343138942
290.3027916669021,6243.114354629086,3692.7690702417917,0.9111329383622623,1.8635308409781273,0.25668027442298186,397.9769403941329
291.88425250765306,6027.11536655376,1068.180961272309,0.9076169423777187,1.8430777821815105,0.6989044819924972,420.95965858646684
853.7253122082457,5060.801667435039,1106.1204904351364,0.7113123955635784,1.0327506204663968,0.641273081631442,288.8692604035213
270.37961119986915,7303.676498222776,1355.9648278660975,0.9286037473823833,1.969679903327484,0.6868311799186412,450.2372625195083
1463.034484090046,5851.484204847203,2480.1259892895428,0.5999642501145629,0.7498705440410467,0.4046466573202812,223.9567509074863
230.53540796295476,7880.556570383064,3149.5847478484725,0.9431555186280743,2.0642773574345306,0.4289130742401218,440.8489196306023
834.5724363443326,5334.299566881016,1444.604866491821,0.7294246221115643,1.087654156549257,0.5737940013826228,297.4837638541653
1349.2583794569007,2012.4518023235696,3361.34011980712,0.19727858346139215,0.16401060601226297,-0.2510123832069978,45.85420992854178
1731.4654089264334,3989.529140829037,2494.805616724141,0.3946977596062246,0.39258871099731574,0.2305130101639612,138.81683155107706
1206.810198699457,6046.097604862272,2706.8261234918264,0.667220311709896,0.9104647824528701,0.38150355065608,242.9663394523055
1282.507335420112,2921.8251171502907,1787.5324465463646,0.3899115495345848,0.38598087848653384,0.24085932210946684,129.1783692098754
139.78181537365847,3398.705806330768,3643.048072999676,0.9209934690873245,1.9222622507554288,-0.03469906373061733,392.0462676633542
1791.8948913493336,2970.048846151454,399.1563069028384,0.24741030543402454,0.21464036770428913,0.7630560983070334,116.31683658877958
295.97547365365585,3694.469975384197,3419.1336625676677,0.8516579274873444,1.552866927802584,0.03870560222232145,335.34424598117636
297.5771863073857,2142.2207483437974,2221.0001269356885,0.756064071979828,1.1738304893352338,-0.018055326747305592,276.4757292212996
284.0714319976779,2016.2007055717022,2057.1419214034445,0.7530105871087481,1.1635557541361607,-0.010051012048572528,267.6414474675403
128.6245793196166,6094.11342169988,3281.4080544699386,0.958659811877706,2.1718398447717053,0.30000521827816345,451.35256229630744
1271.5893657021911,5560.077343306942,2370.080109888818,0.6277367090115288,0.8127916046904009,0.4022615253030482,230.37678243184996
418.8127106404368,4347.243427826015,3123.173328667266,0.8242518766523291,1.4314102120809151,0.16385566413425764,335.40757594153376
1034.543582844721,1620.9315412425785,2694.3369948142767,0.22082223736838053,0.1872440606357711,-0.2487459226126848,51.1934353740001
1686.5466939707974,4256.589537029457,2999.5759269964433,0.43243882400347927,0.446905845384749,0.1732338679557008,139.42724266350064
475.57133924932805,4913.899061733133,1688.3720542234714,0.8235183406613035,1.4283408985400858,0.488548099641886,347.93323117394596
1395.7193451597122,2415.082536727051,3714.229208608177,0.26749309538892885,0.2361736643448255,-0.21195637057584776,73.36846590033805
245.58532955990495,1806.3737653485043,3610.6102243133014,0.760633308383583,1.1893041682856476,-0.33307029558792717,257.6795180856462
369.8707739207775,6352.577670175421,3352.36798830734,0.8899595058432658,1.7446765588813813,0.30914234732850443,381.3928491103643
1550.8276476101842,7920.170184373258,1697.1140389400575,0.6725101883754394,0.9243719123760479,0.6470700044094343,270.68810759310094
1815.2515219853276,5124.807537684644,1151.8849701837205,0.47687721196133764,0.5165590597926704,0.6329643457740783,193.3349149966282
1194.3185791731432,5647.758977640813,1502.8846652563018,0.650890078464785,0.8688168015932887,0.5796505208201854,261.2444558836215
1706.905571047219,7142.135975778438,1137.2797038628928,0.6142168477067144,0.7816170592189962,0.725275370091142,252.41513695335732
1385.26748503016,2446.5931376253575,3536.059266355271,0.2769739708284886,0.24660891264372398,-0.18210419977315084,74.00310568291452
358.15425013603715,4916.413839558898,1631.2833292864711,0.8641957997403159,1.6126665342047115,0.501723037131543,379.3518265048878
1807.0620592053667,4417.604990852782,3943.9000669934912,0.4193867575943105,0.4276500240525418,0.0566530690976647,132.00275622724598
802.9768056183389,7899.918457448318,1420.0683247637478,0.8154690406458764,1.3949730334505301,0.6952638757338814,351.39098254509366
1350.8942971046288,7052.3002860099505,2755.772107776138,0.6784807767849711,0.9402882092477044,0.4380604062953104,268.17044184430443
1986.4476412534225,2441.5872488376817,1751.7645215916411,0.10278591266296663,0.07923037263661449,0.1645039016154162,46.14055690074298
965.5240365396697,4625.025901050281,1123.1473704328023,0.6545870987127987,0.8780694196999427,0.6092158960101676,261.19842612726586
1913.7099242640184,7478.429401060122,3888.9520638199992,0.592486896057791,0.7336793009913979,0.31576993769533945,209.03451454185895
1357.71296625345,3876.0377868487017,1213.247905414542,0.48117018538214074,0.5236336023378472,0.5232148560570947,180.79734133627775
1472.4464352699613,6577.221663469756,1606.806049369904,0.63415971502786,0.8280036750205575,0.6073312295478416,243.8700360834501
594.2267219123629,2963.1614959083918,2330.2934946544096,0.6659196658556742,0.9070092866760668,0.11955669827413395,228.8197169067046
1809.2933123601954,7868.026271638382,949.2768754116887,0.6260755270157875,0.8089188458685436,0.784678634731614,254.3297856529393
447.0910828867798,2011.6350965210274,1945.737017886584,0.63632299769743,0.8330583079503967,0.016651979321802013,210.37818145389878
742.1005778171384,2451.477286041174,1174.2193973107442,0.5352544326643104,0.6188836776076938,0.35227929965651156,192.93565739075677
850.7232628877073,3057.506188977507,746.2417862191768,0.5646502982244187,0.6758620061153813,0.6076281649630563,223.03037620896163
693.4742811395404,6715.061674028935,509.54649199090454,0.8127904660941432,1.3840302195076035,0.8589414178011835,372.07935977389985
267.1806780676849,5944.503370688449,2674.9447564946763,0.9139748008985825,1.8802599620220304,0.3793234283182531,405.08059100995666
963.5640142586573,4594.2072593158355,3739.551419998481,0.6532552466969133,0.8747196271858775,0.10255346622121296,233.03369775259492
1351.4059311327535,5729.305245816302,985.6562852645451,0.6182852547802432,0.7908774663165975,0.7064298042347511,250.89227988355773
1628.7820650302556,6804.999609576655,3065.9106768031343,0.6137481077459724,0.7805527638461917,0.3787987960496451,234.4264398372251
1376.9470502747295,2668.6331756471504,3296.0189168998063,0.31928328025154834,0.29540957994837597,-0.10518396235237466,93.99617477904673
1150.288039254394,6265.638776039498,3605.3365037226695,0.6897790206809915,0.9711437136230061,0.2695075407089277,255.25139305435374
474.9016874086051,7305.894844557565,2585.4558333550995,0.8779298016863666,1.6814661380277953,0.4772289613860271,384.96865468566193
973.2801592883106,5264.71449982622,3630.9984932834877,0.6879509480790607,0.9660696815598051,0.18365205887650565,247.73958637627047
1554.7008614916606,6645.017949631883,3620.5149353126394,0.6207916642963448,0.7966454847840089,0.29462698604378995,226.5329566883189
1170.876453650363,6388.977381893025,381.27554163513963,0.6902383354317003,0.9724206282822052,0.887367415549926,293.72810096586954
232.5616866750916,2381.450374011769,1220.6756975845599,0.822065329702407,1.4220426107554154,0.3222470988058865,344.0630740213879
378.2434299901798,2972.81748084181,3999.868665426091,0.7742545179321149,1.2370953918397698,-0.14729634503722921,283.77344233871236
1930.162471056727,1904.2822053278005,1551.5120738798419,-0.006749416905547716,-0.004797525671532705,0.10208076721128272,10.09121076757229
1931.6348486799752,3686.159109537935,2542.1274506911523,0.31231552342340063,0.2871191845303705,0.18368320847154787,93.11769888648429
381.5606088968505,5224.014045106155,3660.2123267593256,0.8638638737756151,1.6110626955789542,0.17602002163329022,357.2514579279978
949.6726161178738,2921.094176388677,2921.6022163802127,0.5093103422241775,0.5717493788648591,-8.695300205523447e-05,163.7015120070405
593.9116739929066,3880.841277027121,2144.724710318734,0.734549960249851,1.1036911222805503,0.2881250607936645,289.2374322935707
1596.301250174545,2374.446692641807,2729.499601647429,0.1959694882368619,0.16274761455296777,-0.0695643896828074,40.86474008727664
1422.9430432571464,5599.581792230349,3929.4286529901287,0.5947488754005262,0.7385358314893948,0.1752703650254322,206.27655680187937
1331.250676274123,6932.527474984361,3235.3280062638437,0.6778106449021036,0.9384868577050866,0.363616445490926,260.13971016743125
1581.344703352953,6079.045550676343,1597.5192680620519,0.5871372994829477,0.7222616871802933,0.5837931923783344,231.299539041275
1946.8998660801294,3934.6853721115467,426.94782181665505,0.3379676439586217,0.3182068806281988,0.8042257093910974,156.99816076083755
143.76631739666308,3077.512133815931,2971.0509047473092,0.910739589868169,1.860989535934288,0.0176010778712673,378.43416073146875
1093.6492407097594,2447.8114452077443,1748.116863269213,0.38237391975022916,0.37570920381425016,0.16675560932683134,123.43378600185174
1387.3691521895967,1970.519924218599,1548.9001058183815,0.1736658831146115,0.14160008519089554,0.11979809590274718,54.13632822324708
427.36512604412536,3110.116334336323,670.0556293828411,0.7583788742302822,1.1817647774228488,0.6454893395662646,310.42798225482034
1245.0960272409163,6009.775398513835,1009.5028114463935,0.656755866644525,0.8835685630952489,0.7123627867121413,273.69303538793866
1023.2035341110716,2485.2395706440666,1147.7657286716822,0.4167193232048477,0.42375592290614905,0.36814530434517756,156.80677670981947
276.9269325540712,7999.361091093308,1773.991765064751,0.9330794355562873,1.9981618589732308,0.636973760900187,437.0831377567469
1584.2250972463917,6885.375603063976,483.2380593623838,0.6259032382716012,0.8085101052642414,0.8688388123098636,254.99840233586326
1527.0404690648757,1643.5955074923322,3578.2704284683705,0.03676077583565916,0.02696326042730208,-0.3704949426760049,5.0
1756.3094133099664,5242.801005669124,2875.0812355821076,0.49813353171381636,0.55230123888383,0.29166717370741335,180.2156110163244
788.4065131073647,1970.9838617090934,2562.166501283829,0.42856471449851447,0.4411006881861277,-0.13041319879228663,128.35569661388658
1225.090689514537,6227.32883831723,3665.5457494656202,0.6712233697324925,0.9209597434675354,0.25895234654610066,239.81464179411856
1044.8516915116543,7738.123095199397,1378.1285330217756,0.7620733937495555,1.194524549772527,0.6976545647107124,326.1776988077396
256.652929337882,4662.525852001582,1437.3290333255222,0.8956521235783088,1.7755755226027965,0.5287333680519805,399.8946651976179
1650.181823623041,4082.0434950079334,1499.656736425643,0.4242439080432814,0.43475369934135455,0.4626523552047492,164.6868086877294
372.4864768249873,1619.5154663334267,2365.443878093983,0.626017958047369,0.808617709218725,-0.18718595275419336,191.8464907215585
1154.892918285619,1904.1370563185292,3998.031794160146,0.24492866824063628,0.2120223552215651,-0.354767000154025,51.31888753047008
339.4383132873952,7060.682410031696,741.6794312882079,0.9082614118248379,1.8468381504973879,0.8098833540978967,429.1621950843284
286.92988255509454,4349.030916093604,1908.018073498351,0.8762155697792623,1.6725797984756063,0.39012206013818,388.6324968337949
1899.687801110219,2504.4778762683345,2189.897248608837,0.13732228061428794,0.10874699204815844,0.06701224747153464,39.365145672746365
707.7035489161984,6215.150210163272,1041.9379995542947,0.7955457174331314,1.316012975480795,0.7128495700202409,335.80834887177406
1050.6834366518813,4356.852821822401,2554.5649572704265,0.6114003173585641,0.7752259947575141,0.2607696310506884,227.91853783896812
1357.3807063417548,2617.8239514542997,3560.535611662471,0.3170763151334924,0.29276934295374146,-0.15258284184095347,73.63406265388694
284.06843151346413,7585.812467611921,1641.9470246458488,0.9278087087673872,1.9646886076098515,0.6441287776636286,446.16502249431306
237.1808879455154,7032.713777820834,2695.9306023823788,0.9347498418292727,2.0088962753829125,0.44577466350991163,442.9782398186629
1309.1631000628968,3841.9582774079486,1234.7277962110902,0.4916978248524468,0.5412909993887239,0.5135693723966392,178.30669944394984
202.74669600688316,2808.8118476948976,3330.767677716594,0.8653543050899181,1.6181545801474908,-0.0850149147472275,342.0328528931451
1175.6367684903455,3550.492735156254,911.5007889029607,0.502494898696918,0.559826920988528,0.5914378699638009,199.3597311100677
1414.7711630261858,5025.4458950562985,2850.190971546023,0.5606448818270907,0.6678977549552089,0.27620051052106415,195.18325606941977
297.5334963084721,6962.883134937498,3376.4443687029807,0.9180395528578827,1.9045849693245147,0.3468735045509351,406.82985606756057
1285.3512849511285,5692.727535717728,3488.5230235329186,0.6316031050094308,0.8219137730099411,0.24007671914844625,232.17183447334617
1291.3572170073105,3762.719964369378,834.7709747251623,0.4889839743602618,0.5366991185893557,0.6368580227335927,191.71956343433072
1804.9668364751003,6639.6991009317535,1513.016234801965,0.5725190670323614,0.6918422814613855,0.6288313346389608,220.609751648684
1870.9768000904542,7316.137875023172,1947.6923096348212,0.5926954508459618,0.734126282674523,0.5795060420796174,238.82481137706344
374.0373676617277,4503.781349516312,3258.9684464436714,0.8466374460502961,1.529760180185829,0.16035721047715965,339.1016861389898
1722.9192962346654,2709.48144649356,2940.4768769656603,0.22257963737932854,0.18902559015947912,-0.040884448558159925,66.6935278876642
1287.276537297489,2116.4723852931575,1721.6356181633146,0.24361251861107955,0.21064545240680574,0.10287276092058725,73.23191898376177
1489.2269099363875,3670.207839504359,3681.7266630672316,0.4227170291051089,0.4325088130280913,-0.00156677450775393,125.86529415261344
1556.0508831498225,3966.3344328905973,2108.6320454879997,0.43645696766275344,0.45293686508612274,0.30579631899345394,158.08837545820015
583.6634264525976,5508.347978290642,963.6827059185044,0.8083840005938435,1.3662481984798822,0.7022008228048559,349.5135066334179
444.8390266354489,1620.958052319387,3555.6505577568905,0.5693294065986634,0.6852255652892201,-0.3737374506733779,164.725024306271
553.083875950223,6823.655410510521,559.6267036360696,0.8500465165170265,1.545517461796285,0.8484070646608474,379.41095225430627
875.7227813629285,6365.446286435015,2460.364623054722,0.7581266854722668,1.1810141186409822,0.4424615146398602,299.2020076314336
972.2882815671661,3449.864911614274,923.0535269289595,0.5602647672421304,0.6671203042553014,0.5778318117795146,211.89458665566394
732.0470705438197,4466.172222434832,3183.425774720641,0.7183469839790001,1.0537119103895252,0.16768808609596167,274.84600764793163
1533.3537915854986,2174.0457938836985,2362.7447854079714,0.1728143911534428,0.1408093427042281,-0.041593057511625654,43.10682193985803
1419.9901296450676,3018.6472808421745,2092.75366453303,0.3601684487810977,0.34634190212494076,0.1811428267950199,111.3962793748672
148.0539832458593,1918.5563490621264,1087.1819094073633,0.8567180456231709,1.5763691905473711,0.27659575381706725,364.14537171404135
723.6747933097779,5802.532717570264,2561.4191976764077,0.7782250127681568,1.25149503149709,0.3875098221927976,318.8580423654688
714.7918342934898,6424.377955540275,2132.873019159083,0.7997549138805364,1.3322562529043345,0.5015050918300851,338.4573578306156
1471.0363358211162,4709.882220266847,2020.6539178430462,0.5240072093704563,0.5981424803270329,0.39955632758543486,199.67505044587705
346.6162470141146,7393.922862738695,2355.6452562852905,0.910441316152615,1.8595221653327234,0.5167693116688548,414.211383334563
1814.562675241157,7304.183047529321,2700.787880493931,0.6020148536413273,0.7543771525520394,0.460110798891127,231.93260483004866
638.964119042655,7565.10011140583,341.53956529723695,0.8442322971842844,1.5189048175232585,0.9136068975647423,380.7784023355381
667.8242166836254,5641.332381461144,1655.8465449442651,0.7883000028009602,1.2885700694157964,0.5461680296133236,319.9168957694409
446.92267912020526,4278.193266235762,1264.5842474414999,0.8108310209975379,1.376030585104181,0.5437001594984162,336.2750419804282
1008.8339747853385,3922.796023622515,2950.5310482859436,0.5908719934762054,0.730184549686501,0.141454780926809,211.65126656717717
1903.901004200602,5928.167135755717,3391.2006603677055,0.5138190908364262,0.5797794503193778,0.2722251691977527,186.50416005516485
1396.4402832607195,6901.224590218976,687.2505029785999,0.6634136700180282,0.9006008236978564,0.8188699323783518,279.0512602324651
1080.3067817373976,2778.3284138518484,2029.2312181795198,0.44005757103324483,0.4583712955123586,0.1558165166637759,147.5196146748894
935.4846634572648,1835.1050689969709,1829.8668029586713,0.32470358013566425,0.3019260402460427,0.001429278646571204,103.9266156794636
892.3967116422695,4700.466438946842,3985.2996548251276,0.680880190358775,0.9467302549401206,0.08233778993336908,232.14826849876982
153.53311755142474,2887.87337086537,3504.117707399659,0.8990380808447177,1.7941525768062205,-0.0964088229930926,368.6554405535927
1941.1836850844702,6853.148324874275,1864.0968331188394,0.5585375482377666,0.6637341428550619,0.572319741014568,205.80789845998385
1673.0215519711928,5121.1824211909925,794.6787192021291,0.5075150646540609,0.5686164192966321,0.7313396306273033,204.75537928286303
605.2409583669229,2455.839538328121,2315.4189134842095,0.6045573062696902,0.7599013894140809,0.02943052157678505,198.35706748558613
309.25621384377826,6454.970990286646,1205.9305215693842,0.9085612576380585,1.8485558139155618,0.6851726862574413,420.8721903895547
134.02772357751346,5995.25659927121,2360.024854643652,0.9562664360156963,2.154729539167123,0.4350819016981397,449.604177720485
1428.459246431767,5165.133735290203,3806.13545575299,0.5667129437091611,0.6800437913342515,0.1514833910838989,184.7114149998776
1124.5058818205764,4178.488764202045,945.3017400488416,0.5758977871297937,0.6987544407932916,0.631014679628259,225.07017120771172
487.9585232882157,1808.5502067449975,1476.8060990469696,0.5750431799415104,0.6969113778457561,0.10097659940634082,194.423889739936
891.1558399368699,3842.437753789664,3243.4614667362107,0.6234759817870028,0.8028188791124831,0.08453073750101542,221.60077533292173
542.3302554021202,5326.28282311338,791.6783045845493,0.8151760054534405,1.3937201936421304,0.7411953791693866,352.2128629976698
1823.635820716564,2015.8454379664768,2505.6639254304605,0.05006135054446917,0.03708130545067861,-0.1083307470998269,16.90558702192976
186.69612658126684,5362.898837967165,2657.6908928947782,0.9327172061239546,1.9957365678377288,0.3372829225170186,429.1543085264266
397.4591601910252,7608.799456975097,2495.4511574639814,0.900712884845065,1.803817357707589,0.5060591323514906,417.3581429106267
1782.0825523146184,2398.2641713709363,2937.9314709285145,0.14739964400983196,0.11766592942494475,-0.10113334210960333,43.90313571672722
1043.0639465488644,2534.9636746669657,3218.018914965078,0.41696148985965226,0.4241075738969673,-0.11873062877165236,121.23821950674412
987.4058234355477,3591.0476372980543,3835.873400303191,0.5686727703194027,0.6839821836867034,-0.032964637934436165,187.34287650391434
892.1326144508685,4148.922096529874,2386.8352267302944,0.6460531908806323,0.8568047469074345,0.26960714457050977,228.31667142528013
472.2739473884315,5619.542958865959,3937.4986290065654,0.8449480819668012,1.522106510275521,0.17600052424359386,351.8085127655568
441.4183796796457,2358.484656109621,796.2295109081667,0.6846902379263581,0.9570029031693715,0.4952128979035433,264.2662583502441
1262.5435565860437,6556.586215909648,2383.182982746677,0.6770628973659816,0.9364784128891113,0.4668356799774439,265.83207304233736
1447.986760974253,7266.462434823526,2339.6643522988047,0.6676814038903728,0.9116790981459504,0.5128808094243094,266.5708987104647
920.7353363752826,2698.0622308553047,1389.954846210807,0.49113741815324774,0.5403211710284813,0.3199857925406012,174.7085140546855
203.66867297628374,6198.09732997108,1144.0270607773043,0.9363710971782783,2.0193842860547293,0.6883662002340778,451.62033283735366
1648.646919805104,4424.277616577127,1494.7195703444163,0.45705008841892747,0.48466854885820426,0.49494161818674987,178.676945356909
464.22397257049454,4222.1391439772815,1207.090356154104,0.8018830545451168,1.3404880851006828,0.5553364040320782,347.02323238560695
1981.9201433372966,7938.685775956611,2764.5700999056753,0.6004437310057811,0.7509333322425984,0.4834151155104173,227.47701780000688
868.4238833400312,7355.39158715886,3670.946152189479,0.7888026824410859,1.2904832725811675,0.3341495174310689,324.71754145089426
828.600900299478,2753.579612474448,566.239851222168,0.5373762446569037,0.6228749080624112,0.6588731057555178,219.98681278943832
838.9185400965571,1717.032733385634,549.2390982954199,0.3435567031562343,0.32515310448810836,0.5152928339177593,129.50772730513467
217.3741146014762,1598.0749419143644,520.2612778564247,0.7605285433908908,1.1888984020850164,0.508801980294592,312.21217259338357
861.7769581767188,4831.623427753849,809.9153376852473,0.6972716127061912,0.992135683279961,0.7128743161339789,292.17480018560383
422.734431166286,1936.0009773227778,1549.5019237345898,0.641558413066893,0.8457012492144539,0.11088760056979192,219.7139388600275
1762.358079217219,5808.134263483563,3790.2391925661314,0.5344138796511344,0.6173634809292681,0.21023302332910926,183.15330887835356
966.8899607314041,1645.922220405394,1715.3843148493884,0.2598855992468111,0.22791634513537684,-0.02066520672684321,79.21960439120454
171.78940766133206,2603.0615358108653,3489.4562032207787,0.8761811631694632,1.672219570618115,-0.1454890580926416,344.5269250722056
874.992188511276,3596.2047177016507,3873.346066040214,0.6086094139134244,0.7689510506385144,-0.03710281331839699,191.02215767553608
136.74770491627885,2907.147290184981,1182.024977446189,0.9101495251370821,1.8575166818114188,0.4218756754203139,412.7527164938117
1927.2502879242295,3317.9485029424404,3528.7073531106453,0.26513737042238716,0.23361378561328247,-0.030782743366762257,83.00142693194498
875.512164966183,6723.049042447656,591.5159105197108,0.7695584357478796,1.2205638511778456,0.838263542741834,343.6605384902269
767.424414616894,3870.6086419283074,519.2858099423904,0.6690733310456078,0.9152688276267407,0.7634176329215332,276.79770792492417
921.4648466805642,3750.7625180885557,2092.932807021307,0.605556504406597,0.7621577342356729,0.28369543902468697,222.1211442610733
1464.4754167527374,5616.629896873507,979.2132610995068,0.5863709541989673,0.7206358350080551,0.703081702218046,229.7094240132966
1410.509627717939,7235.292410551697,2422.1640730066156,0.6737122543839568,0.9275515733478292,0.49838467770897876,269.0479790879883
1326.2440352042088,6154.028745464661,636.7440656455176,0.6454022267866226,0.85523243927854,0.8124678637429915,259.2353395165446
1877.3058842915423,6502.163180523236,508.1574190242047,0.5519272474075295,0.6507651390589481,0.8550259115155098,220.66932330297385
1471.4193534207793,7796.808609078967,1552.1197314281203,0.6824809748496601,0.9511105669065352,0.6679577219482864,267.6382789632985
1356.8673996590048,2503.0710079178307,822.8293430981179,0.2969486781737102,0.26918129511862793,0.5051990399535745,118.83658627048902
893.0965896858265,5602.170386304574,2557.3606356281025,0.7250008064796607,1.073978568451084,0.3731598963370464,282.79128278323765
906.1789922553783,6061.906238042887,2930.571800775104,0.7399058815511811,1.120812201390698,0.34821707914130884,279.6766009312413
1233.8186555587108,4128.103852386699,3940.764729970697,0.5397849730202908,0.6274456371294597,0.02321752058304708,173.45075698306556
692.3667635050391,7718.392100863796,979.0437823102162,0.8353616421329475,1.479338546805783,0.7748661109208751,369.0507087874148
1965.581201030702,7230.368200167701,687.2656648203952,0.5725115231580534,0.6918300936704125,0.826396199432082,235.5670854926284
1804.808558762323,5309.474595049374,3518.6742450987695,0.49262391726940113,0.5428767669202367,0.20285117323845464,161.60019430608872
141.12585101609,5387.354592194988,3285.5287557858205,0.9489458801780283,2.103502983522651,0.24234452970662437,440.2229898939305
1603.8031587541832,6038.554967500549,890.7727312325433,0.5802857880908291,0.7078671201745741,0.7428977902814858,232.278858916004
687.7601611836457,7268.162545312978,2182.6780644331757,0.8271073797548109,1.4436122412412955,0.5380986401460746,355.23429421336226
1605.6745455610624,2239.3842070167634,3112.495462799373,0.1648114377617857,0.1334189477834382,-0.163141047535821,33.69560646711567
1114.618493224304,6897.551888487547,3178.3986973002284,0.7217686493214481,1.064114072433366,0.3691118926351334,281.41548731980635
1313.987108236033,6759.232166730999,1464.6383661963614,0.674482492344136,0.9295936035330004,0.6438080194346362,273.51697935639856
170.31332875927143,4040.748081009723,2777.8327396157833,0.9191114483280972,1.910900006530515,0.18521674442701241,406.2291287249453
711.2183214082366,2442.8422850674265,459.3003101188484,0.5490141690857002,0.6450546450770211,0.6834750220596204,211.63915796912573
256.54192708500375,3933.320902402185,336.48580869376855,0.8775416103275276,1.6793323733662096,0.8423882710004007,414.30869359229547
1514.680247660131,2507.6236504939275,3231.941875422007,0.24685936909009412,0.21405722382999087,-0.12619739621951498,70.4044951516622
1390.3089311313825,6870.919164658742,904.25688967312,0.6634134984914453,0.900600121197104,0.7673989929647903,280.757713541475
652.19287697817,2174.7329775076514,3800.418766715175,0.5385850844212627,0.6251303770772793,-0.27207439384401744,145.63751854083853
1612.2067530519143,5824.275222066381,3018.234503387074,0.5664060617024567,0.6794309435130097,0.317335327354483,210.70326792157465
441.4056538137502,6447.001841883957,2008.1282992140646,0.8718410156410289,1.6505355348442883,0.5249917467939115,391.1286911000499
597.9186589677845,6888.039973731831,1088.235106190175,0.8402559541870487,1.500999889627309,0.7271320019308104,376.7861768267684
1215.4712940880315,6591.665700076106,3141.3320846604097,0.688625601077344,0.9679516287434448,0.35449855135815206,259.46760865886074
900.578042793515,6404.584754833822,386.5702571017048,0.7534406643305097,1.1652091633927184,0.8861547831361879,331.6358290374658
1211.5198582174792,1765.6003489908471,482.8619562644188,0.1861129050972455,0.15330281414719552,0.5704958402717383,81.74506600427472
793.9094132113088,3920.078715589481,967.1691634983974,0.6631686835643945,0.8999241848399026,0.6042070352359509,273.28055279924786
1436.324101558575,1866.4254995988042,1262.579846636418,0.13022525163859955,0.10254797722235315,0.19298326015835732,39.405872535008214
947.8436617992194,3130.0523068595003,1100.049921949189,0.5351310237673648,0.6186721379280653,0.47989440316720666,203.4703424045212
1649.0260277214772,7897.831391811193,2720.8075245400933,0.6545405560001609,0.8779870923406241,0.48754119125490103,258.93587198954714
1205.5174853608714,7563.219290538327,3561.085230459618,0.7250419264410474,1.0741303154011903,0.35976487807975965,272.8602060985654
1511.4127852532524,3597.045738159897,475.75012422886294,0.4082705072262945,0.4116427695905264,0.7663766411641283,167.14910771702182
259.76447314156064,7772.4019610921805,2658.7247439058115,0.9353189514345512,2.012603542772597,0.4902324898657359,439.97152335047105
1600.1608835007694,4100.861269577363,3540.4012560767096,0.4386407066121921,0.45623805665125355,0.07334651983826881,129.2762689983532
1109.7138860267291,1864.3493734086503,1608.087691554729,0.2537388822292397,0.22133622918354465,0.07379879807348651,73.00246203151605
957.6475249762623,7855.78740915759,804.0350899314387,0.7826846099110123,1.2677912840755676,0.8143067966062416,349.08572984644684
1894.8595274372067,3217.696314032737,2634.3695952434427,0.25874275555227,0.2267017537108906,0.09967876776045488,89.32945640938969
1650.8233568357664,5498.077081867524,2945.753488454605,0.5381602048428352,0.6243912982836709,0.3022708203171914,187.12378785667576
241.7296906742697,4763.9072367920035,2215.3926348878726,0.9034170098116423,1.8189742180061765,0.3651533317661511,397.0582892408588
1723.599717098703,5280.950039657311,1126.1401006634246,0.5078628099714213,0.5692289364476101,0.6484706547514608,200.16045623302338
1680.5351490253151,6218.728840029012,2228.009674273538,0.5745084221412994,0.6959164673670595,0.47245681377796644,223.50252669493182
1562.5712964745678,7501.960008661291,999.2402560937646,0.655233956571621,0.8797328256349114,0.7649178409267801,273.1511660287974
1166.0193700991333,6312.496355317,3191.395987684079,0.6881682373200236,0.9666842208713384,0.3284023276634631,258.36970039975665
336.8633348611944,1718.4673600195863,1616.0781091925146,0.6722052212460761,0.9233722727643556,0.03070560942764982,243.0609686624056
1805.2967638932628,2791.826190817421,1529.8188500152269,0.21459713747674766,0.181019798089503,0.2920201285821068,87.86166647398002
1952.9585369974136,1500.5470507759671,1141.919829672292,-0.1310006526968252,-0.08555890730480017,0.13571682718956993,5.0
1599.6743690237276,7190.484333780579,618.5712876720738,0.6360306057201441,0.8324845576829569,0.8415759041609198,263.6685121061499
1525.3809673364776,6558.19094186072,505.150888279202,0.6225972912018627,0.8008174622802599,0.8569654702106698,262.49332044042063
276.9666239544749,4465.81358092968,3213.298892803253,0.8832049505010352,1.7087254224877877,0.16310669914624315,377.31964417131235
162.80297415441686,7220.079691391982,3863.5104957898366,0.9558971794602354,2.15216056494128,0.30284133016584996,439.66396127097784
391.75445102200786,2338.63390635717,3860.5200922647296,0.7130412233704642,1.0377466872621084,-0.2454990126072659,230.32354628135099
900.8999380513,3626.455245660837,1342.3607429414812,0.6020193239560983,0.7543449290501134,0.45968587033591557,230.3973836922706
1944.8911243746054,2233.053770179732,3063.0298490451305,0.06897234238578742,0.051815137862253946,-0.15671506312624253,6.591162919374119
761.6488087519116,7426.483683374461,2910.003852422952,0.8139627540489147,1.3888108901739975,0.4369453177274245,333.58224345285777
821.6553627055753,3860.7552700277997,1784.7675083920385,0.6490460032334012,0.8641969832010552,0.367722856278883,247.28380273342376
517.1556239017356,3511.978820216793,3123.9120416414216,0.7432919494516784,1.1316742654595826,0.05847998205447021,281.39278406749867
667.6600853105828,6036.180194089756,3981.2397214730377,0.8008126512910562,1.3363648548697735,0.20513670084041113,310.34494718369376
1749.9099839162823,4599.160549431487,2481.3054653946942,0.4487665635625049,0.4717420835837099,0.29911238600721846,155.31973211463097
813.6552265729299,5009.947901654707,493.53452758662365,0.7205663885338142,1.0604326011501475,0.820646460003332,302.71704454403675
604.2613110551624,4679.129768045394,3203.945495428541,0.7712600478010944,1.2265280522989424,0.18713309503271586,291.8678165656966
401.60632376568594,5975.179326170559,988.6929100406106,0.8740411403959542,1.6616069799079711,0.7160508186070473,400.05435273118445
821.3576602247437,1594.6305708572422,2772.3981563886987,0.32006484980521954,0.29632870884491086,-0.2696954059206563,80.23006750080035
1571.1534605988927,6800.3456471706495,3829.492618212265,0.6246422676069965,0.8055685145616199,0.2794824299776761,230.1651899111401
1363.8900341352205,2566.8254772717846,2354.995795363419,0.3060347255708508,0.27972209681906035,0.04303888136756958,81.59647092795232
1998.732043911543,3351.8516381256995,2270.350369783787,0.25289195990035657,0.22044608787116043,0.19236257726564446,77.74966394519008
533.9607343860935,6544.648503907898,3134.246598842219,0.8491339988307223,1.5412948002279816,0.3523544648959268,349.1388846014107
1054.7713492625112,2370.519082894836,2133.522604503147,0.3841273489966518,0.3780820331661694,0.052618624512772945,127.3792447111507
715.9601332282615,3463.239364835991,3165.325913760975,0.6573697264806002,0.8850770533098906,0.044943881293891444,233.670568004723
1992.9471126361298,6644.309991261423,726.6973808594421,0.5385231471213063,0.6250826092697482,0.8028227772476748,219.0327690520622
1521.958439468969,1678.7158320243543,1254.2390095360006,0.0489763653560634,0.03624794864952096,0.1447266818870631,22.52019378885892
530.149692325735,7309.417982885982,3614.2308697220906,0.8647502733002956,1.6154475287315857,0.3382740659906305,361.6978974854882
863.8602477685822,3740.5575253448155,2316.150343913091,0.6247689542311687,0.8058229266720796,0.23517845204759236,219.2588323910608
648.2330227495268,3956.5631689563934,3728.9664578365705,0.7184531101392329,1.054016331107563,0.029613666480026477,259.1568580435569
1131.365290649501,4750.360328491952,2615.486292700764,0.6152947742835062,0.7840414894659844,0.2898341691447906,214.49026696006527
1837.0878125060892,7053.541683616702,1278.115264963039,0.5867361667471099,0.7214186656129002,0.6931906166569884,237.35330405503223
310.1667955302679,4351.41575679535,3551.761824353439,0.8669263957112624,1.626017240984836,0.1011813190492037,364.840894728009
186.8198617377899,3716.881378154241,3255.930348201091,0.904285778695964,1.8238308651984387,0.06610690894532163,380.84623288846205
984.8916990970437,4112.398114031412,1686.5602792878826,0.6135626046346582,0.7801020036207409,0.41832302799756227,221.15103649198898
1979.3330744004172,6351.715094403275,1289.4629887690146,0.5248297610198412,0.5996558685031568,0.6624962865503763,203.1281014456295
1519.6100380770029,2057.139901989235,2194.3990854490526,0.15028444055890394,0.12024415648943074,-0.032284587730015545,38.14915935075729
1215.7003128658455,6551.163789432514,461.3612104726243,0.6869520833126015,0.9633328349521646,0.8684179490517112,282.9557134759287
428.66709442861344,7091.552502190206,1597.51011160442,0.8859961230216348,1.7235365105677767,0.6322940268874611,406.7864066916606
617.6694022590317,4034.951326224326,1133.331998851922,0.734485384185777,1.1034926903683586,0.5614280689165135,302.9507331160479
1755.2972766805897,3102.756519348214,2751.555136182831,0.2773660603535789,0.2470491130047366,0.05999020957034022,90.44340914129432
330.4279632813782,1954.9574468122958,2557.4286812335736,0.7108339257112423,1.0311787979674405,-0.13351500008902573,246.8608168788535
1493.47247821805,5843.8558403420575,1590.2871787161207,0.592911094154885,0.734579603113083,0.5721666438417067,221.8686528213253
1492.9238059333945,4238.623536064968,3604.799475188968,0.47905034466577506,0.5201305440891204,0.08080962353882537,158.92224296004125
374.2398574525708,7662.693047642516,2808.947521477117,0.9068699807936053,1.838822272401134,0.4635133810852284,411.273025698455
1600.3536081460484,7176.576543245463,424.6442698943738,0.6353272543225176,0.8307990512185599,0.8882694554526167,260.7792273259448
642.2621053230972,7304.257828666186,1353.453656812276,0.8383538678371255,1.4925389687706647,0.6873414736847981,372.9095540791317
1565.7353734158105,1582.0085046995262,1495.8377718102993,0.005169776166251864,0.0037060461791171622,0.027997087937395145,5.0
1644.1990800974222,5604.966272127947,2960.829952726838,0.5463756169209552,0.6400242450030945,0.30868540993540267,201.8724323353725
1575.9431456591792,6309.619983225355,559.2178627652506,0.6002966128857166,0.7506014704621184,0.8371724953413316,246.89124273786865
627.36774696246,6963.029664681969,1920.7693693918682,0.8346943609520728,1.4763987833666445,0.5675792839733225,351.5961229976289
685.4281575691671,6705.462616641695,1880.1866694609691,0.8145208259962109,1.3910751679903868,0.5620164283240919,341.35472342431797
231.76887524984727,4204.5335948756365,733.3376047905126,0.8955125908306032,1.7747768369406773,0.7029741864503954,407.65223809419314
1342.739836860494,6255.074332313983,2815.085830817435,0.646545754532541,0.8580488929745056,0.37926436129542923,232.5260255040393
561.6128946481358,6806.528309565238,1512.7220968508311,0.8475564244749372,1.534044710512164,0.6363321156910151,370.1753120237011
1125.8463243127653,4293.252858725044,3327.0884013638683,0.5844894929662869,0.7166512140927962,0.12678755770356598,197.6838827849341
1573.5489257552308,7575.4713705491195,576.7417424176092,0.6560180489010702,0.8817142661238011,0.858506706128791,278.3620353324948
226.76349165774087,5340.922809789305,2901.104577128292,0.9185430069729049,1.9075555573926275,0.2960216118958383,409.6267865859355
1530.3893384940338,6721.796450558779,513.5953501799759,0.6290947930816668,0.8159955784863173,0.8580324701817661,260.0038104328343
1004.6702590929165,4454.010727759816,832.6603394898212,0.6318999912877777,0.8226008410002744,0.6849963505425706,261.2982389925156
445.04402602493593,6565.753027351998,457.5089708148057,0.8730403909646509,1.656570752152372,0.869716103038992,406.3064633883864
1558.3828194187604,6168.063809458334,1568.4609096712713,0.5966107333498658,0.7425694059558613,0.5945308864352737,235.52612565214278
259.11646328588193,6055.377423242415,1236.3911721447018,0.917929617669704,1.903890069351846,0.6608803046061275,441.63125601476
820.8552548711352,7101.153774627772,3347.591864117135,0.792765887488659,1.3054272766240702,0.3592356479837014,326.70139395713375
1043.777510902125,5356.377638362361,2449.389514605213,0.6738274348367973,0.9278365487544984,0.37241542905613856,264.33111803449674
1951.8421917395365,2992.791130004732,2396.3236641188837,0.21052095682748614,0.17697381189709377,0.11068004460130759,71.77921687344923
1403.6828373832811,2155.763113968741,879.0479807691123,0.21129138822532137,0.1777318791333794,0.4206901493778878,91.75215193876492
202.97046009414345,1821.2789324256091,2642.479032790537,0.7994610138020398,1.330801265680341,-0.1839705706671739,293.592602954805
1970.2876918472364,1557.870262692496,2231.1509078327917,-0.11689313073616324,-0.07705512826209646,-0.1776925001633769,5.0
218.9958456903575,3324.115580562894,3165.5176234111173,0.8763821851574503,1.6733450400043783,0.024438662732158525,367.52878458494865
178.95157867031617,6563.529167350729,2029.898314625101,0.9469181786690662,2.089676000619436,0.5275695712458226,460.68857245706977
1256.3364227007655,5321.088925575652,3837.0045189221155,0.6179853494379909,0.7901863407742078,0.1620516776210807,223.30373347785908
1579.3848421356329,3436.578012551754,1195.1130522800688,0.3702565636646071,0.35953411258276896,0.4839409469269368,144.3380372499691
580.6344228770447,1976.630080903014,1579.7004478583972,0.5458941206185608,0.6390240131061619,0.11161213214657138,191.16520228886256
116.41972562093574,4881.360963048611,2155.7764425587457,0.9534114306529792,2.134493942157951,0.3873143812611561,441.50992101091305
776.3472429055781,4948.116244366803,3031.444064996529,0.7287615704088012,1.0855840231674079,0.24019771827290093,270.62338899050445
1224.5056102640501,5657.644346449553,3432.0954001075906,0.6441502674926145,0.8521544846502946,0.24484187756201445,230.4569928387497
1125.2219592732308,3025.3431783718743,3274.7586061684733,0.45779819268633665,0.4858315580959709,-0.039589110825009814,139.84800685427433
293.24524600456743,4535.763776935719,1870.9023694623716,0.8785484785591512,1.6845457485624225,0.4159513460141223,391.9821008637812
104.99751533163369,1749.9643598494274,3866.4151331951075,0.8867928045531595,1.7272173116139597,-0.37683542851581,346.13238377087913
1811.2347955780947,3352.5266240202945,3891.281063649622,0.2984823857845065,0.27095472016460354,-0.0743744813203692,80.78324152891955
1746.7751040656315,2021.7102905685497,3940.8122655312654,0.07295641554599966,0.05497225673416993,-0.32186074879961063,5.0
1978.1470899970261,2519.7766686985906,3894.5316825790187,0.12041768772403949,0.09410048751794264,-0.21432630587400378,19.545335374559894
579.8361857517878,3269.5354616948844,2556.9578473048937,0.6987372281989102,0.9962509535169671,0.12229956793514586,257.8833857048908
1000.3427194662661,3120.8216953351603,1301.9695859832468,0.5145339428192972,0.5810245854474166,0.4112452958436871,189.02650047516855
1249.658366182872,3500.6000801027994,595.5186179976674,0.47385668356763416,0.5115985783949959,0.709227850927051,185.62418991836597
700.09319640842,5944.0900926806535,3178.7389778765337,0.7892613233735656,1.2921787349760125,0.30312429325523893,316.95032172618033
1470.853460141523,7419.556159543501,2139.4285912960954,0.6691145800033023,0.9154285673277757,0.5523732598518124,269.36715544986464
617.2405360398174,6348.308320582317,3553.968628676389,0.8227733236371189,1.4252485410463849,0.2821916318784563,327.88452887095053
933.6641403249846,2929.466448143342,2004.14796369773,0.516628227184273,0.5847681516024645,0.18755387166804507,170.43290783793614
1879.7921813021842,2741.5581057854974,1599.5649866733663,0.18647491983125836,0.15365287749920822,0.26306398010986337,74.74566634398215
1891.256823941242,3528.483719493062,2363.5998459019074,0.30208584380171816,0.2751267361289371,0.1977032166065969,107.02244140536058
1903.0549282261509,7424.8545946444265,2968.5814050163585,0.5919653972079939,0.7325601918292055,0.428758419193109,218.87704538854877
1123.0834510890695,4599.309762324265,1883.49366814316,0.6074777074877371,0.7664442228711796,0.4189261826139254,230.48939832642992
885.3606452589273,7852.789061045535,442.19109695876875,0.7973574096541675,1.3230011628203433,0.8933834466189132,354.7490439070214
208.8385397191722,5660.277228334977,3477.4512268567255,0.9288347517967503,1.971071552169639,0.23888059400574263,419.06356320552493
775.5601716233427,5454.69829405132,3505.768530940278,0.7510343507346365,1.1571645720328703,0.21750315033339415,294.09834486626386
1553.0780261520224,4660.485977932515,2943.369646559437,0.5001007391631779,0.5556899403617076,0.22582179567119073,163.88081415103875
337.87606868871313,2595.739678784791,1762.564944087656,0.7696521302324439,1.22073179004801,0.19116945844800576,303.98382588780055
1666.3700016866744,7496.483102349264,2034.6201007959728,0.636277045351555,0.8330778510563872,0.5730567474264506,241.14844896075542
921.5073304566955,6185.40871335115,1038.211128625964,0.7406730781265023,1.1232816860441661,0.712551005813152,315.69030642326913
139.52754137220347,7823.702024757795,418.6356672046561,0.9649570464606132,2.217816967522114,0.8984182198547629,502.6178408073839
501.6006606198344,2677.418326952385,1485.3154074010922,0.6844305347511521,0.956315550090665,0.2863750110719166,247.30911041574964
1148.5953856395179,2543.5513047618033,542.4905794544773,0.3778170359187008,0.36957864677948404,0.6484230609096495,149.10232573647255
1180.1093102559437,7702.791833254688,3916.8601946205627,0.734296421505216,1.102963508961036,0.3258214298694961,289.2305657683379
734.6578194926822,3729.091234815375,497.1068499394495,0.6708337270353198,0.919887987583,0.7647498577432802,267.02537765130376
1049.324137099385,6943.372518223626,2208.2042749189195,0.7374292600559872,1.1128978689492723,0.5174155612544763,289.52440166936015
651.881311547585,5768.002890384654,752.8053708861589,0.7969180466682428,1.3212727039542433,0.7691067299917813,343.0657171894741
740.0732169919703,2992.885154673797,798.8229197767032,0.6034923813182135,0.7575711656201916,0.5786474568289156,225.59378819197153
218.6596707005327,5914.842306084939,2245.3530750890404,0.9286998937988503,1.9702338108022033,0.4496815405930023,433.40198977799633
370.9866164162798,5065.463108980413,3024.6481579929437,0.863518790538997,1.6093767347725174,0.25226043046731933,363.3746797918569
379.4714675304307,4430.107890694117,1558.9645659044438,0.8422018061506263,1.5096432058063285,0.4793969926256187,363.74397271480933
1168.0813522748456,3023.6668800763377,840.4526375532757,0.4426758060128063,0.4623634163336329,0.5649965618292588,178.37853061018686
795.7863082610232,5111.705788507848,3250.030862464317,0.7305840462955256,1.09126493367476,0.22264213805447272,281.2384663479122
346.7292469948303,4075.4126852552117,2527.8757705561034,0.8431849304122164,1.514053812225551,0.23435852073110916,338.26914280873615
1304.4446443097104,4188.931893714809,3984.373641623215,0.5250845684642088,0.6001047107995672,0.02502760372558452,170.50969676524664
1124.0832063604023,3637.5067313434433,3541.211352356648,0.5278538381797784,0.6051772319992845,0.013414007605623666,166.61176044608823
1284.7666827784587,7341.2378185127045,2255.495391095219,0.7021177805002976,1.0060023185859321,0.5299451715293979,277.4670137970058
852.6040139982605,6019.237668069868,1184.03674183255,0.751855745862413,1.1599088083856883,0.6712504134118595,306.70088452243937
332.9798275050383,7882.266204804254,3398.696569568002,0.9189361276205367,1.910023141939547,0.39744565464079373,424.24956916832923
1592.7063300696925,3615.485592544469,995.5971341954896,0.38838416328388553,0.38389541298554736,0.5681720786720892,155.81369648232075
1350.3414233604935,4050.2948456732715,3839.218495660483,0.49993246856743007,0.5553931409235424,0.026754039299254333,167.62623082546617
1579.8172035312132,7953.780372066213,1731.2595690461928,0.6685790036052569,0.9140298913939225,0.6424878823641511,260.06026549126955
1967.0110112992527,3530.5761749874855,3501.5583727094295,0.28440934366698234,0.25492396700858,0.004126457205434607,80.52705366798541
752.6872788737694,3928.145044533749,3637.9911310095063,0.6783959658418048,0.9400108722934976,0.03834902078868023,236.53007083528914
554.5859925221289,4130.808812533297,1168.1219069881995,0.7632703257768674,1.198574579938193,0.5591103303297241,321.31212393019
657.7154724679082,6760.668774039561,967.7725612665278,0.8226795887018398,1.4248634624654752,0.7495555650477156,362.7020495334391
1867.7082217628742,2213.112727391823,2271.261888128716,0.08464093618610119,0.06434336572608447,-0.012967061342883836,18.24690055991676
478.67546549093464,7905.183741370345,3897.282821669848,0.8858102327047439,1.7225703509648247,0.33958163727502405,380.42082737918435
1478.8369288095464,4172.94755974738,2085.209859818814,0.4766831849154672,0.5162330430071289,0.33360261809132985,174.13106670837803
1870.2023633785843,5602.333613580288,476.9326335393117,0.499446407646623,0.5545663538674037,0.8430953294118896,213.28751216503915
1208.9755580254744,6422.45636039626,2036.1280252165723,0.6831589218666362,0.9529433992256642,0.518565298245627,263.8218587457403
1129.3647945198677,7076.531825955499,1037.8715907936694,0.7247431092260541,1.0732075530685494,0.7441902903118016,307.13962450588355
1483.172817351691,5336.259860665511,3015.4091228788457,0.5650157754573091,0.6766308519304282,0.27789065180644057,191.09610678151756
145.66392246082336,3295.619588725659,2043.1456530894989,0.9153432593129921,1.8881895333812477,0.2345999268879117,406.31134183629905
880.8004081425815,3074.440046769546,493.21568598818754,0.5546159994768469,0.655973687298816,0.7235071300062385,219.85100172985764
1752.2009960604034,7890.776309063563,1232.7874803732245,0.6365850626968429,0.8338197801287752,0.7297574699558921,263.81311769417056
1276.0229224132354,5598.217450678749,3578.7707871716957,0.6287523119725691,0.8151789471321241,0.22005549216656933,229.82234476758788
1032.21354380995,3475.674336052459,1869.5311924266016,0.5420411635825885,0.6317145842214082,0.30048295332478836,200.2550673748745
1446.1416600062666,5307.195404542943,2062.9727018392023,0.5717253125470465,0.6902111583984272,0.440182999279792,205.04652943354228
575.566933889396,3337.957720405088,3664.3188585181088,0.705857514600947,1.0167272720909561,-0.046607861655844574,237.70359078570465
454.27662229420326,1682.2178293261334,1543.3830784021218,0.5747457970349058,0.6962890154353368,0.04304151531838123,190.79473157530106
1638.972468522924,4250.627486785277,3130.103261987484,0.44343504442353093,0.46353732717872764,0.15181751818169115,145.73537915328606
859.1545395617213,3950.093626085067,1217.7242914558433,0.6427073379077627,0.8485976292147572,0.5287278649710409,251.86557348498516
1001.9977495345798,1674.5041915642241,1327.9305557608984,0.2512631997204127,0.2187015468558234,0.11543086356719601,81.73768532908706
1763.9350051867261,3250.783892004387,706.7967677629449,0.29649695566265744,0.26866760987782806,0.642813714313075,131.2818084710321
1052.8887830677513,1642.7836946118211,3323.352949767821,0.21883033499419016,0.1852425220354116,-0.3384057618953267,45.70893555601721
1217.2216726235974,5238.556248773964,2127.219240657627,0.6229047257339537,0.8015169883814516,0.42240454004579375,239.8377594490141
1696.017217946467,2503.457482665918,904.1798681860106,0.19227172970215414,0.1591885954551504,0.4693215413931174,90.07390410543735
824.5976200720191,5155.809208542544,1846.51419733195,0.7242336034770517,1.0716157718782955,0.47259956716105267,282.4490190183238
1194.0267793672813,4896.56765249421,2969.3255076405935,0.6079112497049646,0.7674150777210031,0.24501249958187526,211.02555531921246
1632.5395761379966,3781.3732316590044,1160.3260586799302,0.3969095423977635,0.39565754697604727,0.5303939026749058,159.98326081598913
1778.8911791096489,7445.624483875587,3176.6565990806303,0.6143122859978709,0.7818352924093344,0.40188805502828967,238.04106326986354
1579.9632580605532,2652.737055812023,338.46991376442503,0.2534490320474685,0.2210352185495651,0.7736900738773036,108.97102996124181
1689.169591588448,4790.524703945832,1694.6074385946158,0.4786267639225156,0.5194362933644348,0.4773869208563347,169.2073420500797
102.0271260628781,3912.7692317028664,1158.229478942375,0.9491744450051041,2.1049488346688983,0.5431947254166832,447.6112924785264
673.5583825647373,4306.849141749712,533.5648160794417,0.7295167595658908,1.0879159093456634,0.77953752670009,313.27006778471286
1830.979613903087,6399.968390588903,2026.8447410217905,0.5550987290452107,0.6569605489744708,0.5189534383578154,209.3287837935619
490.18242395122127,5971.52015221877,3049.316930381066,0.8482807221170786,1.5373498617717773,0.32393925250577477,355.52325148963115
1778.7701514386097,3236.744582900213,555.397422467549,0.2906928816675304,0.262030216306891,0.7070798392913947,120.84551631346166
1232.318568474755,7722.171712058054,933.5379187873825,0.7247596389676779,1.073264777804484,0.7842954629964065,311.8549779146068
1118.7399868928592,5933.218801328179,544.3877441852214,0.6827151091402123,0.9517294093259592,0.8319170079947998,291.35140109024576
1523.5007257722757,3864.217349503517,482.15566702222793,0.4344541771846456,0.4499224826735574,0.7781342440798125,172.47941383014432
1494.5084483456087,7089.431167207387,1019.323216259739,0.6517896174470645,0.8710772287631201,0.7485869793485613,264.52589953303107
1259.482811427232,3333.924725184391,3933.6536444257013,0.4516128596845078,0.47614668857318304,-0.08252114922717578,126.3698223751863
1412.3164020751235,4185.700395793128,3953.4339209874443,0.49542259220777934,0.5476407624401093,0.028536999850006146,147.10343750673798
543.2889393297205,6205.901448777909,461.66065153218324,0.8390061893330132,1.4954132220028429,0.8615204043044541,384.09041355865935
1058.2170875548345,6246.837502931914,3441.3257805727303,0.7102781163913348,1.029721905872429,0.2895813829692931,263.4110359747253
1064.9234730990638,7237.779343888271,3717.6312538896304,0.7434754689058682,1.1323581681628618,0.32131594322820906,292.1225756460287
211.9867355477154,5730.287019372913,3416.9140629636067,0.9286513059629738,1.969918903904946,0.2529050072621213,426.05542172727917
1889.1633449199044,6739.141727701924,2495.9873878066064,0.5621009388749146,0.6708085341266685,0.4594580418275192,206.42901861730004
1078.8938532325024,6610.1796886523425,1014.014528774782,0.7193696099497273,1.056835901063724,0.7340008661311428,293.60413711069924
1556.7355074038019,6513.683482858637,3904.378134783355,0.6142119734826098,0.7816016709399318,0.25045977299713923,228.40054361458695
1191.8443364307066,6977.2992980669405,2992.9952010508264,0.7082082553300332,1.0236579690557983,0.39961749344204955,275.20125459441954
768.5543076713213,7780.51691347,3195.2230654411915,0.8202016831534085,1.4145185938925675,0.41776626053653193,340.07464486116015
891.568321086383,4584.663920682804,885.4463273152336,0.6743862268574862,0.9293075362084087,0.6762601529000549,264.9277773701669
1707.9207649044122,7645.921757889043,3230.581840063311,0.6348194314668099,0.8295871352671713,0.40595214056206674,239.18195368455818
1222.3016044324468,3110.8045145590195,1351.2214330767854,0.43583121618315956,0.4519846522681315,0.3943462233831695,162.10304713111253
710.3965304277948,3250.04566964755,861.625467874662,0.6412539333436519,0.8450371132917109,0.5808879458757775,249.29127407385693
1510.8180079893111,3525.872763836909,2201.280675369809,0.40007513796938887,0.4000734260644864,0.23128280083574806,139.5037875106295
237.49096265280653,3852.3999770583378,3931.1019042272414,0.8838644029410173,1.7121410682352336,-0.010111377675390673,361.4035833062402
1750.796470051527,3113.047535807914,1543.90043472192,0.28007704684509105,0.250067632506474,0.33694752672328443,99.31095920526666
573.208241214934,7088.5725024763415,733.9197888093863,0.8503720581897098,1.5470306868961357,0.8123565324485772,389.37192065832784
1791.9760762053684,1534.2628783654607,2204.1333647431643,-0.07747885863951122,-0.05243564231798275,-0.17918659302992804,5.0
451.4587914340037,2083.741917900189,2902.6624824379196,0.6438476921422984,0.85130121134388,-0.16423067577871783,212.1427226617337
363.7219308171321,7737.834198505643,3415.685878511545,0.9102093658387969,1.8581768586158833,0.3875142815686279,416.3559363496146
857.6628189802221,7421.88283761818,1585.0516323237473,0.792823699524353,1.3056514569380133,0.6480374897946858,331.22964872505753
1282.3647534650895,1576.2508943417636,1771.9799167175333,0.10280715457474603,0.0792450146406097,-0.05845744614463677,17.420154538425773
248.74916526239446,5362.626933859173,2414.576275515685,0.9113411179988431,1.864712232445242,0.3790630871533306,407.1041858333435
615.7007588559974,5450.327147223423,3242.7631706474626,0.7970003538435959,1.3215815511790943,0.2539446727918838,310.36895812923825
1765.4281134733637,4867.393539430447,1536.4474016272063,0.46766905365703476,0.5015802674121641,0.5201481685666222,170.74309541143776
559.019847535179,6414.256055867497,2582.05274996097,0.8396679392300442,1.4983650754980327,0.42597507357659514,348.32827399595124
1487.0064022707609,2469.4136522804856,432.59416702926075,0.24830711507270586,0.2155829237477857,0.7018656086990919,114.81120850977162
1452.0351888474718,6385.723283909209,2286.716118314011,0.6294769239931673,0.8168934241989967,0.47264754182909025,232.05935919193897
761.2291165786895,4025.58967748979,1337.591430094152,0.6819478030532804,0.9496084745423079,0.5011947560550232,262.05172888208136
567.37743482622,6939.227997992493,2367.908131848681,0.8488324875129112,1.5399137505510487,0.491162888549118,367.4073473947142
560.8580557620669,7723.666242555338,2791.9565280516535,0.8646010233060023,1.6147267695454195,0.46898883895109744,386.30049238340564
1555.5360445299868,6793.596423150558,1402.0859072960989,0.6273778022171407,0.8119607536366478,0.6578476687862034,249.87823338679536
1214.6992665061746,4216.083466301316,1951.5335521506126,0.5526614388587201,0.6521754454521074,0.36716772572106576,203.1803888768729
496.6887550197713,3201.7381738026515,2139.89348797196,0.7314053975138997,1.0937675831823932,0.19878657924517693,273.1154285140079
1765.583686804663,2125.917783416917,3863.281156235121,0.09259513308089315,0.07081804282498717,-0.29008276232498287,6.966347318137203
1091.3894647966063,2579.627880676905,3956.3510197299697,0.40540217477042023,0.40755947409337917,-0.21063763513017517,103.07445850880983
1834.6045903929323,3376.0625606277426,1029.5291070992307,0.2958273720548508,0.2678990578175373,0.5326261782691629,123.85054866834383
409.0422057334326,7192.086304001726,976.4823789676241,0.8923732954506063,1.7577499141777955,0.7609171405061572,426.2173792491903
1364.0550426025372,2910.052571495914,3575.3758180401264,0.3617123545116366,0.3483425387350745,-0.10258740155316423,101.32218835175065
1927.384300330611,7899.361890755824,1340.8532194682743,0.6077268582793457,0.7670279406635873,0.7097787867861346,253.72793523045388
1781.4011143915948,7699.205622000336,1924.543619516811,0.6242010318040785,0.8045474569227804,0.6000428582419224,254.47360550127837
1213.4174305637382,5656.732280351721,2228.6451636762504,0.6467566262903385,0.8585626651809461,0.43473976237332923,252.3550575209633
731.6961394493,4614.391568039774,357.62206826342344,0.7262685612929856,1.077859623649286,0.8561459823519724,316.17591352761394
1268.5073008416641,4989.253712818141,3627.608506190483,0.5945810974979764,0.7381673210041685,0.1580210025252435,203.9984277279974
1586.6572857672195,5364.2704844354375,2093.112257591548,0.5434689185404398,0.6344573124974187,0.4386469542417655,203.38971497884785
1021.9964935367401,4326.1143836245665,2903.0419899631265,0.6178102820530509,0.7897715846747684,0.19685179292343127,223.14338279950002
670.1725099476181,2838.0322338123087,2802.2210605116074,0.6179399098934408,0.7900285926930307,0.006349213665703761,215.20017247731067
996.229963127258,2963.4534163675535,532.7902655284126,0.4968133217243411,0.550005633719343,0.695221320736375,189.3156028790868
1492.901434369955,4705.864802405593,1319.441233100908,0.5183230411974081,0.5878401419440848,0.5620334550289744,188.14123463365266
1852.4645368535307,6793.64481973999,3595.3665407682656,0.5714917633498153,0.6897455306808356,0.3078520340079217,194.30444157320483
185.16793760547307,5155.4802648996065,2200.934721851276,0.930657129603127,1.9825775550369227,0.4016284491791075,428.57163994856955
863.5141098612812,4629.129613391795,724.9015129388561,0.6855743231448322,0.9595182102133841,0.7292128132246145,290.79481617146786
179.80355519267258,7731.00752129669,2161.983431946491,0.9545423208994807,2.142591830052953,0.5629262287924767,455.5473657280537
1289.6110183824594,7683.216415828244,3426.7060496086287,0.7125519178443497,1.0364502171858248,0.38312691911924246,266.5170373650651
312.85559042498346,5843.694106682755,3267.453681238326,0.89836658314603,1.7906507265826472,0.2827569572054434,391.71564239393
1622.486031227976,5899.688071240171,3338.937285657643,0.5686124757522114,0.6838881902593281,0.2771787670114171,197.3278795441173
247.3973033066163,1627.0290416583787,993.0486159562204,0.7360287809236368,1.1081689670885384,0.24197008955733929,288.79675219554434
1301.5484690524245,1739.8181749401956,3675.2501185131086,0.14410288434291507,0.11472898015637521,-0.35741598043285816,11.133657802402471
1229.7427368309675,4494.178663018524,1549.339743241743,0.5703145968606556,0.6873286704307744,0.487272267796695,216.0349870131434
1698.0521732781458,2827.7244720189756,447.31445891027715,0.24960849529883447,0.21696032943872787,0.7268341117723605,107.0781460526464
853.0351031308311,5405.222718480298,2796.9030238123332,0.7273889546228635,1.0813379375094052,0.31800532889915073,274.4786347777597
1943.3521663333106,6278.272106833557,2254.782570837624,0.5272583367888728,0.6041065392107957,0.471518077348415,196.8887486182128
406.3151619677554,1998.2720402460304,2312.2410459590055,0.6620499668926909,0.8969452293921137,-0.07283796600570226,224.53852981132616
1590.1219797126635,5084.55679012572,469.3671762006403,0.5235360277831217,0.5972866544679843,0.8309781770647492,218.1079368283585
1462.5880179372734,4776.206722500288,3343.2224459872077,0.5311312267663226,0.6112453955045607,0.17648830313073985,184.86613708540762
1892.2751630836876,6897.578080017148,2611.50887489617,0.5694410108943158,0.6855741976617948,0.45073404260496797,221.60014113398645
220.18744476333376,7249.9622980203685,425.3708924077776,0.9410487198207604,2.0501935178234065,0.8891589766075996,471.5111950618377
1785.492133938444,2863.6867298508714,3711.7591983676643,0.2319107582799543,0.19852393953560055,-0.12897565847942158,64.77187796522949
1939.3809119351095,4972.216572907146,1820.1879780176616,0.4388038607839228,0.45649105747469804,0.46405195255872583,152.87250783145407
1748.2141637502793,2276.5194853807416,365.5219614803291,0.13126466682168245,0.10345292805249845,0.7233033855118008,81.83650643353256
1122.5490533741581,6370.026235807265,3816.504720196868,0.7003569506081061,1.000944002550345,0.2506762632331301,260.21356771158605
1059.8657523945385,1628.5789342589596,1706.1963115985395,0.2115398484767785,0.17797262168018463,-0.02327514497797777,61.67953138309128
546.0675287588617,7456.937751409995,2169.951262943481,0.8635343823791385,1.6095233475407758,0.5491895128358232,390.6076327971775
411.4711652488619,4859.844007686134,1844.1548884179535,0.8438829202308151,1.5172484695886592,0.4498343698372118,365.4009932239017
721.0197882285073,5168.508860325446,2823.8664832961294,0.7551519547211595,1.1709307863239122,0.29335989313954464,298.0970844346692
540.6795218289947,3226.320947199575,2823.3827693771846,0.7129389674194048,1.0375043355888576,0.06660461348738406,248.37346394806528
1502.1657996186357,3113.2761037449404,3426.0933018775427,0.34906956636224,0.3321254875102969,-0.047835988255352145,100.35894397996204
185.46712083821922,1815.9040316830897,3570.3071655089484,0.8146599434973374,1.3912970189843155,-0.3257211923689049,285.3847093786461
1949.3824935373755,5642.493299188767,2901.8776259113415,0.4864556410028921,0.5324619237252763,0.3207510180656822,174.2110238452196
974.3494839362454,5382.310203637747,2845.6535275408455,0.6934397837318158,0.9813431549857956,0.3082970171801241,258.6397390843678
777.5589079281575,2106.9472159213815,2890.717245560175,0.4608720697594522,0.4906722638044615,-0.15682726111820994,124.31287031808968
900.1415302251928,3774.416270148517,3326.556367106821,0.6148762860689544,0.7830731235694534,0.06307021951175015,209.33202769207085
261.2355359894589,6855.011829400349,3205.0626228791734,0.9265805352064402,1.9569760097351852,0.3628153274085675,420.6020797293541
1290.081500310996,7824.5086979131365,2411.655517327315,0.7169194724913003,1.0494713097790813,0.528797024572732,280.90769257341657
1747.7849576678439,6685.834544125451,576.5029627530972,0.5855196081376541,0.7188454379354421,0.8412348744112544,247.44354217879425
1685.8208094768509,4865.816192511529,2439.3448304865556,0.48537417161301766,0.5306451654308633,0.3321585046590767,173.4234024274301
1743.4192682045039,7567.470807701091,3589.87642234134,0.6255096442328709,0.8075955304437081,0.35650000873802007,240.8717858413778
1418.627952861623,2920.1009330993184,3612.391873167062,0.3460628721813039,0.32832376242736777,-0.10597653307749191,101.19787188412569
899.3153019990351,6215.523021385503,1361.012307460206,0.7472000735654581,1.1445095175434803,0.6407296346658962,310.39732117704443
462.5347563682378,5379.9914022390085,2247.085927866825,0.841666175132939,1.5072756558737586,0.4107609426739548,349.8253237263632
357.5382736040123,4340.135521835703,1928.6483783817293,0.8477807146273186,1.534988066454851,0.38468181093076914,353.39208664526456
846.3497044224193,3566.194365660048,3000.847671681929,0.6163892342882383,0.7865102980127158,0.08608848408116106,212.467883616638
1938.07947279288,5354.354708618745,2414.8165248308796,0.4684684359668906,0.5028716910401722,0.37835929922017025,162.52932896178314
1027.6442479226157,3010.9878652187563,3922.8426812877024,0.4910929149380586,0.5402525898664803,-0.13150809063207738,151.87729917474596
476.4802441583446,2426.880734977639,3362.776215198634,0.6717733358557241,0.9223038681624289,-0.1616495568067899,215.39138200697676
1926.0447434416983,6998.593795200134,418.4457269525721,0.5683758540166053,0.683415971435005,0.8871663751699393,227.8541900880122
1223.3537109919473,1965.873808060299,374.3956616563044,0.23282129995422457,0.19945213556651697,0.6800405535849149,107.99326772068957
900.6643109074398,6934.704699344725,2452.9465821307426,0.7701028987622611,1.222486162994859,0.4774099487036089,305.8546594622854
360.10235437447983,6678.341256293789,2031.1884981788073,0.8976755729697101,1.7868412872304003,0.5335710295030525,415.48860244533415
1069.729714508982,7755.538531375919,3159.08967825989,0.757575705330754,1.1791619137006584,0.42112738651390785,308.7256845500251
954.1390450745553,6451.825001912247,3036.282680513107,0.7423322502263769,1.1286417680687095,0.3599814036012369,292.9476039948854
347.5996842344784,6541.47943390227,3578.186039807509,0.8990867491218375,1.7946870903305947,0.2928252323656721,396.53562468715694
925.4862203911653,6391.550968198668,1977.9192033712764,0.7470325223417253,1.1439620061052076,0.527349004635037,302.40602491260717
1814.065686572069,6350.897127170802,2369.232813042607,0.5556463077096825,0.6580347500064454,0.45660607593814645,199.05655883569426
562.696954205604,5269.135648455967,1950.3612352566668,0.8070256837096766,1.360821749549662,0.4596960794078106,340.64338898211156
719.1570090660339,1667.1311133691972,3491.9595267687164,0.3972588619929463,0.39610668201857346,-0.35371125268638937,89.89571307885726
466.4416828777388,4151.184492202816,2183.907102291161,0.7979733891002606,1.325287906759998,0.31053653451687097,325.1634082102681
441.633720527052,7286.891320199933,3906.232430879308,0.8857133233980267,1.722043827605081,0.30202997520621816,393.25190680346907
902.8556087703006,2823.8404949192445,2886.5858945422974,0.5154659334126127,0.5826834844908062,-0.010987865937272249,160.16693173260504
1308.6580670442625,7080.861587662978,1989.8211673865758,0.6880255077168796,0.9662978711580507,0.561263198945086,271.17555016243375
888.2613161765172,3209.338275140529,1825.9557790537942,0.5664479670771163,0.6794796430316545,0.2747371813687149,194.93008706623445
463.34737989683293,4418.476642151842,3005.529708441664,0.8101744846970232,1.3733925253781076,0.19032135302617295,319.8663507440147
578.9121698450886,6113.204402122867,1142.916857728761,0.8269868242631818,1.4430742684469957,0.6849785671595514,353.1389989899395
1789.5463018462594,2717.737033141386,3387.2901170602654,0.2059313032052242,0.17244903896897482,-0.10967241706485965,60.36497078849464
1538.123069339883,5907.960462100297,651.2690121129001,0.5868638692706635,0.7216812522065212,0.8014190492727863,239.5462007282949
1859.045868451583,4175.179037286487,2115.171401951886,0.38383275476666634,0.3777013275940066,0.32748694288271435,143.54625307473603
541.2726829519147,3559.782128410821,1277.2032373441862,0.7360324559329301,1.1083739810069213,0.47190113634723496,295.86240184714836
176.24202544997632,5944.130907914521,2078.157605161302,0.9424080761613666,2.059200452367963,0.48190404720174584,455.0868549299806
880.2328441963853,2978.5493051120757,463.03484105845666,0.5437768651303511,0.6350109197119538,0.7309176113336433,217.70087446374487
217.57516496626369,7864.182685477132,2035.2793723378707,0.9461564749982196,2.0845363012174314,0.5888101069036269,459.5350964237778
1448.231919387771,1787.8542458581514,2278.953019975551,0.1049484806717508,0.0810303399487089,-0.12075781857736147,14.799176052891541
1412.8007472431,7355.495711788841,1824.500420327317,0.6777479515700696,0.938322221404214,0.6025051875031698,278.5324402204435
747.243716177774,7586.146351911914,951.6657397437914,0.8206627289776199,1.4164369905888843,0.7770703477856061,373.28567173336626
1474.4281485556041,3204.691767717618,907.5923514595125,0.3697839871072021,0.35890852100485116,0.5585945302240355,150.47134099314954
639.4366476780572,6646.660189547769,1293.0000876131253,0.8244775872801161,1.4324358703085998,0.674293346865307,363.3076418328116
1182.1989175863052,5779.364071076381,367.48807163960635,0.6603639384311346,0.892753445607047,0.8804304826120489,273.9689716472466
1856.3014717342335,6477.043945322775,319.212688924616,0.5544882927300891,0.655764800662274,0.9060622026045677,227.61265613809678
401.4960160166542,4743.699944082553,3167.520258962924,0.8439336345778833,1.5174729410709857,0.19923344875593713,335.9589407271415
1087.638102690596,2817.111230357875,3030.441463603566,0.4429152756584631,0.46272588332073494,-0.03648196850444932,125.7872811055142
1980.1104793948368,4559.816116362866,380.3496645565066,0.3944548304635358,0.3922557146635671,0.8460174488683934,173.025030581147
211.43184458628144,6565.134867137947,1453.8095466687103,0.9375991253242499,2.027417128417694,0.63740625399914,449.18590686199656
1455.3712291664347,6826.034915847568,3451.8942798124835,0.6485207453888896,0.8629367489101332,0.3282899280072445,249.46933519791082
944.3564556425832,3038.7698042042,2364.3368958182887,0.5258214807673107,0.6014344566697006,0.12482317039163436,164.79037114994446
304.8036649535279,6906.2434312471205,2595.1270863991276,0.9154620233802512,1.889134137677366,0.4537362621937029,420.1119784454699
1333.3934758403539,3945.4060574937657,2528.9268275635527,0.4948118534648801,0.546594028488284,0.2187838121485298,164.64348495840107
553.5373292676231,2936.2031366665246,3485.1338583697475,0.6827630392503521,0.9517829978105397,-0.08548542492662568,233.41874240066414
1135.4419264559276,4729.964417911906,2526.251584345157,0.6128343510752208,0.7784654519709494,0.3037000045998602,215.052406123411
308.6138288306323,3377.9159727352658,1138.9270978954894,0.8325721771646436,1.4669936348382617,0.4956977338669006,353.3478063967942
1818.8237464550482,1783.936506599866,1349.091003728021,-0.009683475278688451,-0.006868714037889177,0.13879402632105914,7.245759840757163
1306.0989935733346,5666.474540385781,1652.0375612834346,0.6253609983387597,0.8072336766921228,0.548531849477737,249.5858898673733
894.7666539403153,7338.043519753986,1277.5666819304242,0.7826339644777393,1.2675986886384942,0.7034297856157963,341.9860828686685
1149.8115062380455,4126.948900317395,2336.3707414573655,0.5641979480092719,0.6749765460188595,0.2770369187700143,209.05264054211523
1515.9925842895884,6738.890296470192,3796.753521159306,0.6327040355377136,0.8245372204010195,0.2792555278025341,220.68249155322403
1865.560498060343,5137.546827048938,567.5018264182697,0.4672192180733597,0.5008578858764435,0.8010527652647096,191.42624462110444
1309.92519837633,7073.631884429537,867.2858128867072,0.6875013348673554,0.9648513509624643,0.7815653438718795,295.5421425825459
1927.6714255017341,3675.116757188192,1947.397713460094,0.3118885230702425,0.28661407172736264,0.3072858331339435,117.41226887291847
1591.6559960321292,6309.2056910009505,1784.2585749404298,0.5970930616484764,0.7436172062584638,0.5590865625419699,226.2378247378923
493.5109653018609,3065.9045653068533,3836.7177207073905,0.7227011224627581,1.0668572701951944,-0.11166961240956955,256.55475018076993
1889.1393147585752,2457.5942944122744,3917.7886054693304,0.13077750573984584,0.103030024459724,-0.22903633142648366,28.818241278435206
106.88964344031496,1878.4050490301165,2549.5983861216932,0.8923186121517661,1.7569378047167725,-0.15157922679366356,364.8591517360357
216.82316536248322,6147.7579330787175,2576.8003505223064,0.9318656915593329,1.9903275352085288,0.40929952738801745,438.31432368062184
1866.4345625241199,2513.979033259166,2972.542855720074,0.14782724426080773,0.11804798020199543,-0.08358005885266649,43.886634620852995
751.2231294834245,1926.4247663203003,739.6888761022922,0.4388932683194455,0.45658306981418706,0.4451182691126961,158.67932406114699
1660.9379634715956,7665.377448807161,1783.015141127455,0.6438169008080595,0.8513551645338403,0.6225781000382664,250.8125007069073
1018.1383475600579,4637.621646962514,3001.1726826054173,0.6399640901077572,0.8419398824832341,0.21422869808244066,236.71391138625
1491.8259981917902,3279.5835047541623,3527.0639963758895,0.37468121423740675,0.365399119925425,-0.03635864668242059,115.23504969179086
1669.0305770468892,4854.60680163871,3551.73929235305,0.48831289036873876,0.5355785401226002,0.1549861847898301,152.12937718690557
939.174267258305,4637.518564515121,2888.5226807963545,0.6631787706724989,0.8999662232005623,0.23239254562628822,241.70864924226638
1714.5309491676285,3356.6811943327366,1812.3024472150855,0.32381809286878077,0.3008732621730834,0.2987780294766841,107.71396134306747
817.8451353659169,6210.026201074093,3556.2956441034034,0.7672566566468113,1.2124784167813378,0.27172261970962486,293.7257794575565
550.1069775970959,2961.3070294066874,3801.4071531620966,0.6866749538258929,0.9624859200666227,-0.12422528898183834,224.58583584232545
1022.5816250350276,2880.29311096078,1371.6438634878573,0.4759854238508572,0.5150704842648569,0.35481458360838924,160.0256955425098
1500.0961019469742,5065.028630618734,2422.450161182315,0.5430106316861313,0.6335808226762889,0.35293301558024665,198.1135012730613
1647.1249314528045,4128.7375941566315,2299.516189463517,0.4296523075594374,0.4427502109934022,0.28455961229620386,150.40117192200128
733.3525885164075,5011.07163994528,2853.7267419613895,0.7446732484501305,1.1362181217000047,0.27430390366683244,290.25346206975956
699.2672380854447,4792.4517068025025,3853.5497914606535,0.7453375726341431,1.1383800652852332,0.10859377197908947,281.01707175275465
771.5273212329289,2184.030807513186,2165.260143746051,0.47791429715564165,0.5182209862023982,0.004315798591810581,146.49890033183237
1929.791066027844,2405.9872777702453,1155.8023723121946,0.10982946402546719,0.08512177888633086,0.3509990841480814,43.76652145845041
164.13871045201444,2663.043332675818,2722.7738177795077,0.8838852904481783,1.712105932977245,-0.011090329178284427,365.2102312639272
1748.808816748451,6537.038124380504,1503.8510324085757,0.5778804920093987,0.7028741626964087,0.625949070209028,234.130906853595
869.1414039474163,1987.0276973487887,3932.8023793139287,0.391393595184071,0.38799997203096637,-0.3286875900893047,101.41325478949067
1527.6822125842107,1904.2619273335695,3098.9967676634524,0.10972781003616591,0.08503469264828553,-0.2387913383902694,14.495907114631335
171.42303123669865,6966.77062406069,2699.192680128415,0.9519701930234219,2.1245263761785362,0.4415057050383438,461.576734263423
110.9355290058894,3218.883893899789,3911.78770898597,0.9333684411175855,1.999710918933701,-0.09717230768397642,410.310554236205
1549.72087943185,2260.224897239749,3524.2852449332213,0.18648664817537502,0.15366169252337725,-0.21852504644413995,32.240778764899616
1971.4782371328367,3417.5057223208614,1971.8794470618973,0.2683302633296915,0.23709449518775597,0.2682358431539408,96.61346780130623
349.60487179663244,5054.256000413095,1899.6192125479188,0.8706092253300453,1.6443193818139403,0.4536516245692387,376.51085186357244
723.5729605766586,6358.09838577144,1922.4950801016917,0.7956490987547402,1.316411941096873,0.5356624888559702,324.57858741219184
1144.635220959125,2916.9275070778904,1203.8229766374532,0.43635723595951226,0.4527742657949483,0.4157263432461323,152.19360212015079
253.34237770093452,1633.355765717075,1522.2797265834931,0.7314436557321328,1.0937175050567158,0.035199261565347736,257.60661903096894
671.9784076165543,1695.7981035401522,2926.654103098509,0.43239709941672,0.4467965318309075,-0.26627771240649095,116.13188259065802
1960.0687134790946,6960.637418156811,971.9569987973805,0.5605574973917609,0.6677378792740347,0.7549459992313468,231.74192612816955
1196.0895042467844,4775.531583799962,1337.186709604609,0.5994087746321771,0.7486450125397104,0.5624903207698493,236.31312847758045
1528.9872763809901,2563.698561591822,2875.7507674212093,0.2528196216180925,0.22036472122313658,-0.05736834501014456,64.20899878296181
215.90588424487518,2353.8072306924896,3056.2781817564683,0.8319610983764478,1.4642186959278292,-0.12984470620698568,318.7905139465157
1281.208192774017,2375.561260494149,2684.503820190736,0.29926772289207554,0.27185355803615247,-0.061055056547556566,87.31337887690049
597.6645899379836,6651.512811416916,3828.017000750495,0.8351083006345431,1.4782067719666458,0.2694296271879231,351.40561413443623
479.4285885334472,4890.351043356135,3467.1319377388195,0.821434538543453,1.4195952690331568,0.17029279134237135,322.7192275649971
1484.322338865245,5650.3040288152115,1776.139802272819,0.5839102813060779,0.7154485061322985,0.5216715179078014,215.2227915741816
399.59956083651497,4745.064228046159,3209.406470831395,0.8446547422117829,1.5207413630245408,0.19305593233732105,345.7229601420942
341.6285652399788,5175.76840226947,2496.6128094470973,0.8761631371859505,1.6723563333995544,0.34919479605390485,385.3281151982881
1188.0616274110607,6882.228395424922,674.7664274029332,0.705571516165574,1.015973820943856,0.8214193753910386,292.5472286951864
1827.1041849048195,5645.121505335075,1904.216042948298,0.5109611885661228,0.5746997965873459,0.49552764569944086,191.24562395282942
1093.185771139164,5217.672564229813,3975.740645929175,0.6535540132982479,0.8754799874928301,0.1350893177294781,223.04948652954553
1461.7477945932906,1599.5822121908827,3908.398086381752,0.04502435779452551,0.03322570167711545,-0.41917649458005696,5.0
1578.210682021238,2884.972169399546,1242.9261382309305,0.29278690355908993,0.26441450809148803,0.3977922682192724,113.37632181427904
1967.2262906075418,2133.4226118253773,3954.770819505467,0.04052927356904458,0.02981039967970991,-0.29916069979116816,5.0
463.5256151858454,2153.680934950752,3587.4820734499576,0.6457859885116473,0.8560635879286278,-0.24974053796268578,209.63804515724408
1122.9530103497736,5628.477402489395,2523.8775203620316,0.6673436762236546,0.9107813499512973,0.3808224630951977,261.58021066816707
130.78488454800004,3441.3834419724412,2142.438914501846,0.926775631461476,1.9579642284899315,0.23262640612695687,412.4122997595029
1114.4047326050177,6677.299188581784,1775.2736034983936,0.7139509549556263,1.0405925636951183,0.5799447937433329,294.2149036100831
1789.433103828763,1930.0817557753899,794.018570661648,0.03781370883507684,0.027757380937434118,0.4170416095440228,30.160228179975043
1713.3838543986483,4181.681058985485,1518.0727797852526,0.4187056869491153,0.42665766154304074,0.46731987978403144,163.82111960355076
1336.805194812977,7143.461674288704,1057.610366742903,0.6847256776727008,0.9572278853309759,0.7420799715396948,284.05411829799516
988.0224283908501,5126.07144463594,3216.675866820486,0.6768049528686314,0.9357693132623603,0.22886892126824515,251.42870807671238
1612.6266228895115,1730.5789706947908,3694.9679853086736,0.035281212736767265,0.025850102031736263,-0.3620628537880754,5.0
1080.2368051579615,4747.8828549796235,746.5678571502394,0.6293017753698245,0.8164619035230457,0.7282465903766515,252.42735332080778
1980.6048204705548,5638.263013164064,2104.5097332951345,0.48007896607238115,0.5218399745394829,0.4563937745723631,172.38825187299582
1492.6295042457316,6588.829316597496,3240.9604122168334,0.6306039447453892,0.8195562945910404,0.34058397955618314,223.50848873798483
1812.5845216166392,2716.5506511121057,2326.3154408013424,0.1995891256986374,0.16625511052625547,0.07738361541250247,69.2344972619612
1329.3837676642645,3446.540140178986,979.0441970618425,0.4432977603756476,0.46331965949582354,0.5575525748760161,178.4233885747558
566.7979799746018,7505.724584609487,3372.98055038765,0.8595735159933638,1.5904007965257592,0.37989300955926963,375.45549369801563
1966.8638371982167,2296.2287910781492,2975.107338436329,0.07725962875356057,0.05840462000596027,-0.12878680671268855,21.823492480954016
173.46383014263228,6180.505196910108,1421.5437409043186,0.9453998501167411,2.079341483929009,0.6260103682978881,463.21292433618305
1152.4903686495861,2006.2276652705164,3316.322970344374,0.270279679028877,0.23921795605059504,-0.24614050565558734,57.95673444231431
1496.3457306733203,7035.88979833891,681.3921391419027,0.6492488455317698,0.8647449979564604,0.8234113655368049,272.67610740314313
284.88179777130483,7199.027634120775,2603.580312688143,0.9238681865872832,1.9401444391771188,0.46879844077206084,431.7616896863372
1078.9209120161988,2398.2171884297713,1568.467949677561,0.37942015471428714,0.3717273020558948,0.2091795062259311,131.10594010831778
1153.0472047747123,3830.9838875711052,3405.6210655405985,0.5373033660186647,0.6227604983777747,0.05877933433257587,180.68587676830262
556.7637314279327,5745.090976974212,2354.5739664626767,0.8233016286150612,1.4274550863744282,0.4185996623033465,344.0940410748638
525.732347945092,6288.5536736714375,2361.85956382524,0.8456970116310958,1.5255329316083186,0.45393139051107373,366.0384178464149
964.3142990517383,3481.7946728407187,2915.875003232414,0.5662210236271403,0.6790287956066419,0.08845715677324667,197.06412965763852
1409.6847231944573,1761.7514120680626,930.3460785800703,0.11101175421697422,0.08611474412195882,0.30883180719394987,44.04099160663366
1360.0468553366338,6469.240338631573,2377.1104732569047,0.6525745391711469,0.8730368041808884,0.4625782937991491,252.62566927015075
241.19722897450646,3792.8462234630106,640.6039606447665,0.8804191217776915,1.6941561426744198,0.7110133487925077,404.05461033203596
1723.9311700480648,1916.31309848502,1202.2648988525816,0.05284863162812725,0.03922671389810678,0.2289659582069363,18.07319671787076
1270.9192020150213,2264.9951229150197,3677.2312307983566,0.2811368798192048,0.2512447258387971,-0.2376611094195613,62.89195886564231
1539.1197555362553,7582.1044560761875,1020.425191725765,0.6625190390763499,0.898300675477872,0.7627615983008262,276.46443101361035
1904.855917127469,3926.9037642869853,3795.7367308692656,0.3467303107940058,0.3291728001727809,0.01698473902585583,110.09969291820107
1976.6476980516977,5815.9731558761605,681.0658739632397,0.49268731653954007,0.5429874989483298,0.7903457648228879,202.24049170895728
197.54725521555866,1630.6545063363046,1076.5167009035254,0.7838889998226282,1.2718661468381551,0.20469256016987303,312.49123858142906
1704.9069876198485,2608.910747051909,510.7327943034786,0.20956002659933587,0.1760220671695588,0.6725697741621687,103.09823566026037
439.17017403300497,2555.4449855103594,1522.9720797796128,0.7066934140189695,1.019112327503869,0.2531553024001932,271.3406939602435
1552.119325984312,6042.914317605919,3879.8497053171814,0.5912804605968135,0.7310840515851401,0.21799012926980202,201.59528853395585
1907.1231640928797,5983.605981946602,3239.7221905821075,0.5166167462969091,0.5847825394070211,0.297493891547689,180.41486318059538
747.7278478833998,2069.1393332133216,1715.2487122420143,0.4691067771063084,0.5038550260530308,0.09351330165593894,149.09531980095713
1910.1221059110833,3696.71034654632,518.3029585990569,0.31864484188992537,0.29465233381080475,0.7540681741889712,142.9876222960266
380.8875950551351,2573.9162960105486,1543.643003098477,0.7421909477120263,1.1280450444980932,0.2502145610592158,293.49067982089974
1111.247009683128,6803.882070764843,1154.5841893813288,0.7192093776997912,1.0563541421964757,0.7098475630868487,303.2548885903189
1688.2041524067292,7094.079404830774,714.1928059771183,0.6155432373113829,0.7846289684942115,0.8170676464385821,245.90034631909975
284.05616317735604,3543.5827257286346,2226.625437580083,0.8515762997254254,1.552474959549779,0.22823393032759423,353.27285506666004
1887.0459649357128,6893.735204712124,2701.885730042066,0.5701872239468443,0.6870898361613385,0.43685025729297317,214.42113256285745
1852.4894111328042,1520.4667090876835,3503.107207960013,-0.09843670955463836,-0.06568773911051634,-0.3946673287217877,5.0
920.9826008090857,3460.9555929408357,3168.440382210089,0.5796460103373746,0.7065017366872923,0.044123961184859437,187.20625863547153
1073.9851805892622,3999.6027419779844,1051.522104045595,0.5766368111605951,0.7002761474263426,0.5836483411550543,227.11884847923258
383.46178196502666,7616.323584583355,2561.0501006793943,0.9041319823352855,1.8231480769063069,0.4967168976734621,411.66574248839595
298.27434904606935,7717.922118014028,3300.167547229038,0.9255820760545177,1.9507794452632679,0.40095467586545336,414.84258832539757
554.5810851784099,4272.837296906397,323.7532901580389,0.7702369914231371,1.2228975852291792,0.8591332926196643,346.0049382134563
269.7461644696898,3164.889393949028,1410.1724908052647,0.8429258881746733,1.5128143410575854,0.3835394901668007,357.2637596203796
1850.0265763788773,5625.030699382114,853.6786526616725,0.5050134043439704,0.5642355024397863,0.7364664452000451,198.47752639422794
1168.1123031572404,2682.26484825063,3621.0254919320955,0.39324785213482266,0.3905700905378703,-0.14893184239793716,108.71956513577355
1754.0610136237726,2532.443866842185,1828.0402454458351,0.18158916757192872,0.14902630232085204,0.16154252672306946,65.81328282052112
1451.8042259462939,4732.2638437862515,3303.1786315264185,0.5304695194681719,0.6100189401396456,0.17784773103317844,173.74489636648784
1047.020265777656,3157.646484578074,3667.1811240775955,0.5019722949791154,0.5589127391659828,-0.07465897582213496,158.8800526848425
201.01392769870853,4056.2073686512817,318.7856203440273,0.9055656663543261,1.831170596817474,0.8542691969687616,443.7826012248897
1353.0709063572706,4310.764910547185,1879.5803273668907,0.5222068752134524,0.5948609637545552,0.39273812515289985,197.71217461930286
1747.6048866125764,1657.5327279535293,2968.549213408504,-0.02645184096152089,-0.018542275355390346,-0.2833967278983351,5.0
1967.8500474718694,4572.172312191591,2483.531441639495,0.39821305205071544,0.39747846827547145,0.2960216220985738,140.3336012210966
127.66907282321174,6002.446731599872,3957.2912494409247,0.9583469293646075,2.16958835884882,0.2053422977438494,452.6013847242993
1456.2724780376166,3108.61468346782,3375.1752920804315,0.36196780919406474,0.3486763316288056,-0.04111185118221843,113.95469729431369
1292.8674679370622,2989.1413655579718,3242.5318954252543,0.39613974729712265,0.39457971072289144,-0.04066171623809448,112.03483821722885
1943.4365300125057,1947.3714591576024,3280.7049036439744,0.0010113398438160053,0.0007228547012430342,-0.25503327642996465,5.0
1448.6481567099897,5600.090730634284,905.837626082737,0.5889624569281576,0.7261331558419135,0.721534705955292,244.81800385153704
1135.0130298519048,4496.616031687272,2308.702093720106,0.596914847285715,0.7432114229409121,0.3215006113347116,216.14633587290746
901.409060324303,4980.012248626779,2113.3058800990916,0.6934723722991372,0.9814274738974524,0.404141801636419,265.2212748626117
1194.5336066146845,6041.722436913477,2489.6436517102097,0.66984761186886,0.9173385104620889,0.41635521766244443,257.65441365946174
1496.5270300268608,4208.445123205639,406.85465891594833,0.47536044346278095,0.5140645313790025,0.8236930736747203,205.05557047771305
1282.4337057700973,5992.739633870818,3795.078685482289,0.6474493056801531,0.8602769373665281,0.2245302146463672,230.9973501181025
1129.3766145852567,4708.129486490445,1646.4696237883654,0.6130619496282246,0.7789794533053256,0.4818022048421471,240.96738505698033
1118.7665388591479,6212.2115890258565,2091.8880284763445,0.6947838283813554,0.9851306661216053,0.4961794474826747,272.23532883847173
883.3911830681857,7778.206414413905,3945.3479453313225,0.7960211904272726,1.3178613521834164,0.3269365544903688,327.7357609598215
1568.0883288391758,3548.2880874060024,1969.992294441919,0.38703167966539687,0.38204729942384774,0.28601225082179366,132.45548058735068
205.93430485125873,5960.291442971049,3634.040627397004,0.9332057197579605,1.9989020686889083,0.2424609444690969,426.70684733786527
195.5036729024642,7347.211955576877,2047.8900408450236,0.948160932214288,2.098202058691375,0.564051557522849,465.20043032964196
1880.5050996184575,3154.1152067152507,637.2640508062623,0.2529704385535453,0.22052868220557267,0.6638352389178972,112.54237764277852
772.2422333646964,6995.140213277592,1561.449463657782,0.8011576643560012,1.3377290270718216,0.6350299540050994,339.9443565284537
819.6057362252719,3555.96027972343,733.7080471433403,0.6253715594505767,0.8072228352237862,0.6579185188388635,250.9890121728604
1209.4274928366567,5291.053061125489,2162.6391872127315,0.6278959738096779,0.8131623662435895,0.4197133137862668,238.81868704682822
1299.9784956447309,2997.606820870091,660.8975246180585,0.39501910952335734,0.3930249145978066,0.6387061692287104,166.05917600556654
1261.956914941956,6538.838736541875,2278.954138732007,0.6764543075705003,0.9348495591948457,0.4831010047051547,253.95945725559244
834.4625124816938,4116.251665950926,3098.9895966981016,0.6628920665836829,0.8992162251068502,0.14098794927036923,231.9656900511098
421.70461865959015,6252.59562112126,388.4265917841684,0.873633308677689,1.6595538131166785,0.8830220469761856,414.86203061779
1905.5418186205272,7428.75274137893,2580.9972572509337,0.591711659265123,0.7320163618070032,0.48430335266188007,218.4493801099275
1142.4316833729506,7937.192946098542,535.5214855562516,0.7483526620607385,1.1483236861924475,0.8735891572145306,325.0187688172229
1131.5961150614464,1917.2112677501552,2172.7407072719025,0.257679496861667,0.22554957598508957,-0.06247736917690623,60.34838554154318
1866.6619723835677,3509.7230437647313,686.073157147767,0.3056070326326189,0.2792290039661879,0.672971171795691,137.66727085466593
1060.4055436376702,3243.246727880593,3338.897050591452,0.5072066807492425,0.5680529554908142,-0.014531788717403453,155.18640990832333
1212.385567556652,6639.190025248326,2189.038709581248,0.6911739424598435,0.9750266124772257,0.5040820133721766,277.65808432366174
477.67996125574786,7526.771778077372,2170.1787760543684,0.880646425951,1.695495598019594,0.5523997437718429,401.8811769792214
1148.2913716373378,4066.763996018407,1244.987260628087,0.5596244753070276,0.6658611380551509,0.5312328455381361,221.68768111406857
409.392235013159,3979.8554258786844,339.00373384707854,0.8134567620471415,1.3866503642546348,0.8430123689006286,363.3866507829345
988.0213312838177,4659.309009992825,970.2188387293667,0.650092602379796,0.8668153003856842,0.6553107595773789,254.04007663389413
1037.2059239456958,3045.3296423929505,1176.5759518017953,0.4918814999464476,0.5415905919367234,0.4426327515987372,186.69026477983664
149.5167878620448,1549.5109269471893,1978.919953178186,0.8239972344526103,1.4299594226160037,-0.12169971318640053,314.3916048198341
1797.7243164817912,4685.784824685357,1197.3402531123722,0.44544712514097207,0.46662510641803817,0.5929577435205373,169.44044052667513
1900.5479035066637,6372.82093704344,1884.7478905072126,0.5405625107726791,0.6289370778773463,0.5435102194993101,198.642993775547
1595.8678871378424,3133.757011666673,3308.451350054073,0.3251609074944599,0.30249674272396154,-0.027117151223842294,88.40370999391897
845.0389918104717,4468.309527315005,1892.0947334043392,0.6819184779203921,0.9495398138791806,0.40503947357809345,261.7844680144848
1225.343053927887,5330.381244716387,1463.1476708683306,0.6261761482268628,0.8091334705953078,0.5692525374267804,237.88513667239175
1705.5441027612023,4944.624821395354,538.6106219890228,0.48706743469045005,0.5334844706314903,0.8035427703398592,203.19663558956228
1847.830475145732,7664.617007403574,3752.7813705761628,0.6114921046678378,0.7754640124859989,0.3426205784348723,232.89178586887596
566.0078927282648,4187.415595161656,3965.7898239401106,0.761852528161573,1.1936928578780441,0.027182655140164352,282.89805444907154
499.5209786967442,3270.1758595827578,3751.350512774913,0.7349808218041124,1.105026129663772,-0.06852849759532545,254.47259048431988
1562.7831799324576,3072.0972076347102,1788.1339488221004,0.32564249800820505,0.3030800651032442,0.2641774058097399,118.30976409984417
475.6148689148037,5042.3529047704,1203.1787062577814,0.827612306256378,1.4457115611985176,0.6147073519120144,356.84555406310415
1823.0303349636674,2148.0708866457107,3330.593353358596,0.0818514899170618,0.06209105804220496,-0.21584138298938976,5.0
648.1314834374032,1781.2908829513403,2652.300518365936,0.4664316154839349,0.4995342345542931,-0.19645690285292206,132.7319817105107
1522.2680780724424,6938.640463018975,2924.481091027434,0.6401643934574055,0.8424513936238602,0.406986707969519,248.6057028514408
542.6456348968117,7686.218639706361,3865.5445717346115,0.8681116573995173,1.6319822385776788,0.3307438005530597,367.954734708505
1401.5697837129576,4421.265616239762,596.2740528162853,0.5185954306784506,0.5883280319188215,0.7623241299417072,219.12280649907416
1721.872199476103,7975.420738558457,1943.9819072760868,0.6448756965884691,0.8539527458219585,0.6080445613534106,248.30688178743893
731.8856246073177,7421.602489350849,1081.3128899056624,0.8204730012999908,1.4156433672254634,0.7456606723579925,358.34672372989473
1879.2493304175382,4304.320827765041,3025.091582912446,0.392179830570254,0.3891117402376796,0.17453366968605563,129.6524613798119
840.635529605088,2452.8451971605464,2293.7715548143806,0.4895154399914206,0.5375710611782787,0.03351305795785322,152.034653379402
1610.245044168004,2099.874953863278,2813.413242534155,0.1319714483151804,0.10406723756707127,-0.14522622325489437,24.25960166888815
610.679332627009,5945.635273022249,1232.0595432132998,0.813712620651952,1.387763036260187,0.6566977072486286,360.3436418907121
1414.5578341821504,6588.226207414367,524.0233759135265,0.6464835669304917,0.8578985921250708,0.8526420170720017,267.1741728675044
148.64432170304644,5532.966141778998,1675.8654954879346,0.9476752856844798,2.094795568787093,0.5350521193776061,451.1064999537796
713.1332105592735,2393.2607827764255,2994.353657944239,0.5408610676175502,0.6294441982396859,-0.11156939340593197,161.59317194973207
1799.0447475518004,3398.748272307374,538.3709350794292,0.30776591494425243,0.2817566641058432,0.7265152985804453,130.27572557875686
1982.036470809658,7212.31021188669,3732.8719307336573,0.5688575731380118,0.684392686930826,0.317896791071778,202.80577110662864
942.2127053161994,7357.612425753181,335.57829040355057,0.7729560103198754,1.2326034846342289,0.9127596589656432,344.15800145925886
580.4712782635138,4803.951942277103,1897.1140509282618,0.7843886875603262,1.2740084986003417,0.4337873845538129,317.4399468721748
1229.9185414558017,1963.3471737840741,3133.130406266565,0.22967980039941585,0.19623280853675362,-0.22952778931705606,44.326833243665384
1254.735270511223,4962.399156752288,2874.0822337049876,0.5963621872780771,0.7420189017413619,0.2664865541981407,209.9774966549585
1206.2611539865043,1598.3731114201644,2551.3513247750934,0.13980858828200754,0.11092978900659972,-0.22964855324201572,22.83843158009314
1869.1078674858109,1966.2881056666247,1457.1444573625672,0.025337732749299555,0.0184305710601547,0.14872314227940375,17.584170458031863
189.66743762629588,4471.328264582359,3243.620194449534,0.9186150555789063,1.907935282382362,0.1591336710145371,410.4159063130704
708.061633085804,5717.388469554017,1203.8502554511012,0.7796071490198925,1.2565085611930917,0.6521286712946676,330.47951743507537
1788.1368309835148,2645.8749138814874,2934.8168377377083,0.19344515352217276,0.16031653405635427,-0.051775288201612514,45.0249470454356
775.2604072896926,6801.97806391309,3086.361963823912,0.795371252829445,1.315355612169199,0.37575731510961796,313.72282627346993
335.3849665913274,2923.959872608898,1090.1838071306724,0.7942009922026388,1.310731982402909,0.45682870652511587,335.3476537650772
280.00989886841467,2939.3168059069403,1261.8367555889258,0.826044434156939,1.4389017216533682,0.39929034379820166,354.0997230518222
1862.4628483195822,3447.400027590426,3897.9192959733955,0.29848928607233133,0.2709632056246592,-0.061334197803541,80.32396726938514
1532.3843717390835,7811.52463922888,2758.746275122674,0.6720035757462195,0.9230320915771653,0.47801786771310556,254.32487255826481
1630.5167690646751,4039.4783611739595,565.0173975609703,0.42486131581263575,0.4356617046077509,0.754580120150443,164.20407248336107
643.059751747617,2588.4204140965267,2568.003690186987,0.6020029713655165,0.7542754974632428,0.003959473366168545,198.05927387448128
688.1323043077905,2542.003794924436,351.1908319645851,0.5739298385858614,0.6946671631814128,0.7572297217205699,227.54240254259665
871.5841806829944,3283.3724776813656,1489.822500026012,0.5804605185381969,0.7081932643198379,0.3757546016150931,207.5010574083623
1006.9178296327426,6614.622151324861,2306.303970340703,0.7357705050379819,1.1076177434245345,0.4829451697888107,298.1595641852873
1664.336920718706,5984.129526956529,1847.5219566972316,0.5647919926465833,0.6761867996193447,0.5281909669199455,211.031384939904
1416.2898763269689,6070.842351039184,3990.0748322211152,0.621673603823601,0.7986764135760531,0.206816881672906,226.39591538648278
1267.3924194187464,6092.292682583405,3239.7245280712978,0.6555851501304713,0.8806074855474317,0.305675406486558,232.1448967177094
1950.6069172774478,2395.2280660032648,662.1721399195924,0.10230971731187512,0.07883426625489837,0.566839735982068,70.62929031373415
357.2535580821419,2734.8041464613148,3032.9219857828293,0.7689218037932114,1.2181758476852274,-0.0516872390322447,286.7480711710578
409.2553081946055,1876.9871820461613,1617.5831235557844,0.6419843387019735,0.8467321034473756,0.0742306022575395,215.91374380629392
1497.3350160829898,6064.955506621749,2804.4172223217515,0.6039996051753244,0.7587426793839223,0.36761768656899907,217.74814201355986
1545.5675516917286,7342.096080493739,1366.4419912625717,0.6521993594760347,0.8721042403164565,0.6861833799550506,255.32256381912862
1090.8478265348522,3433.6648169348173,924.5844810446022,0.5178053802686572,0.5868926008761924,0.5757083094071216,202.02785808465003
1263.859228586183,4819.941411445843,3025.3972885589596,0.5845165534971283,0.7167152605065021,0.22874017187518556,212.8878868993113
1077.5601388165767,1748.2677286644123,1364.510168339169,0.23734906054570531,0.20411987736915663,0.12328459430766678,68.06159425595222
1408.681453184159,7894.553495093628,3563.3614337280387,0.6971630918998739,0.9918665879958256,0.37800874660822786,264.13401013439966
1515.730006063733,7715.885292139371,2555.945704712184,0.6716219301957753,0.9220238876898423,0.5023388321426272,258.9284088961509
1795.8349922161594,7684.521616760186,427.3318366747469,0.6211461094561842,0.7974698077079532,0.8946401486232187,269.39069440520245
1880.4961859729947,3574.455471490739,2991.749986686697,0.31053607650022885,0.28501648400019586,0.08874310869904442,101.46413432499278
1230.2197368200739,4401.490131040851,709.1125069999298,0.5631096892536123,0.6728025112248094,0.7224935853619703,233.0548360289577
160.08843156942868,3720.586470169077,1937.9602590939967,0.91749454098489,1.9011154533771628,0.31503251560002643,404.8298034471104
1694.11085263126,3249.261808511319,3848.783232874548,0.3145931051870199,0.2898172618933848,-0.08446289376626888,94.0003520508484
683.9290391025214,7590.784010015331,2353.365847987587,0.8346941977419312,1.4764094494676694,0.5266833501393843,351.59416951696267
634.6729297219471,2606.7966831067943,2343.3149910204033,0.6084042080701243,0.7684595927134669,0.053227423819609175,200.15928927207455
1385.9650114494964,5700.919760980299,2337.6082003864467,0.608864809783343,0.769554157198256,0.4183989377582022,224.92298310790488
622.2774559322464,5966.918354790089,2304.287978218056,0.8111218806625233,1.377259991762472,0.44281695180455716,341.55766686438875
1497.09428984603,7082.220024718052,3311.1066235408343,0.6509990809801453,0.869102485397669,0.36283988066959516,236.58409656488212
902.6184127077394,6789.626006826522,988.0362372555081,0.7653172822230605,1.2057277796418573,0.7459297648518324,331.8346663351243
475.6201314098567,3491.522012872826,1987.789075464641,0.7602202721798537,1.1880659060310392,0.2744383213310142,296.1323676288608
829.7663985526792,7476.569185380252,3043.3002823804204,0.8002087947041743,1.3340384885441756,0.4214186227466667,335.8317919210365
524.8120483968258,6879.6529286845325,2063.167095108466,0.8582444375250958,1.5840333269733349,0.5385869133252018,384.74810849273825
669.4852872471783,6884.820539707471,2435.13818733255,0.8227539887861692,1.4251783641070206,0.4774358430351853,349.41245884365685
977.0962664840571,5202.684480887239,1823.2149051091446,0.6837763970051609,0.9546105505036905,0.48100170378654383,275.9327502131624
1753.252932078335,7153.193533492219,2657.2450091904357,0.606295745635705,0.763837962911127,0.4582821149414273,222.11234769146265
765.8330515790532,7903.278456534775,837.9399198430914,0.8233191368518137,1.4275716784601298,0.8082784609267589,364.9704688395745
1314.7698494260862,6059.34637452277,2829.605365445569,0.6434095124571473,0.8503455928207944,0.36334329437200447,233.31779207596986
598.9186560718882,4748.396791565396,1986.8203786304894,0.7759927715786742,1.2434146982721064,0.4100203961863592,311.2198270216344
151.18971550856878,7321.287022234996,2751.0822147546073,0.9595342424487786,2.178188947595087,0.45373682194285586,458.3719492255647
1573.4131113404712,6826.555808040003,1044.7433615214964,0.6253764444239862,0.8072798690620357,0.7345436021720999,257.39460204306806
422.3558287334551,1568.7201132057064,799.2465883956194,0.5757511603399845,0.6983459823501846,0.32495115913783046,209.08654927017244
414.13283228793443,3539.465245909588,682.0612250222773,0.7905033215354088,1.2967619869976987,0.6768651197346863,329.08844571881497
1443.1769076512076,1608.2937833161432,414.9778563710979,0.054110588739910565,0.040200419633666995,0.5897952123421815,49.94753773996304
448.1983963479357,3777.6725552969756,398.6269128980084,0.7878788056377277,1.286929776203045,0.8091004170853451,352.7069619077056
1723.0625392121246,6003.302413481135,3891.86791563635,0.5539784749907554,0.6547641650686562,0.21338030851457973,194.55553446718056
1237.4721370757188,2815.2193532039914,1783.1553331181829,0.38930849276910307,0.38515261641728077,0.22444104499166478,122.69085436490145
1499.7502539494876,6609.798025756478,404.9884150442205,0.6301273011672781,0.8184300255782346,0.884532930858474,274.52814890190376
916.8369398760789,1969.945604249924,2514.727854302259,0.36480359982496663,0.3523532123648767,-0.12147645864649737,102.42026925316227
1670.961816200069,6252.328437790053,2776.4451935137945,0.5782151699799991,0.7035657390060189,0.38497844622441,217.5055892526276
1375.1894549585556,3626.8682513788635,3848.9247845638165,0.4501505036851863,0.4738778205744294,-0.02970340833241764,134.12682502733915
1345.9998778253607,4687.773928701916,3201.902999480657,0.553844767383824,0.6544914664081736,0.18833102325461198,183.26300364604913
378.15187352681636,3513.7030519660966,3822.0456284648953,0.8056701078693176,1.3553597368022265,-0.04203287079331213,305.01105202946883
583.391151222958,3431.7341129895817,2512.1906677212505,0.709403262320347,1.0270841179467947,0.15470307566773417,253.40334003709916
1077.3791169674762,5563.6258892855985,998.8968126321337,0.6755373271693667,0.9323891943294027,0.6955753577239379,270.0426560750937
1172.571750620428,4319.734012735735,1357.8424476968753,0.573012937943056,0.6928312498366362,0.5216823736604494,219.67596653221523
1605.2296220768667,3666.7975037641977,1328.6849200157433,0.3910389366533092,0.38753679176883493,0.46804540281241236,137.68850977881868
287.0472255229295,4860.364692218973,3166.283516317869,0.8884693004739795,1.7366198174588046,0.211057110225447,382.29978702258364
171.32608942092298,5121.4669445001055,3399.450770796813,0.9352606123872441,2.0121138285642477,0.20209280631941823,423.1721004568799
251.96270146647808,4365.0608774553875,2238.2807477299234,0.8908549208792464,1.7494097384936393,0.322076344087938,388.4873652389959
758.197523713749,2516.525616518655,3816.8619883010733,0.5369394654056708,0.6220461516042021,-0.20531450981897006,160.516923374701
1086.751403359638,5651.095087361685,2183.0743848708235,0.6774187701679131,0.9374214154725538,0.44267879503248714,262.90917697977636
1222.1309303892656,7844.34036971953,307.06368029510253,0.7304064855442043,1.090748861263998,0.9246599287991666,314.29643255169816
730.4732118145338,2765.0916664222123,2587.9728696447664,0.5820571280748008,0.7115114387205954,0.033087364359423874,196.70284538170776
299.9412512683815,7261.965829846233,2918.8419949901504,0.9206704741247612,1.9205344858428512,0.4265991372348963,426.72721413150055
689.3717433660097,2551.216026599608,2957.1729708931844,0.5745390697067321,0.6959180606846642,-0.07369794406398211,183.382497064595
1812.2908926048945,6897.072684744481,904.5904503117206,0.5838293173085409,0.7152872289976225,0.7681031761981464,245.50027453401037
269.6504425928955,7490.956111344111,890.8999702309758,0.9305078949218593,1.9817282170685568,0.787421792511314,444.9790436107491
1218.7165926207451,7847.798573471681,382.66665076994184,0.7311609652307944,1.0931071622188646,0.9070121455355015,309.1035107423112
1594.0785581460227,4632.678906324632,740.2702912392222,0.4879907985863609,0.5350345456207531,0.7244454528112454,187.37535175962628
672.7404091708098,7461.544584218229,735.8311823431393,0.8345913844585332,1.4759570020991797,0.8204715255936007,372.53862032661743
920.6498100037714,2752.151602572843,3254.102199886264,0.49866616414349907,0.5531867302385515,-0.08357132644383738,147.48751801050054
1800.317882887523,3959.030584451916,1242.2315708844396,0.37481890763015463,0.36558762116002846,0.5223345664778266,141.44454871554652
1670.9069160807385,6774.422370288153,2798.823824115905,0.6043003511823272,0.7594126550094759,0.41528217963107017,221.65109295174057
371.38284269205224,2078.507613603961,2236.4087908087604,0.6968167763697044,0.9907162126553047,-0.03659426101667341,247.32706696778902
713.4316750731919,5918.5276941608445,1952.1205468832811,0.7848504082292,1.2757441015431565,0.5039492333159368,324.17953233237733
236.7142635820567,5695.638242857069,2442.2666980532495,0.9201954827245283,1.9175855025306658,0.39977998858759245,427.40141981536317
1788.0119534205703,6236.66171574549,3853.12635595476,0.554371423085278,0.6555345483642208,0.23623245033657514,190.1335697123496
1502.36719443772,3369.108470696499,2399.4091843762258,0.3831983169363011,0.37683589749004454,0.16810198809037813,133.12753055157873
759.2760545002754,5183.979400871468,3935.97315829904,0.7444915297435992,1.1356300219989164,0.1368435015794748,278.0022074230147
1771.6937803352596,3407.5754460187654,838.2744957228124,0.3158518304172502,0.2913156529391408,0.6051323021173319,123.79944696138057
1064.362399117349,7040.830429011109,2433.1935358620426,0.7373628432892451,1.112687273417328,0.4863442302601791,290.2001180354263
1299.4465435503257,6195.464592407807,3862.705910998924,0.6532456435293463,0.8747173079978527,0.23192673860388863,235.17379388538293
1454.3614515631375,6467.892982028724,879.7728552783814,0.6328415190219618,0.8248619900800768,0.7605299764200817,258.92034202345997
1156.4508344812418,2824.4077881307703,3722.6868738445114,0.4189942701698148,0.4270631107673557,-0.13720270317666744,117.102146410638
331.3093952607311,1536.6121216910165,3307.5226307862545,0.645264115674383,0.8547110325451484,-0.3655782919383122,187.22952418170573
135.95058978465545,3049.3014991279324,1183.6056340201885,0.9146374689053974,1.883954418599341,0.4407599330626983,425.9206060240283
829.3599876580107,6836.280660721647,3626.3326102241663,0.7836162622037006,1.2712047411153544,0.30680174895736173,308.008747711072
637.9048746181304,2422.8938216759752,2341.1755301763546,0.5831775048244308,0.7138444643021463,0.017153044056903675,190.1261270386925
1148.5444313795338,3814.806757721505,3754.921193920673,0.5371899396640709,0.6225469463460732,0.00791119101974192,180.87850655759254
1917.8238069553247,4806.084920839456,924.6467790987281,0.4295509101001486,0.4426039289498067,0.6773023663113199,176.78926140590292
272.02659147607994,7552.444831832024,2265.0173464577047,0.9304677396786237,1.9814750174909677,0.5385737565180875,430.4025356808607
285.21382772527284,6134.061720937882,2198.990416129557,0.9111383127212107,1.8635581682663325,0.47222449105195763,422.77424157245196
625.4097160484964,5994.603813063312,2614.4474307390324,0.8110548524700875,1.376990122955441,0.392628210264752,336.9914878737573
1785.7525295104774,3573.9910682872423,1041.9366649957187,0.33364255319562236,0.3128586999565973,0.5485472366661419,124.27118761693085
1113.6333381907248,6616.070723733408,481.9809391626085,0.711856151380409,1.0343805665514882,0.8641934540673499,306.3294224212842
766.7925770449143,5265.057263241905,1580.473814930305,0.7457521000286277,1.139746139745408,0.5382465444532253,310.3594626767726
850.5812722029825,3956.9048716760935,2543.4442620164623,0.64614301650811,0.8570215885128608,0.21744379884396517,230.45254968814348
460.68202176121,4109.655695313117,326.7962363295079,0.7984035094652416,1.326948189944924,0.8526767598111457,351.0887812097908
1209.2556054927759,6558.2286370587,3697.435365921995,0.68863648304232,0.9679813751076547,0.2789476400578548,256.75962432256335
268.6429593051041,1799.3088075626524,603.0104362914858,0.7401845014189098,1.121476501674171,0.497976434161981,300.03700977448165
1115.4523762104168,3436.327658634431,994.412056862459,0.5098830049227633,0.5727704045286075,0.5511304563163648,189.8786314489778
1153.6051525017303,4514.53807587913,3810.329689190307,0.5929513047510833,0.7346514085029723,0.08459093963738873,208.29127201110782
1832.1213218904447,2231.0334989063776,2306.7712695671744,0.09817794165163625,0.07541008945981809,-0.01669039866375374,17.2794211148028
1286.6981376742335,3283.7907989163837,401.51125289790275,0.4369538332795832,0.45367931820434537,0.7821013053237857,186.83140136431453
283.8085210608891,6880.061201871077,1439.4987525790718,0.9207666994242554,1.921109055107686,0.6539483432327318,439.31986969739967
590.6607955374888,2398.842429028763,413.76128032940704,0.6048435131388027,0.7605317484076836,0.7057806051342251,235.1926477190066
377.8554584539785,7385.004759807606,1116.0168677694664,0.9026504540127038,1.8147336277217894,0.7374393532848195,429.544938368506
1403.5883032593567,4132.960942900274,2316.4098338266967,0.49297360464031714,0.5434619584529348,0.28166330820164226,165.65528884469862
233.52085794438173,7517.099310399954,1458.8533359117641,0.9397413746662452,2.041539173809151,0.6749418376558197,445.77051632565434
1757.17102303434,6778.530775996498,2440.482808220301,0.5882773169212656,0.7246851284473499,0.47055446091678377,224.37854220325235
362.4454992725038,7581.732533957785,2503.6860311714363,0.9087519191511619,1.8496943200705918,0.5035037930741332,416.39478130108415
149.29604562101756,3950.296813888426,2896.764204189827,0.9271654277871558,1.9604618599520935,0.1538663970954979,414.7227084624008
1169.9091249402943,3331.8049342605236,2945.5713924383554,0.48023836707740347,0.5220830705884354,0.06152786158731881,148.9984552671783
897.6527272123526,6398.090942108018,3532.3129541634285,0.7539242691971014,1.166829615027827,0.28858624660090737,283.60096270186597
326.6409307161642,6059.043186276817,3086.1933540869304,0.8976958693287738,1.7869332167653351,0.3250708517755378,399.0738508401831
1573.307743617286,5236.454284008785,1486.9376234716697,0.5379257784622719,0.6239475847528655,0.5576822995856773,209.99119866930351
1992.5320516676773,1851.7970963671698,465.3193322769857,-0.03660845620772097,-0.025480711050435336,0.5983634427481526,18.105671020497788
1371.0713660809854,2341.621968546442,927.8237124149034,0.2614141580593104,0.22957375244478406,0.43242751024491677,90.6101226236626
1272.965857448891,2452.784157229735,3899.258798959896,0.316665985322675,0.2922779142101212,-0.22771801945907066,86.60543208912277
1055.1967263304161,7410.834212043639,2483.8298517766375,0.7507222134228503,1.1561578162725357,0.49794559249207754,312.3951290468914
1895.1812448379544,3187.801930022416,628.5071594769315,0.2543035537326299,0.22194891900566044,0.6706204109401976,111.34483282653197
947.3972508039394,4442.15013178206,3190.5839051506614,0.6484316088622724,0.8626860710554519,0.16397351465561844,238.48656940857194
991.6718070055258,3673.5114245866102,1384.8808010538498,0.5748626546638259,0.6966148475658815,0.452442302018315,212.22806614902495
337.58115714933,2483.9102813374716,2451.925639252736,0.7607072962016626,1.189656374751402,0.006480086168348768,279.01000111694174
646.048495872461,2891.6206988972554,2724.7772240588397,0.6347603686941704,0.829369738863059,0.029706491081546077,209.8131021151198
583.0654160016995,4066.668789243563,2101.448740141488,0.7492048402600912,1.1510623698064013,0.31860937140401635,291.98339291026826
1983.3838282871159,7052.224786500751,3339.8157018694365,0.5609850065170905,0.6685880622605027,0.3572358179732521,193.31372106254406
700.8313039626975,5351.190577682235,2239.2860958479705,0.7683976303944191,1.216457169254551,0.40997484285489466,308.95497171650857
368.10070684085855,7095.252640387801,3893.2597332785076,0.9013578239791572,1.8074302537018059,0.29139457625687293,395.2864931036118
1935.5263177963345,2213.8228195841943,3529.7767782484298,0.06706991687290927,0.050314016792289945,-0.2291165907407091,5.0
1689.8345537605007,4510.77960929062,3234.0786590990797,0.4549460716141508,0.4813640845115361,0.16484497272693735,142.91914595710662
1620.4956616003979,3994.098337060394,2310.1400826898107,0.4227558886009208,0.4325685530734432,0.26711525516355583,144.90637176480973
785.4618776947921,6714.543885248213,1170.2019091059005,0.7905436601206428,1.2970157737595929,0.7031732055850392,332.7753863488875
1052.8473719849867,3020.161705002544,1522.246613868847,0.483012508773883,0.5266819770833796,0.3297623167386475,168.16430187601154
296.88766202660247,7434.218655137519,586.9965972589894,0.9231965904209415,1.9360105337015083,0.8536389863093546,449.2336133997109
1666.5526730252996,3520.011376993368,911.5518979051518,0.35735772001196814,0.3427170524531576,0.5886093273844406,148.40887788225493
940.9515627025198,3436.8456944562154,1273.2570602478222,0.5701255641983402,0.6869265701411199,0.4593506227838108,203.48678029380463
730.9516723218906,5021.357489073395,1089.643770478151,0.7458580016524984,1.1400869004874128,0.6433829009291333,315.5468864964601
1090.6325975433974,5504.413620115896,2973.48587102519,0.6692570265974233,0.9157823030832384,0.29853240787259233,256.5943137294176
1818.8985915751384,2314.938775973884,693.1148755994394,0.11999508935032333,0.0937387177197914,0.5391605628400311,56.36966606313939
1616.5963571654358,5322.461432350416,358.2883221900637,0.5340588285991901,0.6166969501410572,0.87385879043849,220.0630488047403
303.06464976541963,5188.407271492226,633.6030838165132,0.8896235273326047,1.7428244202190804,0.7823421651492116,412.4094347821249
1468.2034376779134,5632.02413442613,1723.1993833030344,0.5864348225289202,0.7207710376399106,0.531435209435819,228.09075567038772
1182.0615867814688,6412.843652380563,3459.379178382004,0.6887224922752953,0.9682177377499448,0.2991691460302313,248.81477749286702
335.67953232880325,1602.8926692485793,1573.9376262132753,0.653683744786489,0.8756382618064873,0.009114444377955047,225.22498887722085
132.16669684514247,5048.0179473461785,2684.4988352670775,0.948972206051446,2.103661415645524,0.3056597454903517,440.5223455506004
1952.7011206074517,5563.0524080534815,1960.181999966186,0.4803711661376032,0.5223230826474342,0.47889912931169404,170.98338059718836
131.59333591518606,7156.555944101746,2235.2779264170213,0.9638884080604824,2.2099094325240145,0.5239954289022041,465.50435696155836
594.2238521724926,5403.686782562242,1713.0373343993645,0.8018563834105202,1.3404255577649749,0.5185882418637249,334.6480565261903
1185.1479494657162,2750.3448700910603,3929.2132221299544,0.39771306720460664,0.3967653647412557,-0.17648897360969285,100.63330610063805
1494.7475769675061,2075.77789682238,1166.3357361011283,0.1627296385244432,0.1315111964716154,0.2805090331212951,66.67763332886082
1304.2541783027857,4373.831859013286,1183.726260957887,0.5406007693431911,0.6289934176960323,0.5740120982302807,203.8431207127895
474.4474436875137,5564.922221158453,794.9210643953354,0.842881800439995,1.512751887760881,0.7500186627000741,381.7413214954878
567.9584619115008,6752.39328324115,1881.501793042564,0.844827548700784,1.5215892000032418,0.5641592174329508,364.74685276964055
367.3831304967032,7088.906686413703,2706.2982856756084,0.9014568532155953,1.8079876698581616,0.4474238581814855,404.12060478374985
1293.3364546093821,7390.45780367929,3277.8023977212924,0.7021264169804675,1.0060275868922948,0.38550385235566,269.827751174218
1152.6080698923427,6161.830020947274,1083.8334251388792,0.684840296432817,0.9575314846295526,0.7008325231902004,277.662678994054
273.5829563462393,7273.8070574483145,781.6531436830248,0.927502631688582,1.9627593105091097,0.8059320946117485,444.54720670988945
372.7717335888377,6036.50359632926,1554.7116435718292,0.8836774159816162,1.7112763294030864,0.590391895175065,402.05208176535734
214.30515117719477,2264.5768837962114,2913.7615466175566,0.8270953207395838,1.4432809841607108,-0.12536543746989273,309.37913134521773
1260.4149985149122,4020.1846477868303,1833.796876855883,0.5226242914821412,0.5956161872869288,0.3734873028474243,178.83897302126812
1185.2837088609342,4437.675595556296,801.2924871173153,0.5784128445606864,0.7039578984542165,0.6941029321730694,221.1009656951748
1075.596746864828,3003.964814150806,1562.7465903501206,0.47269002758551537,0.5096893885564213,0.3155921396882308,162.1711904557519
378.9811427487247,7882.215242850415,2929.4334930831287,0.9082503004374797,1.8467949880574706,0.458096805610059,411.01227530341896
1845.7747705034596,1979.0811859588364,762.1723000279783,0.03485266293369711,0.02552837504221707,0.44392424549853804,28.401279527220225
115.55297810471075,3285.541852251389,3917.361226407462,0.9320495403189702,1.991269225844741,-0.08771732274731611,408.6625283599114
724.100051636065,4759.2993007233945,732.8750694077751,0.7358937383641634,1.107974667951364,0.733120246960829,300.6868151962584
1425.832731992738,5106.945580461717,3933.6048988407256,0.5634835091354035,0.673557872071068,0.12978641999482965,190.35823207609997
1374.8398820254722,5622.979037034466,2135.3385411333134,0.6070661735517738,0.7655398151661376,0.44953567062863975,234.07555375002622
1193.5949760290077,2099.6582517400057,2138.746466507119,0.275127119832712,0.24455867021262895,-0.009222388458942755,83.58489511399266
1370.58652824722,7794.977920982784,1384.767591022331,0.7009269781060072,1.002589431561962,0.6982993505516019,280.44031387171685
1432.6756807337356,6183.014688538159,3542.0517707536947,0.6237568463060856,0.8035042124603251,0.2715624544642143,216.28696982716156
387.282895551024,4385.9524947685095,1551.0867744706181,0.8377273005411275,1.4896730114920822,0.47748812013226083,350.89622225198764
975.4899086777444,2615.7143111862965,1510.4277455156714,0.4567338145180491,0.4841474186421244,0.26787409406020507,156.47054894495892
851.2765655760467,6269.637504400036,2289.966836997499,0.7609080638830514,1.190503505811317,0.46493628773124296,298.77065630245255
481.6565813789768,5293.758824299894,3589.8262845048694,0.8332045236704622,1.4698471645339444,0.191806857111596,342.3336660322467
1864.2405942904156,2183.848197222401,2671.495752987179,0.07895271554396699,0.0597607757179398,-0.10043522367623281,13.36557235200204
1199.3217455514082,6041.749548642985,1515.558228292518,0.6687446657658656,0.91444686990361,0.5989158379344088,261.2811703799085
691.6257147049929,2326.049115104802,1275.232799271983,0.5416168050025492,0.630875795750679,0.29178951843398715,198.24175423460554
186.79726923573753,2985.4427929177446,3844.3731259420074,0.8822300544618652,1.703488708343728,-0.12576185699627182,345.67686816132465
1390.53979644368,3671.840495467454,3017.9453637837155,0.45063795428768666,0.47463499677789767,0.09774530087263326,147.60915326645667
116.56428944018809,2735.805253003988,1812.2726333709302,0.9182684514297267,1.9056281879098274,0.20305998325066216,398.8221977584717
1082.7193069477762,6513.9632607443355,1937.9499043818935,0.7149494407177307,1.0435645702161982,0.5414174597418124,280.14284363820497
592.5722846172455,6636.369811274196,2872.6143337789345,0.8360556006190557,1.482368789755485,0.39581046930838276,360.15425328482627
620.7942039504568,7722.488722446539,1761.440257264461,0.8511870663256682,1.5508248139631806,0.6285420818002777,382.7358541152376
360.84703989004345,3808.3715154959564,3290.3114822152565,0.826899436664296,1.4426107461352435,0.07297973911143167,333.67437831206723
602.4458445625869,6280.554476155681,2274.5805405191823,0.8249467334291238,1.4344121179223919,0.46825373619004,350.73541790080543
1751.531084165815,2282.933184940668,3374.7830413359693,0.1317156542226182,0.10384529216765459,-0.19298420290705656,24.952655615704035
433.5038692754739,4244.848696539573,3615.740043887184,0.8146766992934877,1.3916372601030882,0.08003327401379874,323.3822228478417
306.7940852358549,6744.150982492834,633.3008120360696,0.9129778823277171,1.874394437560133,0.8283144830794066,435.8857434639843
894.9207238308985,5277.596305586076,1037.3825235012794,0.7100305370010641,1.0289786635595526,0.6714533644804225,289.3686393979542
768.1450144081875,4026.930583233845,2451.871921917488,0.6796108844975347,0.9432849308033403,0.2431095344889598,249.19399935850467
1226.531099531574,3506.408418903713,326.1242210667175,0.481704300257816,0.5245151116784277,0.8298126841345623,207.8408542858769
374.7708226787294,6470.9229405323795,3945.6896321987037,0.8905090306148343,1.7476402297521463,0.24242365648712735,378.6176279056994
654.7695398791042,7776.943692293473,397.4283189106152,0.844688849757587,1.520979174423592,0.9027623605049373,396.81947235296184
1883.4070336342995,7111.491469174519,1960.8775335108915,0.58122772962101,0.7098386016265208,0.5677253574641118,227.61696779461653
682.9256175063811,4356.07221776424,2824.128770200139,0.728943873287385,1.0861351625123972,0.21335662468482758,268.3573772841714
1815.6183274964276,5460.428803553787,1960.3085014731744,0.5009327743359929,0.5571353639429301,0.4716674580621377,177.8435923155493
1953.2307588339481,3059.716294951911,3732.695714877645,0.2207255580450628,0.18715798144757131,-0.09907812112291803,54.2516254013307
1445.949306441442,1761.1207539180577,2271.558501766002,0.09827395144059069,0.07548787734521627,-0.1265753399559132,22.143458237010638
1322.094993388156,7272.542896108815,2598.540273775496,0.6923442242168254,0.9782986551032735,0.47350453252381963,264.30019502845494
273.9737797267368,5897.579624107422,3665.4344302185236,0.911213996783327,1.8639919706367638,0.23341440062463842,395.32373227448977
763.8004667883857,3206.8082769493694,2633.8140931298867,0.6152728629832139,0.7839589814591916,0.09810498734805248,216.16054087764505
1390.3368326547472,6814.946623953255,3447.555237903606,0.6611118091561806,0.894679604702314,0.3281257758634149,247.03393817542687
403.99675587869524,5738.8464551356865,868.0916655418132,0.8684658740472018,1.633685312514954,0.7372181636774873,397.310876237998
738.389132070059,6725.3788447907955,602.9133767410049,0.8021403841169018,1.3415665910685928,0.8354559673842513,357.7928542106976
1734.431733711547,2065.6483191271454,3639.2421111767,0.08716042312872237,0.06638544182743693,-0.27583243026280374,5.0
1015.6390235742373,7904.973892616529,2565.7243886413085,0.7722938920223708,1.230255238550474,0.5099229640703483,310.0611908217211
1853.3054412954734,6805.254186552222,2686.037910370802,0.5719136851305333,0.6906064874926723,0.4339995264799433,207.2922827205287
1584.851931038796,7925.627690156176,1296.6411406353434,0.6667146149306358,0.909163594758483,0.7188021375682543,262.39145874442977
1717.1462686908799,7525.3881652537775,2219.177916163262,0.6284252374113742,0.8144252782306954,0.5445301724275817,239.37552462933886
473.8954408080045,6907.810723062491,2893.254864084403,0.8716027349982391,1.649352519207451,0.40960401936633994,383.1168805401917
1738.7667809157601,2400.2062374135007,3540.886994436411,0.15980762701490855,0.12884708732003086,-0.1919984609424706,36.955837749381125
1696.2083364489108,3027.1722195205325,3988.6160609446106,0.28178205567361236,0.2519729886447825,-0.13704003069250184,80.35675741073536
666.8866600694215,2142.6521841832237,754.3271250575394,0.5252696635988656,0.6003955304381305,0.479231955236264,200.30864600185328
1633.9084837110763,7527.105561911836,325.866046439563,0.643290911705698,0.8500674896656147,0.9170082197797534,272.74301852236965
1671.3781351093169,4920.735773909983,1019.2496659439048,0.49291588148408577,0.5433706759787962,0.6568174529743005,190.81670286102928
365.80504712964307,3556.9434187968864,661.6244846448847,0.8134955372673941,1.3867825057996424,0.6863274456489115,356.3121707805404
882.5452829553252,2628.788569830711,1696.4117646827015,0.49731622215088683,0.5508612010254276,0.21556846685052655,160.17357256429491
1409.5473123100992,5952.726107549031,2522.5750714870555,0.6170891157569602,0.7881437180842437,0.40472320253843425,224.74468592407413
876.6362114201901,4041.7641060875576,1516.4622637360303,0.6435279134878702,0.8506047319582046,0.4543359111113968,243.41029957508445
1078.6738671723383,5679.011531838035,2945.910898653823,0.6807564117528516,0.9464114845254045,0.3168840827141753,247.00803299397487
1503.5012624103979,4700.952769346461,2791.274991141541,0.5153477630835668,0.582500318231008,0.25488784364260253,181.15159842648708
1542.7101451335966,7082.429548175506,3809.225656154499,0.6422759050148528,0.847586346649509,0.3005240094654495,234.89223594529062
561.707725826152,1726.7311959409922,1510.703249575621,0.5090909171856386,0.5713164968280634,0.06672812992331355,164.20705266912975
1065.4478434878135,4708.535934506113,3656.261688031157,0.6309487921098871,0.8203510442271154,0.12579793245852314,227.81843768157913
204.6150383827807,7752.997102416826,1170.3480633373968,0.9485737592542409,2.1010478834363853,0.7376884919351161,477.1209750824927
591.4861227634981,5177.944100202355,3864.9913610355284,0.7949585659927034,1.3137405783641016,0.1451909885511785,307.1430465333338
179.49303170099995,2179.041131290875,1438.56883175479,0.8477927223261387,1.5348085017952267,0.2046854986843292,357.33739996899044
1508.996797647516,5604.08475174548,324.6467241632475,0.5757122177056597,0.698388301693867,0.8904835795219656,243.5254721244996
306.3852722014725,4091.4129498502207,539.5360431495427,0.8606642428042696,1.5955165446649517,0.7669868338655381,391.58713770776006
544.465037637405,5534.913401894613,3852.793857142254,0.8208813471760913,1.417305573182842,0.17918321248821653,332.71381722267296
343.6046416334984,3601.671121406964,2530.3675746002746,0.8258146387305492,1.437983100969094,0.1747059338241852,330.5793839565659
1361.1294172634146,1884.6941236252421,2226.8702833414195,0.16130411884842621,0.13020796721973663,-0.08322286258076585,31.02880649098726
1899.1799234234422,6557.046250085479,3454.486196047038,0.5508209253795808,0.6486149516500979,0.3098986164627644,189.41288848026346
1725.8972770988141,6761.721110744986,3569.124540993514,0.5933141198083672,0.7354528875021356,0.3090353565494591,221.9225426715887
614.4543150758146,6983.80295254167,3095.8385768299304,0.8382644088365764,1.4921359280319733,0.3857244688709087,360.0380857491332
997.2093756924032,1812.7708661512024,426.26076698301466,0.29023744652150235,0.261497580383827,0.6192454264739855,123.62916609706777
1001.5708110720971,1504.6904325537948,1293.0422480285447,0.2007450829639263,0.16736922903550044,0.07564989533079562,58.929196482386686
1737.3524202321007,3912.0958652072604,3565.937074611552,0.38494793380006675,0.3792131429918478,0.04629008635495602,122.77736892989346
1574.9462564395233,2167.5075186220047,2942.1547430949654,0.1583349581958175,0.12750727830166642,-0.15160438883118196,35.901792108215695
623.5791631718879,6788.735890766516,3999.052780608364,0.8317451001340175,1.4635441270280474,0.25859638104534877,346.8035363117016
882.5349641664,3271.2026245316356,540.4980963151221,0.57506465172223,0.6970213251635292,0.7164005590904565,240.05230899422548
1808.054574074258,6705.037138546654,1607.098028335507,0.5752296262281826,0.6974024239557077,0.6133128260364954,233.01068077833563
1999.5563495764231,5412.675373838581,2473.3119062542405,0.4604711713234426,0.49008046399608596,0.372732463648738,161.5907750936252
1223.6936478522082,5496.57758515286,1390.1402805516495,0.6358201609005814,0.8319646879381974,0.5962836555937286,250.69426945277104
1080.8546432017843,7941.99649684286,1200.4417783695596,0.7604183806635105,1.1888485440524996,0.7373913298396616,326.9902020209472
1071.188361797169,4279.521362650268,3218.5310377085084,0.5996088678843089,0.7490748533503091,0.14150212190428144,203.63488525238145
125.79794251561171,6296.744242498354,2951.1792645612527,0.9608261216907051,2.1874932256916537,0.36176391111165945,464.1309752693245
1392.7711552407673,4964.127279794329,3186.623649895904,0.5618079572120829,0.6702113077459007,0.21807851141734008,192.41027929290848
1442.5504213642218,3686.9538369577917,2043.3265891955145,0.43754782180261237,0.4545808960777315,0.2868319044167267,140.7553140299437
171.48465512088103,5657.004255354818,3308.0097957953813,0.9411563929432051,2.050841796477057,0.2620179339257194,430.40867177777955
1592.4001540902439,6573.032202830122,878.2530185582248,0.6099655021829589,0.772026645335938,0.7642680442779454,254.6732800090695
1125.6533075369612,2362.1305533105656,3948.4420162254087,0.35451659126567137,0.3390562714155483,-0.2513736186667628,95.3724885511675
1054.6556522571304,3606.9924933325533,3916.5041672646357,0.5475181225212444,0.6421990100765262,-0.04113933824307368,167.33253147772396
1172.2457341864697,6686.8763431897105,1951.019345716405,0.7016853223563428,1.0047535971782964,0.5482651293193352,287.7260768094167
354.0498746781757,5853.494977595048,2873.0909303655444,0.8859291769784035,1.7231441704649098,0.34153150823498785,395.25190829067026
1149.123831061927,3713.534330686699,2696.3801251176046,0.5273680390017863,0.6042849156892035,0.15868452105306283,184.92335546630486
1442.5477212759677,7312.518383297278,1117.5870660223295,0.6704656014287135,0.9189746459224759,0.7348581051308298,273.428855087435
1392.5561800713508,2569.8934274776675,830.2202447293855,0.29712358861705185,0.26938321650692887,0.5116514769658829,107.5806663644336
1467.8686392005488,3741.210222980165,2320.49325499339,0.43641911429835634,0.4528777447358968,0.23437586033610286,149.0023144187804
919.9879419796379,7223.777609152016,2098.133547452018,0.7740632545005354,1.2365506965562805,0.5498490572417576,320.9911327747437
947.1400639135618,4174.187226975222,3080.5966175065564,0.6301192989896768,0.818380534773171,0.15074061926045462,224.19775491516765
1658.5829310666672,5264.478779103569,2336.538580261351,0.5208527669511963,0.5924133286116154,0.3852037247158253,193.40743425843928
873.4774483901623,6416.251256354247,1091.8572643882144,0.7603539214835664,1.188608398069527,0.7091525084576643,313.9268031078746
1073.8640089333885,1814.7721874642573,3848.4939113736823,0.2564906509162865,0.22427415671697665,-0.3591075693878524,53.99742133496133
631.4371271276469,2315.1814234582926,2424.5696131809846,0.5714157658528333,0.6895160946071404,-0.023078889345457026,187.379886889794
152.99219750041294,7836.259941189851,882.1821066270088,0.961700495784742,2.1939122534618747,0.7976284978009974,474.9155843225795
1548.180673110815,3071.99911463834,3397.0383831421505,0.32981799652867533,0.3081637662986337,-0.05024538326838965,88.79467440940145
132.14237945493855,7358.631658151913,471.1167345570227,0.964718631406077,2.216038560636283,0.8796598022394801,488.331760500297
1059.417861222701,4786.4069649048815,1289.454007431962,0.6375471749319389,0.8361041415644567,0.5755485474106238,256.5584243669007
1560.9010404812368,2454.285529148073,1782.7324665805872,0.22250136399684503,0.1889450520104792,0.1584966273652795,76.71574529588867
1955.8638523847148,1952.0689313467403,2045.8200293703253,-0.0009710814507356726,-0.0006930981810747551,-0.023450150547282715,5.0
1894.3207664808588,7451.47358414745,3932.4777360715384,0.5946153540922259,0.738260605873078,0.309119017534511,210.345781526618
930.7232769063866,2425.1218616552123,3599.120962231053,0.44531214123427965,0.4663896644533502,-0.19487911339264535,127.42015558393535
348.4331149709499,6766.74770194841,3434.016535100331,0.9020592380186792,1.811374917822566,0.3267138705565832,397.1628035769969
220.7519188025949,4959.754368267689,2301.153502091962,0.914775928441224,1.884964987610171,0.3661526786013175,404.62602271382747
723.8126118173562,7951.616196344733,2286.8649764862803,0.833135023469286,1.4696044010609812,0.5532804254538497,365.50512751930836
1932.1590711199442,7742.393581918627,2373.5984323668545,0.6005688033930171,0.7512062914107447,0.5307235455938881,239.05345034242387
1084.0251781349416,2868.1003521464636,1285.4061310753534,0.451421686859493,0.47584213147819804,0.38105013849945557,164.34999993590048
865.0459138901214,4533.2296956258615,1557.0735945366262,0.6795102818740898,0.943025818339261,0.48867124653839056,272.24158546314294
663.9058513166275,3452.811096367571,2381.5284674062127,0.6774585864938673,0.9374791315402226,0.18361677736919574,242.1696496342174
170.50055754010236,2621.9604855718017,3922.060061000579,0.8778850946554012,1.6809409265899453,-0.19866984921235797,346.3353353267459
929.9575605716615,5136.021985926327,977.6068674523104,0.6933858567145226,0.9811877705844064,0.6801876949883409,288.23379970248914
862.1598491720929,5346.496945535073,3088.681299041051,0.7222716996474299,1.0656232674398942,0.26766661957358706,274.0692088765909
1491.3283329893388,6126.641699334855,3677.6354412409123,0.6084709372797099,0.7686774937272758,0.2497895788470472,223.8119777268665
918.3113355737545,1818.0422252230574,2498.3234344653965,0.32880651908830794,0.30691155313328067,-0.1576050925059568,90.67922233423157
1451.2773628277741,4029.5011788827796,615.4028440384957,0.4704119671983551,0.5060037580041056,0.735020210807729,195.58047252022862
717.5731831798907,6055.94148093008,1560.0230162073244,0.788123826652041,1.2879203423701444,0.5903281804717313,324.35975797323863
904.5525969728571,4707.7184783207595,2498.4671185823936,0.6776518506763826,0.9380310530666901,0.3065770829412458,251.13929954209252
908.811654907588,4545.9022322009805,1299.6899658937753,0.6667793493664907,0.9092933615135808,0.5553265017032681,262.759744193027
258.77214655240596,7679.620496023573,3056.347991379201,0.9348049010244377,2.0092723679857607,0.4306339488271162,434.74103042773083
1014.3679018484507,4573.646372747083,1386.9263970349423,0.6369487076013791,0.8346607464719706,0.5346331801086365,240.38550479395593
1049.381402554583,3010.6963725415535,3732.407880091841,0.48307325084615066,0.5267829220518068,-0.1070295638928327,144.4129420158516
1795.2386745832634,3586.8504013190427,2833.6796219992048,0.3328840718048747,0.31192570609320036,0.1173066361292831,112.5361216037587
1688.8684982275304,5372.950011024843,724.3649051244581,0.521690200257731,0.5939322988754442,0.7623987228912482,202.58400392166783
1022.6751006172768,2642.8765823356825,1437.1303971750358,0.44200753976852075,0.4613368218743977,0.2955255201572514,145.30879292191526
121.0923422251613,2503.071660377179,2477.257155604838,0.9077097753349784,1.8432801639865688,0.0051832932565252015,391.571640276016
1235.8740160077746,1727.8541798771416,987.6349377790217,0.166000432963614,0.13450756679987247,0.2725914963210895,64.29071790706357
1095.6629942220964,5747.069780913715,2134.2377881807874,0.679758648900262,0.9437162723437329,0.4584051517595584,269.2282683261116
402.4249693833814,4313.203704121888,3874.709425741953,0.8293228760529576,1.4530101016737553,0.05355385082519471,335.877685722556
627.0086978354789,3531.3811135102515,1076.453316227161,0.6984367860492684,0.9954071467986704,0.5327725711902841,275.4574963493626
1230.6583781746913,3284.282180887263,3402.9556044770625,0.45485068416590446,0.48120232930275225,-0.01774625448967606,135.91401752826954
645.1310932877831,5433.4294240823565,1204.828592492076,0.78773556935458,1.2864554512023538,0.6370045907217353,334.716100392636
423.3968767776575,4503.372441612413,309.46745962260604,0.8281239287533463,1.4478772918332272,0.8713992293909908,380.09773860562836
370.17270848683927,5577.081769749848,3281.4374893440836,0.8755147571777189,1.6690698382376539,0.25914537328458914,365.39220176296806
1992.896052619123,1736.6390922844905,2289.7415432507187,-0.06871016100118965,-0.04677923914290623,-0.1373696381180159,5.0
1788.4333357087555,4924.045980149556,3072.9257358056393,0.46713181470306314,0.500715947071425,0.23147765302447776,163.53732077076577
1831.9440195914055,5865.962071204281,3077.6020107185414,0.5240409539306112,0.5982127497293022,0.3117728049614962,184.72272791060624
467.54268187249716,7721.0223006286315,2830.574252365459,0.8858059542021016,1.7225438875926011,0.46347943870276137,388.30026997546076
1851.7330127568723,5217.728245007226,3671.535365986787,0.47613178841279996,0.5153360880992871,0.1739393662411145,151.0747224691625
269.2153165680637,1996.1745718158058,2781.321720487889,0.7623231936103646,1.1951386047484283,-0.1643428064554592,272.45005213071875
244.25380389184295,4938.308444582957,1686.1730331554836,0.9057401367763231,1.832231968464198,0.4909267875327816,412.9679018562755
1387.076165887275,4979.824444289768,1593.5650099315367,0.56428527753291,0.6751620445509599,0.5151466313422969,222.43506110614055
906.5801312416285,4534.251076944951,2184.8139735583504,0.6667494002714467,0.9092151536053982,0.349667265516494,247.7804239340534
764.1170232344585,3506.8008655885696,1149.4192572913678,0.6421766732836341,0.8472915736519078,0.5062865469368835,244.56917485033708
1808.152837587401,5849.669101780556,2998.259990151069,0.5277631545450847,0.6050323992139242,0.32226853105179176,186.9215888116746
1251.9714954137398,3740.59859688597,330.86512524999824,0.4984661316647508,0.5528598034091898,0.8374711660232328,198.6158852415715
1095.0570704221327,1536.630381896147,911.0497272712029,0.16779093996030453,0.13615404310212004,0.25558105081883953,52.44942708121796
395.89558760632286,7764.105761248709,2389.1577235077048,0.9029667836725649,1.8165340032720958,0.5293813211172242,417.45795770688386
243.08149258288898,5801.5821330861245,3795.956252917857,0.9195715400901995,1.913801893925414,0.20897294694690502,404.0264898404769
435.92511244533733,2785.2009539770606,2893.3221184268536,0.7293337150916467,1.0872750188438645,-0.019040367196215553,266.4318258718923
844.6331476925728,1995.517835851987,3270.9294963918164,0.40521954446163616,0.4072880412390309,-0.2421768565858334,103.9145405396995
1456.8874760938256,6969.744853707917,2348.775560290512,0.654218335533998,0.8771691889214274,0.49589088048568536,257.2084196635954
656.2131402812041,4900.051420567441,768.1113401192185,0.7637934142708018,1.2004072472857645,0.7289734353391595,316.33852110884806
1863.8620928282148,6188.409138417914,1985.8706443009567,0.5370592868595405,0.6223236018423732,0.5141172807037223,204.56833152748285
560.6456192070796,6757.887480518347,3069.8686768434018,0.8467874334949699,1.5305215991627186,0.3752655992117863,356.7377659517491
1381.6511748335065,2782.433604276207,605.2172664013176,0.3363962319244118,0.31625109199275997,0.6426920660796304,135.77991662090716
986.368035650768,1760.6736786762772,845.014905268275,0.2818689059963275,0.25205649444085976,0.3514076005469729,108.0243800876539
1869.5035792067638,5983.750467652201,1321.456406634472,0.5238907163034037,0.597939401548878,0.6382151991876027,196.95968171210743
1086.521242311003,3857.0347649591304,997.3272214604086,0.5604292776319924,0.6674545179659412,0.5891005967230871,215.6855581745629
513.9320546065953,6468.937006077412,1107.2973759391498,0.8528020357916737,1.5583259190019954,0.7076918900710495,384.8137400483599
1418.8738546975915,1702.8613203359141,3022.9563871339556,0.0909710304123743,0.06948824568379033,-0.2793368572875959,5.885315878758801
1857.8108643632957,3355.5620194098833,2924.019556745043,0.28729024149051463,0.25817193650431647,0.06872153142094514,93.84341294048198
1373.9251022900048,6218.59203150006,1436.8673896981636,0.63808442486235,0.8374160180886527,0.6246162872912009,257.53296592139907
120.45986171883098,4702.641120182841,2857.74165603603,0.9500487911632485,2.1110593640177817,0.24402196535682127,445.03018148618116
526.7300901817644,4051.0628100678287,3005.1998112316637,0.7698759633543126,1.22161539033787,0.14821769750051328,291.15721621454935
1367.876080275856,4383.258657004309,3745.299837386386,0.5243108906243745,0.5986933549145311,0.07848363519554882,171.57981725236175
1361.1201079898153,4889.102340189134,1518.980715021211,0.5644570670701115,0.6755054877069162,0.5259172822208968,207.8664758606553
616.7723810351144,7465.18107237515,1178.7431646002988,0.8473704692771903,1.5332054107249329,0.7272666597604561,384.1232067609117
1215.8778353676964,4609.573395728323,2396.3334469482497,0.5825635517576142,0.7126115091587613,0.3159105592130033,203.29581709759458
327.29827061699336,6665.324640207683,1526.3374558591995,0.9063875529270926,1.836020409398211,0.627343648145418,418.8219064447508
1380.9277861412816,5152.49071007322,385.1003961690165,0.5772725144638952,0.7016048083061246,0.8609141089650443,233.5916259002883
652.9299130706044,7606.779723203443,2353.2056800890846,0.8419000322664876,1.5083802787576337,0.5274680463738619,357.0691459125815
1617.6452881280188,7139.725342885092,3604.842954673423,0.6305637030561166,0.819465205832096,0.3289925002092366,224.6009238255464
1378.1475395078526,2018.3923715261003,2677.1247606505954,0.18849913400100438,0.15557629186753574,-0.14028963593171634,53.101580806608894
1614.6358773981672,6421.052111333982,2463.282434322768,0.5981337553271558,0.7458807887485962,0.4454773349907851,227.0681092059052
754.7993889452463,3514.2449172934294,1131.3050915249942,0.6463848416071045,0.8576054753626416,0.5129510651552699,246.04080767091253
835.9331192688115,2134.6862908253515,1079.2869279568445,0.43719944961854695,0.45402790211384647,0.32837839356359955,158.77150849210585
1958.3489708811314,2931.7191506977924,1308.8627465052969,0.1990504335353359,0.16573291872080625,0.38269663059217585,71.84622163917157
199.7119034149365,2379.5304957828976,2455.8822460627457,0.8451390967366091,1.5227292843846052,-0.015790120583359983,330.92155159600077
1344.022305200532,7248.669756297144,3914.910294657248,0.6871708433340834,0.9639420111010488,0.29862816821529037,258.7949842436761
613.1012971744223,7367.166514999707,2108.931402847925,0.8463456836217222,1.528515256037191,0.5548945522917543,363.18643758226176
136.89060451977105,6467.673443724494,1073.316594188362,0.9585466643978008,2.1710452724881417,0.715338015525851,473.92698559689967
1977.0144210374067,4979.341704527218,3699.768937539787,0.43159482189600057,0.44564941028040544,0.14743132327844805,132.40030703156788
230.20652547630652,4956.082766088683,3937.9010001816796,0.911224957579467,1.864009236611105,0.11447983182225792,400.5117999837476
1357.3740717075175,4088.300804778348,3549.5269420619784,0.5014854530448266,0.5580816273218274,0.07054019552466513,155.1771733279285
868.2247045140032,1880.3539418465991,2715.0761083806833,0.3682373208802014,0.3568508496124157,-0.18164179570335495,100.52793976389648
1012.6931270143969,3053.640529284233,1334.6024602886848,0.5019134124929852,0.5588085273648238,0.3917372106987892,179.26676029558638
113.9527822134996,6136.251157207342,1612.8724640549187,0.9635362993592728,2.2072741387289643,0.5837277753780211,464.646648885613
1692.3084903810827,7492.363309703165,1608.5286942242053,0.6314928769297328,0.821667195810827,0.6465118597488417,258.41296229405145
1313.7851051717091,2981.328984203499,475.56327882498545,0.38824204525056477,0.3836948455976508,0.7248608038650366,158.27811007045597
1734.0963601902147,6605.808449226922,2034.9341581382678,0.5841448073785676,0.7159487055081484,0.5289909094923791,232.47519490365386
945.7849102336768,4422.213643976803,2835.9572507559424,0.6476210263448581,0.8606791459650093,0.21854767764609387,239.3445565298165
1942.875146480123,7054.214483790844,562.5271136353035,0.5681103053086592,0.6828789310021967,0.8522919264448884,231.40452869540897
1631.780315165847,4379.36525943097,2010.5429215419363,0.45708175084286295,0.48471805137253327,0.3707130478919732,168.0375400232606
940.190530670554,7654.569187276491,1708.2986413050046,0.7812177275653407,1.2624133073485397,0.6350907279908996,339.7740958119464
521.6765842342058,5000.104476550359,784.1843865184624,0.8110477112739393,1.3769332109936936,0.7288571143499752,347.12583080119884
1226.0028897789095,3211.598582701894,1363.9274022702111,0.44744795241054075,0.4696915158273129,0.4038161265166831,167.61970261981355
1160.7328893824597,3618.529951085215,3843.0679406269896,0.5142627939140474,0.5805494016935885,-0.030092480561178775,162.60692017388592
750.3415626613601,3821.49523539732,2740.5807687625766,0.6717548783386791,0.9223188222641397,0.16472141831103415,250.94330352180435
1282.262473098253,4291.964229089276,2069.2614351269867,0.5399317100379099,0.6277253465319609,0.3494142341335605,196.3258206261013
1582.425315455038,4389.096302349158,2373.042698892044,0.4700093487154048,0.505355077683708,0.298138444475768,169.44094190155755
597.7407555099089,7225.633991484855,2312.659392326055,0.8471910715607435,1.5323788736321655,0.5150789979874578,368.04855125251356
1086.6877356450977,7748.193356490573,2469.9848443564633,0.7540005972486923,1.167102869662033,0.5165508379155123,298.29136765949954
706.8420127310751,6065.651446859501,3590.1966479468992,0.7912609241059535,1.299709829168842,0.25636844887687377,310.64069827004124
1659.7557198721734,6014.24899149604,3270.5480885423112,0.5674342712620072,0.6815062510424648,0.2955046705928538,193.92041374364413
320.75898565596776,4626.484654466747,1349.2644027518377,0.8703282031676225,1.6428954224931227,0.5484199921694625,395.9811713800281
961.2629852756091,2557.8807486462365,1248.9838012176408,0.45369495639713786,0.4793807993616828,0.343825457916955,150.82774282276682
849.8818613432071,2024.3147849215823,3731.1954617822125,0.40861258560579594,0.41210451894782013,-0.2965646143261761,111.37832693355234
1617.3495268169177,3420.6788658191895,2718.568313892969,0.35794346480464173,0.34347099465417474,0.11436427484660669,113.40201526367714
231.48448252192134,2327.532220171854,3756.0047871484016,0.8190832574966875,1.4096046180159654,-0.23480954665400605,305.26950448312044
1994.1246688156825,3723.5886492430272,3729.1865368371455,0.30247476288511455,0.27557952539208336,-0.000751114511520821,81.21772974028957
1826.988370527899,2568.921594701056,1614.4232039015951,0.1687780755004013,0.1370716355305957,0.2281663206174453,66.4700600018617
1828.0916774440955,4775.314462055395,3886.839405319338,0.4463185698265058,0.46796572615942283,0.10256976154393345,151.2946088766767
824.0583403658513,3253.836809666027,1313.2050776135661,0.5958413297324088,0.7408595855906857,0.4249209399705107,224.45803548990992
1961.7394452195442,7204.804956917605,1134.352600353303,0.5719784120506392,0.6907407713307241,0.7279455165760156,228.9293802635558
200.8558220031514,6317.311322048314,767.1350177150812,0.9383704596603848,2.0324646755928404,0.783431200882688,467.6074709885752
1393.334264959836,2778.699192558138,2842.1156862860225,0.3320598795222565,0.31090701115288766,-0.011282437704058125,90.62163860909459
927.623463069751,3308.6244202860216,2559.3043681607323,0.5620542098136359,0.6706768972063843,0.12769753673100342,188.86552408616188
463.9680340022827,6108.545642941487,3960.2902274441703,0.8588156503776386,1.5867404204522175,0.21335688086865967,356.4310361949051
1862.5386084517988,6502.105095068424,3386.4388084222555,0.5546639702190088,0.6561090210769323,0.315078369145052,187.70430758792614
120.11510654612756,6821.923595193547,1199.3357486837735,0.9653948610229661,2.2210204155269873,0.7009607350622034,483.0651131914478
982.8857022432087,4003.7065295324414,3440.944127611059,0.6057886200187207,0.7626778679057162,0.07559285556344973,214.92434360890616
1503.4702000206403,3891.0647998374156,1249.4294954870024,0.4425950706477952,0.4622503830328748,0.5138874108350335,162.46157115021404
1607.8302069636695,4321.454110955131,3930.497933398314,0.45766466204580464,0.4856359322103449,0.04737741753806707,143.55896285781722
710.2980416410039,2075.9125153866416,3696.0251441885243,0.490133263550747,0.5386018855929982,-0.2806878251419716,141.2743147167185
606.6505723719486,4662.135912974745,984.2150679789738,0.7697190522166739,1.2210845845164118,0.6513801314779687,330.4639208390963
764.2756203197531,2583.2966487027084,669.3611383013406,0.5433851405307375,0.634251610665385,0.5884220336550773,200.22319411025225
1259.2657203946064,7708.133310357809,1889.2287439031259,0.7191458266916178,1.0561714144407217,0.6063024957222454,301.4456609614268
559.8372736021315,6897.535378071658,2318.568559156931,0.8498566988196825,1.5446409063568063,0.4968440948154977,364.3779437833509
949.991357043162,2481.032867198055,2813.2729970910364,0.4462345380400961,0.4678089292755814,-0.0627542379202603,122.88966154708443
1804.0907375174052,3038.7960136811234,3123.4253082760956,0.2549523330487128,0.2226404641488795,-0.013733569464583756,68.20104524542175
1355.7850634261433,1724.9520150621136,2686.9760686733034,0.11983072300908353,0.0935958804856732,-0.2180507105135378,14.471174910008816
1187.81966163323,6483.523103678256,2084.8196653494015,0.6903228813215045,0.9726566447772911,0.513366885101243,270.1304039330889
1496.7761653298478,5275.163829140478,3218.7935356839957,0.5579475994084341,0.662557892677843,0.24209802391171747,190.4482641881305
883.4046564102953,3001.5299670983736,3503.7076318303953,0.5452151748772246,0.6377622694165588,-0.07719589899952622,168.23429863958225
1020.6137429532088,7331.353489858801,659.2053101492266,0.7555991983969075,1.1724737826747298,0.8350039522727581,317.4500889009094
733.1417164043584,3490.9485530675593,3540.591952454822,0.6528759235903112,0.8737413310634432,-0.007060102880899882,213.823566841731
1829.1874165394133,2702.0347711347313,669.123460079513,0.19262956400085887,0.15953304412934172,0.603030522752995,87.20953443994989
638.786985933509,5407.56834261229,3973.425923781123,0.7887034579949193,1.2900745522088897,0.15287744325950378,303.09777409778684
881.3091303867602,3553.440117629255,3057.800693537013,0.6025438727647089,0.7554970224012945,0.07496919839618403,207.5671603750407
1635.4404491696573,7042.386870107135,1736.6111255711148,0.6230760559504905,0.8019306088730981,0.6043714495143513,246.88829575482518
376.05989201156746,6183.153711118879,335.60324963549,0.8853338478640926,1.720006170132555,0.8970345873900565,413.91878298140983
538.1265402265585,3608.21412619049,2817.263389521697,0.740433030524825,1.1224406051847473,0.12309602432061886,280.9496738066173
1823.786624391544,2874.9657803480495,3266.851791443326,0.2237145235983226,0.19017350708315509,-0.06380619522653282,56.734132210753366
1027.0465761603969,7893.89454553733,627.9150423103165,0.7697447920495155,1.2212355001360584,0.8526334022689128,341.4452772387482
139.0766546791371,3796.7842261281294,2952.2398383650225,0.9293284700066554,1.9740472704414027,0.12513577956865618,411.97551406592254
1111.2972979469178,6243.163036539018,2718.7160872579084,0.6977895731968781,0.9936274150706749,0.3932709758971417,268.2094669440935
227.36678082629635,4688.023989913879,2647.575766676733,0.9074878104774556,1.842264845878267,0.27815697293541186,406.9253398945075
377.2032795073582,2841.9827454169586,3663.208342264029,0.765653008574394,1.206757616515336,-0.12624157932516394,273.3363466739564
1862.2024636906633,7867.376983652523,3556.3240239242828,0.6172080254696372,0.7884286400295414,0.37737795802704766,230.9662554479837
210.69147256443176,4837.907105473867,322.934617244074,0.9165346700610265,1.8954502784129212,0.8748519582532645,443.15725694576736
494.2389270684944,5233.009934092195,2318.9878179579023,0.8274079092899639,1.4448453145157525,0.38586109416642483,353.7953539038659
403.48366444127777,6804.233129781731,1361.5884837610467,0.8880411990635672,1.7344070362524682,0.6665152513652394,406.6399844989854
276.76055747216105,4733.042803557673,3091.843695454173,0.8895124067863512,1.742203562922732,0.20974094743751434,386.7427517589043
798.1983524280774,2210.8213510026876,2026.3769634117884,0.46946286077639526,0.5044353253531512,0.043529798197056324,153.64344023077965
1750.30068146825,5931.0766340200125,3667.5070295520713,0.5442742597187128,0.6359994974808261,0.2358232926408371,187.64868617348856
1478.5135123376108,5066.552764322392,613.9378353577915,0.5482051823113974,0.6435421314593517,0.783843375857614,223.67268783953207
1822.0331663387324,7648.294798887091,3853.149336113376,0.6152122348166447,0.7838796084190846,0.3299712121275794,222.49319182487574
733.4081494605238,5456.509216564829,1494.9314366894555,0.7630313600412496,1.1977888860976869,0.5698930591388831,321.4063205522222
1065.39526056782,4625.611354643255,2436.4934304037147,0.6255863565391063,0.807746077962298,0.3099809462703972,234.9645230955618
1811.4713872160592,1530.134505211229,3662.0153359150363,-0.08419211929156598,-0.056721315599034525,-0.41059693874912684,5.0
465.0665445992825,7065.201411726275,3360.468485445545,0.8764807447132451,1.6740393270099005,0.35534723067822904,372.0945524676596
674.9520619836911,3426.500046227795,2059.9973745125035,0.6708716598358856,0.9199778708882356,0.24906649300526626,244.2050865916219
1048.0718784301425,7818.596050214138,1893.0130451500547,0.7635928429379693,1.1997645060206887,0.6101546042748455,316.0021684803433
279.38374780132233,7086.901507820297,673.9470135333181,0.9241452812188663,1.9418528380305413,0.8263213069828268,458.14152368654004
1003.6686392857449,7876.64460306556,2197.052321053158,0.773956478272387,1.2361773102182978,0.5638041648692411,324.8551568004862
1276.2779379039491,4230.32960561848,797.4791892827436,0.5364558203631209,0.621173428214905,0.6827726661233158,212.16574609361982
538.2871862830443,4314.600580628179,2397.430411589295,0.77815799065358,1.2512098702878456,0.28563190053445664,308.9776489487431
864.6924069255881,5850.92931859695,1422.688432740864,0.7424832896675553,1.1291211688242204,0.6088085787066284,296.02813442272134
1966.5450287765475,7437.016769304384,2530.0060974770904,0.5817446471253584,0.7109203804350792,0.49232461256703514,216.65564546913936
1896.6076138708106,4387.16106660154,544.5730886821763,0.3963470934367953,0.394879499134867,0.7791555376161895,157.8445709970673
1712.562074059108,3713.0053276016138,2517.233878466293,0.36870673702468054,0.35749325062060383,0.19193026293096027,126.5631999015477
1812.4326282536292,3264.326661149491,2858.580458113046,0.28598835395652056,0.2567012018655989,0.06626692109924533,93.71659635200132
518.0550793032546,5442.590377977474,3270.2956432373935,0.826174838470369,1.4395991797818604,0.24931976950019488,334.9834974024985
194.27046773707937,4792.124723524422,3248.584714701699,0.922079794823093,1.9290355199141642,0.19196564936082072,410.77475345212
1669.7141881060807,7207.420854163497,491.33459694664964,0.6238168777499862,0.8036514165253856,0.8723599936371584,253.58407225496234
634.3967568947564,6874.01939488979,3625.738953333107,0.8310171560857116,1.4603943947493367,0.3093671619401691,347.2443214143527
1412.1767274250242,2073.8403760683736,3491.2051086561637,0.18980504937582776,0.15682353885246889,-0.2546905925968828,29.128783903470307
538.097983044033,3747.9931107610255,591.3795762680089,0.7489096840726355,1.1500744755113272,0.7274354524102346,308.37259531534926
944.793589685582,7956.675144318304,1375.2958108714565,0.7877218651635989,1.2864481225075068,0.705250730455983,337.1871684405712
898.2909507415503,6508.814314924805,1115.354610585769,0.7574515498560382,1.1787249602188141,0.7074160811921455,313.4197205171852
485.8167681267743,2965.272595681571,1572.7753668645835,0.7184559904007274,1.0539801079493774,0.30684938546327134,267.9704638258661
750.1918734969964,2926.3121246809187,1758.6686256580247,0.5918993292732754,0.7323588150285408,0.2492312265507574,210.7121223442519
1437.2515481023243,5777.26451979891,3575.2240604813555,0.6015667482403384,0.7533816718398516,0.23544968167350777,208.84051018752695
396.43017317681205,7320.656085374768,1079.7365159130054,0.8972591052261096,1.784550682466128,0.742931891988251,421.27339226865445
1010.4733390567267,2846.6253506441876,2781.0781162914063,0.47604486139134655,0.5151672590192788,0.011647243804909628,140.71693780252735
613.0529903263679,3859.140216546339,2646.985994903644,0.725837877600114,1.0765090015648235,0.18630966908129493,261.36758675358004
1668.9804632292235,2500.3442996155704,3346.8961163625,0.19940011476095584,0.16607046582917034,-0.14477800746637307,47.73475681497287
975.4351779769102,7586.765646244367,2154.2772498808854,0.7721531651993921,1.229751704304685,0.5576906347437092,326.73052428013807
973.523333657253,7888.65776142497,1612.3362163016789,0.7802971246914314,1.2590554727665129,0.6605963080469673,336.3111169145742
1404.352892460663,1596.5408430620002,568.4928922395629,0.0640435708410116,0.04793358542568338,0.4748415387644762,55.56389459883053
1872.3210669541002,2025.2459765078515,2370.8605561477298,0.03923599204561271,0.028831621714961425,-0.07861833579189503,5.0
118.13975091445306,4714.629988721534,2864.4604680447137,0.9511088846542456,2.118405813728474,0.24411498068095527,434.6571202299799
1995.835918211151,3917.021112444714,1997.392187176,0.32491656469081664,0.3022054941358744,0.3245679372909651,115.94082333280615
1748.5152599716857,2559.488321713663,3484.668500402758,0.18824800076801831,0.1553400180480781,-0.15307018096397834,51.419886431029894
1724.7968241096496,7516.223101605151,3124.7549296433085,0.6267085585166965,0.810397538041931,0.41269403607949334,243.36424676812794
388.39577436853983,4825.313921422636,1686.0273690920922,0.8510098193201737,1.549920087035804,0.48212594176587137,366.0035396530544
521.4817081486377,4395.348173611666,554.7896275076926,0.7878788890064756,1.286958049687372,0.7758488146450532,347.92483505465856
830.095109886745,3503.350694559901,2675.7359114682763,0.6168891235037898,0.7876488989054119,0.13393804549531388,219.42657990087062
1504.2137271685908,6590.724454292549,1675.2406271769628,0.6283569574557868,0.8142582613026649,0.5946654477818157,256.4655254977956
1825.7808571894932,5362.534666376168,2195.8818545135614,0.4920142691427525,0.5418412440928198,0.41895717213939554,180.05734093574145
1022.0935558193315,4331.577079610874,1548.201132496211,0.6181709239398196,0.7905971695504722,0.4733811117075838,238.75777824030985
1491.2255709260824,7666.134941885492,1105.0096869624688,0.6743110486527326,0.9291452788669465,0.748035237339001,282.88265129027803
252.5066269044841,1528.3852273164318,1877.3737512048754,0.7164267704810618,1.0477172250338471,-0.10247011781717309,256.7347831504481
377.58947483604123,2835.736024099382,3089.67586175637,0.7649852308185838,1.2044370275723362,-0.04285606511511861,280.78777690797335
1032.8953533674567,7505.481686338657,2589.518374311201,0.7580581534539409,1.1807967350543085,0.4869701121352964,310.25553366099314
1780.9478923157449,4577.70167277218,1052.8252378359214,0.4398345515645551,0.45805203463606536,0.6260295866216791,176.9160139024953
807.2214904506367,3228.969854690872,3911.0142773305765,0.6000083139158806,0.7499252861239789,-0.0955246412222882,189.66647537004843
1565.338176764727,3474.521595083498,3988.649524700049,0.3788167735547562,0.3709298431005644,-0.06888866961455566,118.24282270411834
1775.3103210241593,6979.9651033924965,3684.0794377895213,0.5944592864844858,0.7379212042473128,0.3090652568606572,223.5357545981952
580.7500555769236,6897.222672266747,1554.2672403529011,0.8446771398785975,1.5209094505374312,0.6321909493500817,378.0958537425723
946.0435364141947,4677.533821340488,1799.7976043023339,0.6635438701873954,0.9009087747692204,0.44427805642325685,249.1474068218354
1020.6689900679659,1713.7296428981558,3917.853434373392,0.25345999088104315,0.2210369064457569,-0.3913861805536443,51.08773246885505
229.8263124472728,7789.45474142291,556.1852180471188,0.9426815667452638,2.061099425195666,0.8667123860646885,474.6405441618923
323.48915067581396,5575.358114304439,3237.7245411283375,0.8903212317289732,1.7465957994460568,0.2652458469193903,376.3617068108047
1908.6070889346306,6623.6580750209405,2909.07779967568,0.5526142114584481,0.6521039741720686,0.3896657081222038,200.79831058835066
959.3170147493665,7898.432438955159,2327.2335448244535,0.7833948634119801,1.2704037770469974,0.5448250414616665,328.7976770067233
788.2979443654425,4664.494673159065,953.8458308600888,0.7108645055792526,1.0314210336602514,0.6604528221427772,285.67377438856556
433.78374609854694,4877.941114267308,1743.6105203626566,0.8366693464288345,1.4850204083494547,0.4733528886249417,367.1032572182598
1056.3139265272835,5511.647126606855,2654.7517171162503,0.6783434255102967,0.9399016209099569,0.3498354003780563,262.1963145542768
726.129671050041,1745.0637108031467,1974.2326279307554,0.41232468766837904,0.4174014678925317,-0.0616162026884915,112.83223370339842
1437.986272916459,7876.223703789636,2239.195622051383,0.6912274305908215,0.9751866551375148,0.5572708258154494,283.88350898691976
373.2874342378506,2404.9704027223856,2721.248242247411,0.7312794877152844,1.0933148672698876,-0.06169807832400614,268.37433295407726
1537.2699598769286,6136.545931729378,3892.974778098003,0.5993466661460871,0.7485232671095141,0.22369674666600223,215.91341464778904
1305.9721630509907,7739.350808274841,531.7979373453521,0.7112381354327286,1.0325665665884,0.871408929004533,302.59332407779755
1796.2469484115538,5749.4788182102275,743.7372219104877,0.5239034642315965,0.597961234800062,0.7709186887667085,204.4426388575957
1481.9230898445496,6803.444250217721,1112.935882671432,0.6422794477680813,0.8475928573274729,0.7188270739028622,267.56475431624835
877.0851253254214,3580.3851471016987,3126.32973124738,0.606465070085111,0.7641711448868848,0.06770161308816322,210.05893542656082
1524.918766248831,5763.765242970537,3700.168778310935,0.5815654061526709,0.7105349856801995,0.21804848383358977,194.2357906493817
1886.6431967870708,7125.536984780771,2336.3048918618906,0.5813125882821599,0.7100158942957936,0.5061627698762682,217.68618819036578
235.94665665911305,2390.8985269755726,2280.534339129389,0.8203573940792205,1.4149096919687556,0.02362533958763273,323.66109346091906
1182.0237019652702,7255.545400973973,1600.668696864798,0.719818898570343,1.0582016040277569,0.638520776598055,298.0656090665605
1117.32825958497,5366.167370876771,2469.622732968473,0.6553315299040121,0.8799583536535391,0.3696557206295286,247.8416949574797
1946.3294950261486,4649.678810834583,2981.773815236228,0.40984625701526006,0.41389648849041494,0.21855668600783132,136.55787791993126
1315.7734558119646,7528.388938855701,3731.7632846728206,0.7024538000440833,1.006970229969473,0.3371735637740768,266.8488386203096
709.8614890108353,7813.144213976688,2947.6030682026985,0.8334246123574166,1.4708644259173402,0.45215643651250303,358.48776590759667
743.1374904158571,2269.790859330212,3996.92088787536,0.506700854182716,0.5671398687055293,-0.27560387296251493,135.24576071873457
269.90175273040694,7973.775641173626,520.3893268403898,0.9345190889208616,2.0074328770387417,0.8774713396222641,462.7561632179714
1291.4349128316453,3186.3087023684334,3285.642734205447,0.42317603506402257,0.4331766566051556,-0.015348389553777427,121.92949048691126
402.44203124385047,7585.362577846431,889.4153754345081,0.8992358848548996,1.7955479306754796,0.7901029665360777,433.52056893235715
1880.6060479693654,5770.9229977137675,2482.4458214515766,0.5084365394170226,0.5702417734616552,0.3984405941277578,193.64697736061288
532.6668240881022,3294.641575861996,2908.847624685159,0.7216493844834286,1.0636656066235848,0.0621898319869114,262.33885882390143
165.09004974470764,1993.7307124491242,3219.8828137786186,0.8470553433065302,1.531385807198856,-0.23518277580913854,320.8222989340693
1948.8273680609266,4915.864529427473,3750.999404043542,0.4322170907655573,0.4465785301288995,0.13440445519755684,145.08402203280494
1775.1831945968252,7152.162273010726,1900.7247295363206,0.6023043576975607,0.7550129355766205,0.5800842914991449,240.1738118809981
981.2586525834683,4257.6467426133295,2286.3656420100792,0.6253955439638911,0.8072944854597492,0.30123431687476215,219.56191908745637
974.9578867972449,5711.837607894411,1905.771044441496,0.7083930896569466,1.0241826871577417,0.4996406007003471,273.330408285568
114.42416854550065,5911.422041077492,3586.6803906797227,0.962022207322921,2.1961762449121296,0.24475853643988524,454.18848358005334
1310.221327231654,7426.631264917926,1483.4390651977717,0.7000701765853354,1.0001351050700698,0.6670196731181091,283.92782062425783
528.0668679774103,7458.216286540531,1823.4019027693207,0.8677565375045448,1.6302217835304011,0.6070939644612877,388.53149304017626
1620.9613128147644,5145.5912909327435,3816.539173613509,0.5208900579070425,0.5924799721324756,0.1482964483086475,180.92488613704012
1604.3599100220697,4211.840217840071,405.32659659527394,0.4483133747201574,0.4710384363922493,0.8244262712188549,189.0037094511819
1821.334001404817,7786.200869023042,3320.5419971793085,0.6208530020908198,0.7967942251602987,0.4020673680157482,226.44833800809064
901.8403441770116,1890.1319120394196,1024.495588473343,0.3539761418860677,0.3383552524773925,0.29699723999611966,125.90299617412427
1586.8771448105815,5584.26246453664,839.3079345066943,0.5574267880600511,0.6615328858728263,0.7386786840536433,215.21594752737167
566.4549452210324,7569.339832316864,2540.024929147396,0.8607499424111995,1.5960526288875339,0.49749069514665745,372.8472343266598
462.7437337799254,1777.4508924611096,2639.8276571780475,0.5868718470681913,0.7215873681304532,-0.195228069688328,180.34262204871231
1157.9219694670096,3995.554998959471,2249.198787802986,0.5506249559912665,0.6482114673573631,0.2796517317590223,196.30529903086153
1266.8723412564614,4927.21354626502,2392.4197454264145,0.5909413060919432,0.7303476824506443,0.3463006546201661,219.64797200959703
1098.5043997965572,3096.2248544874565,855.2073799367904,0.4762453863200854,0.515500786072534,0.5671405558875942,190.6077207589983
626.9622710261968,2876.1094559003113,2914.3508262646756,0.6420499948499199,0.8469599317665153,-0.006604202169479697,216.61869641947806
560.0539989978015,7053.429239488509,2092.459128755405,0.8528783785605105,1.5586963740099873,0.5424262696465892,379.67623347080666
105.88523387943351,2888.61656381384,3557.7743265068652,0.9292802332423783,1.9736086495345737,-0.10380347297802964,404.09356744994574
1316.4617109155995,4977.303175274632,2844.4691522857834,0.5816616174858998,0.7107285442608751,0.27267912352818297,208.52761272551535
1668.377176115739,4533.992931704299,3490.759521731418,0.46201947083317885,0.4925344314796125,0.13000194285073918,147.93180776278925
1525.0586153044505,3891.4155398192106,3024.9416960587605,0.4368814207004839,0.4535764693349014,0.12527893139186294,132.71192646502286
1974.2491298125676,6061.884160764609,2395.3963572154094,0.508656947643759,0.5706316362761488,0.4335303523775504,192.2482243526626
968.5093179961764,2344.300361271446,2305.7257216060816,0.41529431994539684,0.4216929097562672,0.008295574899914991,129.8487511471292
1379.3857790258044,7857.750479982338,2306.6242409271963,0.7013390859031047,1.0037710785592067,0.5461355362164646,285.6424555530995
355.68780429276075,4148.737427490651,978.5186053994081,0.8420718354013076,1.5090434286664511,0.6183071025002025,371.3196621424903
580.91480719582,4478.533050720768,2017.0897695245603,0.7703643465078757,1.223354529167096,0.37893876367721496,301.61848863435654
1810.6334537210676,7951.041385295073,2831.355427302408,0.6290322134478976,0.8158561142855776,0.47481891517258246,241.00132294583452
955.6676356206008,6929.884347533054,2908.6456134939604,0.7576155383818267,1.1792871149779613,0.408723533857146,307.0304761301145
865.8265307180344,6840.11657800753,1696.145903097168,0.7752834354239426,1.2409131857566598,0.6026022144579212,324.64146922587526
164.62790957447658,2816.6742765720146,3467.3825100147183,0.8895597294469181,1.7422723512552305,-0.10354906956412073,370.6752696889093
418.71288999835076,1601.6706493003442,3088.2478404051462,0.585511481214653,0.7186954503317878,-0.31697292693911633,167.9068596136307
459.33623284666544,6850.246144467972,3383.475314396489,0.8743194317887764,1.6630411677536785,0.3387595454564383,372.63111694128287
1772.2349121510356,1726.81047619494,3465.7852344710063,-0.012981951047107174,-0.009186883686063397,-0.33489508038709775,5.0
767.2373116708338,5715.0337207610355,2283.486222963229,0.763281322791392,1.1986570916062376,0.42902280940878534,301.9522296160527
1764.956458183616,6604.045387593791,3293.191912688712,0.5782157798511574,0.7035693049328615,0.33452299607649627,216.39182040113147
1109.6990928236994,7914.3233995711125,1786.0120556955837,0.7540566650546471,1.1672926754974486,0.6317628262965341,310.8809378411729
824.6957295128087,4878.64743933202,2392.8008791338434,0.7108026974869035,1.0312436940631629,0.341864020891615,267.76429644516423
1223.860063980299,5581.898740341379,430.6303029347588,0.6403457426309858,0.8428784509027589,0.8567556845834401,264.39563754458226
1613.7817786231974,6988.2091507314,2996.7351566741586,0.6247887745548523,0.8059110583282904,0.3997492495473536,242.13701337171318
480.5864445640323,3372.2544288749214,1647.837007690773,0.7505287860433558,1.155415075720022,0.34350318965909915,291.9317248957673
1318.7285319048992,7593.659214712615,1817.0841616896569,0.7040684113508355,1.0116267458149735,0.6138277096041179,280.59930108036235
1561.2297036873176,2483.0659282201095,904.8604598598737,0.22793492568447268,0.19445651788057272,0.46583227824758305,91.68119341957379
314.4940387711925,7385.03194434865,3971.737859280349,0.9183082075650288,1.9062171952397393,0.30055148988553493,415.511803630003
461.9384511938158,5943.549192315661,3283.304749013771,0.85576790485584,1.5722514921501853,0.2883154388190389,356.23939900764964
966.3579163760998,3030.638988157726,3966.7006563750842,0.5164580109941136,0.5844651722206896,-0.1337739363294951,157.77171586383506
1320.0690756962624,5124.80619296033,1332.848933083576,0.5903507760929559,0.7290879903404737,0.5872034330226895,219.68233229252735
1153.6211090567595,6095.7458306962335,3449.928317080177,0.6817319032172118,0.9490600236164166,0.27717450568488183,255.35744832184227
471.64714309775036,2938.352530711246,3250.770757535946,0.7233740829466979,1.068904811974465,-0.050478591591071806,250.66825504715243
1465.9078059117685,4564.061944225568,884.0100875299097,0.5137926500758059,0.5797223349424445,0.6754778267559716,195.74112581433786
1447.1829505497496,2363.202400631515,1150.5037400707588,0.24040073783020074,0.20729486876071573,0.3451337737575414,97.30575046036809
1692.4414647562587,4949.444782792033,1924.7672299572682,0.4903732458151708,0.5390571237866694,0.440003530118801,172.32935299239287
557.5532284851568,5217.915759084381,3784.6483975127603,0.806923652403421,1.3604141116691204,0.15920657009282244,326.7676365668167
1006.7711331310833,4506.333459622701,2183.619959312152,0.6347716186006226,0.8294405365486767,0.34719427094802824,233.11670192011655
1098.638636381485,6677.401121343343,2450.3902433509306,0.7174297789182993,1.0509918157315439,0.46309240742280033,287.38204692521276
591.7001291079125,7477.183632614785,2537.940596649431,0.85333779813721,1.560854983204235,0.4931784092143056,363.575563524971
188.43032733805296,4063.8495741217603,3594.2241193041004,0.9113744475150604,1.8648206690466833,0.06132422767875551,398.5170539907166
799.1572811050459,4065.653048895462,2667.380947103986,0.6714538790906204,0.9215313744460927,0.20767340583971666,241.9417521507659
1260.7566837020895,2901.064931255434,3339.4871444762493,0.39413228122607885,0.39179567832843176,-0.07025375444834467,108.84172384922468
1676.1246146534638,6824.9878093166935,1507.89535577211,0.6056693450541333,0.7624450426747696,0.6380855638517564,237.31398378552439
1329.920247626299,5395.276114875555,570.6985805734568,0.6044962328999415,0.7598342896308405,0.8086821985976104,241.14594685792144
1024.9321596238442,2694.060796143295,1804.3684408949375,0.44881199182759346,0.47179027098320053,0.19777844846934903,139.64463608892765
1202.786074175435,1651.9959002488065,3949.3443683887376,0.1573534616445151,0.12661341444498278,-0.41014263686012237,16.744633540079867
1175.6341159922717,7053.13204038696,971.6767936554545,0.7142623586555539,1.0415232989482546,0.7578317903568307,306.33871699002054
734.4540812376229,1618.4297035837299,807.7804513976322,0.37569880317634385,0.3667246117204098,0.3341216135739913,133.17745465782326
311.0822610117988,3758.131994646606,3040.28025759996,0.8471045062310106,1.5318517453884841,0.10559108661052993,352.14980739395884
687.9907069442828,5534.057673675858,3343.936149129279,0.7788539512239734,1.253768499993173,0.2466910394411477,300.04292681096183
1198.7329563748578,6165.987841888236,2903.5390319000853,0.6744661503000081,0.9295440377322908,0.35971543554903407,251.75234574962
1563.7436485012768,2897.7281433031076,2084.1601543732722,0.2990009926664396,0.27155033247490484,0.16330514458663983,98.97271024837994
1366.2045355339146,3683.105837001931,2651.1511374222755,0.4588549980233392,0.48750870202816987,0.16291645627631726,154.8234796597798
1593.3602770740638,4227.7200342282695,2949.2497519488766,0.4525551299449901,0.47762389566912705,0.1781351071818072,145.61165625361141
1905.611222082846,6631.341677912064,573.3175006465357,0.5535617345714152,0.6539532960913477,0.8408481270638924,231.3689121023024
418.04731841631667,7486.07989659972,678.9826924376671,0.8942204983570526,1.767827743589597,0.8336858571626558,416.15713180817505
1487.0800294162102,3258.944071123233,3706.5553942872325,0.3733365031021002,0.36361072428853974,-0.06426119552840444,109.7911106877457
286.01622328941994,7497.226093561577,2127.9759664690027,0.9265046076919802,1.9565218006708922,0.5578324582744066,431.1574953556858
1424.1093355194644,6712.330029572105,2768.2182244620917,0.6499428627331979,0.8664676778536208,0.41602148937068895,236.95934419672108
1959.1211193994407,4350.660883817058,1162.947969830965,0.37902098088641983,0.3712098305000877,0.5781536191670218,153.43468519340325
1248.1563355040719,7439.506685582809,2524.1032144332657,0.7126600484317014,1.0367683586142231,0.4933356002474843,277.01574964998815
472.1100821407825,1803.2111604831944,523.6934831218836,0.5850167672246248,0.717671944503294,0.5498797212545297,216.2243735397799
900.9447252457913,5764.651802960996,3648.7601294780293,0.7296731892492735,1.0884360600353924,0.22477415080144728,282.725500851066
257.414329652438,7804.407247282115,1610.9867546889461,0.9361399089116562,2.017935589171092,0.657797272279717,455.37237086494025
493.45667705546225,4408.564111612776,1849.462148387812,0.7986721400302921,1.3280006300138347,0.40893116399543405,333.5901069564089
1272.7031058368655,6505.745569587061,597.1640596883163,0.6727617139920553,0.9250257562776505,0.8318536793308,290.8791541674773
1038.4179992660754,6237.346984563865,553.5696369449117,0.7145542765795239,1.0423830001972931,0.8369676236017736,295.8152268095514
1842.1727992871781,7188.99182968712,3451.0432176688187,0.5920409215721669,0.7327208574009076,0.35130980255519706,221.03660610504812
1618.7591817899724,6834.0588375298785,1612.5745735787693,0.6169894635378133,0.7879232133326122,0.6181734200120328,237.59015620029834
1753.4320379062253,4201.7031850837675,1776.96971570849,0.4111193205680355,0.41571385321377524,0.4055638281613303,142.660551573167
770.4747605266882,4355.2497676511375,2303.2507899073644,0.6993694231358649,0.9980888044246873,0.30817733808045367,270.2407613371519
1853.2638168646372,7276.05538960366,1536.0319701681385,0.5939973671095731,0.7369269709799948,0.6513806757055104,231.40721570900664
1099.8380641795452,3827.7503921379293,2323.083795026436,0.5535998697105946,0.6540012945803232,0.2446280538673635,196.4409289335609
901.7604879786194,4910.484982200255,3212.5713534467172,0.6897032333028016,0.9709130710171459,0.2090239878176693,256.6208884095667
254.90554431011688,5357.673475725323,2275.7955202691924,0.9091663408729733,1.8520212167328673,0.40373229480194944,402.2336794449339
1912.7312663049197,3971.857256440717,564.9665926320707,0.3499184321599991,0.333208193921311,0.7509417990195909,142.97353258952262
1832.843389962994,6971.494266264619,759.9706931117142,0.583649909437904,0.7149107182898208,0.803408358569416,230.22885667918197
1350.534914359029,2807.545800485493,2969.332692992169,0.3504046664064191,0.33381679845552104,-0.028005936538449645,106.52416492652243
514.3022691833808,1541.6617881288944,2583.051660563479,0.4996972173671485,0.5549124870733617,-0.25247568955662913,134.6716123792066
215.80557716127657,3949.1615717453283,3784.599078473696,0.8963710541313076,1.7794849994497397,0.021278456974963837,375.01526166718816
261.20604349031026,2389.2725090031604,988.3103812205954,0.8028989567593168,1.3443220149468005,0.4147824562419466,339.07144711981283
1424.0137174203292,5729.646731401969,1460.489606053267,0.6018783033081468,0.754065629397594,0.5937519018263717,240.9582403614947
1269.695789550468,2639.394302068842,3913.115852832615,0.3503880647582106,0.3337937550699249,-0.1943868106204471,95.54730247769622
1183.3539580734266,1777.6031077553814,3244.4591542861435,0.20069495648526814,0.1673238627864938,-0.29208240951644154,32.584184335111054
1532.7308266324453,7470.862428848309,866.8894983900528,0.6595290827849889,0.8906352695277742,0.7920567782895855,263.1561868374564
1955.7415174487876,7557.460473297626,1207.6445152652825,0.5888363308914127,0.7258779362962657,0.7244426581990081,230.83973529917665
1266.5825439254686,3916.239110646814,1260.9257479490032,0.5112382294444922,0.57517532327941,0.5128894742025101,186.3761306396606
1487.0035339336785,3178.1040905092623,558.2222429114423,0.36249979472124566,0.3493684503453801,0.7011919230561582,140.72366458484777
1780.9024685164018,6192.701451288234,3254.129939274542,0.5533004933014815,0.6534404577511956,0.31106424897539836,195.47598367073346
1276.0173489585438,4841.653898979299,2015.5766773101684,0.5828421314139468,0.7131981737894627,0.41213098929892256,206.45215775702775
282.6758661072362,7714.90798915323,587.816133716229,0.9293096836025148,1.9741450259446895,0.8584040309068395,457.89863589564254
716.8421211244065,5573.565677374241,2854.711583122253,0.7720840541748216,1.2294732738517236,0.3225871681598237,308.27919444241473
1889.3350886618966,3431.005337110957,3522.6616693984647,0.28976909836278797,0.2609812757035007,-0.01318100682539528,90.70355804401345
523.7896936912969,6826.57227084688,2586.7332801319276,0.8574792107798065,1.5803877470800307,0.4504091540748594,371.7314215532754
1564.7597348015936,3806.099171967976,532.8672590618966,0.41731489798103344,0.4246357984522501,0.7543805567942093,177.85726834740925
1169.2962503248411,4791.525448157789,3445.8208591136795,0.6076727975519448,0.7668818316098875,0.16336627582269184,217.58007925401634
645.5000251307922,3349.7361639483815,3038.6307200441065,0.6768651489322838,0.9358855379667509,0.04869874406166652,235.8333933699917
1497.2869607643127,7568.656363839123,1894.1527016590328,0.6696897592474963,0.9169381252533015,0.5996637597042861,263.22516432911874
303.8664724056298,2229.9849745821707,1710.3565692078557,0.7601544690814939,1.1877350614278497,0.13187395038416777,294.4729235235973
1110.252656714636,7710.070512048977,3206.849225182632,0.7482512520582868,1.1479871554819032,0.4124992575603387,289.5033965443126
1058.6030280589073,3327.885886371395,3728.6639339494322,0.51733468431434,0.5860446019866343,-0.056795184293479656,161.14480385948963
873.2776680166636,3639.1426140845997,2633.623766661419,0.6129448882290354,0.7786949763641098,0.16029910668270347,213.6338162522969
1274.9489800898775,4768.114838200325,792.257893667515,0.5780455018462378,0.7032006727101309,0.715034249598265,235.15753287892224
861.8759695983758,7397.773687564156,2162.8936497400646,0.7913044727637729,1.2998970518099615,0.5475433725061083,326.0557215910056
380.3130161265467,2457.728165430443,326.7392553302823,0.731989078267077,1.0955429719364216,0.7653129260721088,315.64744309045045
1647.03197518086,2732.5605210551503,1696.4124848971114,0.24786062780027468,0.21511371534833926,0.23394769724980782,74.80511721992953
1233.6380000010563,3416.387535404725,1982.8927097030737,0.46940592440075424,0.5043687151484264,0.265497392311692,160.4601093568434
892.0532069207574,7100.139572221179,821.7730198285491,0.7767688463078051,1.2462574570945981,0.7925316618490515,334.498009529013
726.1798247529935,3921.4970996061393,2326.518999300021,0.6875084749153986,0.9648191091792396,0.25527752726662684,260.9562582761778
284.27838851541003,5569.824347519963,1013.3557845858013,0.9028789203793939,1.815965719916004,0.6921379137144382,419.6439868100894
364.3951723555311,7585.459270666197,1665.8455303025703,0.9083265799590694,1.8472294803800189,0.6398679826335282,429.29359120095233
1092.5273581576675,5680.200673814297,1794.3577704837337,0.6773745074838766,0.9373031496910154,0.5198759139779024,269.2874366367576
1414.8561510722584,2554.294824937365,1871.5675356542536,0.28707365390357736,0.25792152588272443,0.15425859041797912,84.52695499035424
846.915991546143,5449.614364575642,550.5525651002903,0.7309896263461269,1.0925394426831385,0.8164875837751837,311.9992344514336
185.2130145268972,6032.105238269983,1701.6045824996274,0.9404202881479361,2.0459751238886876,0.5599512724902652,439.9177732094954
1637.347797281973,3156.9331729604783,3537.689644838532,0.3169579306664416,0.29263269135937336,-0.05687496998469584,85.51264901628258
1052.4302238204255,7238.443029655847,916.9369305853196,0.7461231906416578,1.1409918994890091,0.775133240770361,322.08449815273997
1099.2092735822105,7846.426873418028,3320.4024174373285,0.7542468180246892,1.1679301253194618,0.40530972021590794,308.302628433238
380.02136354347965,6732.036567489543,3921.1527615263094,0.8931332203209857,1.761871490484711,0.2638537360866608,397.12471907045517
110.25726352025006,4067.3456672685725,3579.912152868413,0.9472150580988611,2.091533329821205,0.06373964704745474,417.5231026597592
225.411233495479,3883.0475619446224,2538.215912990662,0.8902696874113507,1.7462168800962,0.20943411744338675,386.3114084685627
1416.7363676806588,7127.7025985451755,352.4613521926916,0.6683839925324815,0.9135136746100598,0.9057610621994979,286.32627872057077
152.91317520720662,6663.803258970159,2055.2902797468087,0.9551358261235263,2.146744811582895,0.5285541390547978,466.2523364302653
459.60475999838076,4294.214700137958,1770.756255751318,0.8066376881765223,1.3592425773225862,0.4160709857184415,339.30723255555534
1986.6876363150168,2211.7196588494035,2379.49168784874,0.05359937868342868,0.03980656671452944,-0.03654199650021582,20.663200188059758
106.73639663881829,5130.149005146264,2024.787928114918,0.9592366878671609,2.1759308492096783,0.43401655466191824,455.88369620723665
120.5697915180633,3697.8918585774563,506.1902616358884,0.9368490229653235,2.0223150205924707,0.7591910683277536,461.93198542866895
591.5089846062474,6035.569027242566,1511.340524991174,0.8214872425043408,1.419850352872357,0.5994809491671762,362.63811031079
1536.290284942174,7681.767093051453,1575.9009652047994,0.6666780814484586,0.9090668334088632,0.6595468846759655,275.6418932130076
728.3233782946319,4066.3523408025517,1887.161357933885,0.6961949373377562,0.9890699293532846,0.3660344282008018,268.36905180751666
1326.901064252889,5598.17652325893,1200.5669190662497,0.6167837694832132,0.7874431887883148,0.6468268204046046,240.41073728249287
511.24577429015477,3373.012025002764,3106.9104752825233,0.7367601219715124,1.110677704151101,0.041065545099877296,277.65461436642346
665.7082853522198,3764.289615058268,2800.3152372202267,0.6994543561114275,0.9983135593036246,0.14684423501235006,258.888620323022
1605.8407653959725,6267.0850450971,3044.6185760145713,0.5920599776129657,0.7327558137861311,0.34606626240019334,208.03749352720203
940.5519075686428,6138.884683541342,1148.7068808162062,0.7342862257946104,1.1029122996602687,0.6847499284189515,308.01791512653654
335.91433336690204,1983.960118799971,980.3257009417839,0.7104030061554895,1.029913749872267,0.3385754541061925,261.9111064048932
567.623067944898,3274.296695982526,1068.7824628369563,0.7045107117401652,1.0128197150760874,0.5078227110272705,276.5533412097976
1637.8756006330452,5013.01692341154,849.4437882592275,0.5074719385509645,0.5685398222124162,0.7102091321743816,200.3046593234971
1032.3919196582115,6497.647106660896,1437.6773831586142,0.7257937398696934,1.0764310602709406,0.6376512679924095,306.63232425550217
1643.6977791965764,2995.472661748088,720.5545675885503,0.29138288827018594,0.2628141175397421,0.6121909106552621,127.24495371031
591.0420972072784,7188.925113227429,878.3599978365692,0.8480605170575559,1.5363668529324048,0.7822414886457775,384.2192065740536
1220.032275336337,3031.6880813130256,3277.663636064444,0.42609947352659233,0.43747621499047756,-0.038985868236661565,131.76939715273582
1151.163519607516,5830.949962794815,1376.1216421693791,0.670253563525134,0.9184024965746367,0.6181190591944242,274.1687774048638
906.9107669718932,4678.262346212781,1799.021251196138,0.6752434530028764,0.9315910800186427,0.4445136686193422,255.85121905766653
1897.0462342813025,1740.3165943719437,1604.391338343769,-0.043088811111070845,-0.029856463082568157,0.04063890142933117,5.0
1356.8868493559235,5945.079370624962,1961.2388968388962,0.6283502802417371,0.8142369012819235,0.5038806102299874,250.42632939546613
1355.0520943916756,6538.586756277666,3063.3553731661254,0.6566723863721964,0.8833623441932216,0.3619300487234783,251.93664429606943
1917.0423103260837,5809.673998882271,1768.925169849943,0.5037886124294915,0.5620989875088057,0.5331788551597334,182.43501819354051
350.6457278411025,3945.5562427804766,1952.2308624431275,0.8367647840314393,1.485394489567623,0.33797852388295,355.6932826997329
1449.8590264906265,4075.910271289562,2350.508836122138,0.4752372208840921,0.5138615375531136,0.26848566924447914,167.16942842966557
1178.7093028809413,1871.3026123196742,3462.257810321491,0.22707888640038262,0.193579513983144,-0.2982913985468057,36.688737588880855
1496.207611317964,2165.5102071721094,3133.2965171887245,0.18278377222069828,0.15015193336899688,-0.1826423117840199,37.04346325459398
547.6122659911143,1901.0707923210161,1594.0922417467148,0.5527291583052433,0.6522384417160203,0.0878295368468706,176.50145207865359
861.9901625919531,5767.430594591052,501.4989602738385,0.7399500817539879,1.1209492293174197,0.8400049142984348,325.14997946496914
640.5974795947263,6326.299422003139,3179.8960805435763,0.8161024946828604,1.397543658678713,0.33098449745596487,334.58330774727796
614.2465758063163,5527.514146764752,2872.635569438537,0.7999770411279817,1.3330993550136172,0.3160513403575525,330.6432984341266
463.4542897867462,4394.436128811338,1528.9114255282993,0.809195247213876,1.369458323121905,0.4837677810581778,330.995959036345
1165.8148274951095,4724.892822445124,767.3433312785457,0.6041851345961701,0.7591383534610463,0.7205716177668063,239.4881396131001
1178.585556049827,5973.488074492522,2855.501725948347,0.6704213023333586,0.9188452399055419,0.3531532393474197,246.6689149298046
195.27508217853298,6814.341043931008,3818.433425486388,0.9442836585805859,2.0718270236945937,0.2817616066982199,434.12661306401105
1420.7054205204317,5919.130212090801,2559.8452740995053,0.612878137348305,0.7785779258720464,0.3961899575091788,235.31961681048392
977.0877963546138,2384.667465081905,1575.1746898001606,0.4187037897895969,0.4266326747475957,0.20442551581994248,134.39455961468875
613.8366187254936,6721.16813756002,1100.5134612595996,0.8326281605705032,1.467376564202443,0.7185992685294224,360.1487509009776
1295.5708789428352,5416.57422143027,1985.0881254472217,0.6139621954305486,0.7810256046219656,0.46361019115753976,229.43009751488475
1661.6680336359718,5737.125432842277,3055.3350155337957,0.5508272959801045,0.6486221555650473,0.3050102337962504,199.7574366472645
274.307619370927,3270.6790957829508,865.2070799488907,0.8452419476660064,1.5233128407887921,0.5816098202525614,371.49694080921194
1244.297701502137,4653.454455342682,894.743869326046,0.5780434074880375,0.7031949381720111,0.6774650734143675,224.0178370096815
594.3443343339752,6099.385159383206,2992.8929145275856,0.8224175819166153,1.4237491947306604,0.3416626965499072,348.4877439196511
481.71173241675405,4486.025706106361,1178.9336912962854,0.8060639320088557,1.3569720935290226,0.5837803560856198,335.19676775690476
357.36537279325495,2561.829072133435,870.7645478121914,0.7551616516728399,1.1708379645399585,0.4926492067113327,310.2650104086256
1244.1521224559144,2337.5744785581583,553.3023550510479,0.30527800627981816,0.2788350543823708,0.6172079357190295,134.02840865741294
333.21991388919764,4345.558518478466,1436.2735920642733,0.8575611480070218,1.5806869449123284,0.5031769982746734,380.04157977330067
623.3037003264565,6719.705559146764,1519.0296377503314,0.8302320809585122,1.4570015007961752,0.6312468839542122,355.83132981149697
602.4226272490472,7691.8533416296295,469.6646964643507,0.854737742043599,1.5674331732265292,0.8849075148239239,391.5676993550832
325.1894784338639,5203.388404837262,1449.5722360893249,0.8823605325850498,1.7043468992928437,0.5642324328647905,394.6456644410424
1536.3231339507238,6266.875944599465,2024.0702984167465,0.6062324903443872,0.7636913019327717,0.5117396158785688,226.3148778777005
1577.6443546097269,7583.022312872342,1184.763116140832,0.6555612353983525,0.8805597143947776,0.7297463250901997,269.0581362702975
1780.7705119635868,6911.479215879668,2056.243076747221,0.5902624595438153,0.7289138603680296,0.5414124099921033,216.35066108797912
131.51021720113337,2525.7750693782154,1724.880655526311,0.9010191202910453,1.8051741575463511,0.1884166739195225,394.392314517047
1463.954561439625,7037.449518896637,1696.7417042797354,0.6555969936416624,0.8806460383223449,0.6114713632366717,263.18989231157013
889.0895551159321,5417.801641627029,1041.860714681209,0.7180577473941173,1.0528618362555295,0.6774256431522356,304.68277436404344
1970.209094075868,2216.991159771594,3935.9725095850017,0.05893724939714309,0.04394503639000116,-0.2793745326492045,5.0
335.6447902389915,7926.557518080624,1625.3307271909785,0.9187517375699237,1.9089093782133748,0.6596838895544248,429.9339873097177
1360.6604949037153,5001.542063588972,2364.1305134955405,0.5722674709960154,0.6913151135317958,0.3580679866141031,210.31424631308326
1823.107578814141,2762.0296303215955,676.8400650664523,0.20477512634341835,0.1713151940246579,0.6063589927368527,89.37362198471064
1519.5430492021753,4796.256779648267,1156.3151479334497,0.5188121566106829,0.58872222869735,0.611490575063422,210.51407231781647
830.5803165884017,5296.1395795579565,1597.4875516593495,0.7288662347775158,1.0859166617633162,0.5365320689616341,300.2877730323492
1955.7925179151985,2361.932198954706,3054.0417700090197,0.09406335687835872,0.07202239491682584,-0.12779041681009945,8.409924259571767
1939.0578472586744,6800.961684754937,702.1913745682625,0.5562806603728319,0.6592837940876402,0.8128276554075746,237.7517839552866
1134.3657016138347,3174.373564606649,426.308592317427,0.4734581826550852,0.5109437487985179,0.763206762430145,192.56163869042726
1298.15516266657,3284.5889330881096,422.4126978441286,0.4334594575831223,0.4484243530935168,0.7721000742457456,171.76329859748472
279.1071937868591,3091.559299284798,2435.343601873693,0.8343905012389958,1.4748965079167782,0.11873117893111976,341.2528378373537
1466.8270084539777,7636.3240170451545,925.0230696923227,0.6777320282429531,0.9382816710873333,0.783907120990984,285.0420258223625
1298.9403222128412,6869.825175150513,3271.1984883622313,0.6819738985105915,0.9497250755426573,0.35485832651995775,255.11245745255312
1839.007264617826,7910.61287050808,3516.9354181713675,0.622753042797302,0.8011870186817336,0.38448119762528343,235.55025889204765
1978.5438382075417,4611.1343912677075,1920.4362887257391,0.3995021397077081,0.3992791179359675,0.4119526885580169,138.5754580730402
759.4846779630542,3513.646842032028,3761.9161902522605,0.6445301649474184,0.8530457250317104,-0.03412372995525549,220.73336903359007
1264.576133407653,6088.282579261959,1829.0610878796103,0.6560314339899678,0.8817354619280126,0.5379609209741568,252.7547642899088
723.8010387188921,7789.125748637664,2528.7834554255937,0.8299524811586864,1.4558156101533197,0.5098263794210058,359.30351046546036
282.33244622362287,5797.186199351898,789.0826313480038,0.907120131333866,1.8402030876896112,0.7603855378480373,431.00684514770063
1443.4119065778827,3256.3957153989336,3812.4586625634074,0.3857570254487827,0.38030794127470713,-0.07866380000971246,107.87537523660573
827.5438970819126,5896.486154865642,691.8627598109524,0.7538547891471279,1.1665882197577095,0.7899738556151131,329.0267153316086
886.3545949073604,1721.0304517154282,3528.2223117396125,0.3201199061753693,0.2963981256881602,-0.3442760219628709,76.25248656346668
521.6170014286486,6588.78394529935,708.547375677605,0.8532805658180718,1.5605678563314782,0.8058064393914216,398.9842938487582
1304.5175373017037,7797.746482773014,3863.8278835136844,0.7133641619752362,1.0388600038255333,0.3373402660188699,265.35536891462544
1854.572265255138,3850.0185243794476,501.63339873672646,0.3497965642689567,0.33305281541821075,0.769451505780252,145.06216965276252
702.1766627506973,7726.028267856649,1151.7756511221005,0.8333745633978586,1.4706448271902923,0.7405269001199438,373.44407117106954
1134.6816160323713,3131.9550027138557,360.6671737690607,0.4681142465796112,0.50227955088585,0.7934691152141807,200.09885680612496
672.2724210035021,5959.56755473573,540.4917445032269,0.7972591546655359,1.3225906107883811,0.8336963648982841,358.32535020486046
1390.3763033770995,5135.871158573154,2561.8045821272026,0.5739124782594235,0.6946841411409154,0.3343952983757874,203.77225171665623
1761.4292321402345,7837.903130894721,1385.4761807211582,0.6330100540659183,0.8252724417033784,0.6995729798673501,261.7520131088149
1227.8980376776544,3610.6110890320942,1775.4255030694032,0.49244777439993564,0.5425615265495549,0.34073024834499255,184.06532508735143
1829.8272818228252,5318.776744156463,2554.6647084390806,0.4880602491292173,0.5351563018362838,0.35106783380666434,176.8279316024302
153.29365976673768,6424.666238520618,331.4278308212326,0.9533917315964954,2.134447581017766,0.901887739314896,481.44022419730516
507.7418849801696,2277.4999232154187,1020.3165626519403,0.6354055265120326,0.8308799277050573,0.38121689474531495,245.84935263990604
440.57426066367856,7545.524794266194,1818.1992249257892,0.8896647141293491,1.7431234546848846,0.6116504028728281,405.34452683428424
1692.6836507519076,7908.217058899112,759.3786792731452,0.6473906558841749,0.8601471998274881,0.8247775501708702,260.4802011428454
1124.599703992986,2856.4771581773366,454.1219416919475,0.43502738422517506,0.45077143730842495,0.7256557327809906,175.7809545956285
1692.399456700351,3244.514887294881,2152.3234692020123,0.3143897831988878,0.2895756841055479,0.20237615910353815,94.07360623992423
267.31526187334,1749.4171098494114,3630.717289263689,0.7349025919463544,1.1046254153141157,-0.3496753128276366,240.58921208047036
1802.5226055289954,5289.954109051943,3458.216773841568,0.49170855871287766,0.5413218787642513,0.2093851800017802,173.39207335621705
1127.6241293090338,4560.097157823171,1498.5215251275276,0.6034882608745636,0.7575970973666952,0.5053256843520731,238.0811581842968
1886.9377607408385,6891.697885139913,1366.0627227344733,0.570106828180912,0.6869263993638148,0.6691445083146625,220.35888573620153
1936.673583123578,5540.6847073614035,3903.592860490255,0.4819898931875416,0.5250070827601545,0.17334219954213018,151.4045065714619
325.37865937519086,7065.7109144585265,3685.836760434452,0.9119538042176923,1.8683737267573286,0.31436163945051343,416.1863095516665
1808.087706029891,2781.878592841891,1038.8091258377026,0.21215643496973002,0.1785932739556676,0.4562187739201999,95.99959240282371
1166.1493331746888,5618.273858952016,3780.7885315085036,0.6562274196408874,0.8822258609165269,0.19549666242379155,231.52541243275002
565.2850986589499,3284.2944318405243,3718.914166802441,0.7063133287500818,1.0180497556509591,-0.06206008699841871,254.62119157867807
781.3968442449022,5120.047693469727,3576.7451486588684,0.735184550284668,1.1057348383490468,0.1774565144471889,270.9679772885309
682.604404128308,6681.01804434129,338.3523426223629,0.8146009224909472,1.3914018172998075,0.9035946746156758,359.4106362514867
1778.8872719910626,6732.950935133958,2933.1836730051714,0.5820204216774195,0.7114932961004339,0.3931010083944192,222.63133246932722
1083.480019759201,5927.5655809809905,1528.608417528965,0.69092198744499,0.9743164897133237,0.5899751217904973,270.27700413499315
1937.2564557083344,5747.425362783365,825.6141335768219,0.49581348929903424,0.5483215492780257,0.7487877155132269,195.66494872859872
1737.5692261675838,3216.9177806097314,959.268053765369,0.2985876342232682,0.2710753559120246,0.5406008774132013,110.47951883857382
309.6667036713776,2538.072268371373,2618.9239616951063,0.7825174939818975,1.2669825034528037,-0.01567805941696665,298.0364678757214
677.9752599527827,4454.957905195362,1760.5023530713086,0.7358332015994087,1.1077742471809076,0.4335086123520574,292.17220173440506
1720.0307487543066,7908.3460104078895,2411.5511546670004,0.6427163597562977,0.8486662973379484,0.5326404679506668,258.29457084902145
1975.8667042455818,7669.82355795373,2268.6039384404808,0.5903109780988923,0.7290215505295188,0.5434682318635833,233.3269420062487
1421.7840790101668,4885.921059678685,1326.073082461047,0.54919133091237,0.6454452339494926,0.5730604207264081,210.3897216624337
568.2982853919555,5204.662436630196,1069.6866348437654,0.8031172172623232,1.3453629801037517,0.65902865046621,339.8766513040846
669.3362459129517,2844.641925822244,1495.0697386554966,0.61904359474609,0.792558167306139,0.3109819940118484,216.24473586936546
484.2300151540437,3048.9978602787787,643.6414059066949,0.7258993574210523,1.0766604009602059,0.651392210375709,291.67838853031844
970.1831002563036,3048.3228579320444,1549.7618091804118,0.5171423854490141,0.5856936356324887,0.32590984223150493,179.29931065302821
1689.6288782805573,7511.799418085276,417.45644532507845,0.6327463901959087,0.824643291013346,0.8947047609602841,274.71347604731704
230.1977083113129,6280.6021899337065,2857.2054744911566,0.929287426315158,1.9739565202517386,0.3746409249119798,426.958239979458
118.8405808554877,4579.390536670322,3603.8171569899027,0.9494105000978421,2.1066428416044154,0.11921649994500429,426.3444142464834
606.035262189914,3343.179662875775,2393.1258108220463,0.6930857023303808,0.9802976323746697,0.16562120972188568,253.6113653028692
680.1738455223579,5471.850620822035,920.551524064067,0.778878042623922,1.2538544306628887,0.7119857281956211,326.5998017736524
1454.962297852538,1725.5479396685728,3992.962827613882,0.08507617379714927,0.06469427033861519,-0.3965044361761906,5.0
1420.2059086213862,4896.070128585079,847.3415658231984,0.5503027731749798,0.6475974554237479,0.7049344148528902,209.5310533581073
1628.9287204630848,6650.585806433375,634.477669557509,0.6065158855692135,0.7643240093133947,0.8258140997504164,244.4700273024837
1248.2577420947491,4896.176542096269,319.29104352636455,0.5936948188694174,0.736255828432742,0.8775599546068208,245.47915004579045
1442.3155489979113,6033.277381061489,3831.671017262307,0.6141267822367867,0.7814046305749842,0.22317464569303713,222.16520000860544
1843.1134523225323,1542.6352041486439,2029.553232984105,-0.08874794870281848,-0.05960774395099747,-0.1363080468089703,5.0
603.3194547840635,7408.342255895943,1380.1969535842354,0.8493896829406817,1.5424932016315507,0.6859098148100937,377.28710827267247
858.2800623057811,6199.562510747906,3626.1585697211813,0.7567868498623012,1.1764687555050837,0.2619048433890578,291.87555950833786
1945.0633605181947,1550.927783536945,3555.2197648604083,-0.11273929498898466,-0.07452094947637783,-0.3925252770182908,5.0
1729.6458799373931,4885.324854399671,2008.14149372298,0.4770510861982643,0.5168431602629873,0.41737831374818807,179.98334299146487
932.02994608288,5722.90094427117,2741.516201432975,0.7198979337880865,1.0584210113781765,0.3522256395408253,268.4412997010331
1262.8322718909274,4452.663621300626,1241.2492729842193,0.5581022904156759,0.6628547556510436,0.5640083379174614,222.60153924073336
1490.3468812752863,6607.062731081854,1320.2455146219013,0.6318953954566225,0.8226155081976019,0.6669120276303445,252.7534597990074
1511.840703500264,3983.480739063655,2212.2877207463357,0.4497716941486941,0.47329388192427013,0.285871402316052,157.2036902461422
404.51008043718235,2872.952044276112,1958.4450617447242,0.7531565184149024,1.1641370168968592,0.18928416817621024,296.027833464832
752.1758829496628,3179.572049088726,3965.5430346771554,0.6173834659495101,0.7887684367611338,-0.11000116530861764,194.51173747745037
522.6319247373598,5782.366634316513,834.3793346386587,0.8342166393031202,1.4742800278386101,0.7477976821454694,369.80436285632334
906.8290673635521,2554.378678202858,3848.612399330473,0.476004253854369,0.5150940665904403,-0.2021295524628581,129.94808567112227
1167.9098403850426,7381.974551676563,2553.455826883517,0.7268010215827425,1.0795478591222103,0.48598989075769083,287.294318549002
1038.1098603690846,6859.9740409884935,2126.1057193625657,0.737123617904538,1.1119227120884514,0.526800167297223,297.59035214226174
1434.5948981312386,6144.465800003148,1818.6125625542015,0.6214320070572635,0.7981189703679569,0.5432388129251632,230.58447348270363
545.0791265097705,5982.506000640038,3571.613102483813,0.8329921046424502,1.4689426678436621,0.252340678599622,340.22221974602314
885.3667919767681,5778.388781142682,1525.9862170574518,0.7342739292793582,1.1028676220406934,0.5821719948046055,306.9988238100262
1704.6425619739198,4225.434182415902,1606.0998843380985,0.42508583424349494,0.4359936908312367,0.4491672804522658,158.55513853143484
514.5911976666903,4065.299909084551,2415.170632628471,0.7752823435929426,1.2408389025596809,0.2546310897611549,297.9271859084939
1330.5018829633696,2274.971727347328,2947.634876823178,0.2619544465451282,0.2301567908998992,-0.12879835689900465,75.4269685355951
1789.7639963135152,1711.1657999684444,1119.5741904617807,-0.022450663365512973,-0.015781819919973957,0.20898832506611223,5.0
1219.2095541986391,3084.247584863123,1936.174318940762,0.4333813420151123,0.4483046849152029,0.22868063435541253,136.6575788714402
605.1103287794729,2724.9226734374497,2980.0702392689896,0.6365739746753762,0.8337072746894811,-0.044723555259558546,205.21044205447873
1030.1243114065821,2362.72017509974,3812.1282232341982,0.3927665616860003,0.38990027489803764,-0.23472771384813287,100.6855376449546
635.7558318834207,7156.878506996484,756.2976821093564,0.8368316015728209,1.4857995180652792,0.8088510442734775,376.1403626729476
140.95293740982765,3674.739400514883,1143.6595031714933,0.9261193380441415,1.9538980706808187,0.5252948017403998,438.29652818459067
1154.3625133827015,4705.019325015579,1437.5503859055073,0.6059780551863652,0.7631098415126827,0.5319384382026284,241.05052075478528
1919.4593913606332,5255.943100224047,2512.795593734194,0.4649890667891392,0.4972790467495962,0.35310075601720287,167.0543841391824
113.77553190134847,4563.051313944981,3642.388086979837,0.9513449883319629,2.120033526523247,0.11220157530493446,426.59441645838314
717.0619405276466,6462.983321121062,3657.4668784490295,0.8002625569067447,1.3342308979346313,0.27721261278613823,315.8573670915945
1052.694483159607,6290.2762202700105,3939.272054966006,0.7132783103643399,1.0385892063083255,0.2298248272375387,265.7744816759283
1761.664210490943,7946.011845528644,3897.1603374779706,0.6370574789180177,0.8349555274552906,0.34187221507413085,229.77394847038138
1430.5890481841716,1815.4756864421565,929.5802105551837,0.11857022875537973,0.0925207377596132,0.32272402049564064,46.611420193394515
684.981175151775,2102.004535564559,3896.221062502267,0.5084429943274184,0.5701947880023732,-0.2991245489694225,140.83524052466964
1566.5153486455813,5440.1560143563875,2913.205970449889,0.5528503428335929,0.6525565876632258,0.30250694848376,196.31301814483345
1492.7232893053545,6325.894975405439,660.2509907450739,0.6181618697636595,0.7906002520765967,0.8109827666499859,251.19784027971556
1731.5579352149157,7719.411031138579,1516.0008660293588,0.6335702843388353,0.8266058667804586,0.6716982667919569,255.6838190014402
1133.5846528655247,6364.814579078226,2882.6852518271517,0.6976462260411019,0.9932220327431872,0.37654819038083814,262.17467824225383
1791.6106969380887,3184.323196734444,1694.638996560823,0.27988967081887045,0.24985894532614306,0.3053280884027829,90.41794144278143
1681.6503238119844,5803.293293224683,3975.883605387824,0.5506578512469573,0.6482937494142862,0.1868674333838126,197.71020480354866
1754.3442226898208,7831.3253309312495,2802.6847839945717,0.6339652200207372,0.8275481792559622,0.47288280640297975,238.02316887183096
1231.7964818313148,7122.278961762385,3753.3250007310503,0.7051028589576681,1.0146167494459313,0.30977166623021896,272.23532555100036
1432.9587464448127,6179.500310789349,3779.735833714496,0.6235227707675285,0.8029605447895685,0.24095868819801414,218.51634667103548
151.366924768889,6067.224280719177,3910.1413049814896,0.9513179367343,2.119945621394324,0.21619764826628904,446.00360640634153
454.3370953074448,5646.100890855376,2602.2404092893157,0.8510477127171825,1.5501275655004392,0.36902698014492175,369.72261783084343
1617.1834139146908,7084.368737884026,2508.3823256072146,0.628300012223785,0.8141280261885732,0.47702545198065166,231.45654320528263
481.0301659910745,6459.747207655414,3429.894675224901,0.8613901179864382,1.5991128078207626,0.30636625350095237,364.387420814591
1104.1023222627953,5616.028471128377,2917.4795233956406,0.6714045138275245,0.9214299028885609,0.3162297321509717,254.8649538861831
497.6664550087014,2891.043610460265,2099.083229388065,0.7062797077666372,1.0179312332253883,0.15870546106951572,255.81983825265783
1482.7641918621498,5419.580816269275,3355.4120862650693,0.5703592937181395,0.6874294524069234,0.23523309394048747,193.89742056444197
1845.7797088525836,4862.308058420697,3264.6897466044707,0.44968528346262143,0.47316647953585844,0.19658160983282033,147.36323863425548
778.0215561121125,1927.240297032555,1682.0881744592843,0.42480868872628796,0.4355497056473008,0.0679218099548641,135.95063544685027
688.8626269906058,4281.018393331301,1046.6116357141061,0.7227850628474884,1.0671636625546563,0.6071004817107444,291.72545982167196
1738.0784846212925,5160.482808047323,1542.576366055148,0.4961040683319079,0.5488156645332093,0.5397395946361859,182.83113680600798
445.77801911556213,2492.3932869735195,3302.6993538386896,0.6965609060710587,0.9900304528105296,-0.13982624902641344,235.6047000800141
606.4322991263665,3364.6053842968777,2728.2210861646977,0.694572377388836,0.9844712488396892,0.10444812454662296,241.6300778759347
1530.146479302174,6902.158412887868,1927.317431538574,0.6370751534285898,0.8349912147616614,0.5634355955485397,239.18311458148935
1269.778613697946,3474.599953543904,2029.8906606426858,0.4647228942910875,0.49683778535420897,0.262460124632667,159.64272080924547
1278.6113113240738,4238.061220325778,2091.638609731235,0.5364556064342243,0.6211731219535909,0.3391033805525824,198.94621397978804
1425.4190912250847,7632.544526377817,2090.869968332694,0.6852672075658125,0.9587147505886023,0.5699309188649558,277.5750959301661
1619.6246628847457,4963.90638490248,1338.3133967172635,0.5079769043747117,0.5694273050901784,0.5752882497344624,201.66014144911074
1421.7347848906697,7548.544420824815,711.7452799463902,0.6830121442984057,0.9525540258632919,0.8276706250886636,285.68908886260346
925.9780056273042,6030.729516642522,1986.5351446963205,0.7337884328096429,1.1013394900904647,0.5044356825269637,288.4300787524163
1498.875246324451,5355.770682006166,1261.2644489529107,0.5626688052811439,0.6719319651026905,0.618782604504778,213.24002954836135
1357.0219009225953,4951.86382191868,998.5313531721462,0.5698061556910405,0.6863007314159487,0.664381499338287,223.12049882122747
1601.4704816025787,4522.13342065414,301.3214493542643,0.4769516423977494,0.5166770394218407,0.8750599070946549,193.3409960053823
422.35433367825107,6393.4529825086365,2597.548965677298,0.8760662341163215,1.671906206783841,0.42218921075587446,382.73427852388176
193.7770098941438,7258.696025123635,946.3948121812036,0.9479965886605372,2.0970727391183326,0.769315213851617,463.87703144313565
1300.6469646242308,2287.940254710348,1471.5598801934943,0.2751203271559519,0.24455332857674522,0.21715130868603713,92.96580507420795
1544.397021453802,2894.639910342379,1726.954132752288,0.3041747363967187,0.2775531249144902,0.25265866418581806,111.6027512069579
755.8384953757851,7803.6350949678845,1041.0344015437438,0.8233913598050756,1.427874255510225,0.7645962006072403,365.52326096317444
657.5960514798799,3653.9274183528205,3857.283948227573,0.6949588439313883,0.9855699945706508,-0.02707373284054718,250.9378413084556
1888.6607349269718,5557.690748337854,3336.5465425687416,0.49272855587921843,0.5430562016558151,0.24972846269688184,168.48745329754033
973.0660430186355,7345.127694093595,2644.2121643543037,0.7660391007580768,1.2082464399499782,0.47059321195215664,304.470711563469
1367.8059361612,4538.447829801929,2611.8443004369174,0.5368279147394316,0.6218757622333453,0.2694440302582731,182.40160363343665
1387.9271316890054,7134.985741402971,696.2960008400585,0.674306859006376,0.9291299791236752,0.8221757244423403,272.36200742830425
496.7385931511243,4550.301501776195,598.7589046845186,0.8031564702440288,1.3454947473462084,0.7674298385325024,354.179425742125
251.70385486268657,6441.234651419954,3166.8966843978587,0.9247852478881119,1.9457917813973395,0.340788219086371,424.064009176845
429.8508963227145,7995.250858852163,1474.9633060181632,0.8979594765113263,1.7884503824589195,0.6885047622610736,416.82972995159315
751.7909733707219,7422.091413812387,2076.6605089633763,0.81605045481017,1.397350302851118,0.5627508695609976,341.5767125010599
1788.5537501905012,6630.179022160408,836.4057288287764,0.5751014318088153,0.697138206938618,0.7759602931967126,233.4477286639908
192.9593004503031,6844.031615699467,1787.6162626047126,0.9451585760953466,2.077736158515206,0.5857995395315369,455.5932494947598
944.26552685625,6082.010334977807,1588.8121546671637,0.7312187719952744,1.093267129540196,0.5857518128975567,294.1267693508724
324.40249084634445,6977.962488116533,3337.6720671098346,0.9111513893823495,1.8636634828810612,0.3528905954514909,405.6196993899384
1971.6903450708685,4247.165522751205,1378.362377879073,0.3658993270913896,0.3538113642392998,0.5099615885010104,146.27863886561087
381.0675906790996,6105.661957423804,2505.3490759560445,0.8825085620436264,1.7051555839753172,0.4181057098978678,388.49063578200594
475.0855457467596,6365.958100688629,2086.1142108168497,0.8611072898431622,1.597746365345708,0.5063662178492518,385.15797452920765
566.1846747455838,5085.01755670889,3507.7612330664256,0.7996232829913523,1.3317122403571167,0.18355602559392206,319.25916606332
1548.4028067289244,5080.4316348681,3085.663330006176,0.5328280346605561,0.6144005821909051,0.2442744436842783,191.109547688175
1478.392686262584,6719.780700467766,846.4623067434322,0.6393360772351573,0.8404435281684275,0.7762529418299633,264.86686144672086
893.3603462156533,6262.651081791071,1772.3424275419773,0.7503189156198274,1.1548040780789013,0.5588440922166932,299.1123938528908
1431.234579762707,5828.868872129514,760.5454018182988,0.6057261195933666,0.7625632930576955,0.7691614548474196,252.90625333771044
431.0076444985182,2604.655897372947,3639.7919414777875,0.7160372755995064,1.0466935272526603,-0.16576902724670434,239.98519475782732
538.5934110372904,6373.529679010758,997.9403838927107,0.8441597742277399,1.518551299164138,0.7292425050250385,385.9086866430852
668.9732113480492,4077.511076224473,2435.979674667336,0.718118434118218,1.0530123264101863,0.25202022449795647,276.0735728577247
932.9637656127252,6513.71808572926,532.9873689174628,0.7494283267065296,1.1518584121950273,0.8487272179113531,314.57370105238783
811.6048200890342,3451.511438714874,3613.6956084814447,0.6192434026528914,0.7930371589118581,-0.02295533148005543,197.78449682237263
1335.4064876778762,6527.496720948112,1336.0854370673999,0.6603273746157693,0.8926678377701145,0.660184020323208,256.167807547945
1923.5716630492175,7072.933789367602,1547.4968747368684,0.5723735902769544,0.6915473410279842,0.6409699386595287,229.54638665375754
1538.1173771019,4429.062716147854,476.20234405060694,0.4844742899299788,0.5291373195585045,0.8058403211204817,205.01731891562395
500.47314709382897,6350.838800558756,514.0291249832051,0.8539044342617462,1.5634866992853502,0.8502435499171687,387.45562911020886
787.4821263906621,3941.078625046687,1456.8211964248271,0.6669252366125348,0.9096593144115951,0.46022666413331165,264.82776336333563
828.5376889044423,2682.59473141537,2101.157559201387,0.5280510160348778,0.6055194090257756,0.12154416382155016,167.7812920577577
884.7852959708374,6453.695364247006,3309.5841742324064,0.7588641743932852,1.1835240423894036,0.32203433050348235,299.8289089978087
1035.5807784985009,5957.4943098969825,590.8919835083525,0.7038267812771272,1.0109107030020954,0.819530504938847,301.5162019689233
1846.6001131499718,7287.405268039495,2159.0741673397006,0.595664763401457,0.7405274653392804,0.5428827887932679,222.26634603802137
322.97749400026305,3034.040750598614,738.9316018806194,0.8075807333345933,1.3629170811738953,0.6083026679486713,341.8077861098654
1441.7276820216061,2877.4867193392233,3601.2824437829127,0.33241207857911587,0.31134039544015374,-0.1117180912158278,83.09382025671323
312.1925624944926,6055.066866932944,335.6263922371249,0.9019381677766709,1.8106675942602968,0.8949640112352403,436.36436993087347
1668.4185645399486,5306.471018803759,3190.4086469866133,0.5215928381762516,0.5937551626950032,0.24903993640014332,174.20411714960127
1241.40894176035,4264.746817761057,2011.927600643382,0.5490832456425844,0.6452292421015495,0.3589192407611662,202.66119764208142
908.4392015913352,6101.061380843184,2783.950539418844,0.7407977383614917,1.1236818474854489,0.3733378042505966,295.36588202509006
217.4154478295435,3423.564041304469,3440.9588415132002,0.8805730991241913,1.6949197153318232,-0.0025340144541928177,356.63692812004996
1164.7855649641567,3652.0127836045963,2434.442288123351,0.5163652364361736,0.5843100964343418,0.2000459185079519,178.05398550255074
365.08984155151774,5694.894653641326,855.3358291061531,0.8795079946884736,1.6895484742665907,0.7388379441827507,406.34493821041275
1878.0524927203626,2414.1046382365926,1005.5287334562637,0.1248910813458089,0.09793826422771393,0.41190845662823755,63.176811323431025
937.2470443260252,2040.3767026569924,834.6050597180295,0.37047315298926037,0.3598010292322979,0.4194014926632,142.5408197567568
1664.6037200695387,6203.163225185658,2027.2952328146707,0.5768548479027239,0.7007503113744967,0.5073676045110844,221.33432940567334
392.1919432555575,1557.7935911544794,1172.164677108107,0.5977488687647227,0.7448990036951424,0.14125817174140834,213.45272702315341
1046.9267519142554,4034.705648185635,3517.0414494645424,0.5879565187802037,0.7239754335189619,0.06854893204959436,192.13741965575412
1613.2059224489797,6124.980786312056,2683.207701870037,0.5830532440076527,0.7136528175616773,0.3907469837491651,208.29409702268018
376.9580660886504,7664.247631709081,931.8602871337346,0.9062433966475921,1.8352202279745704,0.7831901841337576,436.590269428273
848.0537613444081,4847.990983558771,3978.585257122875,0.70223065313721,1.0062923951816396,0.09849863668885686,261.32150001501475
440.1148133488056,4874.23426648985,1129.9907997819157,0.8343673676102016,1.4749084598999442,0.6236014514374734,370.98807044857034
1733.3398499235925,2904.033123002526,354.6592558559364,0.25244751277527594,0.21997123606276142,0.7823303245510148,125.53286261337115
1480.5647496319298,6783.407805726197,3652.932019679402,0.6416820748048553,0.8461373497215525,0.2999591655808479,226.81026273870202
1576.2523103456679,4071.3312801947104,1344.733492248338,0.44179584585281184,0.46103243304207203,0.5034278395849107,161.63371341873557
1673.7404903062807,2444.364494781344,1920.2866362767334,0.18713073296540433,0.15427528178711722,0.12007325274070431,59.62443601180174
1456.4860256955528,6324.802009359889,2686.877008202167,0.6256439757924994,0.8079002757995417,0.40369003308533347,241.60135371847224
815.1221364250272,7104.672816912434,3565.6249101302637,0.7941557473079259,1.3107156575913987,0.3316728358461048,318.76283557293107
1341.9356042786683,1970.4288202370815,1089.9393058841101,0.18974156681463394,0.15676208580133594,0.2877070593403497,74.07603612773174
1840.3260470145776,7809.542980306981,3851.6633325376724,0.6185800984213621,0.7915683817581882,0.33940567907372965,230.47899733742705
554.7248729661219,1967.5064171625206,3864.284098391824,0.5601316378737854,0.666801984151514,-0.32524791071370573,170.98687388237175
1689.5214539086473,6682.315658477794,1701.7879591856,0.5963797595375744,0.7420722798995937,0.5940441490018461,226.72253662594454
1099.43704410949,6528.906895690011,1573.1931278570999,0.7117494824193096,1.034064257439438,0.6116579347105658,286.79339889687316
1545.4230295913007,7178.755675106269,2098.2246243527907,0.6457149532982357,0.8560102159563304,0.5476492227219749,256.66517362437924
1424.5321391746777,3261.6573735832544,1127.411733181547,0.392029649892532,0.38889681112676167,0.4862638495771154,149.22573070096877
1670.7080894092069,7302.722086584616,1414.2242378198557,0.6276322304947363,0.81256110708182,0.6755230133290434,247.9769240117244
1865.9649173323237,6719.608687228948,2757.0140289652336,0.5653255091485903,0.6772627676184362,0.41814418242841583,201.24266095244914
1276.155806323872,4322.949586833272,2328.0494860058143,0.5441572476361729,0.635761449757545,0.2999399155946601,193.04919885824935
1785.6654688737385,5594.870476343713,1611.9606534550164,0.5161149590257337,0.5838805849927254,0.5526575759306396,189.3870089729814
744.9753313773216,3867.936463769902,2254.170030717325,0.6770043023586374,0.9362754404780739,0.26359659608047137,252.2311723849076
612.0668248298514,4577.151123962585,2458.67696876572,0.7641005518550887,1.2014602974680102,0.30109805512236154,292.7768653624614
1633.3685243769648,4538.321472102836,2180.2719550375077,0.4706900296210768,0.506458792109706,0.35097368850878935,161.7151827717563
1522.3677579143696,3926.882653548873,790.2627518986534,0.4412560836138162,0.4602087113759643,0.6649402618293258,165.58831025105815
793.730122985593,7819.349560084991,3173.4213248716533,0.8156919121615575,1.3958853266959312,0.42263486462258115,348.53836377220335
1660.0287208788702,7628.277314745102,2021.0932871022776,0.6425551193439698,0.848271082383339,0.5810932400076158,256.7465288709061
555.63871391011,2332.7821370763104,1954.1697968799888,0.6152647118386596,0.783902754890402,0.08831737466172014,217.72772764743996
129.00995730807716,5306.835237500969,3535.336239491317,0.9525336159655385,2.128376639218149,0.20034660065333756,436.153972977433
409.246065069547,7388.892130712986,2624.548234574643,0.8950400582184093,1.7723171181108217,0.47579490383530093,398.4211068617959
1093.0571783341145,2580.5385095913443,3436.8030260254327,0.4049115518459038,0.4068655918305055,-0.142299470825038,107.8950711815733
480.58362964301745,2988.693097638622,2808.1610402501256,0.7229488058849348,1.0676086530261268,0.031143108496965617,264.24053050015243
325.53626000650047,4495.560037789864,2986.8749931676293,0.8649534295393458,1.6163440190507818,0.20163022307292183,363.71579874588383
235.60744623547208,3466.464848780828,2856.353842499955,0.8727159126584303,1.654776124776292,0.09649351594182627,358.3335944404172
1497.5364566908388,2142.30777752831,3087.358670262269,0.17714255862892733,0.1448465167004595,-0.1807095924736295,29.350819260539744
801.1994677225097,7765.409130759669,3995.565331691857,0.8129482726055818,1.3846882306235055,0.32053838827581854,323.52556365663014
700.6663379630146,5302.457870679531,2754.28774451176,0.7665661032508486,1.2100480880124458,0.31627784313393537,295.12798162542236
1014.6833333631521,2618.8734477954795,1047.4065921591823,0.44149306330072174,0.4605520802332851,0.42862706560383296,162.52926855214733
441.1601443031772,6389.7842257039965,3581.809760069022,0.870834800916954,1.6454945401647594,0.2815973523751225,373.7249123011582
178.48455352872662,5071.503532057919,3728.3260870535582,0.9320057298854668,1.9911654516628918,0.15263675582247754,421.8989177039817
220.9173401536671,5924.027943020589,2711.2790750678114,0.9280978656644446,1.966445570993042,0.37204801877350463,431.3253631930808
1136.245087031356,5771.100571654998,710.661218629651,0.6710038432960223,0.920375970331963,0.7807197357714678,268.3127737940129
219.09982246123377,3850.6434711279167,838.439045254132,0.8923274481451774,1.757342843863968,0.6423867387080068,400.81203433034534
1259.5440187303484,3189.495701114678,586.6334205791807,0.43379061628556664,0.44891952273643676,0.6892937704096933,181.52420501792466
258.33190108687984,7477.086953914327,3380.3041492587317,0.9332080378849908,1.9989733043475546,0.3773266308036918,428.0854167696406
1168.635423208311,3202.2085178041007,3832.1183296571085,0.4652586826651828,0.4976918508629771,-0.08954798738002961,129.26422984327095
1322.3664404113654,2273.4069301862346,3254.4614819692324,0.2644884400354527,0.23290166394575987,-0.17747429541706175,71.01914809122658
331.84748299108105,4512.18954221581,2027.4066124380947,0.8629872225601325,1.6067672488618192,0.37995969026764126,375.9211997282083
1400.543583892697,5309.519392056496,1960.427158250093,0.5825542653760695,0.7125999456268419,0.4606763213691699,216.0755778225424
419.3052015212976,4710.209238774343,768.7705827627158,0.8365127121406885,1.4843226865080754,0.7193745521381627,373.2675720381464
1675.004853611369,5499.937036784553,3130.3253182027174,0.5330959108895338,0.6149026600984101,0.27457006761073843,179.0745691523102
213.87547263847313,4054.8859153590297,1159.4673219133756,0.8997950676326274,1.7985159319302937,0.5552785668975794,416.9642180318442
148.77424336084448,1680.2625735893937,3423.7776672323953,0.8373195745424387,1.4875126754185408,-0.34159509154275153,316.5399268037572
458.68103398793556,6554.355454784088,3600.79330167242,0.8691918870928771,1.637312014491824,0.29084380974163365,376.8276319528254
595.1340435332819,4333.750567775598,2175.6110631288784,0.7585116752187476,1.1822751866003163,0.33154395571894224,303.3404299084662
160.27603555429212,4532.75797038175,3582.9482379258143,0.9316961966108008,1.989150311813961,0.11703352831656703,418.36069937429465
447.3820342415783,7284.824859415784,1840.721117507457,0.8842808939707236,1.7144840879725953,0.5965784135085007,404.27191598672374
1630.1135933955459,7108.576884505125,2482.8454078254817,0.6269203954914274,0.8108909802932595,0.48227794952747977,230.51203626735156
120.11929309423336,4693.036731104845,3662.798328428552,0.9500870975445824,2.1113233923131265,0.1232956844184676,437.62502030852994
1184.7933582449357,5581.958373999792,2148.6532606823775,0.6498191730829719,0.8661484667390906,0.4441181726773486,252.24884365749173
542.3958812546673,7697.124410341161,2540.4202449619665,0.8683428494636821,1.6331268492247628,0.5037051694035128,378.02994104172365
221.7192235177053,2343.8863239622,1943.3828729143179,0.8271603176497091,1.4435718729498481,0.09341691238941827,327.4222836304149
1667.119662894033,4668.9961932533815,2596.1156436697315,0.47377235486833796,0.5114726040889337,0.2853198403310783,160.03173891469834
554.1575939789307,2138.6976987437138,1472.453140956247,0.5884237851393382,0.7249055558687402,0.18449646308829531,195.05857053233416
1333.9300132763003,3141.5241145636455,3407.5141983248677,0.40389065539498226,0.40543181496196423,-0.04061513630133119,126.85720623962533
322.9403185639645,3955.643124763655,1343.4674310171579,0.8490433465813989,1.5407733015631606,0.49294606439262184,370.43250283573514
254.74996508485478,2754.557864642878,2302.0433345704178,0.830691986387282,1.4587851639623448,0.08948985932554311,324.2729922040135
1512.0479617194487,4173.4670289851765,1583.0270068992816,0.46810518856230887,0.5022775592188794,0.4500030757415496,171.8631810922284
1309.8317352124573,3256.181757858649,1045.7613269170743,0.4262690036228528,0.43772937145816254,0.5138190782324107,159.78361356589497
1933.4093363131321,5970.000564916288,2902.4610571335743,0.5107404624761396,0.5743108446336123,0.34573714016564694,181.61456750792922
1204.0811711865404,4808.11813603106,509.37510412710867,0.599454006775598,0.7487442283466551,0.8084153259718426,252.2175614849148
1416.9760568943361,6742.358181753359,3395.6375339559177,0.6526736089547623,0.8732875022491613,0.3301165971377786,233.60900150191065
737.3902201079642,6840.967960957968,622.7779048835732,0.8053957855006149,1.354387135194126,0.8331192094440598,353.231834226137
1797.347833667977,7608.10608578452,2553.193222400501,0.6178073170377072,0.7897973756352779,0.4974671751687083,229.3565219003812
728.0837002947089,3478.5630752258903,913.255148538845,0.6538412947535749,0.8761647864327625,0.5841106793131143,261.74602870983193
159.32766541336304,7218.5795933313375,3909.1455102547097,0.956809523268831,2.1586485739157135,0.2974043707920784,439.13944612256006
335.5750639058785,4338.909749826846,3930.4343891031504,0.8564226528886195,1.5752824497394993,0.04939634314543756,338.4923929828213
1770.2278829590307,3125.162136278086,2138.054823750771,0.27677759028757154,0.24639595423685545,0.18754828460165826,98.99147202641906
1432.2682891250797,5828.97520633828,3039.3365523650573,0.6055033024790654,0.762069023611497,0.3145625378946468,213.36091108295457
756.1451908417497,4427.148518287509,1363.2004138555458,0.7082375672194376,1.0237019731418273,0.5291474036900267,274.01930090654287
571.7278645294591,7206.237655751664,3019.1337105071975,0.8529878119245535,1.5592113753954304,0.40948184617053296,367.26601695411
1196.0030370255135,2117.707545497217,2498.4808494242866,0.27814876563295404,0.24791062466835687,-0.08248651728848214,82.73341573616682
1592.9941183623864,7337.787101758947,2527.8886049726502,0.6432576099625084,0.8499848147351202,0.4875386784725595,256.9724624919019
254.34620827865234,7163.762213965816,1222.573612725562,0.931425588770942,1.9875571383512485,0.7084367622892781,440.6413584453714
1048.5702860062217,5303.797563068058,1125.841215193692,0.669864746105986,0.917373838542598,0.6497964335648228,269.9390817309581
676.0255567599756,4818.189297795598,3984.0813043498815,0.7539136801043007,1.1667616422871816,0.0947605488460726,276.95228556432204
1919.309883017106,6872.056557912202,2525.5515693208113,0.5633648315776713,0.6733331526549866,0.46251183591421385,211.30426412688254
1278.5175643984524,2721.6304289751774,2905.112894615067,0.36076486835150146,0.34711120481897756,-0.03260899867922291,113.80758391190398
1981.3582874040512,7564.235881944351,1978.3208235527795,0.5848643358296607,0.7174686334177962,0.5853688094500243,217.41479206422596
687.4513413499416,5206.642532511927,1519.1370514847124,0.7667321367981935,1.2106251131817827,0.5482643958855005,310.1627823908148
464.1697770658013,1696.0930376283875,3392.3806196295727,0.5702654564124016,0.6871332883985304,-0.33335882150992785,161.0987329384053
419.3201142812204,2245.291987473416,1072.1965920177875,0.6852674245923199,0.9585732507722488,0.35360947505716345,261.2678261574282
1662.6374385475065,5574.259391386715,2048.3055176819225,0.5405109460893408,0.6288342901267362,0.46256790401973014,190.88957627876906
1544.9181384366916,1775.9176410966493,2025.654606726494,0.06956065217499498,0.05227923782668706,-0.06569307362425009,14.932151035554561
1944.4543272065475,2052.413788567954,2084.2075845330264,0.027011014175901876,0.01967171313746744,-0.007685933299124435,12.544282219792287
1992.5069512833174,4754.089135818788,1402.8553244146447,0.4093297047092581,0.41315986846485364,0.5443014522065031,158.89763454659519
458.7308309592741,5432.337653334254,312.00003753316867,0.8442622649509335,1.5189883171169702,0.8913712755867803,389.2801099766992
817.629907979314,3695.0716513745524,1711.7638386032245,0.6376317389731401,0.8362856175358517,0.36681489867424555,229.1310443736671
1631.1566573555335,5010.067481801915,437.09342773412754,0.5087783145301695,0.5708388175499346,0.8395151399369569,217.56333344974354
282.53824930000985,5520.534307711669,3006.545126214381,0.9026246020619061,1.8145238645134865,0.29482417757248086,394.6298757621609
1701.5872041231842,5706.550721292235,1253.9434102831933,0.5406167591573089,0.62903576542214,0.6396970137753063,205.96684616847796
1163.7373356628584,5921.409548729342,2891.784306742205,0.6714994466629354,0.9216841484138969,0.3437601953759903,259.60649975652285
465.0482559854027,2867.9213607410866,3726.1235623422817,0.7209405966306859,1.0614877005982362,-0.13014806715477342,253.05401415840618
459.91719481179354,6829.2270232475485,1441.7112739297445,0.8738076291290212,1.6604507376210174,0.6513790280003753,390.72857631564034
615.0164625769576,2600.705982176009,2442.336752627107,0.6174940633391944,0.7889983860308846,0.03140350733587054,202.14565855393028
1154.03067201513,4620.149498981267,901.4292658634951,0.6002789528072071,0.7505454081594404,0.6734885783249049,235.52762365474888
139.19123685032295,2323.875913500547,1564.5893379016245,0.8869773101606397,1.7283770128591838,0.19526639080286476,376.9319099752892
1179.7487087420495,7597.98243790974,1615.6239482449678,0.7311950686578832,1.093211513657425,0.649296077810006,306.9113896985213
821.5659803268285,4392.891020689263,3368.2689712869665,0.684889153171967,0.9576357237669184,0.13201918918429323,248.68788274538335
1481.355771402159,5665.354212140626,3777.241675824786,0.5854439944796698,0.7186783552783516,0.1999569354145805,209.73729223837415
1732.7065321240618,3479.569564551405,3590.090460525656,0.3351439946180895,0.3147090701795765,-0.015633127415828316,98.06952406136207
430.8119318018702,7049.624941031581,3229.6971815701017,0.8848163711376674,1.7172994114408793,0.3716128080752321,387.88159167544677
1271.4074008403827,2399.719482778807,481.45284575587243,0.3073476121639052,0.2812577634982583,0.6657937872576827,131.89864622211573
923.2940791401447,6739.7630628106435,940.4874452921523,0.7590272230999924,1.1840836979188152,0.7550893829107614,330.43806780779283
279.00122923768777,7232.560047835463,1520.1896994625793,0.9257141839334747,1.951587478428444,0.6526372297441321,435.44413281525397
1014.3439819460272,5421.355635711214,2523.8636915729667,0.6847758464346531,0.9573451079180589,0.364683695240919,259.88671202524836
1989.3535499969266,3361.9412206077795,1834.6249148375834,0.2564963675509229,0.22429277427352767,0.2939087592975262,84.2813609218275
1222.2818405331363,4177.860912194252,2609.9873044244387,0.5473149889641454,0.6418166630458877,0.23098241998107813,188.6583568417902
169.2349812157144,6923.780977076944,3334.79163406503,0.9522812347562823,2.126695098152439,0.3498527016091899,444.0161423329398
444.34953762539106,6787.720004271503,3886.855305931446,0.8771169067195109,1.6772853224763264,0.2717545769990123,374.30759771331765
797.457395520474,4605.192873040087,1462.455980260508,0.70479029504705,1.0136729108363027,0.5179496981853337,272.6051563386978
319.39068555429617,1922.3468249539785,1457.4514069749096,0.7150507725238489,1.043675236605002,0.13755123410908374,255.0961492356147
1656.7793763931331,7112.789486534502,2718.1651117685788,0.622152604626196,0.7997920004874806,0.44701908958845765,235.50414689549115
1529.0315256169838,2227.7461906202097,2339.4837421360635,0.18598775801861234,0.15318745654186716,-0.02446505937658284,51.370660307447324
178.91677610777813,6850.011061186961,2711.070545003597,0.9490913036173141,2.1045758157143903,0.43289459145193465,452.2747351709429
761.140941908539,7818.776026515102,3939.0018308061185,0.8225761519322328,1.424447130964062,0.32997512305977,334.28079130315353
1632.8144370504137,5886.65677453818,2871.1352962452524,0.5657103029221348,0.678030948982649,0.3443243974709767,209.4723757923939
935.7639834732628,4640.657149628818,3296.0936998212815,0.6643854682169946,0.9030826079273839,0.16940980952316087,233.83251797123742
619.3668275461511,7495.951449034035,1320.8044348832464,0.8473585861056744,1.5331515098090407,0.7003876589930927,380.01583189017026
1859.726499004775,2312.845004403622,1991.447657934644,0.10859454533496174,0.0840839601025147,0.07466902731927923,43.37206782637265
156.09561916171612,3090.7495220979936,2809.826414303987,0.9038478197619995,1.8212626757032802,0.047609438599598285,392.18295641865143
303.3311955454334,3171.449876426539,3142.657369071463,0.8254098950838392,1.436231770340473,0.004560028240103959,319.1432022984021
1490.8265201917072,6136.322029341903,947.4418577603783,0.6090736896458097,0.7700253467623843,0.732503264302279,238.70791841857738
293.2225784032927,3552.879475487464,3935.3961252884474,0.8475222057457229,1.5337497778040636,-0.051082074184110725,338.45481286292
1742.8412036131758,3059.927920205335,3145.3822466478673,0.2742348595909094,0.2435806218697778,-0.013771161171802685,82.24687069697528
1453.3514317791664,7486.976036695701,1776.9835466869383,0.6748773605348636,0.9306504660531438,0.6163662997445258,275.94653077972055
1650.8891282137545,3305.6832707675485,875.7220544509456,0.33385856374458206,0.31312289642989355,0.5811350554991923,134.74832755111285
692.3743117644657,6167.531954334472,2233.5433099588363,0.7981388417549701,1.3259894127896157,0.4682720390124118,329.6855051889075
241.65474964895597,6939.20216745307,2331.6576538411377,0.9326947318669517,1.9956624291521898,0.49699214548923354,435.5821227486589
210.30479059306248,2517.0327795252297,721.7926547870107,0.8457801532746597,1.5256696408353754,0.5542873985010397,362.3111560254429
969.1548691130222,1709.2852227889343,1772.2264012884023,0.2763288809920769,0.24588347608770422,-0.018078692613318438,69.47015837846018
447.13955021792094,1650.880920956537,1170.5954743762286,0.5737510127777822,0.6942443020609372,0.17022486780487087,199.40680876847293
1090.6505258670154,3183.9255830634406,3850.355711459106,0.48970354097414376,0.5379052076852616,-0.09474032959413502,141.70162799582184
1344.484763334839,4143.818229669813,430.39438209642094,0.5100544684564479,0.573083051636125,0.8118170627245322,217.2180663266503
1900.2158937032373,7636.734642675321,2687.7955405541916,0.6015045088562337,0.7532577483591971,0.4793379469877015,230.35485473446494
1244.368107950194,7445.460090122301,3448.6158550004784,0.7136035189779676,1.0395677814602167,0.36688235467500174,269.5958438776086
829.6180711894201,1967.735816114166,1558.2776531566708,0.40685511750354214,0.40960443396294643,0.1161249570966739,126.57789277957747
1709.4783227494108,1652.374246192098,1769.0205205764119,-0.01698589553506395,-0.01198633623320524,-0.03409319365399988,5.0
242.91999548569694,2494.2013503675444,2567.9969835070397,0.8224996518587149,1.4238806449759613,-0.014577783851553413,310.68797934998486
1824.9763654258636,3947.0347032353925,3010.467992394849,0.36764626959283825,0.35610041511459656,0.13461248262169634,116.1504762413633
425.71688424757343,7051.665892311832,370.8987414201721,0.8861321140265268,1.7242561756595478,0.9000618357205956,425.86153934177577
1760.7918202603748,4185.541805175124,3898.731052520492,0.4077722740168976,0.4109385580356259,0.035477619034856314,117.544242925088
1524.6146829575216,7747.15031389407,3035.9240983482973,0.6711274101941113,0.9207201618728151,0.43690936693899257,251.9084682129896
1122.5655294793842,2968.835907204025,1055.6968381276092,0.45125622744318555,0.47558650128957614,0.4753692390303555,174.31525422819752
1800.2379914733297,2038.6378050772905,3320.967348169422,0.06210146568327919,0.04641355674298979,-0.23925821141433726,5.0
536.9916544209814,4484.974306176944,1793.6665156405522,0.78614285360464,1.2804947650515428,0.4286449673559581,330.8338240626516
1313.2356908804043,3761.8840878873457,2564.633456630035,0.48248090749869893,0.525808639318,0.18924323257518122,167.6920626618528
1102.5768438509467,7086.821669533794,2793.36835591592,0.7307306898267896,1.091753877964792,0.4345516940589307,293.925486185184
186.3337365024721,5592.196448741874,2526.7858558651574,0.9355082586758705,2.0137470289441644,0.3775609402128787,436.82473765435185
1112.861268131516,5325.177725361065,3114.1959115552672,0.6542856389706514,0.8773213508331889,0.26198411264460686,241.8404820688979
480.0244073954635,7932.563055175938,1320.4808426521836,0.8858794847663484,1.7229375932679454,0.7145845502106782,404.43731406510676
212.04425313285694,3453.8095256838487,2408.6011192039778,0.8843138508140611,1.7144667907990248,0.1782898656567209,367.11145731838207
260.5288454887425,1814.2045045064722,1699.697179353894,0.7488555858382754,1.149720260246589,0.032586946198845765,276.06391232048355
1807.0814528805158,5051.119023658659,2884.9429350580717,0.4730158561859586,0.5102418417068049,0.2729535252617794,171.45787459803424
996.4427831222264,4875.102723379114,3925.536966424686,0.6605858602818641,0.8933085915187543,0.10789735636452352,233.45143393599668
908.7049324142247,7090.330243673628,2339.7245038181136,0.7727963653623912,1.232031694155549,0.5037728694645526,311.57105851540143
185.8443920979073,3502.51072512885,1131.092035673227,0.8992264103423669,1.795285797563708,0.5117872228937776,403.8053367093687
286.89077939729043,2315.5747215202036,1433.0984659827236,0.7795238556008451,1.256020577810436,0.23541029349904635,308.9268822126516
951.817354331296,7832.665290154407,926.5678982384136,0.7832957515556298,1.2700381467318254,0.7884362983142267,347.3581508073949
130.10657256479627,2347.5013618242433,3570.4412809054093,0.8949740423362289,1.7715684056421945,-0.20664950519196565,362.64904973516093
1512.5288569129377,3668.6020693768783,1759.4312695090505,0.4161394959366054,0.42293276593604623,0.35172422133795317,142.12255648342455
194.41505509387906,2823.3829462253384,492.75175334526404,0.8711543612631009,1.6468625466147004,0.7028155980753875,387.73716728843306
1047.9047654210835,2973.9128406990726,2055.7453508015924,0.47888996056614247,0.519849135654046,0.18255067337706743,153.26508763164415
1910.9206051985277,1887.7815247872472,3346.8568377736015,-0.006091312141201188,-0.00433176420281995,-0.2787346921887116,5.0
1968.9257700152748,3855.318299340774,1689.606345063165,0.3238862428390951,0.30095849197764685,0.3905755430008806,123.03760024652266
1876.2430136202909,5128.620718797623,1204.5556874632225,0.46430278003286507,0.4961802138087986,0.6196045679124851,187.89162134770322
1140.9950789902407,7914.950796469646,915.8791108308347,0.7480119481596826,1.1472008950246155,0.7925723582400879,328.32448340667196
673.3766695056214,4651.056200420533,2085.0992876672944,0.7470616359227414,1.14402175191455,0.3809230527576058,286.4115266659768
643.7114562437652,5349.034119167719,1730.1689514468485,0.7851697695034714,1.2769127155696531,0.5111966885413147,322.9994942170961
795.6103179552168,3901.5690009262867,1153.6982656776638,0.6612391121251517,0.8949619701429872,0.5435658670033153,262.4732915155905
1484.454980589297,2337.014979147684,3878.8291952702157,0.22309739637308787,0.18954631896266305,-0.2480458281467253,49.21459351613515
1676.4144158964366,5922.5469199900635,2616.6383179941513,0.5587780113424531,0.6642040461526082,0.3871456713344667,204.81561884571798
1707.796042902198,4481.638731093135,2319.556622237591,0.44815767336251294,0.4707998739860724,0.3178973689498299,163.61615662053114
1778.5640065154573,3999.5078139456286,2161.7336583294727,0.3843745588590775,0.3784351448464093,0.2982798456427417,132.903910157013
1334.9804192785266,4139.815089110736,1174.3278327676223,0.5123177048388243,0.577093340864719,0.5580367896347213,195.8950464576507
1910.9404142040837,2438.113929697387,3788.0874940429608,0.12121566521957235,0.09478294688563675,-0.2168213766713903,22.873318436373665
576.5558966080712,6044.956253397799,873.2418502560923,0.8258537071413552,1.4382515991877125,0.7475522274597312,364.13096247104176
931.4763270593585,6020.67415483069,565.7487008512755,0.7320321733967592,1.0958149412114135,0.828207598065976,315.7972443784655
834.0378665165767,5382.281677239542,2797.1160046510836,0.7316618423452366,1.0946425810241902,0.31605819558034404,283.67593032853944
1912.6182789082561,7514.047035568507,3324.289612013261,0.5942110565295861,0.7373888311149193,0.3865683046580298,216.47397701988555
1650.943918744304,7659.9095878753005,3214.809075789786,0.6453721631656556,0.8551704471338107,0.40875544914360423,252.60267100893458
1091.7911433538786,5895.149613401995,1741.860919762327,0.6874766276951948,0.9647703104675394,0.5438369732580368,270.9167235218325
464.38451068562955,1806.4919309576092,380.7455880732051,0.5910085617471125,0.7303908060147524,0.6518479725349251,229.13454648762826
947.364287780308,6621.570094152052,852.4842857784389,0.7496703656418067,1.1526607598661331,0.771881700927012,310.9948931389091
243.72954872332664,2649.5819138856336,1973.5783731168879,0.8315220796040315,1.4623609453265918,0.14622109091113067,340.71481287675977
1959.4257064338033,6309.637698738642,3890.717883976403,0.5260827954297245,0.6019491030194037,0.23714073444891132,172.04395770956788
716.1294227861811,5402.368147773157,510.0209997104779,0.7659133096285038,1.2077754707308381,0.8274738054611023,329.87060150863175
1632.7303115675597,7054.764056078847,2054.063090911488,0.6241193967364944,0.8043536070251983,0.5489950444685576,244.8581764314565
398.820921755028,2461.300293107779,521.6927610808596,0.7211160701559871,1.0619894142263429,0.6502219402264959,289.0153096423683
1811.5748058213865,7610.0432813034395,3541.51933957075,0.6154429548349604,0.7844039594580319,0.36483890910069716,230.93924380715643
1015.6246174664085,3279.447566894013,2433.7238935874334,0.5270744825066626,0.6037379433154486,0.14803050792515168,172.21934425352623
1890.3503602598569,3121.707732087115,2907.5458242135815,0.24567899032570417,0.21281948758416422,0.03552046797139743,70.82277681081975
412.99026565269236,6697.297644562046,1579.1677811706256,0.883833039868526,1.7121140849722312,0.6183956072431661,404.71457532255204
1120.552444347869,3241.772697223366,2630.276078546091,0.4862590897168226,0.5321095871296025,0.10413684250996522,151.77694553706252
1643.972159864353,1812.2746708826708,899.0099358577131,0.04869516536619758,0.03603257680543583,0.3368383873893944,32.42543069735119
333.1388237181126,4429.872904254977,3755.328014183097,0.8601142121101021,1.5928932747080329,0.08241030326695857,342.77625057275486
1022.1370261729659,2564.2210833192707,372.3637074159443,0.4299860776967,0.4432272910507514,0.7463967606425449,173.22727536610353
1144.549938003677,1795.394315209534,1358.5541232866537,0.22137983612210915,0.18780798971849677,0.13850581273061682,74.89230546291496
178.299345764389,3504.2767674640068,3526.0471622757223,0.9031659682060651,1.81744506400529,-0.0030966417801213363,376.94132213592553
286.24612133551096,5633.244412021919,3390.9481681200627,0.9032869061369033,1.8182811170463422,0.24847610727940614,397.853138400569
1909.0407811703885,6196.435727298984,3550.619925723854,0.5289503881875134,0.6072219252635728,0.27144769615459613,192.27072700247032
1634.416553984637,2542.451087004553,3107.047766678903,0.21739605150319627,0.1838133965739611,-0.09993748015477467,49.93644591494102
805.1132745379888,4105.989391824307,3435.4014101569105,0.6721252518752954,0.9233045279657017,0.08892099603196583,243.0230388288094
215.65697563464897,5856.105010658833,3611.2611258581383,0.9289639559040821,1.9718959132582916,0.23711387646717283,422.20373082197
598.3157832618363,2704.5914651006456,2573.20624314468,0.6377035510898337,0.836422965099416,0.024893948043103874,212.510904738133
1838.7313277223425,7634.417359901479,1097.53240595288,0.6118014424432184,0.7761606052364846,0.7486168757820831,255.23135828040216
1683.2868097594057,3093.3299960141976,3906.7302726058665,0.2951970491447512,0.26717404718929255,-0.11619903904567626,71.72457851273855
1166.23707262089,5561.560148046311,3595.4805611494767,0.6533079001355848,0.8748664749552432,0.21470687410046443,230.33209768818497
578.5349224799877,6915.966273262837,1302.675032071899,0.8456108264466156,1.5251550098466902,0.6829950392000128,373.1661384546424
215.549958577293,7407.165966216542,1347.29751066601,0.9434453648343597,2.0662082231234837,0.6922032938809216,454.6178816569483
708.754488843696,6997.891858730107,3929.635437277108,0.8160666891183196,1.3974098480971637,0.28078231589440367,335.77212511565426
964.351708338693,2401.858061098359,3470.742768702894,0.4270400393297614,0.43885453519394957,-0.18201215073197766,109.82665799130113
317.79212849302775,5565.446561879299,1159.3628271546222,0.8919669434935336,1.7554912560434182,0.6551983081118157,419.3894175174536
413.6367180878392,3453.468829393836,2387.8826113506275,0.7860742545544207,1.2801903852221512,0.1824211791860586,296.1022301313308
1334.6843184946622,4177.961574904439,2864.180450921157,0.5157736068806038,0.5832570591132327,0.18655987325712858,168.66386738690903
1076.1718660862987,5508.827084394859,3951.006840270992,0.6731444076101981,0.926027348669016,0.16467733539140506,237.3557790010793
1510.764315613012,5114.009195690343,2580.769912086118,0.5439046140046115,0.6352869841077081,0.32921533520239454,193.11782315984547
1783.145090144961,7917.893853132903,3444.9423084561017,0.6323805932772293,0.8237762377318683,0.39364745567691495,240.0184488740693
1371.9314869303894,2808.496394879683,2132.6251606639835,0.3436406387624701,0.3252771051880666,0.13678498423513266,115.45015561259477
190.7085138701613,5543.217744289215,3083.16223161343,0.9334806533078365,2.0006481933517333,0.28517819980833764,434.63132535709923
1647.948748038269,6416.029259094297,1346.0542550355008,0.5912814378024585,0.7310889116888198,0.6531719214533621,223.5385054217824
1276.8690722233914,6002.679840685035,1672.5295501211037,0.6491900561904915,0.8645897058721848,0.5641735709760167,264.07405657491233
551.5321295384476,5183.963138358212,3332.1893837337766,0.8076775921935173,1.3634171113806894,0.21744253048583323,312.08861891543916
1336.3384365894701,3574.7090528994954,2764.8144526413125,0.45578272672886794,0.4826679482961972,0.12775322931172564,154.55507888218193
857.8658672683629,2714.181412661992,3147.694322929846,0.5196783243334181,0.5902526793081091,-0.0739546400756532,162.386669956826
1361.6623699717566,4400.506199706126,2785.220707707433,0.5273785021143296,0.6043130419651819,0.22479082667439,186.650632333497
1811.270008635738,6983.399844787634,564.8243030897002,0.5880982369736731,0.7243059701519203,0.8503424666651671,247.73733888137258
841.8601973483853,1868.457534858009,961.0574385768966,0.3787737964932715,0.37084738344956414,0.32069103873971655,134.45355214956058
1095.9154100781964,3438.2170649982127,520.515608076335,0.516593122781211,0.5847153252332349,0.7370291699739395,213.32259088811193
1694.1187521631673,3795.21873334985,2279.2952770387574,0.38276021220210327,0.37624638788676523,0.24955468922600427,131.80934419940036
1359.0423319850895,2340.8767753720563,1800.7100303842574,0.2653664619773067,0.23385628122303773,0.13042506898723122,82.62981564989741
186.60257769948277,4240.514395509659,3480.716127303165,0.9157001817270403,1.890418588237543,0.09840377979432449,390.3147500552619
1541.5018804692934,5112.58197779264,1523.6344160128256,0.5366749462215897,0.6215938919466545,0.5408123165768196,200.84165175934615
1175.2091482900275,2423.430531083847,1642.0877170747972,0.3468592283915843,0.32932218814764996,0.1921877522430869,120.36144643545506
1553.7104391753116,1773.7955667561748,2028.4688134213047,0.0661411661233388,0.049581862953779206,-0.06697936312000037,21.10961315827013
1445.994522611964,7487.0093580243765,2527.4959279732393,0.676257943627561,0.9343330271744033,0.4952329933352121,257.5364603593019
613.3709751883167,6635.91782587202,1570.654424611754,0.8307776135187249,1.4593542164457398,0.6172203504751269,369.5594549042486
842.16400482448,5303.738082700513,2050.6220987228107,0.7259429150695766,1.0768714466810554,0.44233840922729634,284.9594746560141
136.84569460301228,5874.331879116558,2897.40014915198,0.9544695882289267,2.142002047244177,0.33937786973330747,447.7439240002204
724.8034711210694,6316.347062859687,1687.6429160703415,0.794123568862727,1.3105793124627994,0.5782995928775274,341.40120558158424
1741.9152261909005,4294.797537137525,1038.5853293235284,0.42289279126081275,0.4327714621391019,0.6105341185385608,169.1361111871319
139.88634711085217,6457.873853542857,822.5629585562347,0.9575958072632617,2.1642303880386624,0.7740347234176211,476.746314106417
1841.4624776370063,3124.3123910526247,2713.6781141459583,0.2583383151833862,0.2262667588689733,0.07033829131285306,71.23627695426818
714.4975037931258,5143.424318543739,2723.622096985817,0.7560576853563661,1.1739832973199558,0.3075871290747241,304.46607002456705
560.4180688973036,4369.9012964000685,3036.005188966481,0.7726645972558273,1.2315018117697858,0.18011246967392067,298.6479543023857
521.4580071624423,5161.592950762795,728.2335886903485,0.8164865979800895,1.399090613661018,0.7527147585116079,353.4918592516361
1136.4567257406354,2647.905503288319,1977.9376221401924,0.39939326250386964,0.39910892323705216,0.14483151780924974,137.47848883979492
921.5836610945839,5865.257437169877,1635.3515916105343,0.7284204394605723,1.0845424163776995,0.5639416517731998,297.98298894113344
1233.1532803620246,5691.661274645122,800.546093644684,0.64384511068465,0.8514074826007525,0.7533824634340792,267.387922056851
673.0812256102632,3506.2554172960668,3255.168786026239,0.6779004500191926,0.9386664367192044,0.037135169112643175,239.68931677712163
193.70100101830326,4470.584296553825,3135.093009310341,0.9169429015941196,1.89787117809187,0.17559136857386723,393.85804038754634
1676.4508480637921,3255.103862095916,1725.216297084323,0.3201126432724674,0.2964092500131914,0.3071865895778528,109.36227664857651
1321.792319005577,2133.676972677294,1001.4933553404894,0.23495640820508046,0.2016517382141178,0.3611234792756878,96.5734018234011
1085.3086366962082,5280.8643395848885,648.982365078846,0.6590389104822193,0.8893625312950764,0.7811132739876774,265.11321361730916
1914.0105599247545,7648.401764622415,1602.4375128947102,0.5996803954351062,0.749261982537276,0.6535584577464251,229.1071848767816
159.7047659255103,7131.728970005218,520.9885557583278,0.9561938646945074,2.154264234977061,0.8638422091404014,489.71244188672443
1960.091772168741,5012.759779293225,1826.8538502926185,0.43779334525580876,0.45496177370204144,0.4658020322600765,165.78715343093157
460.26435370446126,7538.819380329342,3427.9762632197035,0.8849207310610766,1.7178614667844263,0.3748445079445698,388.25607993988507
254.18313883396345,5615.595146570731,1748.6249138426563,0.9133925927244337,1.8767998261583976,0.5251024820659557,426.9428795108486
1168.3525645741975,5063.216024685969,344.589450234905,0.625021357575904,0.8064346022916389,0.8725584889215247,267.04336480498597
1577.5795238948756,7650.241114137917,1364.942104103181,0.658081883880173,0.8869488734471122,0.6971903795166389,269.42321248159345
402.92001923088696,2823.3006026472076,543.9636693617416,0.7502216575806001,1.1543606284977963,0.6769106160024311,316.51813382609333
243.75654387179927,7285.507045988944,1735.2630359930886,0.93525089368164,2.0121480254072246,0.6152738578790036,437.9027832946901
1597.8786054798518,2410.228920714376,1751.4655226009727,0.20267677693846425,0.16926079879856934,0.15829211080434763,57.95590820026676
485.0582308128548,6125.392997619019,1829.4011881837496,0.853245046524746,1.5603893881414874,0.5400506548066879,367.18134320451344
893.8768890976846,3220.288123942577,3877.900600609568,0.5654637640701414,0.6774995141223226,-0.09264511019546573,171.03707502993973
1916.7264305707445,4644.424515225597,960.7638969855317,0.41573469453354434,0.4223545658932631,0.6571876530604885,162.2476478443664
227.05363643442655,3638.224592977481,849.3780133126578,0.882516277794455,1.7050581339415691,0.6214557802275816,404.1005133337933
648.132622377703,4270.391629275743,1443.32318723447,0.7364524033695479,1.1097352442793005,0.49478640995127326,291.587172536097
237.81265214336543,2769.553498749139,3831.642460169506,0.8418465589940138,1.5079115086506492,-0.16089341505224097,324.23411196873803
299.91493875593324,4657.057034262729,1360.621163511514,0.8789926831025474,1.6868411179702245,0.5477919825328437,390.1449977773046
465.48449154213375,4132.8647186583385,1002.1233539525851,0.7975427830020715,1.3236253492033148,0.6096881472412488,344.88750679937704
141.91315350122332,2409.4532358899683,3044.210116729238,0.8887551748461621,1.7378810880493514,-0.1163909173854721,367.61373830058574
1776.1390588028062,1924.3377162029306,3562.6465478763103,0.0400485306004511,0.029446159333058226,-0.29858092396948394,5.0
671.0969079694122,3601.547417191083,3545.0842633932366,0.6858634338643971,0.9602834612817778,0.007900666539643051,239.72140619913856
1052.6060526381816,2546.725507862651,1249.2241672917144,0.41511025858408507,0.4214313611881138,0.34181205001785503,145.5912041969927
886.808369176084,1634.808732117966,3504.5867562873127,0.29663518789644394,0.26880732856887113,-0.3638128312996815,69.66527956190001
700.8328239352883,3055.6943734296074,2151.364252916834,0.6268719551716064,0.8107138704615755,0.17367388870242603,219.3178348630023
371.0217133322845,4006.3062884142073,1888.2609018089327,0.8304802776490624,1.4579776882250415,0.35932161223965525,337.4782738325559
1964.258683281667,6843.518953865264,3048.6903718185804,0.5539717816502626,0.6547559932215697,0.38361790139340085,204.81923554041833
183.34675758695482,5565.051139694868,1122.6643292858166,0.9362094408455071,2.01830110633835,0.6642607375193671,453.50942050359015
1592.1019511165957,4799.358912440566,912.5870290178756,0.5018034263667807,0.5586399231262607,0.6804637023139981,197.12942220397386
789.6043538466397,5432.603693322362,2782.9415036540277,0.7461980222345681,1.1412089352234445,0.3225181197129785,281.70606279613276
292.6676637536462,6402.717555362591,3082.819708031051,0.9125763030409875,1.872014984098673,0.3499957624744794,406.0421845780136
474.7424440269126,5328.790714135321,2784.9699356017386,0.836395371058604,1.4838293685189332,0.31351932698464546,355.7321810472369
1768.8880220241508,6444.662421048665,2013.4104720211953,0.5692756659696071,0.6852360906767099,0.523907987614332,211.39410218013944
843.9677784576038,3600.91463757322,2753.5911871192766,0.6202519212999235,0.7953598901423896,0.13334214708373554,210.94550594632386
1655.7300638535514,4462.187530930383,584.7203794566989,0.45872756916681207,0.4873145040590144,0.7682856948360702,187.62018529208927
980.2299803084765,7829.718976896074,629.0604941822038,0.7774720408804172,1.2488038970449657,0.8512644769239629,336.79488388645586
209.29491825890022,3750.044135076042,1232.5704064014958,0.8942778499710702,1.7679653508849513,0.5052515516126531,413.18523655843694
925.6089472636978,4777.511304114277,1349.3738476369676,0.6754026193371057,0.9320172397163184,0.5595237010339458,276.17146264042384
858.2704921462772,2294.252444420376,875.5482349588468,0.45550245968471653,0.48220483071995335,0.44756890180609105,163.83547967226028
1815.3287385974613,6580.240223832548,1733.28952267663,0.5675507527828564,0.6817451917975993,0.5830195895561829,224.28282749640167
1532.2251323899509,2681.4683666187,2467.4396029200443,0.27274011131241266,0.24192925529020995,0.04156779746759806,86.5207176590373
1534.8854442563506,7030.943484491945,1803.1064355799097,0.6416259401525423,0.84600261049165,0.5917826020477966,243.60952412587903
1336.7868872378049,5670.824404340039,3814.1111355706735,0.6184757310515578,0.7913133180766592,0.1957539153282522,211.37270968618034
1737.3393128340413,6206.026687177125,2983.148516089819,0.5625684846668569,0.6717381040895394,0.3507255112070101,208.14917554306666
752.9730056667054,3483.0876250622987,2530.020462007386,0.6444937541607522,0.8529555058736453,0.15849825898620498,227.81213891136255
387.3100693362151,2677.8747751289584,1886.5144437117121,0.7472843633497497,1.144656182205358,0.17337704856047972,274.6106814946136
340.1197772413572,6327.621240969015,1331.436456973883,0.8979805074127981,1.7885226111343568,0.6523236905089127,412.84478311707767
1846.888799446734,2211.6537872087183,315.03052834190436,0.08987585565110516,0.068595862020058,0.7506372072060213,65.08044784965746
503.1315316316235,2830.774615089278,3362.8994972635346,0.6981729479844114,0.9946234077118089,-0.08591425258023498,238.10200714508537
1474.3593832796946,2582.357564079235,3612.9570761568257,0.2731268153297609,0.24235461674204814,-0.16635144004114213,66.2794598953815
823.1360408094057,6096.773909904257,3703.427575736993,0.7620963142430596,1.1945804354300589,0.24421399268470736,294.1056561282208
1047.9904124024433,3656.7318580081537,654.8843609056902,0.5544942496304978,0.6557477548559064,0.6962232592126316,221.96861286907898
762.7714671180249,6276.289634429931,1730.6845000701483,0.783274656518631,1.2699372579691341,0.5677057347052221,325.17812771736
1354.0360352736982,2974.8926601720204,2354.906137484447,0.3744244219659085,0.3650542178496238,0.116324564230053,117.01326307009086
492.39712202975136,7365.971296738983,1395.8020807062514,0.874682097802627,1.6648915819211887,0.6813882256667234,407.0703283410508
166.25170943003656,2791.974636650326,818.3706047545562,0.8876004129338382,1.7317856429856686,0.5466524388623664,392.4416127498889
557.1153364758009,7404.872768983112,848.6877281421928,0.8600562247703287,1.592714368772192,0.7943462754444067,401.9491445419641
323.12315269101657,3404.1333658699346,1920.201308265533,0.826616090684803,1.4413753036106307,0.27870750960384466,330.65825415582736
681.6061084775413,2721.9987058968927,3283.1952125174103,0.5994798773943109,0.7487530487721179,-0.09345185420344461,194.48792513428026
373.2327594307484,2707.992616030051,3317.356466601738,0.7577374490148745,1.1795554953116714,-0.10113336872498542,270.5425226322264
800.8925139293235,5544.704000141003,2017.323382849298,0.7475753421991889,1.1457309459459275,0.4664596460943243,294.7858358075581
857.8777660707826,3310.3930990640965,1643.5922959733343,0.5883771500836897,0.7248534109668993,0.33645654353845983,205.50513046713115
987.315592166656,7913.871878462127,1741.9251829296493,0.7781609260981013,1.2512959195312559,0.639195983060943,328.8670552368967
157.79859907714928,3435.127388474446,502.177304901014,0.9121615084307583,1.8693756387899843,0.7449131604580225,429.3053670521018
163.00116792439013,5116.309120634542,3250.409534606677,0.9382490668348239,2.0316042058135393,0.2230145009879091,428.1002351969237
473.13953939088196,5669.754469980521,2065.548177435091,0.8459554929347461,1.5266933802260478,0.46594250494952044,369.63138740723844
1430.8447922554853,4206.232837789224,1703.9193197495895,0.49234518791244336,0.5423941942192146,0.4233924019070076,170.2680402133569
1987.2625784667114,1897.9922419162003,606.6356919405853,-0.02297670053948644,-0.016145758589481213,0.5155881765925663,34.65990505900395
751.6245325349855,5449.479703428959,1008.1753699266267,0.7575836482300512,1.1791536524976065,0.6877580611481534,324.85801986460393
1869.3718530307972,6737.381118213307,2728.7316448593524,0.5656034605479372,0.6778215537445507,0.42347366582914975,200.18032658074029
357.5726457826903,2464.763268475742,568.2076095185105,0.7466122693974586,1.142430936762573,0.6253128482348431,317.50132175306504
810.020065811644,4520.48212999072,2508.8883658240193,0.6960811434248897,0.9887601969777055,0.2861698305813054,263.43958978556947
329.67928900847824,2514.269743562809,3542.612837978414,0.76815386941412,1.2154587630965563,-0.16978091954098176,280.35234340193625
363.3428798776783,6297.424819131745,1447.7745081560768,0.8909005998281055,1.749747735026602,0.6261491932510078,401.59241940848204
1584.1949149667337,6339.628315962173,2231.040428303898,0.6001438020264642,0.7502672726371106,0.47937774866490035,225.9271546633571
1072.676517566826,4793.231571521823,434.6069164273788,0.6342675331448586,0.8282410404568595,0.8337336098480981,253.9671835862309
937.9139235830985,4135.218427237027,3074.0290125819315,0.6302426749238678,0.8186711643524216,0.1471983620157926,221.35294575056542
1067.1071521323188,6388.106072633124,3658.146549604625,0.7137286029742613,1.0399279501502763,0.27173908773843636,261.8051566188757
1052.369022309883,5580.996846650683,2559.061227618829,0.682704363534183,0.951695424652485,0.3712425133934686,258.14026522117433
106.49022548860233,2516.313128897447,887.6418031440223,0.9187966373690046,1.9087679061388163,0.4784644208841478,423.6337511630882
409.0094678363928,4902.791962632669,3692.467408370778,0.8459997145551146,1.5268669673301165,0.1408130344738835,345.1393102331076
561.2231638957358,5185.1952752207235,927.5783911992628,0.8046702758442486,1.3514799764432242,0.6965114554647774,347.5837799115753
1420.4435175761403,2474.09700318614,2744.6409760330025,0.27054628902236233,0.23951551652648828,-0.051840880663547355,76.74566023689246
369.4746465920565,5682.7226230650585,1345.836356634708,0.8779039642731471,1.681286172534238,0.6170377567207337,402.2924044309078
1809.3242361488128,1756.0458951305732,2782.558837484305,-0.014943284719833038,-0.010560211233843389,-0.22617368169361193,5.0
336.8428873792716,3880.839297207051,3056.2858972021586,0.8402710905860038,1.5009564952103145,0.11886096571394707,344.7215410445625
744.621248789131,2968.158569997203,1278.7619544577883,0.5988874722272204,0.747469203659966,0.3977933199864676,229.98273379735153
1961.5384729995903,1531.2563771371526,3899.7017123437977,-0.1231913450978665,-0.08087105015085347,-0.43610083078304546,5.0
527.7142805142299,6108.4567577965145,3776.2443602027306,0.8409582037930594,1.5041228540062,0.23594162023888324,345.8996186027641
1352.488325425394,4373.187255871881,2256.047527425316,0.5275707446272239,0.6046662226071801,0.31936411928892255,188.96982525361886
833.7324148804403,7261.736309906934,1688.808711528842,0.7940249184770087,1.310219189723445,0.6226355584390425,337.4652324076138
487.3700968505125,6664.840449062142,1478.3149376683614,0.8637148349719955,1.6103834826443237,0.6369184013372076,378.6024079502361
391.4754392649547,6025.85627695305,2082.063599873704,0.877994326297764,1.6817623727498776,0.4864123889364876,388.8246365341024
1422.1541530706597,5978.286967081446,509.46144075399945,0.6156569236107218,0.7848791159398294,0.842946609779078,259.34669133020856
1107.88988147632,7067.286144539178,3552.6796956111402,0.7289624398752486,1.0862421644571754,0.330943291296627,277.3581805956826
760.9869018430902,2285.5056083319987,3582.331079980096,0.5004176773442562,0.5561966228078487,-0.22100571987802348,148.54335888416432
730.0232253652852,6366.698273748219,3083.807305385119,0.7942646542199496,1.3111183952897667,0.3473772847946175,320.55904798285854
1251.4240234245342,3255.5197863516387,1668.8429215340448,0.4446684598408527,0.46541659588277906,0.32220958499960645,145.84612334911273
1824.687629823718,3010.159785568101,2874.577973836988,0.24519329228989087,0.2123088875619619,0.023039567309755562,76.74122134939907
1796.6176556210726,7970.567850247148,2457.7508952229878,0.6321114911029992,0.8231374393219691,0.528639092172953,248.05562117128153
1429.6205904679023,4894.704364708965,715.7643610445854,0.5478978069994285,0.642947696389129,0.7448468581131342,215.19526887970974
1450.238920832156,5351.666824992331,1564.807610621801,0.5735786483047903,0.6940017160479904,0.5475129343822654,222.40063545558598
1339.8329710325243,2009.9532207713432,1613.4903334726391,0.20004866315897882,0.1666973915114468,0.10941605167960414,68.50165331037859
626.9551343469665,4209.817426408666,3833.8204484812973,0.7407547587396183,1.123499722918103,0.04674464262673776,278.8343681891046
1003.5890623977874,5750.645280604583,750.2422275605074,0.7028266975104424,1.0080233966773482,0.7691877525944573,284.18893391178193
1586.4682733214586,6770.74802407331,383.5685222525696,0.6203357153443108,0.7955958073503793,0.8927728399448752,256.52841246669624
1696.6719174280652,3233.1533150444193,959.1480751257166,0.31167056129778514,0.28635385196308627,0.5424240835137075,124.45460462242777
1790.2311296050264,3933.688360902275,2622.120437986185,0.37447368616514276,0.36512780342571693,0.20006195466506047,126.87803631783413
1215.305848576252,6179.882301230768,1426.2905552195473,0.671325238981613,0.9212277501175857,0.6249649902914097,263.0881276752736
1984.2850945517148,5767.698074112302,2084.2133656702126,0.4880574295318763,0.5351541112800797,0.4691194922691329,189.37840682010278
899.5740465457069,4171.956608717124,1276.8105737827705,0.6452455449776988,0.854818570420989,0.5313396475631247,255.01080225641587
883.6753930357507,3514.533164653273,1363.997215799675,0.5981657614712348,0.7459121787916263,0.4408163485113143,228.49528861359178
1114.2021973574401,7128.386769761111,2803.4643997738995,0.7296475167773003,1.0883747253758338,0.4354598448694068,290.6875542545278
994.403117113177,7913.847042744881,1905.6185147268163,0.7767455786137477,1.2461838949940043,0.611869199218739,322.2158631762824
1974.1357272067753,6295.767253557663,3684.521063860641,0.5225734250909966,0.5955422765274838,0.2616403561085555,186.41312492200913
1008.4391144582535,4067.6281192530855,2639.944098712565,0.6026691261840228,0.7557835643373555,0.21284661184917936,203.42071994506787
1245.5742227668252,7791.4189856819785,313.3515870691244,0.7243387940217791,1.0719741484536291,0.9226747790778987,321.61962725622857
664.6263758031305,4243.783113598508,3002.067902376536,0.7291887004933868,1.086893031453868,0.1713691336342651,281.7893235293267
119.58686219049817,2330.4112235328375,3717.3757552300735,0.9023779950371834,1.8127856522439991,-0.229334223632263,371.36660279519907
1893.557923901582,4754.07562604196,1485.893156043375,0.4303061653773569,0.44372713350603543,0.5237498108736758,163.48999468311564
193.7042286869637,6536.875199375123,1378.0092225156081,0.9424405487733895,2.0594441954980343,0.6517929638921193,448.0133003346826
802.0364425865531,4350.778592086504,1737.3497156501319,0.6886996961722723,0.9681206938454429,0.42926639254399884,256.59571305446724
429.43797561439754,7871.374400598564,1223.8210878136142,0.8965310968133017,1.7805375680564048,0.7308862487368681,409.7458080349693
1934.3095974173884,4052.1865207101287,3476.856229076998,0.3537757113924937,0.3381235963483058,0.07641479942094667,107.97671107648306
531.1848287155773,3484.826753643404,3041.7927131578936,0.7354664854968892,1.1065751440731662,0.06788108953972168,267.00832194169413
220.19329222634687,2656.6459394085455,2224.586001140188,0.8469199875832671,1.5308944664045867,0.08851452736566176,345.6366111903433
814.9731202889744,1896.1987628853958,1128.7844266227303,0.39880379732017096,0.39826862789791967,0.25369209940428067,143.28295013914473
1793.215924847408,2420.850767003531,1076.092685187838,0.14893804201554053,0.1190402615799197,0.3845524240857954,62.522358883778196
1722.4273614398055,3735.0666469489606,937.210808160324,0.3687845157588306,0.357595780865685,0.5988205677148457,150.2601745933165
133.01467766718685,1648.9011109431667,3058.9894476523195,0.8507059885290396,1.5480934796931503,-0.2995159549397663,313.4604629654845
950.741160419019,5648.240294834783,3891.2317707488023,0.7118521495410448,1.0343554098196635,0.18418299375714048,264.9652416836261
136.4459640106236,7004.3947035832825,2691.396164567787,0.9617843414121461,2.1944935025879655,0.44483205106435303,462.25604368476644
668.9698018059947,6914.75907482429,3002.2151688256095,0.8235776059243748,1.4286437542141606,0.39453000577363156,334.0488021868295
1650.7829868033489,4091.3558656439463,337.89242228181394,0.42502853747178176,0.4359083197209639,0.8474267411801544,183.38856793983734
1348.9910911280913,7526.669888410807,3752.315122210169,0.6960246465956871,0.9886426963106697,0.33463602995409963,270.30577790594486
1953.7077819441336,3642.156543368843,3802.63994599236,0.3017315401099441,0.27471598623181404,-0.021556452594949423,91.45153797006894
1095.5349609379923,6107.14454594019,1428.7938505566212,0.6957979429072991,0.9879878485120717,0.6208053262401352,277.1934706227578
636.0226555589685,2640.1685686751025,603.747691227768,0.6117304440838754,0.7759220246181757,0.6277661670836543,239.22576838642217
278.1981649530047,2618.2507893607653,667.8362525073983,0.8079039750086894,1.3641631601216229,0.5935370887653073,341.843772900723
1341.8818027424823,2561.1460220615168,2865.5458422482866,0.3123893227863098,0.2871982558218786,-0.05609307249093127,79.28604642150123
1057.9908888714128,4956.326874496863,1320.403130657196,0.6481759259081846,0.8620615041364423,0.5792703749045766,247.36233317946144
549.2133828805179,4129.269800724402,3381.9996041192235,0.7652173314685549,1.2053169026509285,0.09948653898951036,295.5541942035148
1533.7236636156322,6053.796613497735,636.0714220355894,0.5957246615762609,0.7406488644120102,0.8098403678332643,246.89732760691945
1951.2230752063224,2638.24296130719,1749.9820941062997,0.1496949493656308,0.11971839603198338,0.2024191685206931,48.22951095754493
1587.1622915216878,6767.1717482738295,623.087300328727,0.6200385849377517,0.794911790821829,0.8313760595815011,257.5801296832318
265.1354068396813,4762.365696896291,3280.387143658685,0.8945259675468116,1.7693988870127006,0.18426260043458978,378.48011455023305
711.7667944648165,6512.821124938832,1778.3722291875927,0.8029598911919535,1.344776379465402,0.5710214070479904,343.623020845502
306.296360606515,3806.5284376926425,403.6966341678142,0.8510530469672768,1.5500628771254068,0.8082303783376884,384.7001685035726
970.1793686398095,4599.839269696884,1377.1134694074128,0.6516423258305851,0.8706796527681636,0.5391921168567304,245.43043311636313
234.0314778549648,5555.312576239006,735.0456499814541,0.9191509517735283,1.9112420066565665,0.7662945021793296,438.0129629122916
1757.3638384270632,7597.716888147499,309.874864335628,0.6242974507430712,0.8047711606039296,0.9216259831068959,272.91163108341476
1212.4224879534504,4038.0522769477284,3188.925511717902,0.5381665306431186,0.6243885643600979,0.11749403276761876,184.07872097057947
1093.2938860062482,7457.403119211727,1186.5032243114092,0.7442795866322438,1.1349753305116075,0.7254705968527321,315.81357994256433
433.8545291085805,1709.696623398313,2232.866957843071,0.5952002088694869,0.7393916360622554,-0.13269800816942834,189.83958243858578
1194.1167341873684,6173.135331109891,2873.105420401806,0.6758311718014759,0.9331808816337197,0.36479572023238804,263.30681062618964
1068.9846092283444,5568.206938908196,1159.1866006372677,0.6778804402993573,0.9386587882227537,0.6553831452996045,269.63644015011994
596.5769569994018,3396.757546891401,1258.8366066271674,0.7012136314807842,1.003329719889869,0.45921548771368675,267.3979120033488
1643.341542461093,3090.335618597939,350.43487278110257,0.30568076921989323,0.2793126160416827,0.7963044184101903,130.15968931631716
1447.8135860650764,1839.1858329410065,3238.4124919641795,0.11906672221901575,0.09294427258052662,-0.275568599407424,18.980395000917795
482.95347358413323,7670.285857659854,2965.0341447879487,0.8815308972535185,1.7000964680635002,0.44241750237383887,390.87051109032024
1481.8334104750895,3983.2901638207786,3715.91352627456,0.4577127523068436,0.4857087940531401,0.0347278300813704,143.23821871521835
565.1574740846171,7809.393571274806,2948.416788857153,0.8650297857267699,1.616823773260697,0.4518555932144328,376.68374782064626
171.1044829214277,6573.33339471583,2596.978376948799,0.9492605650758843,2.1057302846085406,0.43361175893931647,455.1297258737993
302.42142388831655,1917.3541606471877,1135.4401535025363,0.7275207220414945,1.0815587207162243,0.25613058936343785,268.3834849353279
426.8631733402799,1769.2347427656566,412.0018768042864,0.6112530588774392,0.7747883466788874,0.6222309185358965,248.483469597269
1480.6323339168396,3217.4095728615375,1903.3629328683717,0.36968108693734275,0.3587729350250076,0.25661101684681303,119.55641820306829
864.293797720763,5960.054790751515,3550.4361112533943,0.7467029162155978,1.1428735057776493,0.2533642799381453,296.6485268389053
1610.680912807079,6562.710383426378,1299.8566551690324,0.6058720658945412,0.7628931114951271,0.6693556572241525,243.17882757160095
1599.841735012377,7738.362749625463,1914.2781073611948,0.6573556002178076,0.8851042131238779,0.6033669674393182,266.0822134406131
1517.551464390055,5275.322338163857,3626.0930255937487,0.5531930935928476,0.6532240399649648,0.18527719974732565,184.1560279878996
1298.1516538661886,1911.1675078905064,2005.9403872192881,0.19101118428425745,0.15797622954226576,-0.024194605265508196,42.7291789474436
978.0152220765589,6830.595272180343,3839.5026032544556,0.7495033916288631,1.1521111174439544,0.28032476398663564,290.0124739557475
1124.3893924410006,7656.754708272037,3053.0924916908752,0.7439082242775965,1.1337690950607755,0.4298532117402432,290.81922957632366
768.1256017454292,5554.673892130478,1069.7698275929156,0.7570299033306592,1.1772793620593096,0.6770234986686261,324.56317240796704
947.6879645948421,2381.0671979253584,1054.5988988951608,0.43060518509709195,0.4441449530866414,0.3860876643023221,163.16313833240085
1945.2292229820023,5180.81883962905,1887.1156523801023,0.4540510515455947,0.4799668215065582,0.4660064677320832,163.2758842061123
1112.6599609625157,3741.353358110986,1076.6788516506303,0.5415505116719922,0.630786713235193,0.5530628252149302,204.58418546435047
1346.3304663433898,3158.6617077497867,771.4950278636837,0.40229398209085954,0.4031830781952079,0.6073973227701529,161.62291634467007
494.91609198010894,3155.4678743047452,2499.0450241074277,0.7288416249273492,1.0857685407672804,0.11608831067757532,272.0694187385249
527.1803502416944,5625.671904806544,346.5714571144093,0.8286387097224779,1.450123504860218,0.8839392715420408,375.7060741179668
