NDVI,EVI,NDMI,land_area_acres,latitude,longitude,duplicate_polygon,water_fraction,urban_fraction,historical_loss_rate,impossible_growth,is_fraud
0.33066581515240123,0.125235698338597,0.43038445507944995,4.2979652434029125,-21.394225644477984,30.3074538301083,0,0.0,0.0,0.0,0,0
0.198086314955911,0.22776810734745334,-0.05926726336387084,178.30382569899626,-1.7105418468750457,135.79391605205012,0,0.0,0.0,0.0,0,1
0.5669829683602267,0.1804218487375696,0.5728184235516396,338.05375003676386,-10.125200453515312,-20.657216735232524,0,0.0,0.0,0.0,0,0
0.6425323891505257,0.7205965810399133,0.22736396538767822,343.6154924941943,-9.663789491559026,138.48979210763025,0,0.0,0.0,0.0,0,0
0.49331929413217557,0.3070461846789106,0.4972046403712112,359.9083250273185,-0.2809743355000265,60.59483882145821,0,0.0,0.0,0.0,0,0
0.7114201741856954,0.5726826407947236,0.674469826691825,429.3773020096505,-1.802062474863348,81.23444821560781,0,0.0,0.0,0.0,0,0
0.7708260007425235,0.7649388948389552,0.34830620664803297,344.3974490361817,-19.363748445872645,84.48828341119301,0,0.6795674665288772,0.0,0.0,0,1
0.12541228348233743,0.530406276626249,0.36689049931589696,390.14802400263756,20.818323027950967,-46.97135221735857,0,0.0,0.0,0.0,0,1
0.5399997977029517,0.33907517464949016,0.4891127311046411,227.41514918158046,-2.711979223662631,-102.42731988222012,0,0.519440816213402,0.0,0.0,0,1
0.16762702361162635,0.5923695536418405,0.40153759889421897,479.87131615382197,21.909675149846493,-119.19546502024001,0,0.04007861517139935,0.0,0.0,0,1
0.7860277699680841,0.21366620555399435,0.552316610969185,455.07434531725283,0.46606003937034757,67.9941219338404,0,0.5357342157762112,0.0,0.0,0,1
0.8840749245367869,0.18349769445194647,0.057041411193645475,99.29232919753436,18.917246798376638,-93.17800332007914,0,0.0,0.0,0.0,0,0
0.19810061584615024,0.7208019424689698,0.5409995549540856,277.4203665761592,-6.827469248466858,110.56986656233391,0,0.0,0.0,0.0,0,0
0.6769441649668685,0.09050187613789333,0.1483481152237539,431.22176623337054,34.85319900649078,-80.30969577066227,0,0.0,0.0,0.0,0,0
0.3987600005924252,0.2012350098224016,0.1376754578984109,483.92680737888026,-10.74699350932013,-64.8291671907715,0,0.0,0.0,0.0,0,0
0.25309274837550627,0.29420774899505014,0.6721435870141206,200.74394170762005,-20.20974297603692,51.669906530854036,0,0.7558842832363957,0.3302851843181799,0.0,0,1
0.3490136144086648,0.4749054839616648,0.26650462516356405,418.9033472227663,25.289349015461,-5.747344802479532,0,0.0,0.0,0.0,0,1
0.8684654622498693,0.3070908062493584,0.570792854096767,312.6962862449456,12.86260681011327,28.65108429433809,0,0.0,0.0,0.4982342863377266,0,1
0.3006361236484194,0.5832071610285448,0.6709144016210107,85.01545876108986,10.060339271643372,103.06113848206493,0,0.0,0.0,0.36508393481322243,0,1
0.3710511575137285,0.07452857991073732,-0.143136201508975,4.792355306093044,-17.158791931370615,116.1022258919289,0,0.0,0.11223475413084821,0.0,0,0
0.643929180525094,0.3704890416973862,0.6933317663375078,142.57524384695827,-4.6552989314406155,-28.124975600718912,0,0.0,0.0,0.5523808111939514,0,1
0.20865372271523996,0.49659529002618613,0.6844459915997538,282.35581557085857,20.305577579822128,-30.923486498055865,0,0.0,0.0,0.0,0,0
0.3953429339661837,0.5930587395693243,0.22365668001021977,220.5736459415976,-4.384733958371225,60.83437881597297,0,0.0,0.6917328246076305,0.0,0,1
0.8655252013504376,0.21877565759480327,0.003801651179190152,61.84454972774184,-30.84162599610928,-88.02626652911692,0,0.0,0.0,0.0,0,0
0.8173373263884172,0.1866576591380663,-0.036940045699679375,279.308358675236,1.406086436919395,0.01292561305132267,0,0.0,0.7530024623580774,0.0,0,1
0.7016097248284903,0.4989852106778417,0.21926468191237009,440.64684663430387,-13.527069475693487,8.837843437115708,0,0.0,0.4801651832360996,0.5622603805286994,0,1
0.1333973847782079,0.3119228118567064,0.6920274967873901,397.41590889098603,-9.267855592768395,53.630054934598405,0,0.0,0.0,0.2967808041131467,0,1
0.29245620957265706,0.48494483839089136,0.35231146164239363,58.29992118817898,6.231910322179473,45.36379761141819,0,0.0,0.0,0.0,0,1
0.7045577736928248,0.6086733257810825,0.21683157186317537,471.59067793108227,-29.231513643461877,-67.47276597256794,0,0.0,0.0,0.0,1,1
0.8576842143238815,0.7511339887879046,-0.008164489197605596,12.378985340533719,-9.273093750120804,105.23519441668543,0,0.0,0.767359047100784,0.0,0,1
0.20940431666307144,0.1668646483252747,0.38259018209552437,260.40603512903783,-3.136686076335927,106.34490112497423,0,0.0,0.0,0.1783193932240801,0,1
0.49008082697479227,0.583703887756993,0.5464184664506482,109.37873422707682,33.77912082550043,-13.517015514934883,0,0.0,0.0,0.0,0,0
0.17302062004131563,0.5915896448328741,-0.12427450601422835,250.65658451096377,21.188105046164836,13.035135318933015,0,0.0,0.0,0.41196872204607915,0,1
0.43097322214081424,0.18328252692730335,0.3534005170260894,3.88531014067593,0.5300650966565215,0.6280273389254774,0,0.0,0.0,0.0,0,0
0.3899047890549624,0.6372699615878925,0.3116523303743253,231.3854083363114,8.00121914193091,5.030786384998578,0,0.16003909129282015,0.0,0.0,0,0
0.15912085355016453,0.4251799404894194,-0.17882376994950552,373.58095553907907,1.3769379154889876,49.07786219959192,0,0.0,0.0,0.5550818612459473,0,1
0.3125845659653149,0.695636946005838,0.11205755383017646,450.96814642677145,-12.139181293055547,68.38059249939505,0,0.0,0.0,0.49761295642792863,0,1
0.8543668754519921,0.4664470680009317,-0.10650767434006082,168.31200887634907,34.81393610171099,-12.171197888093388,0,0.0,0.0,0.0,0,0
0.7959381467697985,0.12020327880247463,-0.027105359077985086,74.8872112123931,-1.9000648699326916,-18.728385011198228,0,0.0,0.0,0.0,0,0
0.44354423025339296,0.6619679898204907,0.38800751676268747,300.52501596433234,-23.180398521106472,137.06467813756484,0,0.0,0.0,0.0,0,0
0.3184243166445988,0.44847429624073226,0.42520345195146997,278.76578126971486,-20.550979094669025,-53.998560815265265,0,0.0,0.0,0.0,0,1
0.8325213533514674,0.30184339632313656,0.4572250630008435,461.1805133289658,-3.6815424290353214,-17.885303166554465,0,0.0,0.08271358856459826,0.0,0,0
0.31150741393913073,0.429518237137747,0.0006301789338079566,488.02980529121896,-21.545207653675043,102.11454530827467,0,0.0,0.0,0.22548563016565382,0,1
0.888546624863169,0.36827312486658087,-0.1966092081163947,300.58424821542224,-17.549419478404996,23.807316191041167,0,0.0,0.0,0.0,0,0
0.6054245406330067,0.6518061434571434,0.5802598744664391,14.049044226012992,-34.17892649823219,68.70294209320969,0,0.0,0.0,0.0,0,0
0.3255191986490922,0.5976213066435704,0.49952145154784483,134.69123033274633,22.377982009796078,122.75275053315698,0,0.0,0.0,0.0,0,1
0.4556855973094902,0.6760702569861369,0.6624343977813871,336.67266106380714,-21.425756005008544,131.91243321701478,0,0.0,0.0,0.0,0,0
0.3090558223344487,0.46304085657070965,-0.09131564475926411,263.0703310552902,13.660991906489762,-21.355020669423325,0,0.0,0.691034272313434,0.0,0,1
0.8766435709305251,0.5982458292105963,0.4073090337749245,424.2498312351417,15.168063578510484,-40.52529355133903,0,0.0,0.0,0.0,0,0
0.844035985111903,0.3093534220058256,0.4798164280137705,353.2218408369378,34.93831237292267,-34.77280198469508,0,0.0,0.0,0.0,0,0
0.6285371352709811,0.35025524942322467,0.08834390919352164,466.29193495520695,13.957378549981179,49.10844385416249,0,0.0,0.0,0.0,0,0
0.1107858980126985,0.12475486557107897,0.6334311738846019,458.97988104375713,-14.896294493668094,-64.93991764834178,0,0.0,0.0,0.0,0,0
0.29224287498088175,0.3255787933801834,0.1048502773282805,196.00751162710222,10.155270197035165,-11.768105926162491,1,0.0,0.0,0.04725493241231999,0,1
0.3750393978013111,0.2853587156092475,0.027801061096341506,341.47034941929326,18.610723709296437,-45.97181469212498,0,0.0,0.0,0.0,0,0
0.5378722411069882,0.2578859318865033,0.3680023554627589,108.51094593186212,20.989610757018156,-28.189776238143182,0,0.0,0.0,0.5256985082133765,0,1
0.3697651918801452,0.6480647572246117,0.6184901618907377,218.93035741233825,11.743205789868284,33.76783764316323,0,0.7146240955344086,0.0,0.0,1,1
0.19885032885502124,0.42410594527343154,0.32110134474912916,119.299411078593,24.771143184810413,32.58739747527571,0,0.0,0.0,0.0,0,1
0.7835863606951081,0.7679377620678474,0.39710053765365944,225.94345655535275,7.519742709880958,46.82581505099475,0,0.0,0.0,0.0,0,0
0.1782428215200158,0.12965032530616505,-0.04574377162066842,141.3621836804755,-5.536111640076012,-104.56650551134031,0,0.0,0.0,0.0,0,1
0.5924762615634542,0.7122476020683766,0.63682336770492,484.3030254355001,1.6763313522505996,100.75768328979265,0,0.0,0.0,0.0,0,0
0.8610446901442149,0.37638177533089673,0.6979020800816933,418.35784915357186,-3.9107976871469035,105.94538944745642,0,0.0,0.0,0.0,0,0
0.36493005874862805,0.0730806478523814,0.47590762574392215,334.9872837094262,0.7470247034653852,128.42124279321376,0,0.0,0.0,0.22587450416174815,0,0
0.5073443895980162,0.3818621094140276,0.6959928838323499,116.61516713265137,17.695545194492475,139.35158469119693,0,0.0,0.0,0.2882343587404435,0,0
0.11651709109331729,0.6894226805877172,-0.005228460024341047,319.173760199065,25.117176515964424,38.84053913819079,0,0.6100622465486796,0.0,0.0,0,1
0.3080729665748143,0.20656454243009814,0.25969768441978486,447.7726929219543,25.11920492031578,-31.901487114196073,0,0.0,0.0,0.0,0,1
0.6724251033581307,0.6056635592431825,0.2189046786476923,266.6924470382408,-14.786919464433382,14.836443871351605,0,0.0,0.0,0.0,0,0
0.10897288798061922,0.4958868354195646,0.6073780458023808,236.6611348832124,-31.471737340761475,-88.41719142284279,0,0.0,0.0,0.0,0,1
0.8558362153450285,0.7384432355180817,0.06653610297959522,106.81937937082024,18.65888924755935,130.80368799282414,0,0.0,0.0,0.0,0,0
0.19707815862592912,0.14505995861647797,0.3340012868286459,19.1608788229041,-26.005385311232136,5.095881893904462,0,0.0,0.19625242294579817,0.0,0,1
0.6593693979472488,0.6228375098810428,0.5117698412894209,203.48741592440686,-20.833032865334292,-69.00375086405265,0,0.0,0.0,0.0,0,0
0.21219937839437197,0.6229365601278278,0.512661343621877,332.1229025239229,-22.205596203969037,46.88300037539207,1,0.0,0.0,0.21809553789069466,0,1
0.6083091291408862,0.454795381484319,0.07166240751303754,393.85886098177275,-25.33476741966168,-16.389016734879476,0,0.0,0.0,0.0,0,0
0.6869012976288711,0.4085282523185036,-0.16541078046523378,240.37871379849835,25.805800321193367,7.40228840722547,0,0.0,0.0,0.0,0,0
0.5556663676183742,0.35140833890868584,0.08731916834696452,335.94048071772494,-21.65089266265063,116.90596898400239,0,0.0,0.0,0.0,0,0
0.36344955183877026,0.590622748276749,-0.17232260169500116,135.55501877898084,-8.47697234795087,-54.916151210110485,0,0.0,0.0,0.0,0,0
0.484615558240028,0.49159312774701264,0.00572656960893192,171.24260443089463,-11.425414665690155,127.38678457912681,0,0.0,0.0,0.0,0,0
0.5212352903387341,0.3001258606132505,0.17029399176595933,472.12055057809494,1.6815261199988782,49.09380975786874,0,0.0,0.0,0.0,0,0
0.5868088193233998,0.7174881424286195,0.16708289752219385,46.58672669484278,-25.136468230811502,-20.80543596229215,0,0.0,0.0,0.0,0,0
0.18896613855183136,0.17358557974140848,0.22483217760548774,198.95064516543064,-27.747118474439297,56.96051181381304,0,0.0,0.6118482959222484,0.0,0,1
0.38894554458662833,0.6308322949200971,0.5355824263562232,107.09148110221783,-2.9166639642872667,17.300208064611923,0,0.022532185417969065,0.0,0.0,1,1
0.3714892385137999,0.35713010403754636,0.5322230853464347,82.48879187781652,16.81164509300251,138.6662387963827,0,0.7100384441523502,0.0,0.696368889973615,0,1
0.7339953878916109,0.4534209566058304,0.41427760187450985,304.90180087003563,-31.35739113727895,111.34846353489039,0,0.0,0.0,0.0,1,1
0.9373524062892877,0.6219990324268179,0.5453203970684137,65.15545482423376,-9.687876644319022,53.06420332557562,0,0.0,0.0,0.0,0,0
0.634432608267598,0.6519236559488204,-0.16626929141883212,451.5706941091797,-27.279333612869635,-99.73570790765949,0,0.0,0.0,0.0,0,0
0.2618796838399713,0.5321592073054161,0.07138444716638548,111.50131477776038,-6.404365571421803,15.948578008859045,0,0.0,0.0,0.0,0,1
0.7575364837448099,0.5562935882204526,0.3528487872910078,270.28084497318144,-18.386353331494448,-22.47534846343501,0,0.0,0.0,0.0,0,0
0.5184695027883112,0.12769978737484794,0.31643228212320457,175.28351307386782,-4.3324322371231325,119.6170144642808,0,0.0,0.0,0.0,0,0
0.40432171814216633,0.13004241594987653,0.11403208762512584,15.294639947371103,-25.165799875616056,25.07467602797132,0,0.0,0.0,0.0,0,0
0.12317821929789499,0.4854574663746954,0.5450567813087721,388.5617270042211,-11.57566649014446,-63.35927519459438,0,0.0,0.0,0.0,0,0
0.40132616607805816,0.6159946655761592,0.4925580233576999,314.7545453959552,-34.2919407183582,-69.74049067927297,0,0.0,0.0,0.0,0,0
0.5697237263141447,0.7363922743105058,-0.15985873549410634,438.4135633585529,9.590977341622768,42.08779388316802,0,0.0,0.0,0.0,0,0
0.42334117059377074,0.7119376935639703,0.14252876598959718,374.17812293548513,-22.62567923530808,-94.4752492306111,0,0.0,0.0,0.0,0,0
0.6653952949992231,0.118619173092111,0.3577460033386139,228.34712937020274,20.810480166768677,104.35498830475527,0,0.0,0.0,0.0,0,0
0.7590656612396642,0.7162757877364531,0.3098675677584318,201.27053846559832,5.3090553709134625,-28.701229284816165,0,0.0,0.0,0.6395764500179917,0,1
0.5316283490066585,0.7565689782317254,0.4839380368182747,441.868455983769,15.771041075086636,6.865744549412426,0,0.0,0.0,0.5350928004913765,0,1
0.5225094837565714,0.3855437624419304,0.5258738278024526,54.66474231361472,15.36238174104551,100.72589903674586,0,0.0,0.0,0.0,0,0
0.7588814015390983,0.6202735649559588,0.4175846593425358,142.83457371389682,3.687091970142923,-56.941453045403655,0,0.052503030637495396,0.0,0.0,0,0
0.19802424919738448,0.34002974692909277,0.03922104015877581,131.96347237778377,34.84580657883784,127.89565311145029,0,0.0,0.0,0.0,0,1
0.4933032354989356,0.4346000160022581,0.537243270500597,55.08619400369244,-33.50887250712351,97.69403508162026,0,0.0,0.0,0.0,0,0
0.8627454657993584,0.48738474860169567,0.40654832096303334,359.23744343300433,-34.780392213463074,110.21577461405704,0,0.0,0.0,0.0,0,0
0.6057689051604436,0.2149638478542656,0.02349023912763995,155.26330764318914,-29.358609025271107,11.622619415605413,0,0.0,0.0,0.0,1,1
0.7000689318710931,0.21042860576222594,0.05826641302283231,270.9930241140932,34.51900293638431,-7.283545136227062,0,0.0,0.0,0.0,0,0
0.46447345494289316,0.12985574621070922,0.03424489521273533,384.49350747726294,-2.2522895989500284,-100.24874794777202,0,0.0,0.0,0.0,0,0
0.9411778753212696,0.7707218306045379,0.2768081004814971,404.4138624358039,-26.891105648151985,-74.26476813538406,0,0.6421339678146261,0.0,0.0,0,1
0.6418122447993668,0.15820008463608554,0.14153360134429055,7.26115507050398,-11.72513299246491,64.63887542564103,0,0.0,0.0,0.0,0,0
0.918141718438232,0.28427384178491427,0.6821872220638627,297.0511815215138,17.76548349886862,92.27415111948022,0,0.0,0.0,0.0,0,0
0.3477157203029596,0.3440924674030622,0.573951056879425,358.2460386258186,18.95168213977989,18.67752125163892,0,0.0,0.0,0.0,1,1
0.3228391087442657,0.09503556996698072,0.07537803989416986,361.67370687765566,-6.919265861074873,42.04188567059279,0,0.0,0.0,0.10399517550480053,0,0
0.7648133573694251,0.5877929932594426,0.6430436331026907,17.444898170944363,31.64212826179147,79.09257150093254,0,0.0,0.0,0.0,0,0
0.6996238240780901,0.3336988827472485,0.1811310271869398,38.08558397550252,28.200639201601696,-36.073516529767886,0,0.33811595901642033,0.0,0.0,0,1
0.27744989806753295,0.2688653917334898,0.501003114265232,194.5455570044368,-20.016124071672664,-64.16933583610262,0,0.0,0.0,0.0,0,1
0.24636237162360647,0.2650476675182795,-0.009678560190054641,60.20615758736183,17.977988220643837,58.948345848660665,0,0.0,0.0,0.0,0,0
0.39826815860971976,0.7196852148508208,0.6913439880565122,457.2365770643791,32.70962407927628,-83.98521349549537,0,0.0,0.0,0.0,0,0
0.4999488022255866,0.4369993939627055,-0.055861805205025844,211.28942454314299,8.015431531618972,-87.09374581069807,0,0.0,0.0,0.0,0,0
0.7233738331700996,0.055261398040656565,-0.15973115971144766,32.79582118036534,-22.34861375479603,111.72278698432524,0,0.0,0.0,0.0,0,0
0.3475001946884632,0.3196669985336629,0.24229188033219323,209.00058660524607,24.848088297747005,48.18653919704093,0,0.0,0.0,0.5569239266755583,0,1
0.575735534072069,0.4429379805943401,-0.10105440160899005,130.9646238315974,7.928301736409701,35.50470873422148,1,0.0,0.0,0.0,0,1
0.5068470637042599,0.12070573958998983,0.2722783964751584,75.59008897635593,-32.81303325559442,90.44874728800588,0,0.0,0.0,0.0,0,0
0.38691466120195817,0.634677940391514,0.4130190263825931,129.91541827550813,-23.487161400897357,-46.28906854559321,1,0.0,0.2343234347224973,0.0,0,1
0.8218204443557916,0.07405028636169662,-0.13738549794644586,80.03115958043075,0.9741122895423331,-41.36164998244297,0,0.0,0.23676662276255636,0.0,0,0
0.26634255824635644,0.6382270023685774,0.3311057573183411,166.5794272990399,-18.350418922816644,-5.390861023069689,0,0.0,0.13047171304136426,0.23540950835724642,0,1
0.46645085142307874,0.20902587145726692,0.060553816363740465,35.000955044052134,-26.369757709686695,-91.20722488556086,0,0.0,0.0,0.0,0,0
0.6146826995913238,0.7651524787169428,0.1322391822526644,328.79712191955207,4.273291057963938,129.0188200864565,0,0.0,0.0,0.0,0,0
0.925452745568904,0.4749106709600712,0.16527802760176047,52.901225831684236,17.04783462241037,-38.12977342907213,0,0.0,0.0,0.0,0,0
0.5114183675004562,0.15973671751604612,0.40503048509531187,213.95099889027688,23.888804393602094,73.36675476828253,0,0.0,0.0,0.0,0,0
0.6715821217951766,0.3375620863774067,0.2187458246573663,246.2954100420811,-6.157169162270691,-50.929492505548126,0,0.0,0.0,0.0,0,0
0.27415741548126427,0.6016241679186981,0.4472965116877861,277.0199097846205,-9.145363569839297,116.7464256582185,0,0.0,0.0,0.0,0,1
0.791090072159245,0.7235038829292092,0.14861661681377658,441.70980411048004,-33.82073991975997,5.666304865194576,0,0.0,0.0,0.0,0,0
0.1694529899628363,0.33721367292031984,0.6432387220663196,77.81137936150871,33.80622394923027,-78.86590300185657,0,0.0,0.162513073942283,0.0,0,1
0.5163097724079305,0.692212783513599,0.3744875549191549,369.670893933268,-11.508585305048701,38.421925036390974,0,0.0,0.0,0.0,0,0
0.9134444219903648,0.23382314044059438,0.5050811555081467,397.25223020860915,-2.574923246592796,83.64847472515291,0,0.0,0.0,0.0,0,0
0.6675945137376559,0.4380754862401443,0.0558062603443919,14.224388679827069,-3.398936724837341,-28.745119490448886,0,0.2075314474073755,0.0,0.0,0,0
0.3541705977101379,0.7763257428957293,0.06748417112876959,104.55756888517251,3.969091620631694,27.661331385831943,1,0.0,0.0,0.0,0,1
0.8040917467857511,0.5993548936249546,0.5373525393422669,86.37855727304965,-33.96560096140976,139.26578513328946,0,0.0,0.0,0.08901720045581443,0,0
0.25006686975260106,0.3259844226868099,0.6236308621810815,262.3832127720294,3.340771360341762,-61.710457863854465,0,0.0,0.5234437081643746,0.0,0,1
0.4549208894908646,0.4206757820436065,0.42994362021132476,1.1952994173008982,-26.35402432020135,49.622405484925935,0,0.0,0.0,0.0,0,0
0.7629107509920408,0.6899404232553321,0.027670302828568083,461.6454114232755,32.74260803395467,133.1199676328736,0,0.0,0.18984525392327126,0.28337824775464837,0,0
0.9329418442507585,0.4209283810122303,-0.1523200494937399,447.0757398602412,14.428670956270196,125.26071085065834,0,0.5921994646002376,0.007952713373070176,0.0,0,1
0.5872595392758609,0.5152828848752694,0.3205026724967723,82.70980246106556,-26.591286023836687,-10.024891348381047,0,0.0,0.0,0.0,0,0
0.38544516042018495,0.5692817613640054,0.6914156133886507,26.037373938492607,16.874694532955893,104.43760524323645,0,0.0,0.0,0.10207334764334432,0,0
0.4686711948202462,0.17504089031049147,0.5102905954352634,373.4671205307085,12.014419424933024,18.195897777350297,0,0.0,0.0,0.0,0,0
0.2258250545879027,0.42054060361586787,0.2944662626567074,409.53260178713543,27.60352518889718,-82.20770117999595,0,0.25199277716061774,0.0,0.0,0,1
0.9084541421938591,0.6952534894415708,0.5674761526679282,488.0281420465315,22.619391763888814,119.0717239270821,0,0.0,0.09234708211419385,0.17853871021971818,0,0
0.3346437535599811,0.519398359613921,-0.15698682263845015,261.3439895913621,4.884423060707704,129.23803273822998,0,0.0,0.08335630470840538,0.0,0,1
0.8079696858044966,0.13539827207264066,0.4286993526113822,310.6479661127415,-15.195466890454075,53.05333536088594,0,0.0,0.0,0.0,0,0
0.9492357422104432,0.7066083720721776,-0.08580468445380554,275.9756038468549,10.334312116011489,57.32556188601839,0,0.0,0.0,0.0,0,0
0.6109093442364639,0.658794081266339,0.43089157237298387,205.74565467127823,-27.32719463679696,130.90584449316793,0,0.0,0.0,0.0,0,0
0.6081304780214662,0.44063265386799505,0.046702919919043684,302.4390906517303,18.12949229968558,-25.129807420855087,0,0.0,0.0,0.0,0,0
0.26073740792753436,0.5216949944875302,0.34836585618711396,263.1427968848746,-14.030092588828502,105.81789512607779,0,0.0,0.0,0.0,0,0
0.18502803988973973,0.7807024053879428,0.5655126294560526,147.39310742246388,28.55014845627054,5.453244877106727,0,0.265005543889164,0.0,0.3946570722557676,0,1
0.606724101357211,0.7894666087269542,-0.1477233280431488,461.5380754808406,29.169669020737047,24.026999793227986,0,0.0,0.0,0.0,0,0
0.9139914218881848,0.5482003478865108,0.046233586021318746,80.50530740891213,-33.4805464204238,-107.21843572155304,0,0.0,0.0,0.0,0,0
0.6938643874708704,0.7342774497156372,0.3057431830791751,261.9400263694536,27.43666378684361,-46.47605544506753,0,0.0,0.5360955160522742,0.0,0,1
0.11573998915236908,0.7295929418957993,0.03787881238971699,390.00401187807734,15.174738352445928,46.3319626833416,0,0.0,0.0,0.0,0,1
0.1458597371715686,0.3276082335144788,0.04321505555845723,42.61293225006773,13.150728129221193,-57.79792010870308,0,0.0,0.0,0.0,0,1
0.2113151063362509,0.5116719305289021,0.48043335046365016,471.33764599184593,-30.152087546756277,100.89867815721814,0,0.0,0.0,0.5992108704537658,0,1
0.15804524680874354,0.7172594967082603,0.6847029853552435,422.3625875483732,-13.964546437786122,101.50986079355795,0,0.0,0.0,0.20992993286896808,0,1
0.941351777879559,0.7811630514728851,0.2585657905315452,95.64416952384896,8.491935151494303,-43.58821735018962,0,0.0,0.0,0.0,0,0
0.266036677781751,0.5569413951681192,0.36139500919309714,245.7972221201836,-19.980886565874776,-102.37006196463675,0,0.0,0.0,0.0,0,1
0.6420756565331275,0.20109283604936162,0.3087613829434967,468.8759471901587,4.7325848071714205,76.42116477616929,0,0.2649972892542164,0.0,0.0,0,1
0.20744225190169077,0.750464901002536,0.4488298909675698,104.23705043276787,-14.585507139783001,42.297866702110554,0,0.0,0.0,0.0,0,0
0.3201236058228758,0.4935242770314377,0.6810269072252448,453.59267224877135,28.61114474731705,73.0664657643321,0,0.0,0.0,0.0,0,1
0.632525441784066,0.5492505653021579,0.42612469689217486,313.72653517262677,20.865747699830145,-16.88611912629105,0,0.0,0.0,0.0,0,0
0.1827443735792924,0.06293878119256878,0.31269569161937877,72.43992125504556,31.617190997464263,-84.913223010985,0,0.0,0.6678355651325554,0.0,0,1
0.3853340005009651,0.19206478858435078,0.18012409233522658,243.44186324423043,-4.90608090485167,-78.62144318915279,0,0.0,0.16256532740510218,0.0,0,0
0.10153547643052938,0.6998598206680677,0.6928959361454856,216.8179698174662,4.389308390890143,65.09203960542507,0,0.0,0.0,0.6514173436094182,0,1
0.8966371431685601,0.6854976151474631,0.22198282567215927,150.72842084191132,-7.192793005443878,9.849931048461144,0,0.0,0.0,0.0,0,0
0.9318067717010072,0.512400900019686,0.20413243861134833,79.4794302432081,-33.35457743090932,-107.42564137401139,0,0.0,0.0,0.3848495762755737,0,1
0.807175550357365,0.40130242589026327,0.4654294140246828,244.765401108331,-11.354105398562254,12.20601168671189,0,0.0,0.0,0.0,0,0
0.2826814882234552,0.10868262186363144,0.0012969816214115082,149.47731145829715,-32.79064002548411,20.948173509747335,0,0.0,0.0,0.0,0,0
0.7965615980199686,0.3537693424527956,0.2215155363173938,383.1273505212322,1.831363988161776,23.592159188936535,0,0.0,0.0,0.0,0,0
0.5822305255773653,0.41469647423873185,-0.0712848601750243,24.19908742772378,-27.95155196077978,-95.38925048315419,0,0.0,0.7139671809697052,0.0,0,1
0.828887511782073,0.15709746643830358,0.09664530736253979,251.71372374151446,-9.394761115051711,-65.61833830451562,0,0.14817015384962212,0.0,0.0,0,0
0.9353839576745933,0.3972321128944654,0.6946304162848802,374.1394574068353,-24.25861075326047,57.53615395512935,0,0.5503565167075032,0.0,0.0,0,1
0.8983193817750877,0.07658215018092658,-0.18927157784357845,245.15802160769056,-12.508708219260061,45.62863148536351,0,0.0,0.0,0.0,0,0
0.19057012590513708,0.7399705346624383,0.6635493222374385,106.80614585986912,-28.68170514556452,58.53402430933548,0,0.0,0.0,0.0,0,0
0.6844383000451632,0.13642001672371878,-0.017126665537678887,147.28883687052732,30.75100764839864,-56.88686296560006,0,0.0,0.0,0.0,0,0
0.8045460790640641,0.5810991223540403,0.07374563984548566,476.0857538003175,-15.675012741542687,-99.47220853919225,0,0.0,0.0,0.0674019208490259,0,0
0.9428962859671013,0.7591279660752003,0.6376152713741983,337.3291549484945,23.16577757114966,14.722186234930717,0,0.0,0.0,0.5568438329429991,0,1
0.515119437212083,0.1705065661042673,0.4346715982249884,139.83910013327326,-12.633747395425711,-2.7349285165423822,0,0.0,0.0,0.0,0,0
0.771220094853105,0.6817483260971575,0.4831279240236181,103.94399099884653,32.791925778801144,49.491178009788484,1,0.0,0.0,0.0901190648864783,0,1
0.8347998079167263,0.2073690021678813,0.34398810960260257,98.24402221745109,3.880768215442828,-24.091056045295986,0,0.0,0.0,0.0,0,0
0.22005399246572896,0.5744810411576122,0.49568323992847935,219.00530559802186,5.611462254265888,-85.12336271917042,0,0.0,0.0,0.0,0,0
0.62068205663711,0.708174746224967,0.12080735629706696,22.11191762326606,-0.7846703280289304,-29.079874429505807,0,0.0,0.0,0.0,0,0
0.5026488205618245,0.40955686500313,-0.11707777888120798,224.72033377462336,21.737100230779824,-23.19850725752063,0,0.0,0.0,0.6413535714220582,0,1
0.14282119877274368,0.580580026821115,0.48861301203484425,235.47759231698288,14.279120529770672,-66.95471665546923,0,0.0,0.0,0.0,0,1
0.897052110687083,0.7049630255347353,0.14814499764706768,221.4623883609863,11.189896470184323,129.6843415669019,0,0.0,0.0,0.0,0,0
0.6665256540685132,0.07813159065360135,0.6383799486398729,4.4998140967278575,3.4828343795675565,-18.83676690320118,0,0.0,0.0,0.0,0,0
0.18799930758251654,0.1311935244334687,0.4599522030223256,87.48581207366503,28.05706790275535,-75.41493341698342,0,0.0,0.0,0.0,0,1
0.40030091533908574,0.34153113487772696,0.27862497547913556,310.4988615946298,-14.669230121535293,133.08940360456089,0,0.0,0.0,0.0,0,0
0.8668264429835764,0.6334153318686706,0.16199068301269193,190.9256456496734,10.949891813285134,101.64482728181727,0,0.0,0.0,0.0,0,0
0.8489676052836134,0.44192408010626694,-0.0662080093345136,329.1421727721893,18.714303158058584,-11.986539602616745,0,0.0,0.0,0.0,0,0
0.7539584220412088,0.6309060228325709,0.19979199916521462,5.480328307926037,23.314633516674114,-23.365625097131456,0,0.0,0.0,0.0,0,0
0.7449237198151007,0.755835029102997,-0.07127228994782198,188.3200514562396,-23.964920736689745,-88.30269573477123,0,0.0,0.0,0.0,0,0
0.3578463546285766,0.44727670159098,0.46433355877272436,219.87989763939373,28.51520632546368,-62.58492319137838,0,0.0,0.0,0.4389927939657912,1,1
0.322303188410784,0.08735649692992618,-0.19453784749731312,222.14865691406482,3.2741758635663416,115.7938228404688,0,0.0,0.0,0.0,0,1
0.9426586951906177,0.3794223741155588,-0.0003391525143850993,484.35869613133883,8.380829751606868,110.67383665065711,0,0.0,0.0,0.0,1,1
0.12381467187280305,0.3210697887005541,0.5714404960014594,112.69978637660772,-27.00700604710788,117.18250626314406,0,0.0,0.0,0.0,0,1
0.16327402018577541,0.4042137002455431,-0.0528856235200201,154.73764220612796,17.98321220886409,-80.3528734036814,0,0.0,0.0,0.448439813723135,0,1
0.5377928711190121,0.28875141272840676,-0.10274027777995128,159.32214669074244,34.29012199754983,48.415473048809446,0,0.5683326063797106,0.0,0.0,0,1
0.8115254431901707,0.7399087708911922,0.3108243959170191,111.69926998305404,25.995157770806465,-90.1204829251287,0,0.0,0.0,0.0,0,0
0.8934802337155928,0.6292833610985336,0.10376429339644022,342.3468757187441,-2.9868996696074603,-116.3188719673563,0,0.0,0.40570572330460886,0.0,0,1
0.1702944960359387,0.6499483538708902,0.2597068287804172,472.8898177875745,-25.306914413528087,-32.96348691184485,1,0.0,0.0,0.0,0,1
0.19672522108430318,0.2794924661822855,-0.018638480671976654,86.69996816253459,9.912149295930398,88.13931490289119,1,0.0,0.0,0.0,0,1
0.8353278134718333,0.6437709119220715,0.5646910766083104,23.87100083049972,-0.18607594591279764,26.54725228837492,1,0.46654054119951294,0.0,0.0,0,1
0.9432969413815518,0.1329930927616057,0.10619613511618675,238.11042940648593,-34.70962636328089,-4.98790235667758,0,0.0,0.0,0.0,0,0
0.45609990138871415,0.5363527593032161,0.4763798945752557,392.853201297746,-24.845331393945177,6.986312915415951,0,0.0,0.0,0.0,0,0
0.591949032910205,0.05039360877021022,0.0662793741327431,391.7125562953083,4.674305892687158,-32.65035350626833,0,0.0,0.0,0.0,0,0
0.7056262699133782,0.24178210180807563,0.26188716418442665,438.1468897603467,-9.08684213164278,103.47358892407863,0,0.0,0.0,0.0,0,0
0.7023175326935204,0.5000398137749038,0.15343680839992102,346.405409215222,1.334418122466353,-21.11037033018856,0,0.6425472403336838,0.0,0.0,0,1
0.5769432241424413,0.45275049101446313,0.2799976783990684,358.4160806173502,14.49389705716279,21.250326352316137,0,0.0,0.6535886486622212,0.0,0,1
0.5446903984441659,0.24445335277228852,0.3373386598085734,198.4399846756816,-31.598187717979467,-15.062436112737544,0,0.0,0.0,0.0,0,0
0.7435292986426646,0.24744824434548046,0.6643777584100019,327.3974848929778,24.45382333276607,-60.29859699821425,0,0.6956692951943256,0.0,0.0,0,1
0.19550410023806453,0.7135608835349585,0.030678547294657188,479.8905691234524,14.048226161817524,-5.33418318815481,0,0.0,0.0,0.0,0,0
0.44420714717044885,0.2674130613560239,0.36825254974827576,205.98278562581535,-27.84637931495502,-17.395378364046024,0,0.0,0.0,0.0,0,0
0.5711727557018264,0.14750690520216825,0.5603365913216023,168.19583109357603,11.867219529520412,-13.878824979727895,0,0.0,0.0,0.0,0,0
0.5903846571809384,0.34405035956033186,0.2671278651355589,377.0626155898618,-15.480200606901999,-47.83270353769498,0,0.0,0.0,0.0,0,0
0.1297667985851612,0.5894508664082285,0.5443940673635757,84.54426543086721,-13.773893727137786,16.442053656741166,0,0.0,0.08821839884023125,0.0,0,1
0.36201813517793524,0.09572360301109316,0.16243568516653573,354.99465456034363,-21.952718220639216,92.10756212216691,0,0.0,0.0,0.0,0,0
0.900792240004619,0.2082964636197704,0.6757184732696282,254.30161545247404,10.60480394391471,-117.2288421314536,0,0.0,0.0,0.0,0,0
0.5475733649886702,0.267068592489043,0.43031829245351433,244.98448834651686,-26.88207762388376,-115.80205843298626,0,0.0,0.0,0.0,0,0
0.7849136257295409,0.07387338030673411,-0.07289399832032856,71.21153467803062,-24.47515007179651,-81.95846564939836,0,0.0,0.0,0.0,0,0
0.23187834204901064,0.7266822233897436,0.6814267189768077,456.5451817150986,-17.76553394155502,10.734616806089946,0,0.0,0.0,0.0,0,1
0.4099127930036921,0.7653180715206832,-0.136923561168275,151.3779428213598,21.384573180008964,-45.7915486029907,0,0.0,0.0,0.0,0,0
0.7958416476266256,0.5899605286717159,-0.18569416912075482,182.878088974877,18.569306360096796,23.22667748753551,0,0.0,0.0,0.0,0,0
0.8042458160249755,0.7561982139452692,0.5644942021511521,449.9093588319852,-10.769053478511104,92.58984402518908,0,0.0,0.0,0.0,0,0
0.2573841411677853,0.40948852115897466,0.6164307682851582,493.84904516938656,-19.352055201991067,76.87429269484991,0,0.10531189194971341,0.0,0.0,0,1
0.28323799684123485,0.6699934166097938,0.5613712912938129,149.96307809005006,26.79233484468763,-89.65093376313555,0,0.0,0.336048576982001,0.0,0,1
0.526348918377094,0.31708526968331496,-0.010695166204200357,186.7154459646405,-25.413599923957904,87.74947485974417,0,0.0,0.0,0.1877822052499998,0,0
0.5727011799351327,0.33140291213805934,0.18473643690788183,411.8675810190167,6.6017652845267705,128.2901869089473,0,0.0,0.0,0.0,0,0
0.29095450663995104,0.13710002847740033,0.07838256477168887,35.408388873603954,12.940668725174866,21.475187362133596,0,0.0,0.0,0.0,1,1
0.727281868547077,0.7164866294134552,0.678148533921705,161.69069422186425,-5.255357945843478,-20.587415918759874,0,0.0,0.2091816049798391,0.0,0,0
0.5296416300761375,0.4909775391366173,0.44170615152588827,339.3985596383538,-7.32571146907533,14.146254824835125,0,0.0,0.0,0.0,0,0
0.7301566709275694,0.6917033303005596,0.6640575582347783,50.49087395055937,-8.175869878554948,-106.89551397207313,0,0.0,0.0,0.0,0,0
0.5200355875805801,0.2668765495276224,0.3261723211474323,47.99469149678118,1.7414258037126729,-13.007843746467003,0,0.20249951720097617,0.0,0.0,0,0
0.7992315714005521,0.2081265336437998,0.6327296598569361,311.22073497881166,10.712050219148402,38.52451031141155,0,0.17087501582011397,0.0,0.0,0,0
0.24824234460287042,0.08082323648738433,-0.027342281048104183,191.701601188534,24.039047343479908,92.53599775435666,1,0.0,0.0,0.0,0,1
0.556936401671484,0.7111152853716531,0.005871712936087403,434.55445619519816,4.78927205477158,77.93189432117586,0,0.0,0.0,0.0,0,0
0.5900893388955148,0.7083402806988744,0.5856347286004189,25.146359910766652,12.669981325291133,-67.61055471615857,0,0.0,0.0,0.0,0,0
0.6806029810156362,0.5866345949349612,0.36015693981264457,19.498877827894923,33.448774473605056,89.30993041593564,0,0.0,0.0,0.0,0,0
0.40639722306760395,0.38382251173240683,0.6077505211960532,335.63939609948517,-1.409087611267303,-31.564411001744276,0,0.0,0.0,0.0,0,0
0.658405499998318,0.4710460923292185,0.3713623272576791,73.81204941809465,-17.130243388671325,74.37836558870808,0,0.0,0.0,0.0,0,0
0.25372438101956335,0.49159711847434845,0.22607824466302184,328.8588506516977,-29.140896930117258,-108.3690779613091,0,0.0,0.0,0.0,0,1
0.23214622452459405,0.19063801607071085,-0.09635145754549344,200.57648201278408,15.636210675731625,-106.72198687540441,0,0.0,0.0,0.0,0,1
0.21095586744006223,0.4264552868133982,0.6594578458789657,93.97572234580727,-8.872849315795985,120.89339184274999,0,0.5084839423446426,0.0,0.0,0,1
0.4592033288994475,0.41745473290894425,0.2558363701625781,264.91930100356706,-22.50150744026692,12.97592418873586,0,0.0,0.0,0.08485238833312826,0,0
0.42448498146139746,0.0924537555461006,0.699846114593365,199.44926093332842,-28.639350303992742,-56.04981542932141,0,0.0,0.0,0.0,0,0
0.6449198477379987,0.5767379163816396,-0.11206527201724481,168.12824906790016,27.83577924763229,-68.55051842410808,0,0.0,0.0,0.3223624109745746,0,0
0.1393271655357981,0.13525059583828358,0.3406571396536852,85.615222389939,-20.987631365049907,-113.37500993115334,0,0.0,0.0,0.0,0,1
0.14074995032898316,0.6560199927933236,-0.05603674578973181,422.3027389395568,17.366980899819367,69.7515373387123,0,0.0,0.0,0.0,0,0
0.1613626729205375,0.10987791594048547,0.34580097813233196,378.74354569345434,-17.729644716125577,17.36036319203214,0,0.6189699207560491,0.0,0.0,0,1
0.3306535609242681,0.3030603085000235,0.6695772279888981,453.0617138704667,9.248938871715545,115.83673074625042,0,0.0,0.0,0.0,0,1
0.40326017774554257,0.4073796832807045,0.5244584844426172,160.81799812898274,23.25852852413275,-36.10281465095133,0,0.0,0.4174297651917751,0.0,0,1
0.5890503697094365,0.6039615011588001,0.3768995750364333,373.5404178604424,-29.872150760198526,100.07573454765046,0,0.0,0.0,0.37506017453334894,0,1
0.17887455528902507,0.4667852048389583,0.3671814264093001,345.2145357855044,23.355390003063278,54.39188626282166,0,0.0,0.0,0.0,0,1
0.67162557065219,0.15060277821525658,-0.1184644548257548,404.5130579101745,4.763704625866303,19.246054606588814,0,0.0,0.0,0.25302510565648734,0,0
0.581630701435422,0.11301343367359491,-0.16843413721015518,105.504524550995,23.99336100788819,19.40592380636201,0,0.0,0.0,0.44504599076038537,0,1
0.42667241339726314,0.14924657300045235,-0.08572249297820482,34.415734004591634,5.766098133934015,133.2444524253842,0,0.0,0.0,0.0,0,0
0.10496580657693505,0.09058042776319043,0.2221889662116468,97.55292116822913,10.941016964607996,-28.49564137722416,0,0.0,0.0,0.0,0,1
0.4087341546205645,0.7443230527035015,-0.09598267536600345,7.846736555574416,-3.8773037587898855,91.05348994304049,0,0.0,0.0,0.0,0,0
0.13478039536821546,0.6057721698620744,0.09181735975198413,389.8849306946991,31.25556963227666,-25.1909338816658,0,0.0,0.0,0.0,1,1
0.6251498911319167,0.2749315657168928,0.06525517359249228,403.504174424349,-21.364623607280663,110.99754742743158,0,0.0,0.0,0.0,0,0
0.7777919788106171,0.24771831729355775,0.5999606181809432,144.1319896421284,23.98506034452403,-8.030398568579628,0,0.0,0.0,0.0,0,0
0.8776923712136296,0.287330236501734,-0.1641258641090453,375.1557149689767,-10.679044356804681,75.85961628623565,0,0.2218294577860431,0.0,0.0,0,0
0.1972479090782755,0.1037743092455257,-0.06014752314432345,173.05355973687836,33.64939766321653,-56.590701373520794,0,0.0,0.23867517064441596,0.3160564548986611,0,1
0.29370824284229724,0.7459422460688568,0.016935492618459308,245.59702340310807,-21.878914630028518,86.817283512443,0,0.0,0.26401506144310843,0.0,0,1
0.3796228972410559,0.733750949123911,0.2483612978364771,143.89053659002488,-5.406816431876564,-110.24635910871685,0,0.0,0.34920472723769813,0.0,0,1
0.5188628980959085,0.5534046978635142,-0.0964433088215462,242.96541071828418,-26.188514922815024,-19.530218798078835,0,0.0,0.0,0.0,0,0
0.1352504625467004,0.5946616815074518,-0.1131019358273347,284.6589003177363,-20.450827078842583,59.53352318634214,0,0.0,0.0,0.0,0,1
0.818597467685304,0.6522318115679553,0.2729231825309418,174.38449455191,1.7729528480751497,23.72848815230941,0,0.0,0.0,0.6318914400762271,0,1
0.8136675871252416,0.7790169261148431,0.1857969601492559,157.26880057721812,19.248667098280194,19.297209759273585,0,0.0,0.0,0.0,0,0
0.287785723533244,0.06459659784474937,0.22388132377743347,329.61957487279756,-29.06162488154072,4.134694635396855,0,0.0,0.0,0.0,1,1
0.6940510008881481,0.6791557786545153,0.45846688966875954,211.5321336147505,20.005553446474494,18.64402595428146,0,0.0,0.0,0.0,0,0
0.707723592599917,0.12619257293782282,0.21766910523153804,110.12251887602842,-27.736063171193685,60.523068221527154,0,0.0,0.0,0.0,0,0
0.4473286663156121,0.5653556686081109,0.49164784101992404,322.5562407890493,27.6524592785507,-13.904153223856667,0,0.0,0.0,0.0,0,0
0.5884988202637903,0.5337412742590687,0.5946074444794442,489.92458441368404,-7.091866445651991,-58.88312633635435,1,0.0,0.0,0.0,0,1
0.7675883313214524,0.4857033537903522,0.21469674349186585,293.5762903402434,-25.586624375157477,38.84735552504222,0,0.0,0.5479624305378974,0.0,0,1
0.7334838131814242,0.16235026612626063,0.400800136669109,245.6246912539447,-14.920936105933833,-40.36554486132752,1,0.0,0.0,0.0,0,1
0.5336773158055027,0.4213876841214234,-0.15289145047223826,401.27677536787155,-34.85828443485392,-41.610712126352254,0,0.0,0.0,0.0,0,0
0.8625166605374862,0.7168417655443541,0.033354933159200656,391.8409482521069,23.993147018466956,60.578193654455816,0,0.0,0.0,0.0,0,0
0.38687072339164674,0.3885266312520291,-0.043308799110572005,464.44238923532833,8.30115977780035,86.57783983963355,0,0.0,0.0,0.25297689220303415,0,0
0.5630903050664038,0.5508487008636701,-0.15976053104801863,216.2724096393752,7.390729485597113,82.8446997492488,0,0.0,0.0,0.0,0,0
0.8741023324737389,0.25468963730085165,-0.12686606599062827,260.0882253318007,19.17345652374442,-67.17892996168672,0,0.0,0.0,0.18713804092236594,0,0
0.2715780067356432,0.6495017553253012,0.6693022676676619,373.63319112269926,20.140484258527813,-45.322018132038835,1,0.0,0.0,0.0,0,1
0.868958309714477,0.31077124991407573,0.43345831529325934,385.34043278137926,-6.969569245615627,-5.936306485721801,0,0.0,0.0,0.0,0,0
0.38629785513117987,0.26530943442015403,-0.1328287561383965,231.2902297658234,-31.659735443029277,68.73321458833232,0,0.0,0.0,0.0,0,0
0.8451088248619594,0.4013336638059186,0.5897532392825242,104.8833800479148,32.09595181988584,-44.63783828730665,0,0.0,0.0,0.0,0,0
0.7056900157112079,0.6031147553261201,-0.06743003646021128,223.48736428131065,-22.42325234212891,113.69167664575107,0,0.0,0.0,0.0,0,0
0.5992664808536439,0.3052202540919548,-0.020108660852714927,4.370334281902037,-34.83572125199408,-29.334114868123365,0,0.0,0.0,0.0,1,1
0.39685209774982955,0.14861094321876106,0.5900139747877033,458.8908263664245,20.979176182970292,-82.0577789644447,0,0.0,0.0,0.0,0,0
0.6481557187908598,0.19476617184416162,-0.18952948172235595,308.5975981713688,34.74845396337909,122.77120824490814,0,0.0,0.0,0.0,0,0
0.29264278318960835,0.05991085961918689,0.06414042127049385,480.1832686922452,-6.468084218538923,17.376404615907035,0,0.0,0.17989105045626763,0.24172548598890495,0,1
0.19892650026006356,0.49483015539597625,0.21577076107638044,293.17186510420134,-0.5010215857945326,10.150048808120658,0,0.0,0.0,0.0,0,1
0.6443128681781192,0.19059932009669545,-0.011503937878628606,71.54371136791784,-5.706965638937316,48.0987837222265,0,0.0,0.0,0.0,0,0
0.5044374414266705,0.17520162205436368,0.33602375823703795,183.06599403440572,17.625160289540524,-52.65874728133676,0,0.0,0.0,0.0,0,0
0.19096162542353995,0.6082367735141014,0.47628493847206393,52.97178944343045,-21.79547100894447,-57.342683605711315,0,0.0,0.0,0.0,0,1
0.919121848566492,0.1690875099559721,0.6525845601381839,152.0694854001483,-8.034887454896083,-59.384623238573944,0,0.0,0.0,0.0,0,0
0.6923234315437495,0.7553524831347264,-0.0888195102679103,359.5015568648949,10.533678136505223,-83.0828928785199,0,0.0,0.0,0.0,0,0
0.33430305442391267,0.7788901556530676,-0.12286397309579132,482.67167971563714,-32.2613805853722,26.675994115445803,0,0.04012245268825465,0.463767430505213,0.0,0,1
0.2865208928441163,0.13632177270828139,-0.020613494227530588,134.3009834929437,-30.386557360520744,-46.54780380329049,0,0.0,0.0,0.0,0,0
0.643252299952186,0.08021203261798308,0.053208858964366834,423.71621672660854,-23.494518434554013,114.9049838093629,0,0.0,0.0,0.0,0,0
0.5013320425751284,0.7253588195787022,0.4351238308381638,397.6598732464578,9.908271052649546,92.13241681486886,0,0.0,0.7970108290590617,0.0,0,1
0.4496894050910365,0.14542181367638018,0.3561773822793382,420.25034203093355,-22.974708129838085,63.54734372370601,0,0.0,0.0,0.0,1,1
0.8279958902790032,0.5553766245110088,0.49698640926631626,350.6979113221462,-8.018472776637182,127.56998766981425,0,0.0,0.0,0.0,1,1
0.8687907267034546,0.08237845226761988,0.25363202615108904,361.5880016891399,-19.43273774032223,-66.84918281123659,0,0.0,0.0,0.0,0,0
0.690534350798813,0.3047924365485481,0.406146461082549,202.7380286076644,20.93665811676597,83.99485932969853,0,0.0,0.7236094298962443,0.0,0,1
0.6190855990013522,0.685311034845911,-0.10031868853263497,246.76347805944394,33.67612657130357,-69.65491939414095,0,0.0,0.0,0.0,1,1
0.21268351874688984,0.3274197521784144,0.14103865362007212,288.71080687204727,16.524352099651367,-20.372434374835407,0,0.0,0.0,0.0,0,1
0.3814000732351761,0.2877090369515792,0.06307962046996013,179.6975766974022,9.894803928101105,80.9027433052417,0,0.0,0.0,0.0,0,0
0.8463707829248908,0.3112523681568861,0.3548615886472766,240.692395574657,14.342355774707187,63.07583822210441,0,0.0,0.0,0.0,0,0
0.4021731552423776,0.40597157156913327,0.3848059745685431,426.42288149694417,-28.565108234601986,67.44729852001817,0,0.0,0.5689737270074505,0.0,0,1
0.7796193396663194,0.46572813311963424,0.5024050118452112,55.46396708428732,-19.834490771346218,-72.41609511923428,0,0.0,0.0,0.0,0,0
0.3044956847096447,0.676205918734945,0.3654861683146227,58.70101471960109,-15.003986964424787,124.9160148611034,0,0.7977188367853011,0.0,0.029368916219562523,0,1
0.4865875927680968,0.7556416131410235,-0.08123994533492361,441.47817158376586,1.5723701386760425,-44.04937985569239,0,0.0,0.0,0.0,0,0
0.4416278790779411,0.07849778891636276,0.41503779367825705,107.09488334771814,-31.417580011811847,-64.17866407071116,0,0.0,0.0,0.0,0,0
0.6690141927389917,0.2887498031458976,0.4026331628824629,454.75940757662596,2.6483780828935366,87.26882656595734,0,0.0,0.0,0.0,0,0
0.8194062383344088,0.5759152220369804,0.30418310745564164,493.43679069864857,-32.023493575787235,130.87158047714493,0,0.0,0.0,0.0,0,0
0.47604315512232576,0.6790818221518276,0.525120306227292,144.9421636730782,-10.011549213023109,-106.2828956798956,0,0.0,0.0,0.0,0,0
0.7293738534099695,0.10177740098236988,0.28530583499858,133.08778518782788,7.192817819205786,132.02634962190052,0,0.6980380629400793,0.0,0.0,0,1
0.6188779197399042,0.7435138699331527,0.3509208800742321,312.6507935236292,6.689639993377554,23.546524749537554,0,0.0,0.6593035088173079,0.0,0,1
0.3859051210490084,0.578427713260638,0.2301150408271982,355.59411644982487,-0.35483716485397565,65.57479426665944,0,0.0,0.0,0.0,0,0
0.4868487056202313,0.678344942426865,0.547917390928631,413.9501208763393,4.0014019212403085,121.45670751656823,0,0.0,0.0,0.0,0,0
0.8669357421269912,0.721258110485604,-0.137048610799208,465.27709450787717,25.680255040174657,27.28269908460007,0,0.0,0.0,0.0,0,0
0.34597195218662213,0.39922500311839637,0.0442176334183815,455.3536509128346,-1.0818104923204146,-100.69647441597712,0,0.0,0.0,0.0,0,0
0.9350009193948655,0.6303872068361048,0.4729775462884738,50.621568483900745,27.215782693934862,40.43468771850442,0,0.0,0.0,0.0,0,0
0.3143367253982021,0.2686476967179639,0.5355648699905315,196.3991413036799,16.865908109146957,-18.16719491652067,0,0.0,0.0,0.0,0,0
0.8624610257111847,0.17247081662052482,0.3667867694866605,57.367828194402755,-23.151435297812558,-18.638693410993838,0,0.0,0.0,0.0,0,0
0.3581662222031452,0.3230418959512415,0.4521013699765745,64.95302317777137,-21.24667605031957,-75.86828915125125,0,0.0,0.32214041066901244,0.0,0,1
0.40667055592083945,0.14309295223945734,0.07550544423411831,202.89200665057365,28.211859677619636,35.85196571643854,0,0.0,0.2434210495551101,0.0,0,0
0.3999700249878304,0.40044739571896837,0.6857871222511047,190.59779147093212,11.670632396472044,35.60979314923105,0,0.0,0.7274980562927601,0.0,0,1
0.9359593542613089,0.4645023110127661,0.5444290578843443,265.85019781904316,5.261073501311145,2.139468530274499,0,0.0,0.0,0.0,0,0
0.5986753579783042,0.24165878150578673,0.6365496001545545,452.31105325618074,9.943540682678623,11.274773917491302,0,0.0,0.0,0.0,0,0
0.6586985697922731,0.794676159688237,0.3234097564466218,287.22464066004517,13.630664726741045,-38.29463452698532,0,0.0,0.0,0.0,0,0
0.5742425289318823,0.6567628559163969,-0.0452370796112819,215.41295790059172,4.441912907386943,54.49317398577074,0,0.6731540818538502,0.0,0.0,0,1
0.43393977385287585,0.10050977833141202,-0.1464501381449113,33.31699455700234,-31.427888144353684,84.05321236785693,0,0.0,0.0,0.0,0,0
0.5348472499446841,0.58539166093937,0.4798547083004053,154.09912160353497,-26.926684477065663,32.13511493330205,0,0.0,0.0,0.0,0,0
0.16454129892114974,0.41070910277660755,0.4937772991780193,364.6837958692711,5.7441559297993265,80.04535722263915,0,0.0,0.07650219842695583,0.0,0,0
0.29374017526118085,0.5272315917990426,-0.14462945904899438,235.83177265885192,31.654230236578528,44.22228865348919,0,0.0,0.47511095354179383,0.0,0,1
0.25757464029986876,0.6854942056538331,-0.10621481601539608,347.63166100381244,33.84756459243347,-25.216203600000185,0,0.0,0.0,0.0,0,0
0.4336993224633625,0.09876019993373135,0.19867701747820254,446.81687756161114,-18.212855003444748,35.46513041689877,0,0.0,0.0,0.0,0,0
0.42438079521671956,0.4234682839840304,0.5318697424333423,290.9228303247535,6.628897005193146,-104.6706096726262,0,0.33829893581940756,0.0,0.0,0,1
0.5377657270528435,0.728079526361268,0.037601165707960044,332.0660060241144,-31.0844803413921,-55.37087189721258,0,0.0,0.0,0.0,0,0
0.10474362312420236,0.6494711003269962,0.17632242025188927,153.02164801244152,18.372269019724534,-14.416296246858863,0,0.0,0.0,0.44808992655222074,0,1
0.3410967506984405,0.5078981732354768,0.24890718382009364,314.34710202008466,25.7921016717685,94.461221645075,1,0.0,0.0,0.0,0,1
0.31725164020765406,0.47723561717036184,-0.08027208405640616,4.1699420242878995,-28.25930675144877,134.21673114210105,0,0.0,0.0,0.0,0,0
0.6015431504133764,0.42434344609032476,-0.08528086678508028,284.00933901810237,8.848127260033806,112.15070775176179,0,0.0,0.0,0.0,0,0
0.6221482467526505,0.3279218022145714,0.015112963782677513,41.77004667230412,-19.18671097606397,-119.22899338059588,0,0.0,0.0,0.6645971216770333,0,1
0.44835564144600737,0.7693490840958405,0.47227033985894956,72.82556707009448,-5.9925771451695375,104.67461441228636,0,0.0,0.0,0.0,0,0
0.5566848355797708,0.08073124261381316,0.2917684163810794,111.82599180547048,14.694415678271397,-37.46123791041684,0,0.0,0.0,0.0,0,0
0.3592075896690765,0.05978031354517886,0.10999249824998575,263.2172055336603,0.7958311405525933,2.144946307015047,0,0.0,0.0,0.0,0,0
0.3669506214054813,0.31154771498252726,-0.1636447525015408,203.6140218419385,28.94471989378262,-51.4037967965169,0,0.0,0.0,0.0,0,0
0.2663049691907087,0.5946807636488489,0.413825481376674,99.32150270813194,-27.93384385034143,82.5006406333849,0,0.0,0.0,0.0,0,1
0.874064249916739,0.11109877187875415,-0.08296783172227115,473.4338488867422,-27.496323764493503,102.88187302883517,0,0.0,0.0,0.0,0,0
0.3434440885398924,0.6579651367081447,0.5284343126312516,481.76237371856075,28.667233172322682,100.82265607458314,0,0.0,0.0,0.0,0,1
0.6538688634124848,0.797395350424001,0.21757344737103446,422.1309031168639,33.053149302797834,-88.28275538275312,1,0.0,0.0,0.0,0,1
0.5582727319976326,0.12439684711647055,0.123374413320814,349.6415155518734,-9.22834819426243,-41.85076407752216,0,0.49995294903291776,0.0,0.0,0,1
0.3945171804894708,0.06176186271585267,0.25691758888772426,287.6039634035548,-4.244885996064102,68.57261460439986,0,0.0,0.0,0.0,0,0
0.6327039159547672,0.20683479700489305,0.5512457958594299,95.4478248920173,23.83217852289433,-88.69098968252524,0,0.0,0.0,0.0,0,0
0.1709073880266631,0.2798177250603927,0.6427370827720393,410.89788109778976,-30.700479177177776,-16.711810996053842,0,0.0,0.0,0.0,0,1
0.17222562607716735,0.7375287094150547,-0.18117285945563982,477.4788044652846,29.38570698436483,-43.24280409112991,0,0.0,0.0,0.6519924649691559,0,1
0.17348744093156446,0.6433101978432323,0.0005302236922474501,178.27098839598477,-2.6573270822219683,87.75437259728255,0,0.0,0.5530510897084264,0.0,0,1
0.6800563731231987,0.4215257244555067,0.07368748696268645,326.9561542463409,-6.575133711955754,-94.74958366000607,0,0.0,0.0,0.0,0,0
0.6291594907555861,0.1753518246017292,-0.14841996796372142,173.18872012807674,8.991074236742087,-25.631747804660492,0,0.36554843609055165,0.0,0.0,0,1
0.14323799691064346,0.5394334465787078,0.6846864938958859,171.59183782258668,13.132756278134707,88.30394133456304,0,0.0,0.0,0.4453076630063628,0,1
0.24824798932618747,0.42387834954664755,0.5645774176167679,456.553498572083,23.16090519447784,81.11385347153319,0,0.0,0.0,0.0,0,1
0.33332673712999716,0.3411479238180429,0.45167562627609786,345.6687263504015,28.862607693677617,37.97319256827757,0,0.0,0.0,0.04413381018564624,0,0
0.5554146205956769,0.13524477606301472,0.42029839586360856,231.48859166227547,10.351832881360167,-41.32349706680529,0,0.0,0.0,0.0,0,0
0.26958873384234067,0.6096222420649017,-0.05527984360959834,227.7362511181394,-20.33349386305836,105.88833332942463,0,0.0,0.0,0.3354069123860579,0,1
0.6400030670582035,0.5715810908243837,0.4289466185208111,12.696904619339271,29.77012945367784,110.41318311469891,0,0.0,0.0,0.33964024836097145,0,0
0.5010786720809542,0.4845349889088338,0.667928030329642,390.44499884398226,-30.230655021149104,-80.95937632759373,0,0.0,0.0,0.0,0,0
0.7187442360598737,0.4665939037898489,0.18816306239886882,198.44033308300922,-20.635176975490502,-58.457112363097195,0,0.0,0.0,0.0,0,0
0.34308000411746953,0.12838303709796112,-0.13459040936858307,341.76373519673837,-10.889861246792325,-40.34076540670908,0,0.0,0.0,0.0,0,1
0.7379211661497682,0.41822680920575495,0.36296344342971903,499.4655684735681,-16.70645408252326,35.43346076591291,0,0.0,0.0,0.0,0,0
0.48710541080302516,0.131808053617764,0.44341426618595664,188.055487471123,32.024457117351346,-46.43352393918872,0,0.0,0.0,0.0,0,0
0.30216601396263065,0.5858719461657222,-0.19072359778508172,215.12389441702712,24.76825496060517,-67.7754220215308,0,0.0,0.0,0.0,0,0
0.9389445813203601,0.3867339981709454,0.3145195155225607,374.0872943828805,23.758667065091252,102.95846360421132,0,0.3313187171038404,0.0,0.0,0,1
0.5701706457308122,0.7058524638553109,0.18846025771470526,110.93955062473904,11.130324904436208,58.75596975187574,0,0.0,0.0,0.0,0,0
0.8763685773625379,0.5187215636983008,-0.09060124175031162,129.15477401622786,-9.602557534713661,40.957368864827544,0,0.0,0.0,0.0,0,0
0.19111667671716265,0.24423304266091134,0.24116408058234778,177.4893499848497,7.125365358799769,63.69262046903222,0,0.0,0.0,0.0,0,1
0.773514881179739,0.11024354126097043,0.6829582069154101,189.76454414544077,6.719887667935964,99.86664447938253,0,0.0,0.0,0.0,0,0
0.6343339135032328,0.6341299290389465,0.15215448193249864,370.96484108960465,-28.06567251609875,104.4282146851107,0,0.0,0.0,0.07803869228870222,0,0
0.599904608102295,0.6628901727320206,0.39484880574410425,70.36747165469144,3.8123203982183043,-15.049258463183378,0,0.0,0.0,0.0,0,0
0.6853450272220528,0.49258231137201974,0.452773908760338,328.2537570759637,34.31532555005093,90.88515582942676,0,0.0,0.0,0.0,0,0
0.5200691933753468,0.7897210754414105,0.6952694927924536,355.54866445829606,29.623088444076316,60.56353249589836,0,0.0,0.0,0.0,0,0
0.258846048007073,0.34356865360910616,0.023947705278012765,159.9400136632055,-11.590260009039504,16.418553380547934,1,0.0,0.0,0.6261398796217632,0,1
0.8028453311618563,0.1559896343026012,0.07046591403938063,187.79082155871805,-33.912388195142746,-55.74186850302756,0,0.0,0.0,0.0,0,0
0.39601690959160796,0.23621769451235414,0.04607705330232181,342.82785910124136,-11.37456905369817,-9.543750050603677,0,0.0,0.0,0.0,0,0
0.31481118011500553,0.22208783192769027,0.6468348759460738,13.896107823312603,-13.626025542089181,131.51698595040767,0,0.0,0.0,0.0,0,1
0.5371307474370133,0.3342674318769449,0.1801078532412818,425.76261093141846,-19.588812293635787,-29.301687373477122,0,0.0,0.0,0.0,0,0
0.13348087034623562,0.7963419338722751,0.35390492871270723,32.07938357772426,-25.603006161618154,8.252074933269142,0,0.0,0.0,0.0,0,1
0.3416862424304654,0.40586111210428816,0.18351157458592388,159.90723260040843,23.016869548143944,-2.204276820361258,0,0.0,0.0,0.0,0,0
0.2698712985316888,0.45804097589047604,-0.06957062818521043,79.84696562273804,-6.5188237726809355,61.88120930620292,0,0.0,0.36042731747651424,0.0,0,1
0.3813795460882685,0.5966427996393968,-0.11833128564263401,260.59876864170883,-17.838635743424135,-52.449922858705136,0,0.6835480236208946,0.0,0.0,0,1
0.39345523147245154,0.1806110268785865,0.41579899356322697,331.1121172075021,31.838148342047845,-21.542560020676206,0,0.0,0.0,0.0,0,0
0.6601304957367906,0.13637745152461495,0.612650198615986,471.1264676370826,17.96989763844237,107.70854411355478,0,0.0,0.0,0.0,0,0
0.4283402856241397,0.23119951774950476,-0.11053745735812423,149.17513613444177,0.1174731961306108,52.22923636526849,0,0.0,0.0,0.0,0,0
0.39439072781846474,0.3131054828926613,0.1815724915270383,144.00082010620397,-16.255783832864044,-88.51721905349619,0,0.0,0.0,0.6304876559462318,0,1
0.884455728444261,0.3663227547872962,0.2536851321826727,227.5463275694791,0.23444333227958936,72.8172561574934,0,0.0,0.48052829733895086,0.0,0,1
0.44051942049314863,0.6143923097679918,0.1991201742636391,469.42276394633177,31.047681083816187,136.96906435646207,0,0.0,0.0,0.0,0,0
0.7134975490453745,0.32630121451430877,0.12212915722169132,214.6267437850888,21.261143089358306,-61.201753582670854,0,0.0,0.0,0.0,0,0
0.7281227940077734,0.08360341954931018,0.2921635837892964,244.39878774134073,-27.85947351443044,15.586942537580597,0,0.0,0.0,0.0,0,0
0.9382490093257567,0.6603947228050736,-0.1547068654675206,23.09095878488395,-30.683242725665362,-93.87627328339124,0,0.0,0.0,0.0,0,0
0.7757230048315863,0.05166264112079229,0.6385955417870761,32.76020835282955,4.950169526124888,75.75291120079734,0,0.15306212725486879,0.0,0.0,0,0
0.290063261908365,0.11552213781088248,0.37982093211403206,445.08252208500863,-15.327849759925947,-91.78711919429252,0,0.0,0.0,0.0,0,1
0.33820593459246573,0.5928358290268552,0.14862792112572032,365.60282458566337,-6.090700044820078,-18.5267086594763,0,0.0,0.0,0.0,0,1
0.717707868149825,0.2817077743345474,0.2916572825255535,309.5020878119555,16.541279220659526,-81.93417678973125,0,0.0,0.0,0.28599280234154983,0,0
0.6831183628943904,0.21700094280936794,0.686653772615041,266.98630037948914,9.89381437098615,-51.90291942580565,0,0.0,0.0,0.37141025230929753,0,1
0.443615355639254,0.46140230983991665,0.2591966567540368,280.0368010010677,3.7783618622079302,-42.06245229587637,0,0.0,0.0,0.0,0,0
0.3884282986817882,0.2939719114570387,0.43029826451776504,4.409124240917816,-34.36927543207323,-77.83806615586022,0,0.0,0.45628280905410856,0.0,0,1
0.40895118237225403,0.451312466993216,0.27126661025278176,317.3663999582626,29.859910761372703,-13.274723872827352,0,0.0,0.0,0.6512155143491746,0,1
0.42830828868129645,0.19722549855239263,0.28000857923820477,60.080975856661574,-18.249349382100128,-52.9962464261007,0,0.0,0.0,0.0,1,1
0.360014576962157,0.14762639663320393,0.1842894478262243,482.00151258453474,-32.95190398544402,102.57133221331452,0,0.0,0.0,0.3527335219270387,0,1
0.6484544008230827,0.4986569118470326,-0.11543614189621736,103.36861088657308,8.19664273239109,-46.75330777963923,0,0.0,0.0,0.0,0,0
0.6291000447964625,0.18869910508043924,0.6484479127574552,283.18080796805657,26.02646943317837,26.589334798699014,0,0.0,0.0,0.0,0,0
0.7266447733157907,0.6759792501773993,0.1670699079834943,160.55059533729155,29.120308792178875,135.15881272184615,0,0.0,0.5750679753767567,0.0,0,1
0.21985963923473517,0.1155867602836118,0.5142271246580721,230.07245921803772,18.09199960283147,138.56541843444643,0,0.0,0.0,0.0,0,1
0.6462963143465568,0.7398021843110438,0.4141422754232951,87.53882311761124,3.3018306361322516,-80.68828849702606,0,0.0,0.0,0.0,0,0
0.8290354145865215,0.18213027502411905,0.06487007096234515,4.236586752787384,18.364478199688577,86.19789567933256,0,0.0,0.0,0.0,0,0
0.4436323297589827,0.28864238303143425,0.6511405769208347,262.8425930848493,26.133909218498495,-71.19397000742995,0,0.0,0.0,0.0,0,0
0.46036279973769834,0.7287031262045081,0.6932744248635505,160.64301370503094,26.573097649456848,-97.54093743243469,1,0.0,0.0,0.0,0,1
0.5777598064643242,0.7394787001318315,0.32615830437746335,30.351325548732632,2.5883417704526366,95.5819475203312,0,0.0,0.0,0.0,0,0
0.29940234826425666,0.6767333020498743,0.5954014706524777,225.68031063999936,-2.7056876190377963,-19.761476454401844,0,0.0,0.0,0.0,0,1
0.10805348027140754,0.5745852876841502,0.17918809244746298,488.6943480082452,8.929915181054355,-8.941646770205466,1,0.0,0.0,0.0,0,1
0.8621610842989709,0.5005252712898549,0.07001075487864755,104.57429435225988,22.597796082886106,-28.641374271250925,0,0.0,0.0,0.0,0,0
0.25917271441171386,0.263089879435478,0.2831377862665211,449.09027482759035,-31.167666489100647,53.924967682780306,0,0.0,0.0,0.0,0,1
0.5194267624248441,0.4817771010510156,0.4928780327790065,56.45817895143184,5.207347277366878,39.56908043237351,0,0.0,0.0,0.0,0,0
0.2819550956334816,0.164258899683781,0.6888525242761314,180.13744826716237,-34.78031471550179,68.54014614445967,0,0.0,0.0,0.0,0,0
0.847549765062842,0.2726022310784792,0.41389523245371646,492.4757332328069,24.581021393484583,34.28663928281611,0,0.0,0.0,0.0,0,0
0.6946753608274402,0.644211683761414,0.487263035151105,246.4336979272197,7.19388743951361,128.17417884121218,0,0.06091948877477291,0.0,0.0,0,0
0.6682091567597127,0.5105001904329586,0.16325296736157574,59.18998101566305,-30.40686343545858,52.98745275031908,0,0.0,0.0,0.0,0,0
0.1713606251313491,0.47750322964858577,0.18584094837924742,131.72632254632035,24.457029015781394,35.57848099916333,0,0.0,0.0,0.0,0,0
0.6941782131714563,0.6347250552336667,0.08508911912093775,85.1057434752744,-2.3596811581008197,-56.98432158155196,0,0.0,0.0,0.627563241664661,0,1
0.5208917657228216,0.501082719477212,0.49291936379842244,53.37902642797041,-6.54038590695718,-61.200205141650954,0,0.0,0.0,0.0,0,0
0.7728885107964523,0.2401559499618589,0.42831012829534515,54.808285713779796,24.21422470538274,139.28569712219246,0,0.0,0.0,0.0,0,0
0.8850090684335588,0.5570803291391353,0.13845276695193748,325.0402188566297,8.311457069022289,38.07634687047931,0,0.0,0.0,0.0,0,0
0.4266589200755415,0.16911244343327464,-0.06804779414246287,178.51077394357247,2.635411855826625,64.99764627925146,0,0.0,0.40845250086761137,0.0,0,1
0.6161807351146117,0.33295509862764167,0.23204129218232833,301.21542735662825,-25.6242512314718,-15.641299695879695,0,0.0,0.0,0.0,0,0
0.8486285847162675,0.19782932857567553,0.08592811097794817,25.472048460723844,-8.99859758630479,-5.3952516333691705,0,0.0,0.0,0.0,0,0
0.44070245203891556,0.5916131800967022,0.5331936637135859,431.1080025033282,-31.584059391419423,-46.70318655102339,0,0.0,0.0,0.0,0,0
0.10103864974671106,0.377518170645423,0.6328829803491474,468.5379663992261,-28.07489099246088,122.56370773173359,0,0.20546263991293667,0.0,0.0,0,1
0.8135625699608567,0.359764686153446,-0.15503901344927581,499.67554543124686,17.403387946349113,-38.056602415277155,0,0.0,0.06422986384361451,0.0,0,0
0.2845021283527226,0.6582219129655313,0.34961701307282406,208.0376536381653,-24.79714865585086,-113.07287360256475,0,0.0,0.0,0.0,0,1
0.6598087080768893,0.7316761305157466,0.11205799426614915,175.2734801378371,9.3225131436825,86.20557958871535,0,0.0,0.0,0.0,0,0
0.512470597732729,0.26428544773390134,0.2323974080077565,418.0498551411395,28.52488267592267,-32.16305854721578,0,0.0,0.0,0.0,0,0
0.2803355608847695,0.2054641497474216,0.4393112436813528,452.18712784041276,23.24685934958471,-102.9282762036514,0,0.0,0.0,0.0,0,1
0.20911236800814703,0.25243667533074454,0.3666491672968744,315.78305401289845,8.669418658804474,103.8083803489476,0,0.0,0.0,0.0,0,1
0.8947514711828395,0.5452709899208847,0.39215355884090625,92.41009441390257,30.80048591591614,-47.256750602486875,0,0.0,0.0,0.0,0,0
0.7332856288144014,0.6116365634391636,0.12800413764907032,144.02165151598507,-6.06573752659267,-39.70976151530202,0,0.0,0.0,0.0,0,0
0.5740473353660979,0.41205142271870876,0.13042346116999393,277.4750676444267,-15.228221586725265,86.63698757139917,0,0.0,0.0,0.0,0,0
0.553408675205202,0.5679010016026136,0.29337033579743027,443.16394975249926,1.161391108688946,-34.81501848798199,1,0.37084833097501035,0.0,0.0,0,1
0.7047649700407015,0.13366601410715973,0.020239440690740546,146.54437268213513,-22.071604741443924,14.419950327675537,0,0.0,0.0,0.0,0,0
0.7466022431481851,0.5283416376982415,0.5520266036162331,136.045066916418,6.7332982241295625,126.44554252378771,0,0.0,0.0,0.0,0,0
0.3618160771756104,0.21846683192460437,0.06947799642531305,198.8741494637966,-33.39330299310268,79.70720695449458,0,0.0,0.0,0.0,0,0
0.5768461250756646,0.26659470832992066,0.05256013056411607,332.43418461809677,-11.72038269293984,-14.334125529960119,0,0.0,0.5848068160391219,0.0,0,1
0.8753475530522176,0.4284027214076563,-0.13679059387751463,57.948243724164584,-22.282897036603522,78.52799647491997,0,0.0,0.0,0.0,0,0
0.5453833301968589,0.06355573356856802,-0.050674372212043656,181.62322888053782,-27.646838945723502,100.43121361783992,0,0.2573365052965539,0.0,0.0,0,1
0.783406358365487,0.5577171924440458,0.6610313296068284,307.16818520162764,-12.83733774441642,79.4651495178554,0,0.0,0.0,0.0,0,0
0.5900633598031777,0.4652878992509167,0.18094862718814625,375.9931521460138,3.654521820289993,39.30142025564484,0,0.0,0.0,0.0,0,0
0.6519561333192848,0.7756030209829154,0.09523839752427227,318.58895377822824,5.302607151790596,72.98665441286977,0,0.0,0.6991678063963951,0.0,0,1
0.5325166922054304,0.7482063959286653,0.3481307439227243,41.1316745287961,29.484893930777076,18.896302421821105,0,0.0,0.0,0.0,0,0
0.3491748319023641,0.39707846792919654,0.6503708370735688,9.548235655432123,-19.56101755509839,44.246084435552234,0,0.0,0.0,0.0,0,1
0.6352113647462797,0.5133104495801647,0.6370258385106287,484.32115004895775,17.31483524403169,-113.02934326891791,0,0.3371867763587899,0.0,0.0,0,1
0.3940507893572158,0.7837524639452421,0.4649106567878781,422.41038157653975,22.475159262816064,96.21581897492163,1,0.0,0.0,0.0,0,1
0.13871893038343483,0.6032196890958634,0.6320042103358852,184.80364453167311,-8.125129134594648,-97.94031339429239,0,0.0,0.0,0.0,0,1
0.8799201513220575,0.5392554860044612,0.08094282147898019,172.631379598925,1.905906296574443,86.10958894075338,0,0.0,0.0,0.0,0,0
0.8955598921094899,0.48202339086781426,0.17603324375902135,271.7601692873971,-17.99150279178885,-72.57173500254474,0,0.7982258164464517,0.314126659816301,0.0,0,1
0.7161677196368326,0.4086604753706153,0.5781773607286635,354.8814791794186,7.739268913427274,-43.5733093719209,0,0.0,0.0,0.0,0,0
0.2855741145981188,0.7863016325221924,0.4357628392832747,272.9920815486997,-21.69318874209021,-92.84473785204614,0,0.0,0.0,0.0,0,1
0.397664199428024,0.30739268868557124,-0.0837721515695529,493.66566266185123,12.72387177985609,-65.97008744180408,0,0.0,0.0,0.0,0,0
0.6456964892234008,0.5102122576767341,0.35553684336526675,402.6083641601651,9.757268847945227,96.22336734621135,0,0.7290031771769954,0.0,0.0,0,1
0.8758354811273453,0.19227703201664958,0.5400199879346941,32.827118740720934,26.900804057877515,-77.62804254417419,0,0.0,0.0,0.0,0,0
0.6293391517565751,0.3282643372474387,0.21943794308797987,220.7595277069071,2.076871386000782,48.59695786740323,0,0.0,0.0,0.0,0,0
0.8377633143057651,0.12297905803772398,0.00602797298251434,456.5717500404599,11.638256526800035,106.48005493785749,0,0.0,0.0,0.0,0,0
0.1258348535155988,0.586997287486833,0.39530221930582704,162.9510561962104,31.308132197006955,-98.91406467160735,0,0.0,0.0,0.36747006364747536,0,1
0.27290131136289963,0.30698244289229343,0.6379231939389887,447.103377339076,14.173384158494073,-18.28623107123059,0,0.290747812906452,0.0,0.0,0,1
0.9400369366351944,0.4646657604712337,0.6025399708433485,363.9920699024071,9.015048785435859,-31.32627276224609,0,0.0,0.0,0.0,0,0
0.33187303411711777,0.21111446225738967,-0.048570933269395156,395.3844045362422,-6.226699622416113,-73.5124649466922,0,0.0,0.0,0.0,0,1
0.7886891974497259,0.7557883821735704,-0.12877751281006528,464.7949352292252,-7.70879492663115,2.178207273808596,0,0.0,0.1274428455327172,0.0,0,0
0.10159590534523946,0.1566006561156495,0.698497953229632,346.90008044855693,-34.21427176673918,86.83432391347762,0,0.0,0.0,0.30659578832032547,0,1
0.6239820876939465,0.47463220492051506,0.3684782654426189,76.66893944173866,1.0529580396674163,-81.31875700995082,0,0.0,0.1572826030937196,0.0,0,0
0.6821295794420154,0.7292270301971517,0.16469337624232594,20.627147235246827,28.76241773572103,86.21577288491548,0,0.0,0.0,0.0,0,0
0.4474628863181699,0.06587123343378824,0.3099370416661252,478.89463291285404,-29.992594406595412,-88.75876714390184,1,0.0,0.0,0.0,0,1
0.14150605177542286,0.37196406711468927,0.6337868249447904,361.754221426073,28.5927881875726,-77.72226989157409,0,0.0,0.6170688227532856,0.0,0,1
0.21975180547492035,0.10067251029269718,0.6134448671220072,377.05483111918886,-6.770351792456211,-113.47528340478108,0,0.0,0.0,0.4668250595744835,0,1
0.44350807315216567,0.29687090015629636,0.5120604083274243,182.35902603270702,9.476110548980124,-41.828942835935635,0,0.0,0.0,0.0,0,0
0.7447884798065838,0.24678263488858576,0.19270232545510846,427.6484016523094,13.204198720369433,-113.19189942185064,0,0.0,0.0,0.0,0,0
0.28099288816441503,0.5811829707454138,0.6748616576172655,225.59769624067107,33.825432523928114,114.43846571913224,0,0.0,0.0,0.0,0,1
0.7443619039865526,0.4380757965758298,0.43463667763576613,148.56505063303027,-24.914564184672983,108.87672230329355,0,0.0,0.0,0.0,0,0
0.575807063931327,0.4934295320453398,0.4289111034662921,183.9286900360357,6.842017881534964,-46.10447281317549,0,0.0,0.0,0.0,0,0
0.8158545623772171,0.12511564453535357,0.07718318297528703,189.5643800130127,-24.84605474839539,-70.37902642412004,0,0.0,0.0,0.0,0,0
0.9089136415676023,0.2468424408997394,0.16679241773605197,4.913464632518426,-2.5160299665511445,-67.34049274227911,0,0.34183869135759803,0.0,0.0,0,1
0.34934466165026223,0.7860848076684043,0.3929513204185288,34.197204476815365,-27.041708666832744,102.4847267739045,0,0.0,0.0,0.0,0,0
0.4526285627925405,0.19736630389720516,0.3997025094161896,497.04903178864043,-1.3643340197303573,47.08678349860361,0,0.0,0.0,0.0,0,0
0.8846136290855051,0.5150956198590186,-0.1711402235241441,457.34431509689034,12.619087236243274,-17.86951155577968,0,0.0,0.0,0.27412243757690724,0,0
0.36471810175032504,0.2572678898073763,-0.04749378694595052,130.64841844027032,18.150604185239352,38.92796127182356,0,0.0,0.13231905637552518,0.0,0,0
0.37333776954976805,0.2895313122009248,-0.1263459363328988,325.70701461020593,-28.52775444401877,45.594663027873196,1,0.12638284526528612,0.0,0.30387603652649137,0,1
0.7014672773405337,0.7673197778696288,-0.15678267970297266,345.00717934183183,27.15881165927862,-22.967875413677177,0,0.0,0.0,0.0,0,0
0.33247480180248756,0.5376691826069436,0.485687460081164,23.706488220069033,10.533498916898878,-17.980361237832383,0,0.0,0.10746232809611228,0.0,1,1
0.3566853323028978,0.37244366345157864,-0.02296395484695321,113.46730350589043,9.76110245201781,134.7869200155693,0,0.0,0.0,0.30264959260641444,0,0
0.8402200875276182,0.0956048302684666,0.4646384829205617,46.818750874752425,12.636476210023694,53.95348329780228,1,0.0,0.0,0.0,0,1
0.35309287562550673,0.6624423099410824,0.24494270903818527,76.02841440292363,30.621160387190713,66.63831496199822,0,0.0,0.0,0.0,0,0
0.12572328766153384,0.18338441677910056,0.6470958465335972,130.91707942336765,23.23045657426041,-7.6336506117845175,0,0.2765550903451726,0.0,0.0,0,1
0.16152768882676122,0.29682991251388613,-0.007241954342507934,161.7410122286729,30.227059168075726,135.7243896904086,0,0.0,0.0,0.0,0,1
0.9361978173231468,0.315604543988717,-0.129022514326671,259.00454323143157,23.04135227175236,40.85115958246439,0,0.0,0.0,0.0,0,0
0.7312885019329964,0.3918016244249131,0.620599701823342,316.0610685034644,20.250217516038973,-55.01652460983581,0,0.0,0.0,0.0,0,0
0.7448291579036929,0.12793988960798147,-0.02261129287811295,438.5171438892245,25.33295633224921,51.5316584690307,0,0.0,0.0,0.0,0,0
0.39456506560402105,0.22206402932395874,0.6690611274124545,340.81258897255566,-34.573899388740145,75.22827152794261,0,0.0,0.0,0.0,0,0
0.2602050187745123,0.35908671558644323,0.4677986392735291,465.55262071644495,8.628960293927165,-87.71932293389523,0,0.0,0.35030071553320746,0.0,0,1
0.8051793872924096,0.5219121943828706,0.3721290578530509,49.37841913474863,20.6215925039821,95.82323216334552,0,0.0,0.0,0.0,0,0
0.9390213298674136,0.5478465121965569,-0.08615335306204938,93.69680524128219,-17.383712391155278,75.18611009061775,0,0.0,0.0,0.0,1,1
0.5786915618371017,0.3902496306748316,0.19643236883073156,275.58088545858396,11.744725638467173,59.298243781878654,0,0.0,0.0,0.0,0,0
0.8693583705553799,0.7091940537809492,0.16147532362976214,284.93400581558285,-23.606269966253812,49.071465910506504,0,0.0,0.0,0.5916115447712021,0,1
0.46786125684364244,0.061390680146845275,-0.05978643143495177,422.4667984181446,12.569837025392339,55.31895555314665,0,0.0,0.0,0.0,0,0
0.8698077893415922,0.7611144905788014,0.04859067262632508,426.2468450397158,23.48941307439896,114.45988141710512,0,0.0,0.0,0.1778552621073898,0,0
0.6324666643529376,0.66353051829216,0.4971588272943452,328.48977232547213,2.2655741046987146,34.21493219857845,0,0.0,0.0,0.0,0,0
0.3793954105428532,0.3336193720333674,0.6406074348371293,75.36612641822597,-20.245470499299536,-68.59607963835917,0,0.0,0.0,0.0,0,0
0.6247389119111272,0.3780766938734687,0.6221702417478558,45.85935286966165,28.706862837506662,112.28016055864461,0,0.0,0.0,0.0,0,0
0.7947512805324942,0.31110217390826894,0.30202870853693825,201.5504095708285,-29.384380698610094,-75.25572847505202,0,0.0,0.15192275074363845,0.0,0,0
0.2791440414515666,0.4956891084217614,0.315263601097931,150.12888342692983,-25.87726724231889,-103.71815251270701,0,0.0,0.0,0.0,0,0
0.8013220167733519,0.0554236747366675,0.37192227508109593,403.50549698978125,12.48522711852128,113.00159525855958,0,0.0,0.0,0.506510146290077,0,1
0.5728529239011376,0.5013531349569097,0.3001049127450521,102.75911017827951,25.488448919239907,-78.28154820401403,0,0.38800017344398996,0.0,0.0,1,1
0.15304543339722404,0.38824771757959303,0.5719247872411541,302.9465558210274,-12.146300373579503,-96.16778972813546,0,0.0,0.0,0.0,0,1
0.35746080625912935,0.4340411402636843,0.6126529689258833,362.7811221907885,21.72831607841801,-108.43238117276738,0,0.0,0.0,0.0,0,0
0.7456593896157309,0.17837067072994806,0.351212340341758,357.45136938190956,27.385279688433847,-24.695935348207726,0,0.23752091333334038,0.0,0.0,0,0
0.6834020794645235,0.7294209909983949,0.06650533509354262,185.58506359340265,-29.9706549364275,-66.68270190181481,0,0.0,0.0,0.0,0,0
0.9442158887541408,0.07524758933946128,0.023814831707736572,428.16241204928735,11.045183990294163,-95.45447697331079,0,0.0,0.0,0.0,0,0
0.16979735758735048,0.28565459165467866,-0.04210024285968203,311.8064838108301,-14.846592675512245,-105.89892460551238,0,0.0,0.7549583737733383,0.0,0,1
0.602835973764268,0.609744333450017,0.6230085244069519,213.09489735778223,32.47111786393447,-72.2088514151709,0,0.0,0.0,0.4089980117247523,0,1
0.15667458340429197,0.7535052529162736,0.17487068879135853,218.92309568972203,-17.22482385089288,90.16560839727373,0,0.0,0.0,0.39572755475711296,0,1
0.1095959110825776,0.06244436939952784,0.07372796324919106,187.724205874737,23.616873221054384,-27.26670901143244,0,0.0,0.0,0.0,0,1
0.933285986874429,0.35513360844270997,-0.014745114454744995,17.23162507620477,-34.89374876245351,-63.33746529344723,0,0.0,0.0,0.0,0,0
0.5148118226298013,0.7945530347560744,-0.053181852768141524,50.42166176469522,16.92815806489329,90.98854796609976,0,0.0,0.0,0.0,0,0
0.3805159257470552,0.15959478095252566,0.42568553261499115,479.7944227265687,14.368848261109143,-45.356046753166495,0,0.0,0.0,0.13496455546482425,0,0
0.5773250590174489,0.47301981330232484,-0.027383053415583836,278.6325458789863,26.37127058583004,112.41421764641137,0,0.0,0.0,0.0,0,0
0.9053058769743288,0.6290434557787405,0.3479196189715857,58.439203723069674,15.994796243476898,116.14606216448402,0,0.0,0.387729270772365,0.0,0,1
0.1486673987531324,0.19199229513928107,-0.07330263685743732,92.96052292391765,-19.85141327680183,-95.70426285789016,0,0.0,0.0,0.0,0,1
0.6908947645843304,0.3958032059405466,0.5942599166244646,166.7932727039407,-12.613161642489612,-41.71668308331216,0,0.0,0.0,0.0,0,0
0.5757491631028766,0.05554628061159979,0.057130307593004415,489.98448558127984,18.52286855949785,-55.64327656174116,0,0.0,0.0,0.0,0,0
0.8393408739958442,0.6718773795770462,0.6509205616599976,348.9122715770877,4.604182110984823,-57.79599276886682,0,0.0,0.0,0.2696080682747528,0,0
0.7353702671651184,0.4616546660564254,0.3440457318476416,55.61828919579994,18.407442765638635,81.6099531153036,0,0.0,0.0,0.5758650855217918,0,1
0.9441158859289565,0.1778154707232099,0.6254741444788166,241.112370903841,0.17128508496714545,-37.19220836548453,0,0.0,0.7834272930599349,0.0,0,1
0.762639339994922,0.13137078271139552,0.24408132024995288,399.0953714565108,-7.561170304885298,-0.2927396480931037,0,0.0,0.0,0.0,0,0
0.33584844422282356,0.5406843043802156,0.2987537787654591,231.44479221095216,6.043293728306352,118.27462805970217,0,0.0,0.0,0.0,0,0
0.9345036276377966,0.19699010180168192,0.41863358483619545,389.5016267617099,16.4927746204623,-45.70932944767759,0,0.0,0.0,0.0,0,0
0.6986119372293166,0.5669744474634592,0.39457436178316546,169.68303547042413,15.776742864378768,-73.63025053903189,0,0.0,0.0,0.0,0,0
0.5933974373174973,0.4705494480899435,0.590140668960826,124.1450584781135,-33.81861794819165,-91.91736848872497,0,0.0,0.0,0.0,0,0
0.42187876180726225,0.3877831011682513,0.23821155842601227,33.05378229710732,25.084841619268502,9.013341024567893,0,0.0,0.0,0.0,0,0
0.8661388784355347,0.4437418674599343,0.21421004774000302,350.96847615532226,13.843123692952474,-102.3053466670403,0,0.0,0.4626818759497156,0.19836558763014653,1,1
0.7127610638943559,0.5290361604733513,0.6237234034631467,121.76506380657914,-24.191005555502144,-15.807007946332263,0,0.0,0.29580267701127533,0.0,0,1
0.13981087991510874,0.6288421435621132,0.31041024472428075,250.828397272779,17.8054884825248,-103.28386258527738,0,0.0,0.0,0.0,0,1
0.2872650154746312,0.5108851795857049,0.12061128154205242,12.007062406573136,-15.323757904662866,122.8016089009422,0,0.0,0.0,0.0,0,1
0.26761720722362,0.5447442315252481,0.6954179199513177,191.6114903892606,17.83602146371115,135.82795593481208,0,0.0,0.0,0.3805323400284504,0,1
0.1678473501991219,0.10731501166946385,0.5571079899591127,280.4604405811395,6.927243720283187,67.37939010920508,0,0.0,0.0,0.0,0,0
0.9485612524988598,0.7061790824127162,0.5501729584302215,158.320040771713,28.52123314854886,41.68214053442796,0,0.0,0.0,0.0,0,0
0.38096379841664274,0.5598366761782831,-0.1265840392320327,473.7794901636864,-25.33695530478198,-27.60769504533104,0,0.0,0.0,0.0,0,0
0.3196091582745494,0.6158528403093386,0.4145344068103683,84.0704685262042,17.425638392767517,76.14699739566771,0,0.0,0.0,0.0,0,1
0.39240090196942334,0.5702523177760204,0.49099562507721833,469.8346810524528,24.90470764948934,-96.98549796357598,0,0.6152300080825526,0.0,0.0,0,1
0.502154032240369,0.545400168658065,0.4245757529280488,297.6892395870323,5.970634094704096,-72.29125706748863,0,0.0,0.0,0.0,1,1
0.3018730390034612,0.17386932882360084,0.5139409347582151,86.66767179676518,23.039319891745613,99.97287056038417,0,0.0,0.0,0.0,0,1
0.16015371118032534,0.09648121611295159,-0.11202659273389279,144.2393617902394,-4.9222717653015025,-102.61078474863837,0,0.0,0.0,0.0,0,0
0.6046737379192664,0.6367839702311415,0.43977010174324443,451.25371892767726,-32.47814384164327,63.2286734977215,0,0.0,0.0,0.0,0,0
0.8047467326099041,0.38355199764754794,0.11043111566331898,69.40030388889754,26.484765838043366,38.17888212756907,0,0.0,0.12965483656061433,0.5991056453451897,0,1
0.7023042038028408,0.615091592079744,-0.029153465338846135,310.18240627337593,-5.730710226118731,5.706627818944611,0,0.0,0.0,0.0,0,0
0.24803195478089465,0.2855119283021231,0.25952675246417195,228.3072090946164,20.935847650848224,-73.36075472870108,0,0.0,0.0,0.0,0,0
0.1860852902441411,0.10772136151188975,0.20274601423453076,389.05975370854463,28.670880682386823,-110.18707017328616,0,0.15640582709992287,0.0,0.0,0,1
0.4890244971410763,0.7516722233073029,0.4245448844799597,174.39637601951725,-13.387689036504224,-106.92076952357962,0,0.0,0.0,0.5761195235542929,0,1
0.10130303592841428,0.25574071861611397,-0.12788473609073656,421.01041105682276,-24.2576226141745,58.20026665156942,0,0.0,0.0,0.14451213754551634,0,1
0.14307308650726608,0.6753761875554991,-0.09801485149397679,163.88043196154513,-21.942441340515114,94.40657722042877,0,0.11660954900791332,0.0,0.0,1,1
0.12260041347181799,0.1934958860665214,0.1125422314159728,374.66160230741644,4.452629097157583,-115.65961625479335,0,0.0,0.0,0.0,0,0
0.49703823676308734,0.43721608509435644,0.09661799191725606,450.10379866308045,-11.243156185900315,36.82673876160453,0,0.0,0.0,0.0,0,0
0.3842992094655452,0.3214380980465225,-0.09562280931800929,164.92986143732992,-30.68529743209826,-23.58448067843709,0,0.0,0.0,0.0,0,0
0.15964702970079053,0.281265904358553,0.4913293176755725,25.299613124891422,7.871172402652903,133.86966888109293,0,0.0,0.0,0.0,0,1
0.8443972727909342,0.7018992918822793,0.26675662814320605,182.86664433634763,-18.343311193146896,-45.49847988333718,0,0.0,0.0,0.0,0,0
0.5519524846300393,0.39657312192823574,0.003048186914665074,462.71150410961565,-28.94218645780722,97.91891813726568,0,0.0,0.0,0.0,0,0
0.4049539079032919,0.7983753449804734,0.2622843234425799,458.771570279951,-5.330174975292135,-33.109451897521566,0,0.0,0.0,0.0,0,0
0.8137434418933746,0.2138090640651074,0.06526102105689596,10.084827701374923,-3.1297533355695677,-41.26739434910523,0,0.0,0.0,0.0,0,0
0.4298715461235042,0.5587560430096978,-0.01179348227932353,30.656585183980265,8.858668271822715,-112.15428790407408,0,0.7034034074017814,0.0,0.301636540307907,0,1
0.8497832508251669,0.38990543866797006,0.6268789935824983,284.7684137432818,24.080928511927752,-117.93780805067031,0,0.0,0.0,0.0,0,0
0.9165447042671215,0.5714963139725201,0.20190244965735782,109.46045650158626,12.542067181010275,11.837152747359653,0,0.0,0.0,0.0,0,0
0.7086248291910155,0.47081409900598276,0.41681485445960925,451.207193699113,-24.926925168254748,120.72168611963286,0,0.0,0.15666067003472925,0.17719419738391617,0,0
0.7724045214600214,0.6167299516184087,-0.03418982425132788,49.97278764028149,-23.791025686866426,-11.613503423702994,0,0.0,0.0,0.0,0,0
0.3341531370755625,0.7585780317022063,0.499808628355422,22.091155116960316,21.05692773560702,-111.07209701633462,1,0.0,0.0,0.0,0,1
0.5117606442091879,0.4817303775127635,0.24566141988995183,113.94620460273535,-7.139812867525691,123.87559332821135,0,0.0,0.0,0.0,0,0
0.5250443328073593,0.08878372918575121,0.29436830483041504,413.49516147091305,30.440934918797126,-110.52818275645589,0,0.0,0.2849904758080803,0.0,0,1
0.8313772453787172,0.25671683649073007,-0.08500802107989561,175.54345036309525,-7.3403862560326445,135.3522313696686,0,0.0,0.0,0.0,0,0
0.4070966937206256,0.07185361460216551,0.054447474559922715,86.50087302099172,12.80196329324589,-71.5186116300099,0,0.33238506746864865,0.0,0.0,0,1
0.2255440310873817,0.23851288025278605,0.11148290100330754,102.36170042896872,-11.179968141694353,134.99870224261423,0,0.0,0.0,0.0,0,1
0.8502784734449997,0.5483544733834597,0.4858093116388818,17.6815337025351,-10.383544782864131,27.194317415908017,0,0.0,0.0,0.0,0,0
0.9367873198439268,0.0547377433082203,-0.12142231610239888,77.42637188267042,0.20726462953950175,-105.74466907344811,0,0.0,0.0,0.0,0,0
0.103455179170718,0.2531255659377434,0.16935102010646919,114.73547115066728,-17.81129097075839,-0.23560963493397935,0,0.0,0.0,0.0,0,1
0.3877982710698551,0.2706490346908239,0.22446805004314818,283.8480010571593,-0.6414563054022508,44.473214257103194,0,0.0,0.0,0.0,0,0
0.7797282194790387,0.273360502095957,-0.019652600027417727,287.3014457233826,-26.92075428095572,-51.993577159502664,0,0.0,0.0,0.0,0,0
0.14081072119683918,0.6618555093959823,-0.10691281529796494,453.7705980074078,23.31632911295634,109.24405522639705,0,0.0,0.19870578003747746,0.0,0,1
0.8035839461515837,0.5075454030241544,0.5094934760129126,304.45260150002883,22.958337308309027,84.42071433490969,0,0.0,0.0,0.0,0,0
0.19232418010879448,0.5185513896799626,-0.17727448526270143,297.12203326779627,-19.97160733934836,-107.74139672283589,0,0.0,0.0,0.0,0,1
0.2119275039916624,0.45989581240243677,0.4300290139023562,388.56089820698776,-11.287213921125417,-102.64758730058287,0,0.0,0.0,0.0,0,1
0.8329014864134549,0.3264274399363572,0.33414594844369666,481.19878257775645,-29.93756055025479,97.20195078242097,0,0.0,0.0,0.046604505173048524,0,0
0.46358347807937594,0.6392914234077762,-0.0964952692303704,52.85814348082476,10.271054473037061,129.2653144056603,0,0.0,0.0,0.0,0,0
0.5910684664578583,0.7360463142197989,-0.12057667181361192,384.1247404413208,-22.367730955146783,-64.41791037553553,0,0.0,0.0,0.41034756261646294,0,1
0.4680262912617019,0.3988517673304411,0.4499997037806161,366.09524315159797,-18.205526752835496,-111.96452638299162,0,0.0,0.0,0.6908658277253628,0,1
0.4950018546280739,0.49780678915557786,0.23021814211155567,118.21333092148109,20.998959780119,-65.06427570770563,0,0.0,0.0,0.0,1,1
0.7135270352471984,0.7105120135988481,0.5314911868307617,146.23307693776061,26.97610068037462,114.16617428587648,0,0.0,0.0,0.6617270691205821,0,1
0.3844551566182355,0.6062081029784724,-0.1308212297787156,411.0244959527511,-1.6671139545300733,139.4697718863149,0,0.0,0.0,0.0,0,0
0.6725335274242784,0.35063837614098037,0.49270727479816906,253.82267399039264,-9.266353124471213,-35.46026908228386,0,0.0,0.0,0.0,0,0
0.21248631773966425,0.058370323691441114,0.35959920362063674,303.90126733426655,-15.43144398257379,-63.35324725394832,0,0.0,0.0,0.0,0,1
0.6432285382588248,0.13695774138505507,0.31525346138775595,403.8019577527939,0.7075375312602645,72.19628204075636,0,0.48643025731557943,0.0,0.0,0,1
0.4485485853547224,0.4333489711602432,0.5275860504223107,483.9447103777027,33.93180591718861,-71.38019492355258,1,0.0,0.0,0.0,0,1
0.6658781916848517,0.16151016528464907,-0.045331752022863325,293.9236320740557,-24.314273263675602,1.4251599876300247,0,0.0,0.0,0.29234950744582744,0,0
0.450793067040439,0.5609496077178491,0.1522932699942317,232.95048238259068,-29.95470791311641,-38.863279433570625,0,0.0,0.0,0.0,0,0
0.6878993226234491,0.6194070431193547,0.6209294906383491,130.81906785544018,-34.09156580955097,-118.04070996727813,0,0.027348145027642535,0.0,0.0,0,0
0.17179667815141414,0.48856241598966754,0.08363910654358836,482.92644730317204,-27.723426799217055,105.11670050681073,0,0.0,0.0,0.0,0,0
0.7540061403051059,0.31264034981284333,-0.14962106557460406,492.67796500859737,-28.910414629253463,-11.999083081329218,0,0.0,0.0,0.5759097123425826,0,1
0.2300259950634552,0.582030289802327,0.20606975236920616,323.50699944270883,20.91626745797192,-73.73640335727646,0,0.5964051466400576,0.0,0.0,0,1
0.48768718630432506,0.7417502344843572,0.07097773754059838,317.3003951033698,-34.73042633476419,-29.660226314707757,0,0.0,0.0,0.0,0,0
0.9452279359440988,0.6065375404607856,0.2664877346275909,207.9530102095224,-6.5852974934895485,105.63499416401456,0,0.0,0.0,0.0,0,0
0.3674628118655935,0.4386721825107542,0.2783296897149112,379.85885454658774,7.210855436925343,-50.2521055231248,0,0.0,0.0,0.0,0,0
0.4688378936583143,0.7812715057886739,0.2328329866324707,26.683217738795307,-0.37178145124706674,-26.118373143429537,0,0.0,0.0,0.0,0,0
0.49658746646229224,0.35753279046721903,0.5584647040102877,233.53994237397603,-6.842941212964995,-81.45438668655609,0,0.0,0.0,0.0,0,0
0.8352783358577724,0.2314680519044589,0.38423587849233026,433.23593522470065,1.493798802647035,137.82629020519153,0,0.0,0.0,0.0,1,1
0.6905924377173148,0.4801560538195265,-0.16619133371727626,20.56941836913205,-11.404795833398424,-75.12612715047682,0,0.0,0.0,0.0,0,0
0.7479684333873772,0.47881521727977355,-0.16094188299734616,298.44057631906486,30.790407568426232,-102.77958696020008,0,0.0,0.0,0.0,0,0
0.34203683543114505,0.5725695793987011,0.4976091272830589,396.45870372212175,-21.475912395902874,-1.505688120080535,0,0.7843961229097799,0.0,0.0,0,1
0.8812072881989336,0.6486031293382978,0.30006323811425,347.3861654402911,-13.330257045562032,-32.01450534838905,0,0.0,0.0,0.09335914922226124,0,0
0.7485792199893548,0.6794566775372067,0.17277630671122235,166.47284628779173,-20.861670493075046,5.835561294519323,0,0.0,0.0,0.0,0,0
0.8676401116257035,0.251488282244343,-0.05876132622892588,352.0533368994219,3.2576937480291193,34.4983712854235,0,0.3073015674352343,0.0,0.0,0,1
0.3294209168003438,0.4394605274250099,0.25998689006285625,404.4240456570492,31.180032930211794,-107.19118504279167,0,0.0,0.0,0.0,0,0
0.7793292903245478,0.35079537224461843,-0.167942942871874,9.637181053527675,-6.730174781354577,-21.101623451690855,0,0.0,0.6083398062804023,0.0,0,1
0.2135767005627524,0.23027423533721153,-0.15467042774225392,390.4515796757695,30.54600610479602,125.94736031024738,0,0.0,0.0,0.0,0,1
0.14256635678883844,0.6744491548203493,0.3970513641856723,427.86874026860943,-6.321970660077568,103.69439947255776,0,0.0,0.3614291295444152,0.0,0,1
0.7392000968770854,0.26369873603630056,0.4971760816914555,127.40696857425183,-21.442462725085306,41.57351025395516,0,0.0,0.0,0.0,0,0
0.7749067839940883,0.42737558627409883,0.5162782293526345,172.6085614459848,-22.40419870595906,73.35354624346212,0,0.0,0.0,0.0,0,0
0.4437831580132161,0.7776639469630768,0.1580765875227691,126.52746915126367,-30.90066094572058,26.199600558900926,0,0.0,0.0,0.0,0,0
0.3030863182881958,0.3928855833666364,0.6575098718400356,33.357170999141715,12.106413650868276,90.31243317242536,0,0.0,0.0,0.0,0,0
0.520593243000296,0.25694458369946244,0.5761012429191152,26.72243268250402,24.28985742963826,-6.333110991699002,0,0.0,0.0,0.0,0,0
0.9163865648420799,0.4346615240295479,0.15820698069571015,479.0243846373741,-14.400860592792963,66.82720430070054,0,0.0,0.0,0.0,1,1
0.7527129414976996,0.2566897695523506,0.3252624087975881,437.3592805923793,2.362135627168719,-49.40044416879287,0,0.0,0.0,0.0,0,0
0.4244222286210916,0.6450365952768047,-0.035767651137928014,423.0776704766375,29.13952112904488,-108.98296948690876,0,0.0,0.26535075708765776,0.0,0,1
0.6239560265832154,0.7214631237456934,0.002717629123394738,150.0005280327862,28.0637786459967,61.893024376332875,0,0.0,0.0,0.0,0,0
0.8753578904253603,0.7102298477260703,-0.17999509236623532,334.25953086562123,-20.288490159746623,42.36454319163764,0,0.0,0.7732960287761252,0.0,0,1
0.8636009762467375,0.7924912170475951,-0.11642916836717129,455.62252103486696,-22.964190274106414,63.86412392737657,0,0.0,0.0,0.0,0,0
0.6230341258514883,0.253425863523451,0.06414215095261183,418.67320013122486,9.449683099460302,104.3250676149757,0,0.0,0.0,0.0,0,0
0.4975329286833926,0.10768034128159092,0.6280814583960064,275.95835373517934,9.901591641606196,-39.04726271016828,0,0.0,0.5643364386965611,0.0,0,1
0.5781002168841598,0.6435748247250668,0.6720451057810448,315.89406222061933,-13.389142290921406,111.1024143817784,0,0.0,0.0,0.0,0,0
0.11252715172322247,0.2751365173088894,0.2605597501066284,377.7172336363117,27.24980427240026,-116.73279455785442,0,0.0,0.0,0.0,0,0
0.7385483826478544,0.25757623650201805,0.3531570176886319,295.52130396727114,-18.838745635637316,63.93122164264605,0,0.0,0.0,0.0,0,0
0.4065357838584036,0.6554861945250607,0.4651939083763637,153.41702818395697,1.2787631648039053,113.56163193983735,0,0.6782265544591022,0.0,0.0,0,1
0.8747922992067833,0.4550479068700258,0.19281101961722885,234.10950447913734,2.1319336539809157,109.65222529632914,0,0.0,0.0,0.0,0,0
0.4925913950537325,0.2678952420157204,0.4668802128334936,32.235128263834426,16.709096912711594,80.4407231062427,0,0.4084728342861481,0.0,0.0,0,1
0.25310627564860716,0.5261725488844876,0.4810707331427568,179.30580766076747,21.35562792852616,72.35340802535345,0,0.0,0.0,0.3668151396184405,0,1
0.5414507707028845,0.14547620646845144,-0.08274119354962764,45.687231892008974,19.790160467548255,-22.541473526685962,0,0.0,0.0,0.0,0,0
0.7893240381482248,0.5249531744479173,0.4057492096029422,96.24660816543098,-18.234285351247877,-48.37762140397376,1,0.0,0.0,0.0,0,1
0.8211416049527691,0.3755073011273338,0.11138461972687264,252.2716995869555,20.517278158491607,119.27101982547754,0,0.0,0.0,0.0,1,1
0.6310599444148927,0.2090775966346181,0.3552058947162639,82.61347148891788,-31.542680986454418,-47.92387410907995,0,0.35335136353669,0.0,0.0,0,1
0.8006856392645548,0.18010451331312338,0.3337520636689392,461.9049928922466,8.687936557606754,116.39446492935002,0,0.0,0.0,0.0,0,0
0.22682673338656426,0.2016202435544172,0.5986927407731808,468.9156462363923,13.075209375283144,124.38124341710628,0,0.0,0.49392944484536727,0.0,0,1
0.23162713320403064,0.5276580937472946,0.21556528538557163,167.1176324093298,-11.544922699340681,-13.756685586036099,0,0.0,0.0,0.0,0,1
0.40631159618266877,0.05380946308720892,0.17912222219762475,22.762058546661198,-17.965947846519455,20.089580521458288,0,0.0,0.0,0.6282210734240102,0,1
0.5642145657988176,0.5089878146638381,0.04711855725729189,295.34099482998846,26.893449423222926,43.62999576334076,0,0.0,0.0,0.0,0,0
0.22497658745169768,0.5662543218941222,0.1250706784682037,22.12662447131622,-11.677485162756291,-21.103738334513892,0,0.0,0.0,0.0,0,0
0.9148864450055945,0.6484416637549145,0.16180895485493824,89.99858806223283,-18.41925343698722,-113.51787598589952,0,0.0,0.0,0.0,0,0
0.3681832234893152,0.6511307322959112,0.6840527852736511,388.6229618518164,24.19418714392542,80.57714526152927,0,0.0,0.0,0.0,0,0
0.24034373348351554,0.6445188459983928,0.29278084622576417,489.8554398003515,-7.784222760941116,-19.715674729641407,0,0.0,0.0,0.0,0,1
0.7787524006123676,0.24817945691296683,0.6558123976221506,182.95698039333078,26.766096802600643,-14.747665890432827,0,0.0,0.0,0.0,0,0
0.7639945529678798,0.13722954079569877,0.5400448905953219,88.44275937241224,33.44026928980685,90.4028054889749,0,0.0,0.7216716074564403,0.0,0,1
0.3227508054204792,0.059081463317813374,0.23554230623852968,183.62039772513378,29.655378982318922,129.69008462637,0,0.0,0.0,0.0,0,1
0.8466644142016887,0.3020946076428747,0.037481565021892066,349.5300580257989,20.268583644058396,-61.823519681713954,0,0.0,0.0,0.0,1,1
0.8012037644447663,0.4693588202177154,0.45429071047358266,171.4775619785103,-1.1738100503682247,-93.35730051693888,0,0.0,0.0,0.0,0,0
0.9028069949660218,0.18452504982086904,0.2859232889955561,444.7752968962412,19.430582393419066,-91.08077710333245,0,0.0,0.0,0.0,0,0
0.5076121014246078,0.4147719847086365,-0.12834809369590766,349.14173735826137,10.286616393658896,5.332568847350771,0,0.0,0.0,0.0,0,0
0.18992854544492066,0.7783737880788528,0.512940204735536,20.211775015942493,-33.02837705072421,-75.28958027692593,0,0.0,0.0,0.0,0,0
0.1292209070992173,0.4675731080733792,0.27459950381766024,240.09069922885843,31.31350955320805,85.27845252023627,0,0.0,0.6515915080125763,0.0,0,1
0.8606095842469601,0.44362641456073676,0.37994519668709664,121.9869267778114,-11.211901815271087,58.34660147997266,0,0.0,0.0,0.0,0,0
0.48724627426663514,0.47808411257672573,0.6271425503287036,370.4361200743222,-21.561229855846122,-45.6953425286799,0,0.0,0.0,0.0,0,0
0.9244597518970494,0.2484573681611425,-0.07723866510822194,127.68465340957631,-22.154538774906058,25.37776051298019,0,0.0,0.1451409011125974,0.0,0,0
0.6181316358757037,0.4298151123930526,0.1918692419064053,439.5201722833671,6.456067468815789,-8.226799138549524,0,0.0,0.0,0.0,0,0
0.7584908236078056,0.760502602757041,-0.02562027358848079,337.70892059067745,-25.175458806281675,60.818658611373706,1,0.0,0.0,0.0,0,1
0.5603584791921726,0.5281924170274339,0.0009243897988876759,347.96135892774197,-19.273103549767725,47.09885348032981,0,0.22916837319948008,0.2389512217638612,0.0,0,0
0.14054692613254893,0.31834657580119974,0.159824588518735,139.6418138206156,-1.4445142197848568,-114.94398495889459,0,0.2561127471904743,0.0,0.0,0,1
0.4571960765858243,0.7032995052070559,-0.12539362157627792,71.12904905544107,33.86350916638675,56.17071939998695,0,0.0,0.20118059451842357,0.0,0,0
0.43952257683520224,0.767195465910151,-0.17874949209888963,423.9232107468467,20.326445523450012,-69.82942482634397,0,0.0,0.0,0.6724896615224281,0,1
0.7104542138858111,0.554651441618095,0.02337924142541839,480.54380893332075,3.888426171865298,34.33334607682161,0,0.0,0.0,0.0,0,0
0.5569800690593137,0.4410178948861601,0.10827952858943679,235.90793587415124,-1.660433205784912,-54.21782007188729,0,0.0,0.0,0.0,0,0
0.6744099283222846,0.7158716644664596,0.26349518629976476,39.360538251035685,7.920730084692593,-59.24732517126682,0,0.0,0.0,0.0,0,0
0.28267417223932445,0.08417240919816,0.43937833317962177,57.34818499758862,25.423794567506327,-13.897502708308338,0,0.37799471543624724,0.0,0.0,0,1
0.17903747462705696,0.15331708505650166,0.19102454820228026,251.02124973254905,3.6888392604543725,113.65630401890337,0,0.0,0.0,0.5078789738322631,0,1
0.10389529146683243,0.5552402560818103,0.026267406596873932,216.19383017037387,0.6657761593455191,106.39360944100602,0,0.0,0.0,0.0,0,1
0.20454296168383845,0.41005132113241927,0.3800849830812231,272.88745767532043,-14.181883375058131,6.681037860639108,0,0.0,0.0,0.6793585455267256,1,1
0.9477686330445135,0.45878766934859366,-0.19979717774064087,265.5432941711373,12.921656809002592,43.40740925901599,0,0.0,0.0,0.0,0,0
0.6414008276904155,0.14797530258856634,0.3428526325882481,173.62921547319732,25.945042270038208,-12.564426768691732,0,0.0,0.0,0.0,0,0
0.4149327385231555,0.5118198315700612,-0.15267788158688253,20.362114840292854,-30.708377426122198,129.97531946572175,0,0.0,0.0,0.0,0,0
0.15305033691559475,0.6274944222544694,0.18410269660239376,229.81154597115327,18.857887061718472,-36.251143477762184,0,0.0,0.0,0.0,0,1
0.7080427815089112,0.27753261566671167,-0.06873153973666393,460.9097525423324,-8.08799013891447,-99.1802951791547,0,0.0,0.0,0.0,0,0
0.3159497867255142,0.440835337384963,0.1446642081353392,172.4541935421114,2.0991607273796475,-63.11679820923975,0,0.3687648055299779,0.1779629542323712,0.0,0,1
0.9314373417659217,0.628392048194116,0.2640149211830465,275.8511448157161,-21.753271350193792,116.90904403966007,0,0.0,0.0,0.0,0,0
0.18160608831341535,0.4713739727919536,-0.19781280147975822,263.9981764331751,15.561715860889784,61.45863044535372,0,0.0,0.0,0.0,0,0
0.9305963221590722,0.7236057963797826,-0.19127790648402876,149.00854180828304,29.097646495708887,18.213786641017123,0,0.4669697077695113,0.0,0.0,0,1
0.24044845932391762,0.2287563092687675,0.5051192766961281,259.1552347035661,1.060248221983656,100.87191352065278,0,0.0,0.0,0.6110275402873099,0,1
0.2894784042723202,0.18803131916035604,0.5789382124040054,426.223504906569,14.37994779527007,-67.40311377742594,0,0.0,0.0,0.0,0,1
0.4112596395559739,0.4223824318835249,-0.11094459508380407,238.84922124407632,25.24179015766459,44.71348427330443,0,0.0,0.0,0.0,0,0
0.4074489309064415,0.43162086734224686,-0.08597906025375224,384.4722488876187,1.4063608137817454,40.85914586381253,0,0.0,0.0,0.0,0,0
0.7561565950645089,0.7467640804064581,0.6644959668253054,254.29019858661968,-20.566778031479128,-111.70139769109628,0,0.21837463286867767,0.0,0.2584729991262858,0,0
0.22177396535994226,0.3649536041864882,0.01917649509718264,387.0232418664791,-17.320822099300692,15.74144153042522,0,0.0,0.0,0.0,0,1
0.5934229119993369,0.6275973486191466,0.661143721449126,65.0246351327169,-29.57292122423803,-61.39948989110527,0,0.0,0.0,0.0,0,0
0.5069861046287468,0.7626490223793542,0.39142423273518484,384.64728160336125,-14.515561632204388,-41.78525239893676,0,0.0,0.0,0.0,0,0
0.5356431968498372,0.33315887097069663,0.2115872051488673,42.074599846696856,28.594584215506572,87.11022396721756,0,0.0,0.0,0.0,0,0
0.16029732426222354,0.5898602234335913,-0.08311413423320692,146.7935832865552,17.549315359716537,12.205151901646332,0,0.0,0.0,0.0,0,1
0.3303317048723613,0.10996386133103563,-0.15136164024543877,482.16327289876693,18.723531631365375,-5.907228580052362,0,0.0,0.0,0.0,0,1
0.5652163739182527,0.3755851363246181,0.6197592223881851,300.87394079081116,-31.19010410376974,131.5134518462118,0,0.0,0.0,0.0,0,0
0.1601112598359581,0.39509056968528505,0.46139478979835497,150.10475367789851,15.311550761311928,-103.23826613795913,0,0.0,0.0,0.0,0,1
0.3789276767267509,0.44704127137632726,0.4935554648270984,102.92506565656433,10.933859909196698,20.732564756290913,0,0.0,0.0,0.0,0,0
0.33172979160953997,0.3516776486324021,0.26875178884158074,36.55264552033636,-3.882906817262903,12.498480584550691,0,0.5902577388662796,0.0,0.0,0,1
0.4651773142683704,0.6271335257899671,0.13626087956928584,298.7970257567953,-2.6542058184402393,138.63716322726134,0,0.0,0.0,0.0,0,0
0.8777552476365399,0.41216280002401345,0.51098784189468,354.11856461049956,-16.9667855953015,75.43363809280896,0,0.0,0.0,0.0,0,0
0.6579862933742772,0.7916752380399257,-0.05764920794691511,441.1350850326094,-13.807454234953028,-40.466562424791945,0,0.0,0.0,0.0,0,0
0.42333743327556694,0.6859798165014828,0.441640210167663,450.42388999706725,4.18519709895461,107.1317585947163,1,0.0,0.35601904897106335,0.0,0,1
0.4156286402604007,0.10689976005329273,0.15612604183542178,108.47482694708921,21.101648496172828,-108.90528836425784,0,0.0,0.0,0.0,0,0
0.7874757085544477,0.7960825542535142,-0.15060916017535797,489.44184591731204,-4.992082574684527,-50.29734627918074,0,0.0,0.0,0.0,0,0
0.5719853196394943,0.6928918609397552,-0.017414289010335565,303.8710800521417,-18.32504496335111,-9.654891690420285,0,0.0,0.0,0.0003960702533350568,0,0
0.1158774732366867,0.6681842811645744,0.24327179557344852,32.25275607431459,-10.662850820958575,-31.76636681662302,0,0.0,0.0,0.0,1,1
0.9192393712591451,0.2588698400132334,0.5968911712176255,129.52162574701742,-23.228093402702367,-110.74591267836044,0,0.0,0.06904395897798947,0.31130350384612815,0,0
0.2585845856744435,0.44804075024526707,0.07174763862726635,191.41637856609378,-5.286029109739484,137.7468116764178,0,0.0,0.0,0.0,0,0
0.22601981782692648,0.30323516865146966,-0.06393557271515413,233.9809995306692,-0.8540393650267077,-119.76791056753834,0,0.0,0.0,0.5738390672947211,0,1
0.13389646305908193,0.23004338459521495,0.37923509108322834,155.38279610706593,-29.92398684304564,89.18408449113355,0,0.0,0.0,0.0,0,0
0.485041571561467,0.14925765652557188,0.14593602922694482,141.63407027495873,-11.090865949567227,79.68403204144948,0,0.0,0.0,0.0,0,0
0.8496408966821636,0.136250682696397,0.5356338706970905,405.1504943403551,28.880513473897786,-27.38261358268555,0,0.0,0.0,0.12897972623957588,0,0
0.6685353138496166,0.47655518704055516,0.6999790299862763,466.0967228277647,18.79695029518186,7.2435604561939755,0,0.0,0.0,0.0,0,0
0.8426579466271054,0.23858100870702725,0.005642161000445928,299.9342594069443,27.962875794701098,-116.20522955903154,0,0.0,0.0,0.0,0,0
0.8963199771587159,0.6579543833277303,0.20253420917561504,202.03109229870296,29.43029332733559,-90.30666298615888,0,0.0,0.0,0.0,0,0
0.3789319600076091,0.6925960135853472,0.11760776478033408,301.9594893347225,-6.4575288670211535,61.510517754134156,0,0.0,0.0,0.0,0,0
0.35976105420653726,0.7851126445574045,-0.14298808781592853,159.95897508367352,-34.78397202016789,71.39246114766354,1,0.0,0.3962297012701632,0.0,0,1
0.206201906155114,0.33757209910188296,-0.07099531921781829,207.96176849596847,-23.432937582603294,-45.20444352835973,0,0.0,0.0,0.0,0,1
0.10208821306545844,0.6906420517739635,0.435765738960557,228.59954673923934,16.218033257912445,-85.8246606196124,0,0.0,0.0,0.0,0,1
0.677875324023925,0.46259335631907134,-0.16799750302877592,201.00122693705347,1.862878138270105,1.2325015782397202,0,0.0,0.0,0.0,0,0
0.11008998330400108,0.6286723266156415,0.6192966420416293,203.63173015469775,-11.68655361158438,-48.95569103143133,0,0.0,0.0,0.0,0,1
0.5152260594127607,0.3346863989043274,-0.1787904771203126,50.174966055412305,-14.728823501284833,79.97024694150718,0,0.0,0.0,0.0,0,0
0.3469118436520361,0.6342875919368858,0.2690790030000092,392.5425055070119,-1.758817846216708,57.52982245079244,0,0.32019387763694884,0.0,0.1630319879960369,0,1
0.5121572298151142,0.6999488743704357,0.3572580480192194,136.236698917624,-25.879640013080003,68.60426900638228,0,0.0,0.0,0.12848278338984345,0,0
0.7043624811513869,0.21634258067879458,0.39738015029499857,394.89865335787226,24.841247170496047,8.252932110625181,0,0.0,0.0,0.33574765860306605,0,0
0.9098808822603442,0.6839122432301776,0.05106261253696437,55.789934543347144,-15.519473935423868,114.0330592179539,0,0.0,0.0,0.0,0,0
0.5831288411042653,0.3863698111489183,0.3202735089762921,67.3368401687887,21.41852309697672,-92.28483327560515,0,0.0,0.0,0.14969776206756985,0,0
0.10054717187225058,0.5746289375688296,0.007251552769968805,334.0460581241319,29.43741803755215,56.74181086016043,0,0.0,0.6403847626956405,0.0,0,1
0.5584007591508012,0.34854939883254077,0.363433553932951,192.98381898039187,-8.990113920775514,42.197738013716304,0,0.0,0.0,0.0,0,0
0.7988216380473074,0.08574590625512997,0.6808790291577624,66.24166220325189,-28.189013948153168,45.75905169661016,0,0.0,0.0,0.0,0,0
0.29891437503941143,0.20783465209678886,0.6201242835802894,273.2825033983372,18.427140642814024,55.78722172890798,0,0.0,0.0,0.0,0,1
0.5470371857758035,0.12473855403302879,-0.06802424618573863,422.4645318828017,7.101391914851135,-97.69326878064885,0,0.0,0.0,0.0,0,0
0.39820252522849175,0.7271599520897449,0.3979573361662057,304.59535777491436,-11.78910771064897,-79.38723335223884,0,0.3692819497385593,0.0,0.0,0,1
0.45058167132040905,0.35804042850506007,-0.046058309610096965,386.637844454119,25.31384291629859,-25.390998056394437,0,0.0,0.0,0.6129235395495823,0,1
0.614215952676163,0.15447063098418734,0.39481784932116665,472.0641232594305,6.528770012347287,-85.5448900336765,0,0.0,0.0,0.0,1,1
0.17902698046974122,0.5384479870511998,-0.02999387057323949,296.4546581798269,-14.914843934470731,117.95619119837536,0,0.0,0.0,0.0,0,0
0.7793592195459667,0.7027381572805289,0.18119822255780815,441.6837635545761,-16.991574143264472,42.15955158019884,0,0.0,0.0,0.0,0,0
0.3489643560821476,0.7167135304753376,0.3830171783749711,83.5600056250758,-13.637519750945959,-106.590322984328,0,0.0,0.2670919314569999,0.0,0,1
0.13710453858531188,0.3539278063509132,0.27634810766158335,429.85315467632313,-28.348804980206946,124.08489394936541,0,0.0,0.0,0.0,0,1
0.2514551211483156,0.4149259728658515,0.03417122688181473,106.84741994554265,-27.26520765168803,97.77939760662085,0,0.0,0.0,0.0,0,1
0.2673975728967388,0.4143746783900355,0.3016201894511817,254.80339965951165,-3.1896567041396295,-26.704038453086042,0,0.0,0.5723826232749365,0.0,0,1
0.240157044305911,0.18308993965319154,-0.19131011882413376,7.570323181497384,4.735619688419511,16.448360334291323,0,0.0,0.0,0.0,1,1
0.31830664870070513,0.41803678608296396,-0.0177774684269639,312.98265907979726,32.868184995372246,-44.93112711858333,0,0.0,0.0,0.0,0,1
0.19197141473462032,0.2676144388792697,0.2771856058461086,381.39492816247974,6.2093987214144875,-109.49992557314494,0,0.0,0.0,0.0,0,1
0.9325811448881383,0.30082064761025545,0.06689291617839016,392.34694590290604,18.66100787803505,125.9285327598123,0,0.0,0.0,0.0,0,0
0.8643182870051495,0.5403414089930068,0.13826496359525653,234.32216813714348,-25.098251824499158,-12.234682427347053,0,0.37196866825186314,0.0,0.0,0,1
0.46042935910254057,0.1088320167582273,0.3003848693391777,363.54167372825907,-13.380292512947644,-20.400197080995056,0,0.0,0.0,0.0,0,0
0.7004259969246115,0.4327997361940675,0.5317755835393616,338.1864003086583,-19.58294786749665,52.47231141262915,0,0.0,0.3534347522498787,0.224288676463383,0,1
0.5211411210623691,0.28707847748204784,0.3189402730206406,57.32942761115914,-30.50330578024532,43.25858549351045,0,0.0,0.0,0.0,0,0
0.17876905694895015,0.66921245433946,-0.085054035706664,333.9904071795419,-29.28356401961077,51.47992213876529,0,0.0,0.0,0.0,1,1
0.10979401400950395,0.7111008001778579,0.5117906438942634,25.564782449304595,33.21964189244383,80.2166395395256,0,0.0,0.0,0.2507779737943515,0,1
0.14071451918774422,0.07141912479701844,0.2611839697524396,364.96559201464373,-12.442507042261976,129.86685067787278,0,0.0,0.0,0.12503693658870593,1,1
0.4986871765225508,0.13358686377790435,-0.18479840369792322,310.3064023821144,-32.63738821761902,61.94716716985624,0,0.0,0.3014421387605919,0.0,0,1
0.8241099220068085,0.6456622193867272,-0.09487049610711183,453.4759606523913,-7.7292102096202875,2.654692980065377,0,0.0,0.21945373955887454,0.0,0,0
0.4917768465448308,0.7648320318229715,-0.05600391939472907,263.6223048624003,0.4986647530034247,21.800420587701325,0,0.0,0.0,0.0,0,0
0.33276846062767573,0.5271078449670742,0.445813448423618,123.16702574006408,12.630177612352156,109.02721110851027,0,0.0,0.0,0.0,0,1
0.28248384069799126,0.21451845419872412,0.13177851532841078,402.43976273492694,-13.09806637650431,50.19191191578929,0,0.0,0.4836988217706926,0.0,0,1
0.8767838031666726,0.7483988213946705,0.3967225852623892,327.4936463505519,34.473943747239446,135.8805506484784,0,0.0,0.0,0.0,0,0
0.5209018531082042,0.41486713239235123,0.26374085198964975,433.2794904779883,30.81186587782946,-32.45130844078035,0,0.0,0.0,0.0,0,0
0.7998735574274041,0.45110967044378836,0.09048328061799271,302.2487014197555,7.0238419114069615,-37.47899914640141,0,0.0,0.3800320368546084,0.0,0,1
0.9261767381079068,0.3636376878711871,0.361491057047397,275.5384074730945,15.739606220259198,53.96130589388355,0,0.0,0.0,0.0,0,0
0.18627019985141524,0.1559896609819209,0.2830819571115189,157.71517745269225,31.57818031126014,4.75992191652216,0,0.0,0.0,0.26276740117081876,0,1
0.18720737231909285,0.7604909316514269,0.6881870962659384,385.8616415256694,34.87446202083285,67.7506277252721,1,0.0,0.0,0.0,0,1
0.9109393915498717,0.24830718161291748,0.057663533580223636,452.96253193688545,11.241024059447206,96.71068289229146,0,0.0,0.0,0.5834845359154738,0,1
0.3610349637859416,0.4133167620463543,0.23997943375220288,476.73545738755917,-30.91266704308369,135.51334968667254,0,0.0,0.0,0.0,0,0
0.4186377188758814,0.1622470664633735,0.05180741973037656,302.28651093681844,9.223123981616162,87.69708585257993,0,0.0,0.0,0.0,0,0
0.42784218194384627,0.41979108385506236,0.5206743393489406,249.0283954398138,-18.844980570059427,91.27884751111583,0,0.0,0.0,0.0,0,0
0.3475013828939718,0.12911906159118408,0.4783552228105215,47.08073848244801,19.860984552478342,-86.3408089413536,0,0.0,0.3363159339935057,0.0,1,1
0.30173673262313083,0.15543301644959934,0.04979297677340058,409.47100718755166,-27.444172033189574,-22.78356641692838,0,0.0,0.0,0.0,0,1
0.40080932382228085,0.2401390283468069,0.4776579909339312,312.40734520695344,23.723794602885967,40.65659343480172,0,0.0,0.3821660923834472,0.6730932117885301,0,1
0.15467747572495807,0.5164761580966515,0.4395841204938857,278.34569149313336,-2.906246833264653,21.699843100790076,0,0.0,0.0,0.0,0,1
0.4875631229961582,0.648558705063127,-0.11295030294738297,408.92633025988846,23.733103254873086,-61.860768268294784,0,0.0,0.0,0.0,0,0
0.7703761781208674,0.32131136247852293,0.19437649559816483,191.789239856704,-32.814149121095014,-76.16275767800666,0,0.0,0.0,0.35625799549347065,0,1
0.35668540245491775,0.15405366444050883,0.6094529092803145,59.301199708912606,-1.5853103533795974,-70.11549585853311,0,0.0,0.0,0.0,0,0
0.49660154357056996,0.6239125659181426,0.19235402013827657,458.1777741035746,-17.988076752265993,135.3083276331105,1,0.0,0.0,0.0,0,1
0.2244289053296225,0.618389315519695,0.4168111047688278,439.0740571646808,31.03391364666618,66.68160815347971,0,0.0,0.0,0.0,0,1
0.7225023350790252,0.4662755114324575,-0.09105703406028244,220.02605847690052,-13.88520729677759,-21.195821057603894,1,0.0,0.0,0.0,0,1
0.2454693646730391,0.46321140325321924,0.10456186748970164,374.62437511368563,-14.434352898744987,-68.60972405666627,0,0.0,0.0,0.0,0,1
0.2533071636413152,0.22394388788926373,0.21837722090042255,395.2449572517232,-24.612067768168842,-70.90834661804686,0,0.0,0.0,0.0,0,1
0.7478287970831934,0.42651253073782663,-0.13228791624926373,326.62539587080494,-20.494346868128993,86.24467689924873,0,0.0,0.0,0.0,0,0
0.29188186214418177,0.7656790408608007,0.6066157480463041,302.72411428742,-6.224427935348064,-24.41814148132758,0,0.0,0.0,0.20188033293680352,0,1
0.8865353279058823,0.050341656160768924,0.3706762176764245,189.6908947112521,-7.620184235349743,81.18743687167677,0,0.0,0.0,0.0,0,0
0.4182551522527942,0.1432489626132622,0.4596377756593601,419.0053858619373,31.350127748534163,127.67665669783199,0,0.0,0.0,0.3449422261801804,0,0
0.3660083539070851,0.7920720492877413,-0.1457498455590775,38.46558032921475,4.260945858612111,-68.31131399883212,0,0.0,0.0,0.0,0,0
0.27859778070459074,0.6425318585669149,0.5509091257453005,282.3468359393608,11.539249328996348,52.444757136519456,0,0.0,0.0,0.0,0,1
0.37498208697065527,0.4519760314928483,0.30877089099514915,377.75055222935947,-31.04700623312726,86.95535272928137,0,0.0,0.0,0.0,0,0
0.6632216012936827,0.2877484207177275,0.4301792186270747,214.90887657535035,-14.963673417951966,-86.99377347794697,0,0.6978382241502059,0.0,0.0,0,1
0.218813817146351,0.5876433433739734,0.6636936362493135,37.235473805619414,-18.641009692835294,138.68734269482064,0,0.0,0.0,0.0,0,0
0.6987578566167264,0.38266178102992693,0.2129014694103299,132.27011596524991,18.994128912069677,12.773163924653403,0,0.0,0.0,0.0,0,0
0.7188971497444022,0.3823660164806659,0.4387593570656794,310.33124814218934,-15.184986195578723,-8.49189649493671,0,0.0,0.0,0.0,0,0
0.15326325184316314,0.7190513253959022,0.33222264011525,22.11102514228328,20.10642090493419,-69.48034192515291,0,0.0,0.0,0.0,0,1
0.6689361882747169,0.5907333612343769,-0.14881656304792623,116.30727635792597,-23.439427245188316,-69.16763194880764,0,0.0,0.0,0.0,0,0
0.7718688750171119,0.3915812815331116,0.07980801654334668,446.70602635347177,-31.5624920650875,-15.05273922262063,0,0.0,0.0,0.0,0,0
0.272361536566772,0.5889169053536212,0.17634514100457338,434.8412913588722,-6.893004272355064,-44.72848565357958,0,0.0,0.0,0.5847940250414755,0,1
0.3204902920790218,0.17658388527508206,0.438639530926448,366.6561394603572,30.383293047648877,98.62793531371906,0,0.0,0.7919485257091936,0.29323627324562573,0,1
0.831091074509014,0.46002837923889844,0.4046752659276362,354.74731495716844,-8.420663286886704,0.1539483724364885,0,0.10302378755101733,0.0,0.0,0,0
0.5283430272325575,0.11097540783288266,0.28532794925580035,497.42732598418104,10.90184592045567,134.85625662090413,0,0.0,0.0,0.0,0,0
0.26934182924865324,0.5143887793692643,-0.020003219204402622,57.67387053047495,18.503060426484147,-99.66681003997567,0,0.0,0.0,0.0,0,1
0.648800046859189,0.3507368284934976,0.24333388989182558,307.2246875252981,33.763826074362896,133.873203303042,0,0.0,0.0,0.2657257127789441,0,0
0.7481277173659594,0.1397294122295058,0.4191644955326002,213.1946846681878,-31.123633921445677,96.00273253664406,0,0.0,0.0,0.0,0,0
0.5706042176279358,0.3659121141447968,0.6821167928413794,192.15070967548147,-8.906863348518442,-95.80966218663565,0,0.0,0.0,0.0,0,0
0.8098255127455307,0.1332853497658838,0.155795376678517,281.39627828818743,-2.89289972521226,-19.867224844768543,0,0.0,0.0,0.0,0,0
0.3760985863933226,0.19161265449917259,0.3180963564465396,325.1566219773794,28.225203241719946,79.36780955112417,0,0.624098420475293,0.0,0.0,0,1
0.4095512721979152,0.2194730592660905,0.3681422198961715,98.97517821462131,17.14146058430144,-26.999959568006915,0,0.31993111808915065,0.0,0.0,0,1
0.13533955392941888,0.557398191825976,-0.1967526447865288,320.5262365061326,-26.535740557459107,-43.94514724107195,0,0.0,0.0,0.0,0,1
0.774024111934081,0.6962393991414012,0.5859744900570689,64.21888437248309,-7.8652298506024,76.83121760356491,0,0.0,0.5127686137000871,0.0,0,1
0.5107245898991256,0.6550858191874693,0.25573544796858855,382.01505732487465,-4.688243574860099,69.03736514432381,0,0.0,0.0,0.0,0,0
0.1873681159834516,0.3963195425575317,0.48105701230624204,320.7856375762692,-2.9901430218258938,86.24979252115475,0,0.0,0.0,0.0,0,1
0.7914969367234135,0.5763878913922522,-0.07896204418234883,58.025522127228896,-19.28676746365837,110.69367334635177,0,0.0,0.0,0.0,0,0
0.3145170055707578,0.27387718763950186,0.6284859251151558,468.1900005193999,2.4352529818740294,-95.07679821185317,0,0.0,0.0,0.0,1,1
0.700784756026238,0.5461507539911109,0.3921415909804706,175.30281636080994,27.95349390468062,-113.66271526312869,0,0.0,0.0,0.2761913621270937,0,0
0.3079394505892426,0.5326384377796928,0.5024357226515519,2.5955789628756367,-1.8828236962705276,24.690363337138365,0,0.0,0.0,0.0,0,1
0.3637658533593051,0.4562820391430123,0.11315508881798542,132.52378314078248,29.23369954651136,42.19328090805817,1,0.0,0.46340315891643463,0.0,0,1
0.40680174132275604,0.2785604921323129,0.46250718464396584,291.56598411258915,-14.28820069546034,-96.61330539095748,0,0.0,0.0,0.0,0,0
0.38720843428240537,0.1285886359876105,0.2281309083862072,168.28816592628164,-26.71925513173903,104.31684867813198,0,0.0,0.0,0.0,0,0
0.37895883951283027,0.29527372467066265,0.08490125978248031,410.3571485925182,-18.79443796911373,-0.32115240432804626,0,0.0,0.0,0.0,0,0
0.30982515527031773,0.7323889680016951,0.40035405175901656,479.0428254396362,-17.172643400337186,72.08187146414858,0,0.0,0.0,0.0,0,1
0.8971841557966642,0.5022803549643988,0.34859815050532345,450.5628302756733,-2.5169499753181412,108.29136096650947,0,0.0,0.0,0.0,0,0
0.5990471779879665,0.7775866073611981,0.30183450078394775,196.14229642256765,-2.7870331015722556,-53.334254353893726,0,0.0,0.0,0.0,0,0
0.7665422169218732,0.48325119224136237,0.38120275655442754,378.28148118708987,-32.417581831220815,139.68247206701244,0,0.0,0.0,0.0,0,0
0.7693186476031421,0.7202950248078428,0.02680347947723291,82.26666980298927,-5.027928433383433,-37.727618982414555,0,0.16487913901916365,0.0,0.0,0,0
0.5603225057585448,0.11947188082065079,0.5151898992915576,93.16205703621384,-22.792772683079434,-116.63634413047218,1,0.0,0.0,0.0,0,1
0.7938642502835639,0.20710758745067587,0.11383272038072434,256.7851620794068,11.672113615280978,67.69933516983,0,0.0,0.0,0.0,0,0
0.3154757433276636,0.47591041544875384,0.17548217971765023,419.12845758065646,17.20538528342051,135.22905274182878,0,0.0,0.0,0.0,0,1
0.8691269336368074,0.380536568053274,0.11259240528962133,243.8411057219576,-15.021426569249378,23.525023117288214,0,0.0,0.0,0.0,0,0
0.35687669116552045,0.7988251555975177,-0.17978533156438103,487.59403286110404,-11.865527896383192,-74.73394045346014,0,0.0,0.0,0.0,0,0
0.7014157953156432,0.7150102001211092,0.18328985320366598,31.495490510573482,-16.199087162820508,-80.57020016058499,0,0.0,0.0,0.3195989909260238,0,0
0.5742814535530227,0.6075967318013816,0.5088215893616617,446.82323512160104,4.182837557159608,2.685686696367796,0,0.0,0.0,0.0,0,0
0.16466962880164215,0.7709185342654697,0.07187354863955586,342.4351435356516,6.334065244284716,7.208684514611775,0,0.0,0.0,0.0,0,0
0.4404511946955537,0.46330929609248034,-0.13089229146285217,490.0177977896263,-6.813800162567691,99.87727818812115,0,0.0,0.0,0.0,0,0
0.9274792869481554,0.6250750474201318,0.13824648038994458,383.3586363413149,-26.623730171109873,63.14847396682464,1,0.0,0.0,0.0,0,1
0.8623476995053381,0.2186717174718935,0.325632031249337,144.1489001215793,-1.716477724611707,-19.596954945504535,0,0.0,0.0,0.0,0,0
0.27129052869913206,0.7167619793028956,0.0425309978817901,172.495965479812,17.54088686797283,-114.98954560552244,0,0.0,0.0,0.0,0,0
0.3073300936884117,0.1563975349483699,0.1167671554097362,435.93383148722927,-14.312367859233824,-42.86535810490179,0,0.0,0.0,0.15475821526727773,0,1
0.8337681199582708,0.25032170161692724,0.6930785225229419,122.8486600410502,3.621864647789039,-77.26037369386978,0,0.021521549500466364,0.0,0.0,0,0
0.7254740167209021,0.6049691300536507,0.2257123608658671,117.00746572612086,20.733345320886663,74.13193789878721,0,0.0,0.42928529870956195,0.0,0,1
0.34370311205226445,0.49880449021657874,0.01269162048437164,372.3315273122493,22.930478607473475,90.58823781957872,0,0.0055832506606184225,0.0,0.0,0,1
0.8249075274758381,0.7226099806993198,0.5133348709802599,244.46249715722857,1.079769741040856,-57.19404013941203,0,0.0,0.0,0.4157897444410397,0,1
0.1336627718567707,0.17783377845572185,0.2752018286954435,260.18943601151443,33.290402884092515,-67.94705582662806,0,0.0,0.0,0.0,0,1
0.5820863564245142,0.6366466433031808,0.524252829239471,67.56569677276417,-9.956275815402563,25.527350566021823,0,0.0,0.0,0.0,0,0
0.8104926332470943,0.5543670636162363,0.5689651206846873,223.09263960048057,-17.446194245364733,-90.66247852860499,0,0.0,0.0,0.0,0,0
0.19981645938921863,0.608495987342623,0.3873250987237336,89.50701085681693,25.117854504495483,-108.16512027859196,0,0.05234596156436364,0.0,0.0,0,1
0.8223616968570766,0.5760811828596974,0.641194962937262,162.0150161173218,-12.852366800370696,-4.273295750778942,0,0.0,0.0,0.0,0,0
0.9188631640322471,0.7594262417703254,-0.16160635015768293,270.5612964560847,-14.781702087250657,13.152951354761257,0,0.0,0.0,0.0,0,0
0.681107002491559,0.745684602003133,0.3156729444703546,239.74201348975993,-34.60669628765975,79.76735156419355,0,0.0,0.0,0.0,0,0
0.45228382811601664,0.13883359189710265,0.0577172687416842,258.99237965801956,-29.117792506784614,-18.930573719476968,0,0.0,0.0,0.0,0,0
0.1053046693711423,0.4207137169675487,0.20125931376793132,236.95868820883413,18.49898193330027,-14.773197475223839,1,0.569843550694593,0.0,0.44612029087039895,0,1
0.4248771198652136,0.6414587647599181,-0.009115681848261364,274.42112670056036,3.4914662325348047,88.09596118156728,0,0.0,0.0,0.0,0,0
0.4335884166752988,0.60560194536528,0.580710876602422,280.21236031952526,-16.999901013814377,-26.157093773441318,0,0.0,0.0,0.0,0,0
0.5978205096813961,0.167159537921524,0.2821928917017939,152.2216340513121,-11.576655455839326,118.76438217255591,0,0.0,0.0,0.45628929346200986,0,1
0.2386097759508501,0.14747960634685447,-0.1254056919905471,108.31244346535,-10.4750036280638,-107.9668569120278,0,0.0,0.0,0.0,0,1
0.3337536824410189,0.5902653470741732,0.5580548062593578,415.99292093488333,-34.966974077593306,96.52671595065172,0,0.0,0.0,0.0,0,1
0.8295461003619768,0.3692191252805774,0.21733002359441528,161.45389302122916,-6.494589934017458,26.09681768466379,0,0.0,0.0,0.0,0,0
0.1020070523010591,0.5706942078295995,0.13857461428832418,494.1923155015571,21.693817294461226,11.985540194158546,0,0.0,0.0,0.0,0,1
0.2604959793982671,0.7009470844382951,0.12349185766854898,210.35852436134033,-24.298110898567156,-11.719405314745416,0,0.0,0.0,0.0,0,0
0.7527851884546863,0.6610253214137833,0.27357842629663265,379.9862456623054,-16.520430402566827,-93.54138951594089,0,0.0,0.0,0.6515139649952807,0,1
0.14848329362907373,0.2116542274436698,-0.09596021038070125,444.11032008023955,-13.118132433913921,27.91808866336649,0,0.0,0.2183653621538845,0.0,0,0
0.7057521924282709,0.5541528561020904,0.27422585651832676,499.15622450589916,27.33267870957836,-90.16935783068568,0,0.0,0.0,0.0,0,0
0.847529386068939,0.3972494717883059,-0.12056517409872045,78.21368420891423,32.517265375074516,37.01564219158351,0,0.0,0.0,0.0,0,0
0.43536119311326693,0.0721533251635041,-0.08566262179571568,396.7170677898449,6.59413397466745,106.57170389536995,0,0.0,0.0,0.0,0,0
0.6524583534758499,0.3587971524599157,0.19498946340361895,410.7878379676239,-5.882015230749854,29.508395708367516,0,0.0,0.0,0.0,0,0
0.15789516545620558,0.1540059588616629,0.044461061037332245,145.84626374722467,21.57450404483788,93.97622294899412,0,0.0,0.0,0.0,1,1
0.47916426948058544,0.4951494584860984,0.30623240091477183,391.234258831976,6.608981993032444,-13.68079199155008,0,0.0,0.0,0.0,0,0
0.8555780039354406,0.5924254410006539,0.29992301422110274,76.93057882093825,-30.145328811482322,-25.02282091748465,0,0.0,0.0,0.0,0,0
0.816054451904442,0.25032817438897625,0.6399989938920017,379.01118642411893,33.59921736582531,22.305299454498567,0,0.0,0.0,0.0,0,0
0.373491367530409,0.7955002519582385,-0.16957038461792512,468.32951160983123,1.0281939163583402,3.431406088161623,0,0.0,0.0,0.0,0,0
0.8762966690254974,0.618661329389722,0.5996880378949385,455.65663613310676,16.68681831639858,-56.49540498596358,0,0.0,0.0,0.0,0,0
0.34603358059676087,0.5728901079838443,0.5333464551642682,481.24821852003697,-18.01041385769196,29.40150901954928,0,0.0,0.0,0.0,0,1
0.9010517470983017,0.3012051080364055,0.4616777132757845,298.2971904064211,22.987705401649386,127.62491772255575,0,0.0,0.0,0.0,0,0
0.9230594711699037,0.4389779988117772,0.29071360685259234,476.8757238672786,25.032518239237675,17.423955166835867,0,0.0,0.0,0.0,0,0
0.8805527652061659,0.7175301498426202,-0.16344848010198473,492.302168402845,-22.33052956032254,29.499472163835975,0,0.0,0.0,0.0,0,0
0.8185804883869012,0.12497941717517995,-0.07912686890637867,354.95993469405073,-0.657713469020571,-83.14893575107588,0,0.0,0.0,0.0,0,0
0.7609198629225582,0.3455392292117459,0.5294741344998755,340.91030808101823,-17.65873761820645,105.90759405179409,0,0.0874836185358105,0.0,0.0,0,0
0.7933644644177534,0.5988949745844554,0.1716558463557311,310.5644878835318,-1.4871942237378803,124.1761929511049,0,0.0,0.0,0.12881052845606777,0,0
0.24610934399296988,0.3893502638292459,-0.16270003351186163,455.2680344856067,-31.309790364509077,-85.61711261489371,0,0.0,0.0,0.0,0,1
0.5858857958991714,0.2505542688532602,-0.02776647246173053,332.1067056638887,15.942879501030745,-98.69180273970211,0,0.0,0.0,0.0,0,0
0.6760925139946615,0.23200648052791967,0.661376674008938,440.587026749601,22.885897748597493,60.67486963663083,0,0.0,0.0,0.0,0,0
0.7962278952144413,0.46223349883666726,-0.15895577625587318,175.23989919930284,6.411981264785659,-6.86587283575237,0,0.0,0.0,0.0,0,0
0.31159686379115964,0.16964543718649594,0.3868343722717154,118.74499955005425,-17.832808011027943,28.014179399559936,0,0.0,0.0,0.41095465998828573,1,1
0.9485893666452971,0.3774067012158366,0.33866166841314554,15.977021570991461,-6.283119274165383,-41.62558331862117,0,0.09106869088933021,0.0,0.0,0,0
0.6733242732678348,0.6887894073729043,0.2841281148089758,297.71516633419225,-1.9583864049617148,-115.14659737198126,0,0.0,0.0,0.0,0,0
0.6743346693932406,0.5130068029447783,0.5844505929104444,43.46277255568593,-14.981281610527542,36.59267865410757,0,0.0,0.0,0.0,0,0
0.19961952945876216,0.16700297360183386,-0.053262935401002715,326.2172349280617,20.732154802308713,-39.2067055277914,0,0.0,0.0,0.0,0,1
0.23961695549596834,0.16730524079012826,0.1839916745924134,34.960208573764,-22.228521954335342,-34.393108651280656,0,0.0,0.0,0.0,0,0
0.11321434569754024,0.09597442666441593,0.12236379302401984,388.5072013509667,12.939270431502628,-34.2437074473839,0,0.0,0.0,0.0,0,1
0.6635474708099535,0.1938305486689319,0.19821475104685843,439.130011806255,-14.749961767647893,102.58923815550261,0,0.0,0.0,0.0,0,0
0.20171186348206488,0.4736661149799379,0.6979276426872127,104.93156066645871,-24.06057988984754,84.28781706361872,1,0.0,0.0,0.0,0,1
0.5946391966953406,0.40071353075119526,0.27090563990751076,180.27672427913572,13.252239823946084,133.19964945369867,0,0.0,0.0,0.0,0,0
0.7911016683203871,0.07275609227983153,0.699218870815357,252.59249224315244,-30.59742924552524,-18.678061826331373,0,0.0,0.0,0.0,0,0
0.6047751378012479,0.5059285247388852,0.18866270953530623,75.17542336843185,-3.625509697108825,40.71556856538942,1,0.0,0.795344802308653,0.0,0,1
0.13520808940361678,0.623622725724642,0.5774715793816914,451.79419835735655,29.988167563409846,-64.36873686850339,0,0.0,0.0,0.0,0,1
0.2105170157886162,0.7926060474206875,0.12194980110617759,191.299415519877,-25.927335334440894,31.031783304372283,0,0.0,0.0,0.0,0,1
0.2176671028541851,0.2545804521553856,0.5741557168169367,485.7292324064554,-12.18232286885932,-76.1441532419818,0,0.0,0.0,0.4984033189582541,0,1
0.13464660225430952,0.17349720886930559,0.12859840418023538,107.80103234601624,-4.950891536757986,-25.419260821233536,1,0.0,0.0,0.0,0,1
0.7436610843003861,0.704645935460581,0.5734481109985261,488.7934730665912,-32.24975432842879,3.4965491022756083,0,0.0,0.4942878580060116,0.0,0,1
0.21434745598501592,0.46319813079200295,-0.07559351971671882,352.0120633554263,-33.94562698075559,45.43313546190575,0,0.0,0.0,0.0,0,1
0.2310314744238026,0.19490525944313913,0.15152930336233816,171.4943896167186,15.434977265406815,115.3083020111691,0,0.0,0.0,0.0,0,1
0.5076962009430475,0.5819019925267632,0.4429585338558592,174.3887322758214,-26.752364589730895,-49.4315954489536,0,0.5718092972859256,0.0,0.0,0,1
0.458577545721663,0.18840662596327062,-0.029687740038929128,499.87225339174785,-29.461720815596202,126.13891660616568,0,0.0,0.0,0.4311183854719207,0,1
0.4314930991649354,0.4938705945878165,0.32577043937383016,288.45900336541376,7.747710400173915,-3.3520484456165605,0,0.0,0.0,0.0,0,0
0.9350006815069812,0.7680176340775053,0.028771517961474813,152.10739969623612,-29.87550656990905,-64.42686471819191,0,0.0,0.0,0.0,0,0
0.18018503341469116,0.702771466154087,-0.15459861822596627,390.5361064591536,-28.842026620488262,21.102664503442384,0,0.2947235218417325,0.0,0.11666298702417328,0,1
0.7872698798563561,0.24179714011880182,0.050464261735213845,200.75369232323382,13.405095494510569,63.488685300451465,0,0.0,0.0,0.0,0,0
0.8401673012329601,0.28816346956675853,0.5580584691462291,269.1689025232613,-22.079691794266495,-19.637298152062897,0,0.0,0.0,0.0,0,0
0.8031352256986038,0.6999675599878016,0.5395294435152043,442.728868673016,-30.85150279518471,125.64786622390966,0,0.0,0.0,0.0,0,0
0.13760670255572025,0.15794454749648806,0.3353133456049003,271.2375964569777,-0.11701315350178021,-79.9287306817275,0,0.0,0.0,0.0,0,1
0.49739313752663183,0.7776420445966031,-0.10998118161377914,165.35338194819647,-3.3176931370866143,3.6339244562642676,0,0.0,0.0,0.0,0,0
0.6975073809717061,0.36349871149959495,0.5785375804002586,459.9958526294725,-34.74166343547934,4.453174221224003,0,0.0,0.0,0.5895523255291453,1,1
0.8341377610751871,0.3241217963699522,0.3815113265961932,37.67429773966431,-11.638085117914791,-34.65160266771437,0,0.0,0.0,0.0,0,0
0.8519798076078715,0.3603350719826132,0.5004736725269401,142.26531322528226,5.7398028182049,-4.524986966508536,0,0.6244141503151283,0.0,0.0,0,1
0.614182036645922,0.1425758827079518,0.27933109689507324,353.85301998659924,-11.42343070588528,-72.10883519835804,0,0.0,0.0,0.0,0,0
0.5160137075908241,0.5547821284787345,0.6009392374423168,239.22741380097696,-15.710949739225285,13.770763178931531,0,0.0,0.0,0.0,0,0
0.4372259540839034,0.10308514229113884,-0.18322877383670955,347.6972469412283,-24.358971699466046,119.27480975515189,0,0.0,0.0,0.0,0,0
0.6492802202557688,0.3370861588294208,0.33774598389384364,219.9251280757856,-3.6363357414641087,-84.99383086928327,0,0.0,0.0,0.0,0,0
0.13061327264238395,0.6089699121896935,0.14041158112237467,433.3233716210628,14.570823940947442,67.94852935127221,0,0.0,0.0,0.0,0,0
0.5768025251894048,0.3987831787356592,-0.02772372044158808,110.98221070178636,19.578037202429456,-21.2151217048562,0,0.0,0.0,0.0,0,0
0.17567062710432663,0.4136155254556465,0.5292600632220901,97.76250395868703,23.083538616491367,87.91458222161447,0,0.07601988775502529,0.0,0.0,0,1
0.5465441324552918,0.7831338089796022,-0.059844870699199026,200.6108246039366,-0.5752842313362336,-75.854132400492,0,0.0,0.0,0.0,0,0
0.4731218890543667,0.5947903762830582,0.4460899245403139,455.64164104602656,-29.189725760325054,42.63406254498037,0,0.0,0.0,0.0,0,0
0.2172444260440406,0.4800251565010329,0.4794680841690198,28.234991545479133,29.495364616550447,-67.63895004460647,0,0.0,0.0,0.06567498926832378,0,1
0.7776971566058116,0.4068759880208405,0.0494480952220408,488.5405596010279,32.39895174365763,98.23874962173608,0,0.0,0.0,0.0,0,0
0.6623893705312288,0.4465552081208064,-0.13134158134992685,399.3426707945618,31.6628082642428,91.86005660075102,0,0.0,0.0,0.0,0,0
0.77626510966698,0.6000979569180893,0.6977838388483513,228.32311341858883,-1.7540248187123453,-8.46976818363413,0,0.06828128018952632,0.0,0.0,0,0
0.1710760867492867,0.7600980272778743,0.6297229348037892,453.5224163676519,31.682028036256,-94.76718059349756,0,0.0,0.0,0.0,0,1
0.5047296465113895,0.33455603018497015,0.568062890299974,339.74036271089636,0.8634522243891638,120.36910451661501,0,0.0,0.0,0.0,1,1
0.4861495282309065,0.38763666976918015,0.007315942212941684,1.7418588877700008,-26.372563708499015,83.82595279306753,0,0.0,0.0,0.0,0,0
0.658151887958137,0.5508657895874962,0.6342262732764461,120.58291111218108,-11.692650094281472,-37.05494944061894,0,0.0,0.0,0.0,0,0
0.3080082183394406,0.39235771753263987,0.22036835301755447,253.31390796107664,-13.65691868642067,99.27010119013048,0,0.0,0.0,0.0,0,0
0.7112128544477698,0.30102240829050514,0.1933304989834181,430.89810146795645,17.18669138920844,102.47432028225015,0,0.0,0.0,0.0,0,0
0.2319949555308468,0.4304579700662731,0.6293976321367682,144.96234126330552,31.566307281815952,-65.344111845985,0,0.0,0.0,0.0,0,0
0.8180048472024687,0.6956848268748547,0.6356231969318069,155.19016482965895,-34.5214358847462,11.755895419632168,0,0.0,0.0,0.0,0,0
0.8993108190077699,0.4587802428858964,0.12216963534652403,138.32652729258803,32.020682480465425,-13.611655210283288,0,0.0,0.0,0.0,0,0
0.7933586953739279,0.24211829190811512,0.28924754683734105,346.6596883823081,-32.76043164369713,-105.46779255358753,0,0.0,0.0,0.0,1,1
0.26867495808205266,0.6576619294934323,-0.11313681805726553,340.425510269275,21.545732419564438,-83.63402049155768,0,0.0,0.0,0.0,0,1
0.23499361085294596,0.36783122118406986,0.010495675200195925,344.25927397323215,-8.378461258181364,82.3650524271564,0,0.0,0.0,0.0,0,1
0.21740886289139208,0.3329176917623378,-0.17475632461505614,255.77348132762125,-6.322071526508992,139.1480739673749,0,0.0,0.0,0.428934956070616,0,1
0.416162759035406,0.15606347733709908,-0.17860049603358502,155.4538033424976,30.411014801864525,45.610045285205814,0,0.0,0.0,0.0,0,0
0.21079337420170313,0.5790130337501013,0.2622176995485788,432.5759348757555,6.657585789025838,3.5145862416788134,0,0.0,0.0,0.19313134678498714,0,0
0.4739866571455461,0.6325333820098604,0.20817166385353986,10.432274049849328,-27.51728914552436,-118.19524637765747,0,0.0,0.0,0.5660431049773801,0,1
0.6293648038734974,0.7332756615755444,-0.018822929940730676,251.66577834884913,10.264557546644554,-57.77180628703225,0,0.0,0.0,0.0,0,0
0.6218176474199858,0.4103141902654586,0.06363950677999197,426.34489309344326,-2.371160862230525,-10.237577712275467,0,0.0,0.0,0.0,0,0
0.4862307369258736,0.3346692908937778,0.5785593172894901,411.6063070410874,-31.275082878338633,-32.67938260149914,0,0.0,0.0,0.12110828814153989,0,0
0.7752730027191854,0.4566591048996386,0.33529360485730825,370.45088060878766,-7.4037270468498555,44.87759986727548,0,0.0,0.0,0.0,0,0
0.8524564159517837,0.10538825016139865,0.5906838742198632,306.02101139041963,17.762201108500392,-26.41312478536922,0,0.0,0.0,0.0,0,0
0.23854255097028434,0.6935021793672571,0.6749004423969605,308.40546713621075,10.691518404773277,41.39508906907068,1,0.0,0.0,0.0,0,1
0.7982055056843267,0.6824943456316889,-0.07323466332446266,39.68985135503611,13.906393482403622,-4.443709181082738,0,0.0,0.0,0.0,0,0
0.8546647477532191,0.27943557260855467,0.3611277262372187,290.9308752416948,-29.245639476195706,2.5593049116121307,0,0.0,0.0,0.0,0,0
0.698965516056075,0.10059175849570108,-0.18356798275216182,455.7494773479394,-15.991941715285314,-13.568275886562645,0,0.5922645495710289,0.0,0.0,0,1
0.8705237427188367,0.3620201924460977,0.0574492329923762,286.0854886216483,23.328368202291045,46.848839280593154,0,0.19264560049191026,0.0,0.0,0,0
0.8794587627882798,0.07794389093090633,0.00030172649451237765,23.32734558409906,-23.89614992366906,22.883881797373988,0,0.0,0.0,0.0,0,0
0.3461335949736174,0.3304057491806544,0.006747638629471503,415.7268648419759,-7.096988550275196,110.29690498031229,0,0.042239924416832865,0.0,0.3746173690254833,0,1
0.7783466847446043,0.7933477413468889,0.5454825229022926,89.37930981812657,16.43432660536979,-110.47123437798038,0,0.08025482245911855,0.0,0.0,0,0
0.7702400280444943,0.6817440718016111,-0.08854491796082711,243.79587686412796,10.085084193533298,69.38862089191008,0,0.0,0.0,0.0,0,0
0.8432232327429761,0.6863975162229641,-0.14472733513460928,397.7615772616144,16.67365228491046,-108.0557498303772,0,0.2941635128601074,0.0,0.07307434885216961,0,1
0.12947365143092487,0.28430076031174606,0.5557249236003401,350.0031812294677,-9.00615716113565,-61.84054071461825,0,0.0,0.0,0.5184234284248215,0,1
0.6372157543463457,0.11353371435454156,0.39229469975492265,205.8861612547541,34.51005686162591,106.24300651068413,0,0.0,0.0,0.0,1,1
0.7429288879628178,0.2906969771502721,0.5314242084370331,498.5334422906896,-7.588562376782324,-105.82422804741834,0,0.0,0.0,0.0,0,0
0.9444250676284552,0.06700143775003815,-0.030017015390279594,97.12427167107417,10.933417066582372,-87.22022114208934,0,0.0,0.0,0.0,0,0
0.6457197311481299,0.33175448524315565,0.27414236753889465,49.225905068906705,-14.486369877233468,7.316934697938848,0,0.0,0.0,0.0,0,0
0.2328916449317243,0.69596448164861,0.3821291872399695,245.53574973711642,24.411063836151264,-59.881216029243504,0,0.0,0.0,0.0,0,1
0.17086998814829835,0.47114450565115534,0.19941670452408017,479.75390671805525,33.16329962404791,76.34521084130077,0,0.0,0.0,0.0,0,1
0.5756142355061289,0.07569863650869381,-0.06112145250061535,105.19404735907257,-18.35587394688845,65.34501178196626,0,0.0,0.0,0.0,0,0
0.5789839312988005,0.2824812204408641,-0.11505014300727068,214.40404814698906,21.466448506120372,102.69181384161703,0,0.0,0.0,0.0,0,0
0.3526282063622639,0.32309655628195205,0.46156633103113426,292.29460725106287,-16.66506940536926,15.10597760252972,0,0.0,0.0,0.0,0,0
0.8069243524091247,0.7345941084624412,0.22068849941204577,489.21750357621164,16.25130959032621,-41.07247543824687,0,0.5435109834893673,0.0,0.0,1,1
0.20021960258390625,0.6766911160790925,-0.15374666531063763,313.57466017129065,2.9219154740741686,-81.71843242188973,0,0.0,0.0,0.0,0,1
0.3648345958526279,0.7037405933509729,0.604713929968764,282.187272890292,9.793173881042662,104.75227263545443,0,0.0,0.7409892137375164,0.0,0,1
0.1100649504601276,0.31100876838118147,0.04611572390425864,319.48688086517757,3.665698218320877,0.6584566749290559,0,0.0,0.0,0.0,0,1
0.5137285551043521,0.08987970817130235,0.6764641641689333,59.82744410927618,22.62081578272194,-23.01953361036101,0,0.650330712686114,0.0,0.03265828836557295,0,1
0.7276722791698249,0.5720305025623256,-0.0471585888327235,55.79727411286352,-26.38259518057692,139.56486583008223,0,0.0,0.0,0.0,0,0
0.3020593549431305,0.36144298686686543,0.3844314843634264,429.65169615990993,-34.54381326008671,90.54333737730693,0,0.0,0.0,0.39132304465278517,0,1
0.3080053284352634,0.4260338326146587,-0.08846178269609256,30.236145155271828,7.8416423623038725,85.923682990006,0,0.0,0.0,0.0,0,0
0.36430540633173214,0.25888890626034905,0.48454953524322325,26.813678098292407,13.806184642197422,132.33417152279418,0,0.0,0.0,0.0,0,0
0.47583538653265367,0.6104681074503432,0.4875678465549627,206.60141936880296,8.059115856920037,-31.889321069479536,0,0.0,0.0,0.0,0,0
0.20708074913467067,0.14992617830031146,-0.13320112209186868,421.6261577414523,5.378211101632708,-55.29302551519598,0,0.0,0.0,0.0,0,1
0.5321311883245669,0.6923476975659728,0.08106968969670092,322.20372574106483,-4.411401077421097,48.994285397806976,0,0.0,0.0,0.0,0,0
0.25743697539228316,0.21829416494198534,0.5270707693927241,344.89450784433507,16.521851192706315,-10.215104480661182,0,0.08041976366401,0.0,0.3768405347931935,0,1
0.22476342377423209,0.3064916455289964,0.4433523063841623,232.47041565004255,8.319001476737483,17.91180095006763,0,0.0,0.0,0.0,0,0
0.7252047266492956,0.2854388870498014,-0.09568182422378459,325.5284462597509,-5.278151164258162,-75.79631757710486,0,0.0,0.0,0.0,1,1
0.20827699602682054,0.5931237649822149,0.14432994624984669,352.40957201716293,-14.119638945401423,119.39952062107437,0,0.0,0.0,0.0,0,1
0.6722177865622746,0.652148286900489,0.2545128498412702,426.0403212800762,17.279922996184453,-57.97097576220079,0,0.29930995395264165,0.0,0.0,0,1
0.38173035202033845,0.5667513254838307,0.6471886855921156,40.811995759944736,-7.607590951223937,-103.31857385389303,0,0.0,0.0,0.0,0,0
0.7857882474567714,0.16954635715379207,-0.0700243799117648,65.86823697377206,15.469415574198756,131.05989313332293,0,0.0,0.7787703231888577,0.0,0,1
0.6095437631585781,0.4093726715823367,0.19795981301019883,360.84068140795574,-15.033344584344334,-53.53313640035849,0,0.0,0.08845480343993924,0.0,0,0
0.33975949139145806,0.6353660950545434,0.07884352751694401,327.4031282264629,-13.033961101033661,-105.91005250681029,0,0.0,0.0,0.0,0,1
0.9066698323672944,0.30229217966676075,0.5350720788146828,135.70600231562602,-22.161827554531342,-93.82168502441117,0,0.0,0.34870617356344236,0.0,0,1
0.7650041817091986,0.7899749746359163,0.30023118725898496,152.4506681499977,3.571375795339506,-79.01273153554692,0,0.0,0.0,0.0,0,0
0.49683050572302057,0.2182924020626047,-0.16816342959939412,43.2967780097407,-1.3411302461924137,-28.192835967621335,0,0.0,0.0,0.0,0,0
0.40192961028577123,0.22714565134189663,0.633701307846936,386.2044449893538,10.761190907701206,101.17701835071975,0,0.0,0.0,0.0,0,0
0.10844411751725558,0.6215170568530146,0.6223646085623458,139.86246785689505,-30.718255771939177,22.97857835491118,0,0.3651027203565878,0.5303200184842282,0.06192184713948579,0,1
0.7459010084072772,0.41175376461046964,0.1148613614048346,156.78438285355074,-33.46414130697822,44.48314873140714,0,0.0,0.27571177646956396,0.0,0,1
0.16883206396032152,0.07293766357669067,-0.027074650134427253,208.81694476157872,0.6454491687222159,-46.26572053375884,0,0.0,0.0,0.0,0,1
0.8646594532571962,0.787483138124218,-0.04590735101424559,191.0169138365461,25.63797955240375,84.03108778585081,0,0.0,0.0,0.0,0,0
0.3280058986578773,0.33106350765120207,0.3559350647713762,243.13349092140274,3.5609484135161935,78.64327350483157,0,0.0,0.0,0.0,0,0
0.7449581284193753,0.6017440758221507,0.24869167157756983,233.93628618357747,29.427020674702447,66.22865700599647,0,0.0,0.0,0.0,0,0
0.2786097878067154,0.6016498679895907,0.2594221648518496,171.40344219988884,-14.660245449231017,105.46846943059148,0,0.0,0.0,0.14884197311330855,0,1
0.2830983404691062,0.29493695757653293,0.5652771574999629,421.14083978603827,-13.400537919054685,84.44754822812055,0,0.47700607604630973,0.0,0.0,0,1
0.31531091169882447,0.5742918870042016,0.2220345035936035,186.71722835891106,-33.93960471724831,-85.56350573457246,0,0.0,0.0,0.0,0,1
0.9136259501040247,0.14897218026541476,0.5662538673957833,82.0899892751997,-4.144923890123373,-63.8899276863243,0,0.0,0.0,0.0,0,0
0.31803831119458353,0.3657035872025567,0.6850410239070244,56.41885813184295,-16.512967531255928,101.93640154731187,0,0.0,0.0,0.3181970006792862,0,1
0.29463709551958545,0.5352344012886372,0.6761418182895098,179.53071960868434,23.42205571887184,34.078699766837076,0,0.0,0.0,0.0,0,0
0.20280922629230458,0.44401281893523586,0.5141586258855599,32.35756635398132,-10.207105549808812,112.19190225024931,1,0.0,0.0,0.0,0,1
0.7162554360748005,0.1482733231356148,0.15961141059496853,30.96044716778135,5.704545175191896,-20.69879102364058,0,0.0,0.0,0.0,0,0
0.6381652092057627,0.5664241149317942,0.3400841010534918,392.0819294916728,-14.279027107271727,-61.618551365071006,0,0.0,0.0,0.0,0,0
0.4454828638972871,0.2216328223046078,0.19984775354974782,195.74624474972424,6.415743637628083,5.532643340847173,0,0.5473581825860373,0.0,0.0,0,1
0.8781043137576953,0.42372775671133606,0.0318319991127487,468.8385890946353,-25.82836880098617,20.64622029316189,0,0.0,0.0,0.0,0,0
0.7330563436332201,0.3656806331672507,0.37454470454152616,4.503637260886805,30.22396784324245,-112.98143466211853,0,0.0,0.0,0.5005555375743737,1,1
0.5842899488217463,0.4377780798216419,-0.17284807468792363,202.0298972287082,14.183699191283182,-86.00745697466658,0,0.0,0.0,0.5036061017780643,0,1
0.3237046897300254,0.7718959963788212,-0.020544838058515508,311.0897904770213,21.853007693015222,24.86966991828183,0,0.0,0.0,0.0,0,1
0.6306454916074183,0.7267590017700147,0.3655238737091809,239.7666081719246,5.622717525636844,48.8945630140646,0,0.0,0.0,0.5682131744101548,0,1
0.5452863143223564,0.4699754330453889,0.1599152807129819,228.608937144918,-23.826011871471728,-98.89928741333291,0,0.0,0.0,0.21974764140952277,0,0
0.3107797749336675,0.3123990654828404,0.5225069346009361,449.19808207761406,-11.47733617215799,114.2315218571998,0,0.0,0.0,0.0,1,1
0.8626559958953813,0.5252739801336822,0.042498019483357824,236.79348143893787,-6.3264195515812816,-90.47461905507507,0,0.0,0.0,0.20706217839740965,0,0
0.7684728802089461,0.6250255874565458,-0.013530056971545135,215.24198310609285,33.00632730364224,-79.63161606987882,0,0.0,0.175665276546361,0.0,0,0
0.6364822304139144,0.7954843497799339,0.6443801109230411,65.4800885702815,2.0500406243100997,-31.28081091493665,0,0.44443110108585393,0.0,0.0,0,1
0.13386274434663492,0.4343769736301669,-0.19459990187524967,326.9914387749821,-34.551964251503236,-32.49875505107232,0,0.0,0.0,0.0,0,1
0.44856464400263096,0.6890230010636584,-0.0951422800617662,202.67121589421168,7.117168879022465,-10.207702119347275,0,0.0,0.7664282745614907,0.0,1,1
0.20335752382517613,0.5567990545694866,0.4479810977283683,162.0575551069344,-13.081659392733911,-15.501197319815148,0,0.0,0.0,0.0,0,0
0.8690359017153553,0.6736747592497233,0.340385384210985,478.71354572833917,-8.445595308774703,134.55328753055463,0,0.0,0.0,0.0,0,0
0.8496664324388057,0.294420751563785,0.13292894248047693,142.68043144180845,-17.0815790010778,136.55703062584234,0,0.0,0.0,0.0,0,0
0.484070650611232,0.5366502745446922,0.10496584458636027,30.49977195015894,-7.026893695844926,0.9149669163986403,0,0.0,0.0,0.0,0,0
0.7285978161096524,0.5638646015951478,0.48393515219987243,135.5599943307878,2.8235209372124785,99.69164677005597,0,0.0,0.0,0.0,0,0
0.36611285806590055,0.13627541859436876,0.4307953144478088,54.8684617813148,-13.715535871705683,9.721497022350718,0,0.0,0.0,0.0,0,0
0.387666844425259,0.08589108820513448,0.3982251659143246,441.89909512095414,3.222607930894,17.371905178451897,0,0.0,0.0,0.0,0,0
0.1287785723123779,0.061789880040342096,0.5858231871617152,220.27433940296348,21.357313125455427,9.53264932832218,0,0.0,0.0,0.0,0,1
0.29307474180834797,0.16103196836775874,0.01933552811794481,289.99344996277006,-28.304529060288452,99.92177481925356,0,0.0,0.0,0.0,0,0
0.7236441191206481,0.09273592272837457,0.35145313733984046,57.23249094960248,23.243122154901087,106.8169079171731,0,0.0,0.49099623959079336,0.0,0,1
0.34379131928360035,0.6187190835662335,0.4638324589583291,458.0471762947132,-1.234284994043925,-81.55365558423497,0,0.030209452144139615,0.0,0.0,0,0
0.45388871299990274,0.22446061181422777,0.280962173700693,262.3829092814546,-6.833982420947699,4.559288084922201,0,0.0,0.0,0.0,0,0
0.22373067213731174,0.3784444418587574,0.5645921631311073,167.79992217195039,-27.33384545072235,-84.32490126712204,0,0.0,0.0,0.0,0,0
0.6915008365512976,0.40501231546199357,0.33811947156472283,380.10841632382875,25.416573696442086,114.64475338049132,0,0.0,0.3887825409851,0.0,0,1
0.12216039908147074,0.18067624324779946,0.1929138723500315,285.8111015155605,5.107956161115894,-35.90385925401608,0,0.0,0.5033620133465644,0.21491885195919655,0,1
0.139326936311267,0.5537077248549503,0.2756472751311039,65.38094537863263,-19.09734616125828,-21.190895516219555,0,0.0,0.0,0.0,0,1
0.40806509297283955,0.078910668265067,0.6131799512798504,313.8336315634657,-27.925194344094386,43.39523441337306,0,0.0,0.0,0.0,0,0
0.3586445108945322,0.2778730155126329,0.3903355897208017,386.5214500796776,1.2115309911057324,-9.330807152609069,0,0.0,0.0,0.0,0,0
0.5721710032274617,0.11703283261824553,-0.06131848998619019,343.79525661724705,4.855683564045002,124.85643520756088,0,0.0,0.0,0.0,0,0
0.8212919550625626,0.33294257532050836,-0.08801761526331181,223.22370614799357,-6.468125446874247,56.399702748406355,0,0.2934435995262857,0.0,0.06394611163142934,0,1
0.6174237121394521,0.4643657680327474,0.5308430132264101,308.08593708411104,-0.8534026866172724,56.470839356759456,0,0.0,0.0,0.6147224151096624,0,1
0.8543503737783801,0.5659460927801526,0.3971601817103276,60.77368460767751,-28.865091413702224,49.196490468158544,0,0.0,0.0,0.0,0,0
0.31832759813835165,0.11925447753678921,0.1809051035064948,331.3277830337272,-4.392379223435299,-25.358832168104342,0,0.0,0.0,0.0,0,1
0.663245940666857,0.6016558092053312,-0.0703787166633702,409.4183504997434,7.4399687988043866,-14.71432487667569,0,0.0,0.0,0.0,0,0
0.31518755869825055,0.21499930200802309,0.4459635985794979,217.50293153640345,23.713353984488208,133.58363195310355,0,0.0,0.0,0.0,0,1
0.13510022651587478,0.7743117459455282,0.6419101751695364,230.34866845690152,-0.9892826555520315,16.14396532893892,0,0.0,0.0,0.0,0,1
0.35873854011333206,0.39773141726882894,-0.15183724160825443,110.7952747946969,21.76600637807413,48.85497883429389,0,0.0,0.0,0.0,0,0
0.7159435847835036,0.13871638492187516,0.17088741422044862,258.31387255231994,15.873293347613057,4.866744885692498,0,0.0,0.0,0.0,0,0
0.7290354818657129,0.2083180257820204,0.6977446516130055,476.7506348253051,-2.9656181054848005,-108.09718420525458,0,0.0,0.0,0.0,0,0
0.6147062515070199,0.4103197507990557,-0.11056791566006992,279.8350643564812,7.725543396179745,-8.998234625419002,0,0.0,0.0,0.10896330857111386,0,0
0.6778120869986022,0.28774417457328927,0.6016959619061124,203.54334338507147,-13.716086373381536,-50.949572494025404,0,0.0,0.0,0.0,0,0
0.2519364454784651,0.17633489078629955,0.20392212793031655,94.01801050590382,26.2872693007276,-38.434909390581396,0,0.0,0.0,0.0,0,1
0.39070979338401735,0.4445667634059561,0.16372269674895612,483.16699324729905,-24.829767092154903,26.277427424441385,0,0.0,0.0,0.0,0,0
0.9435666214890105,0.23030608904323785,0.14349566480170795,294.2812825442076,15.292479784937157,-9.059135693796193,0,0.0,0.0,0.0,0,0
0.6972275765410519,0.10939741940507487,0.3027326152918047,183.6992971810201,4.587861735358636,50.692215858970116,0,0.0,0.4636573660289991,0.0,0,1
0.3684143147437765,0.3841077311592977,0.057009804776685935,95.15162762562676,-26.524152215500195,101.6242960212223,0,0.0,0.0,0.0,0,0
0.5066691827895543,0.2587733561142461,0.4597181838682149,154.81624260686561,9.659696933061362,126.21963792915344,0,0.0,0.0,0.0,0,0
0.3910459761015135,0.5164702892293598,0.5567556441392782,230.42346008614913,-10.31725968992377,-92.42866199111936,0,0.0,0.0,0.0,0,0
0.48565643445554485,0.5963424345611564,-0.09343846352939073,127.96061541235792,-1.8422451918932197,6.942725846400478,0,0.0,0.0,0.10077247350274253,0,0
0.597505641629419,0.5683666939111262,-0.060921977748622125,189.1627885762276,23.969214336814623,109.43139513624652,0,0.0,0.0,0.4546630283537743,0,1
0.18892779291206663,0.3277074588188628,-0.011002566662158958,10.42065371248879,20.829619237475548,-77.42452397848047,0,0.0,0.0,0.0,0,0
0.22718547215032545,0.26262990015874116,0.15505149000248064,343.3972575685675,-5.58847293171943,-46.70147737584033,0,0.0,0.0,0.0,0,1
0.6385768221183555,0.7144053023192284,0.5837576076238364,73.40221426856746,30.956653038728703,7.5387791321332145,0,0.0,0.0,0.0,0,0
0.10419387149652748,0.3534604246080435,0.21413355587353816,3.3328004171300396,18.02268107343896,-104.43290289321725,0,0.0,0.04468976563157137,0.0,0,1
0.6367449659751326,0.5026208888527396,-0.16009286313068619,454.50853359132157,8.129907158868619,-47.054405433304396,0,0.0,0.0,0.0,0,0
0.3512429467932806,0.7493109053624464,0.2910755841347744,490.27191118863243,-19.264818426614003,79.45016028342795,1,0.0,0.0,0.0,0,1
0.27612391601487535,0.7392437187336355,0.24174342786827724,98.50758061889776,8.343661575808817,-105.0105252973681,0,0.0,0.5947334255667136,0.0,0,1
0.28220818584502727,0.4923171778445688,0.09600659011278484,289.9304430724433,20.750374897263825,18.27066942413802,0,0.0,0.0,0.0,0,0
0.9392292781551975,0.470832131809877,0.3243712154810264,392.5472897984976,27.410980356242973,131.49204578223544,0,0.0,0.0,0.0,0,0
0.9207471532885643,0.7574736959206049,0.21664434526842552,374.6229416975518,4.769361528759056,-52.795444919467826,0,0.0,0.0,0.0,0,0
0.7339613064870218,0.3424576433432766,0.08733446183127419,197.9687026666278,-5.855553193147454,-71.06938085647433,0,0.0,0.0,0.0,0,0
0.6968643960355039,0.5350226098161832,0.4922210320015809,345.19501979614597,29.355160747569883,-17.94386004637269,0,0.0,0.0,0.0,0,0
0.684275467125251,0.5303085675293492,0.1551156911189414,304.8731919093898,25.48892982138465,26.00094779947446,0,0.0,0.0,0.0,0,0
0.23459914065279233,0.40673435071856096,0.14027036264888304,328.50214847437724,16.219883156782963,-51.07149811997904,0,0.0,0.2180446231322587,0.0,0,1
0.8107217290758524,0.7093557272878992,0.11158094145559472,334.6741765912324,-9.754148744467514,14.986949617906305,0,0.0,0.0,0.0,0,0
0.33255646208392997,0.6706632547635698,-0.18878596483714055,236.23487578770985,-16.57501131551073,-23.688633754747457,1,0.0,0.0,0.31196474551466225,0,1
0.5916493710570059,0.7007939443151503,0.4343938031640386,64.1246551308508,9.347340030239842,110.39963931404785,0,0.0,0.0,0.0,0,0
0.15786386689039483,0.28090273098864627,0.4640405216033316,71.49780632888975,0.9663232808192959,33.2226307991906,1,0.0,0.0,0.0,0,1
0.1947334251724205,0.3105704777353137,0.6178522136262745,297.1536748559816,-26.194199875044045,-62.41555162373625,0,0.0,0.0,0.6246027418363351,0,1
0.8580237408401319,0.2399942672035586,-0.0738917951120405,89.08687763926822,-18.622159842659535,46.89221427963648,0,0.0,0.0,0.0,0,0
0.22191475157492285,0.4944723031450687,0.34987507464780515,201.9261490116287,25.150850812757973,81.8715999915731,0,0.0,0.0,0.0,0,0
0.2924849266736336,0.1553396223662315,0.5807369190238052,208.6598660628559,33.44565361283691,19.61438949780066,0,0.0,0.0,0.0,0,1
0.6343364506993215,0.4465095289629638,0.6645023455735879,118.10526210404136,-4.5296632337036655,30.668473605058892,0,0.0,0.0,0.0,0,0
0.6378856036059181,0.44711974060251636,0.17766100947912078,395.8613340276077,-24.921343391890126,-35.43287991551041,0,0.0,0.0,0.0,0,0
0.728185319120784,0.061380573931241814,-0.05691279769525834,163.88589195554414,-7.9674633353472935,96.62424000091076,0,0.6355339103267578,0.0,0.0,0,1
0.6555223291965062,0.2583612192936093,0.5066209349801194,31.092696426194006,20.42245832479427,-69.58790750741025,0,0.0,0.0,0.0,1,1
0.8234865568451416,0.5487758896814474,0.3718984870722945,187.2023509750552,-23.474718636539087,80.7912509168033,0,0.7247567520678765,0.0,0.0,0,1
0.36898686806927883,0.22920231717431028,0.17293788997678594,56.133787624604345,1.8389936559158073,78.92517159734015,0,0.0,0.0,0.0,0,0
0.8944739559103534,0.3424863952411064,0.11813415060760935,209.54158531713475,-6.3407168319411475,-2.702088215035971,0,0.0,0.6421676653574305,0.4794209545742877,0,1
0.9390264592076929,0.14896033596801556,0.070631808407982,183.27337433004703,-25.27854527899091,53.56814429842228,0,0.0,0.0,0.0,1,1
0.6467470619180916,0.40632420827575527,0.5363657210542707,229.88439816719287,-6.335699792226084,31.651037240083525,1,0.0,0.20836120243198197,0.0,0,1
0.48603238872848264,0.7995142840987988,0.2185881420755556,446.97558101178424,-1.9153952782800303,111.82129112420543,0,0.0,0.0,0.0,0,0
0.8370163204880492,0.6084483886104057,-0.0716974564655195,33.26636857575862,-19.219179488303745,52.28333916090631,0,0.0,0.0,0.1484752646235155,0,0
0.1744350616557317,0.6374362301494728,0.5928214545959631,36.21169787365593,16.17670288139628,101.05298921385915,0,0.0,0.0,0.0,0,1
0.3458615840996323,0.2046021053878811,0.2392773919331314,170.42002861269575,-11.126764576001385,-56.07237022077639,0,0.0,0.0,0.0,0,1
0.16689804174941852,0.11599746887706965,0.5313202412635791,172.7100425963099,-26.900320384521635,113.22392871394422,0,0.0,0.0,0.0,0,1
0.9427687591928451,0.15337190072933293,0.024738327975087432,498.02097126974127,-25.12092638965523,130.27731916258148,0,0.0,0.0,0.0,0,0
0.2504578643420962,0.06010437173502013,-0.06716733201927258,291.4490220957948,19.99897497919298,46.61457007517913,0,0.3611186873783034,0.0,0.0,0,1
0.1915352560297256,0.7389625178666674,0.24286871530766746,123.46326035761155,-0.8384471966855855,88.29822915613013,0,0.0,0.0,0.0,0,1
0.5075553751050963,0.43490443341462587,0.05445947907921761,181.6655248549773,-24.012276368505887,-26.62724867476399,0,0.0,0.0,0.0,0,0
0.5375490777660172,0.33578341842282666,0.29067698654459057,329.9785568362451,34.66749852630609,128.0867392098329,0,0.0,0.0,0.0,0,0
0.3077920126299669,0.17514855500162685,0.09268331518466938,484.0200575460477,26.30376618154944,-96.60191079977857,0,0.0,0.0,0.0,1,1
0.48660500707291166,0.4348546006397375,0.6543445300326136,160.90646621113808,-26.78312619306419,122.96305378351573,0,0.0,0.0,0.0,0,0
0.5451937510443188,0.5822831977049806,0.4890364266621717,51.68275321549092,-24.673538851683457,38.20156006311336,0,0.07014914531244969,0.0,0.0,0,0
0.6654816518404782,0.38339519211221657,-0.15370614445200934,306.24551462384625,-14.06853752636123,116.72768307223407,0,0.025550224301463056,0.0,0.0,0,0
0.5701559898111668,0.40736626024252753,0.0508527078329874,241.36530000308628,29.119584072559945,132.69775629018412,0,0.0,0.0,0.0,0,0
0.7004399719576487,0.740761110586613,0.09893382130189499,402.296217095779,-13.14272844891542,98.1013355293083,0,0.0,0.7666520318978404,0.0,0,1
0.6550487672041576,0.3681488115429122,0.3799308878605571,41.715007892484465,-4.732389260355511,101.85787462155056,0,0.0,0.0,0.0,0,0
0.8149307873045877,0.3111768352146168,-0.1910818215454394,151.59195044448674,-19.904588048063562,64.11359045430635,0,0.0,0.0,0.0,0,0
0.7473272592376535,0.06162891243601255,-0.11772552888315675,292.25681764944784,-28.49580963993531,-47.71772765866426,0,0.0,0.0,0.0,0,0
0.3041794096863566,0.728902926659035,0.6237016775900426,417.76802672319326,-20.104163511200092,86.17367269317631,0,0.0,0.0,0.0,0,1
0.36902704958713495,0.6973445167590878,0.37334078819081956,100.56351510457019,-4.002145742251379,-3.2091112132467714,0,0.0,0.0,0.0,0,0
0.809641924440636,0.09343402508644923,0.3548431295165771,109.2844917308074,8.246467191682996,-112.93811156761313,0,0.0,0.0,0.27055080510234203,0,0
0.8055094893439233,0.07092311869263813,0.052995261553395345,153.854901173598,14.715467185735527,23.852518135593982,0,0.0,0.7599563524603417,0.0,0,1
0.25622691867610525,0.17645673282556806,0.3603087234391344,402.8696742411102,5.845367301128171,125.24091510663573,0,0.0,0.0,0.0,0,1
0.217751911022503,0.539119363015736,-0.047830122108912326,457.44602823492204,-11.707699593608378,126.48783787979261,0,0.5247362098781808,0.0,0.0,0,1
0.6768065480746104,0.26737245570718926,0.3505207734634382,63.51176877570361,7.379156663030507,82.44244222267403,0,0.0,0.0,0.0,0,0
0.1461209331884972,0.39366416323910564,0.29085672705083293,478.94284538223087,17.452530523490672,-104.38798802434243,0,0.0,0.09574557730796363,0.0,0,1
0.5653158576822347,0.7106394522470396,0.3372876043868574,220.55773373924947,23.86816926823112,85.6648599160169,0,0.0,0.0,0.0,0,0
0.7876964525336804,0.7137089917037263,-0.0460295382424904,397.7390473233698,-21.267246839265745,52.609059009640106,0,0.0,0.0,0.0,0,0
0.39418343671493916,0.20399816807382642,0.5014745355590595,119.40087126605063,-24.168276751058716,-14.257459185216419,0,0.0,0.061740339087979206,0.09507980528278656,0,0
0.4286131503832974,0.6651333321386527,0.39984340282098046,53.90766945992739,-12.237388007027562,37.198219348943695,0,0.0,0.0,0.6687731341354576,0,1
0.6438678977278891,0.10181408280562844,0.2849656142495976,378.5424099316632,-3.991941406338082,113.4079910213064,0,0.0,0.0,0.0,0,0
0.3014087034617392,0.10499699181727835,0.5769982212011524,344.961678473626,-34.503205857473844,-63.714285487878264,0,0.37814955368247527,0.0,0.6948602873822426,0,1
0.8963025641746694,0.6319521349375995,0.5433775661597158,465.8654599169446,7.971526690866838,101.4058325011415,0,0.0,0.0,0.0,0,0
0.21364031946189316,0.7349490047886277,0.6697271146784771,480.77473508346316,17.97387201937906,77.93993497419862,0,0.0,0.0,0.007013752012506846,0,1
0.4328607733689115,0.19766443129734745,-0.09269986928068015,300.7383476968697,5.2476626429471835,51.065522191538065,0,0.0,0.0,0.0,0,0
0.5495374446821676,0.5055295880676907,0.39134635662937306,100.38204490744762,-8.003354470431361,-53.37208836611711,0,0.0,0.0,0.0,1,1
0.3864650477795317,0.4956723630116769,0.24168862557708687,43.605789205785314,30.11885779940168,41.075116835288924,1,0.0,0.0,0.0,0,1
0.579344969673846,0.6017127714446961,0.33024262735708915,481.43005661225743,10.17343572927824,47.506175766741336,0,0.4133940047114901,0.7151667809225645,0.0,0,1
0.3442541245297214,0.6653536891527609,0.5366389469523838,318.5952713843371,-9.2730114750591,-100.36797250043162,0,0.0,0.0,0.0,0,1
0.9312763455068835,0.16000749939098258,0.1703241449447948,494.8848675270062,-23.674292151709885,53.103268893609055,0,0.0,0.0,0.0,0,0
0.31126166417669565,0.4561187465986463,0.11649972330979025,405.9064909681521,3.7987147269082087,-39.67022125617521,0,0.0,0.0,0.0,0,0
0.5793325043477054,0.11249248889960071,0.3605772498740197,404.02392481429973,0.126845518070148,-118.53393355648893,0,0.0,0.063904359779447,0.0,0,0
0.7235130974948689,0.7551822960615198,0.05013057212793465,209.00570196460012,-33.029862764336194,117.69091240197915,0,0.0,0.0,0.0,0,0
0.4147460011043248,0.3761384909304708,0.4639140430922198,205.74730716611273,-12.163520189044636,58.40766439403308,0,0.0,0.0,0.0,0,0
0.12733788732045417,0.1683058296665642,-0.010403186596796954,387.9560384607843,22.699940122729622,101.66260663172068,0,0.0,0.0,0.0,0,1
0.4250392436470999,0.08519882769711302,0.1316514126967258,170.87893631295333,34.14545189257505,127.24200355841938,0,0.0,0.0,0.0,0,0
0.4721886941495831,0.18700440167385174,0.5666568925849396,246.535307259727,28.705700093654208,66.75686822954421,0,0.0,0.0,0.0,0,0
0.8377486631743416,0.669082566016765,-0.10093122068617112,109.24418793690035,-14.342557935495837,48.26703496820201,1,0.0,0.0,0.0,0,1
0.43438514525211147,0.4565116781957252,0.5154805553114419,476.70728509156646,-2.4471721912271036,74.94002245819087,0,0.0,0.0,0.1564887274576148,0,0
0.6277885528896731,0.2044186686984264,0.3992960271724962,352.55409863106433,-12.292196293413788,-36.584984735777894,0,0.0,0.0,0.0,0,0
0.40934491404767204,0.5922185645492158,0.17772936919269894,111.48564950163303,21.087919640171137,30.370836398936262,0,0.0,0.0,0.0,0,0
0.22638418011555478,0.5890918007666447,-0.11501492837453665,477.37179219673203,-32.94490742807175,67.41587340878644,0,0.0,0.0,0.0,0,1
0.2698433442155621,0.7574666898585174,0.5126770053658432,303.43910300726196,-33.49724252319589,124.85277215293385,0,0.0,0.0,0.0,0,1
0.2916144837025933,0.5818154085366949,0.4323647927403776,131.69297330699052,-32.80111057691217,8.385004426633287,0,0.0,0.673941494230685,0.0,0,1
0.7139425442773792,0.7910760653272758,0.03245211596100403,295.9071231216323,16.02527238558708,97.7205501467879,0,0.0,0.0,0.0,0,0
0.2862251718649409,0.7956783746440511,-0.0890670514865686,106.65390152744129,-26.156056663207984,53.15885177821022,0,0.0,0.5819959607733781,0.0,1,1
0.8803848024067361,0.17593846690422188,0.0382908407442773,60.231195607847646,-14.402032520342132,63.9176137656259,0,0.7021080910558126,0.0,0.0,0,1
0.4485153449973749,0.3402228585884762,0.4954334676420335,344.8594810903862,-11.807077053175462,64.60235874467242,0,0.0,0.0,0.15458355771783244,0,0
0.6283995350234338,0.4405452856846867,0.6819471441848093,128.9195353950692,22.796219783747993,3.1335103487663787,1,0.0,0.0,0.0,0,1
0.451743082721514,0.2310196751156709,0.09301369767987333,56.96250827721635,33.166706690522844,33.03734723062243,0,0.0,0.0,0.0,0,0
0.709593128216537,0.3126908141028812,0.5338114296778416,157.86236429192908,-28.797933861857835,103.56676528798599,0,0.0,0.0,0.0,0,0
0.6177244623338076,0.7916598531520758,0.08422708330366485,383.0639485531122,25.9863715763574,-1.0592718034464923,0,0.0,0.0,0.0,0,0
0.5638239950176527,0.4681142289280169,0.07682964518788599,127.18622197257365,-26.671539274660688,-44.440211263547454,0,0.0,0.7511637173821105,0.0,0,1
0.7156850179464832,0.7799313324859659,0.08857175506403614,309.0308087166506,34.74020306217771,137.4603540898906,0,0.0,0.0,0.0,0,0
0.49586509031249315,0.0615315099509965,0.3588275367474493,360.85331808351617,3.5402043043103433,-62.824943715274976,0,0.0,0.0,0.0,0,0
0.20390851277473354,0.7132742961606244,0.0872327510553384,28.931928085313654,-13.542247984637058,-51.18352193473312,0,0.0,0.0,0.0,0,1
0.6940115264290038,0.25768154129579707,0.6943781700654383,484.81578439023383,-22.294194245638522,39.24265413827226,0,0.06591902316020448,0.0,0.0,0,0
0.5317546369683761,0.6255635096452469,0.49815620187180903,468.7325251269194,-7.971990095007726,64.71935596467699,0,0.0,0.0,0.47371605922650106,0,1
0.17351145811723462,0.07538583484874482,0.3237317784693376,430.33094264117625,-23.838478024024226,61.735586709973234,0,0.0,0.0,0.0,0,1
0.7128331543725098,0.7764701671891414,0.11392143442196728,398.33944749872126,31.15553690463726,29.29602816061538,0,0.2760038486582978,0.0,0.0,1,1
0.14869864535595487,0.3123122903823789,0.4607765313406312,149.266527595923,-5.842520619163217,-15.320335372018377,0,0.0,0.0,0.0,0,1
0.8645350032578323,0.7235134460282608,0.6262135470046355,127.06858500395174,-29.638211392750733,47.82291541095077,0,0.1927558050776159,0.0,0.0,0,0
0.4018637326555009,0.44730112905140645,0.6137715051783703,393.7820031328327,12.480699498523855,-45.08430943320879,0,0.0,0.0,0.0,0,0
0.7362491964941784,0.3434482284758526,0.023127551403875957,334.93696144991986,-22.10500046353292,42.115153509292384,0,0.0,0.0,0.0,0,0
0.6922217517190107,0.3462009825767391,-0.004355633381379148,336.40301281036136,-31.948069448172003,-45.79840144736767,0,0.2546332504839528,0.0,0.0,1,1
0.2449982593217237,0.6215267378194561,-0.11923149906299639,263.36270627160576,-14.516667761490886,-52.0141551016596,0,0.0,0.0,0.0,0,1
0.628060622923813,0.4884242805591576,0.12660549110513636,13.408944399986195,-21.313617511017238,-19.213149729350775,0,0.0,0.0,0.0,0,0
0.9456818039691853,0.18235351396943628,0.16759352128399285,122.75447790276019,15.269931591873274,-39.04539332482511,0,0.0,0.0,0.0,0,0
0.9324160126410077,0.34568937468730854,-5.369708426619657e-05,299.1649302624501,28.02288960749148,-39.354102871654476,0,0.0,0.0,0.0,0,0
0.5331214950820357,0.5128523574916412,0.22393726832553368,196.9059049174535,-16.25056817336255,39.33364238434896,0,0.0,0.0,0.3448439310235973,0,0
0.9193646241349765,0.7538729534708619,0.2700678616162091,429.3568212029397,-32.35250674473631,-70.06614510280058,0,0.0,0.0,0.0,0,0
0.3359057874662431,0.18741169188439744,-0.15826291079377616,207.7715388906771,11.710790384639353,93.6379353943532,0,0.0,0.0,0.6465448807086305,0,1
0.6030517838632375,0.6793703034150387,0.4064258884449575,484.36780427744407,30.421948071240408,-6.215916598277786,0,0.0,0.0,0.0,0,0
0.31381340827372955,0.4523038607957782,0.4599480933717343,205.5424901264938,19.39571914037228,-44.38656068265813,0,0.0,0.0,0.0,0,1
0.9290597728833524,0.688815235355589,0.6864704282381455,20.329179612819615,-6.044778642328627,31.91028946614668,0,0.0,0.0,0.0,0,0
0.8965698328759754,0.3805312828780324,0.12003945415418943,136.53830793021143,-28.11852874877444,-86.13358193501918,1,0.0,0.41466587609499356,0.0,0,1
0.9463310468157206,0.44924752979583943,0.5766829469865753,396.69997494345233,31.41302683451751,-48.49122982069969,0,0.0,0.0,0.0,0,0
0.45621142286520333,0.6870673344492998,0.6628784920731603,445.45017553636586,22.585889695993018,73.73285718703525,0,0.0,0.0,0.40346690882941627,0,1
0.3892392116907918,0.2089097536064644,0.4923341447442306,407.55395667315145,31.116335189064813,-75.41551801311839,0,0.0,0.0,0.0,0,0
0.8539127168106697,0.5236144518765581,-0.12228666417440187,373.6943044687638,25.94411186184437,-98.84093265694601,0,0.0,0.0,0.0,0,0
0.4904954140181874,0.37752577072283094,-0.1365488017929777,295.7216272957171,32.072858271950636,20.247179473825412,0,0.0,0.0,0.0,0,0
0.9491836280645556,0.4373322159372064,-0.0210261813202563,186.34709793620263,15.88246323310107,-46.57337050297919,0,0.0,0.0,0.0,0,0
0.42371849397102024,0.112987482639431,-0.07714158493146697,366.9000235055953,21.446290716537142,51.86851672720658,0,0.0,0.0,0.0,0,0
0.6403878863990334,0.25904881556091314,0.39250905772136074,115.99538528148466,-29.47103672327721,-13.126569213536598,0,0.0,0.0,0.0,0,0
0.8094089142033608,0.24648408436053398,0.3894372275312073,491.34684497911974,-15.58642011206749,-117.82511394581441,0,0.0,0.0,0.0,0,0
0.2030165027225348,0.6530840483190219,0.6076573596353085,139.8059126245915,-34.67423610705552,-30.771413783798664,0,0.0,0.0,0.0,0,0
0.18246274983914507,0.515805796410865,0.3230714575908004,216.583093346749,11.270343166203915,68.90265035398505,0,0.0,0.0,0.0,0,1
0.16973810757352178,0.3631286870228276,0.14053197356788094,415.76331556804973,27.507432292870867,-109.40703695214985,0,0.0,0.0,0.0,0,0
0.94943468358092,0.5407011044743607,0.3031166278061502,140.05320586583713,24.766067434507036,88.04671385042028,0,0.0,0.03850095143923964,0.0,0,0
0.34867159245568136,0.7166930822948238,0.23738995636336735,451.9331641875161,-9.991816839036936,37.198697150000925,0,0.0,0.0,0.28576275590013306,0,1
0.4578139876342182,0.7037927181143511,0.21663055090428185,363.83832727213615,-23.694214846477234,128.8554681148401,0,0.0,0.0,0.5679221593197726,0,1
0.40454612615078245,0.3268613326108114,0.5759774300248215,281.59567544190605,8.798184830653248,-107.7166277523983,0,0.0,0.0,0.0,0,0
0.23442606385929987,0.09670593058498238,-0.1581807945436289,212.83087256030828,30.063177586281824,7.151595840669984,0,0.0,0.0,0.0,0,0
0.16537753997134286,0.5039856945961587,0.04518570228191482,152.3978872003179,-1.9848586454840742,110.72618996931934,0,0.0,0.0,0.0,0,1
0.43437862319614196,0.7487910347840946,-0.11673786991257179,183.65698317394256,-5.100877650350526,27.534744171267278,0,0.0,0.0,0.6812820329887624,0,1
0.34768656454633373,0.36306675158966956,0.02206380319468476,76.99180349267941,21.490729916836706,-20.68717163493477,0,0.0,0.113624349414183,0.0,0,0
0.11234204584898765,0.5211329069440169,0.2406461346135681,296.58101613412214,17.82474347057441,-59.016128296259765,0,0.0,0.0,0.0,0,1
0.339534448220789,0.1491204896027657,0.24243485928644376,350.404497697389,23.540258218767313,139.28902719555367,0,0.0,0.0,0.0,0,1
0.7834876472019605,0.17663546421858445,0.2459097519916209,185.81356751935346,30.316729951099035,-115.49878405907347,0,0.0,0.0,0.0,0,0
0.5174168963864457,0.4225128441578674,0.5280473531998873,91.30338356846607,-12.195011365453052,-14.488165699301419,0,0.0,0.0,0.0,0,0
0.49176749176826773,0.5180290430499344,-0.019882430456822975,485.19757025502133,20.038254166477962,-59.721671230189465,0,0.38757167177386753,0.0,0.0,0,1
0.5604680093398426,0.13066439750378878,0.5169454447935513,363.9409646593875,-26.12155297153792,124.28161559247687,0,0.0,0.0,0.0,0,0
0.520801459375961,0.08669431860854108,0.5664585092026324,401.89420108456113,-0.30195515737662504,-116.32623898575733,0,0.0,0.0,0.0,0,0
0.36648605155155445,0.6686057559747911,0.48358643093563486,351.1812873884167,21.276018657593305,8.132511131131423,0,0.0,0.0,0.0,0,0
0.43283684834311975,0.43856159827651425,0.1727208888888656,7.523658097980144,29.496847085305518,-76.75611286855295,0,0.3482023836200527,0.0,0.23569129336458014,0,1
0.4702254926722951,0.4674494158564397,0.3535145251301836,88.04067162025466,27.6739851782325,8.28773614734314,0,0.5163607697880562,0.0,0.0,0,1
0.20908165321248717,0.32425223126245245,0.4556309870668788,71.85040545324912,9.16088136251809,-48.44002879968269,0,0.0,0.0,0.29847330716568926,0,1
0.6274445318735729,0.3502432609797392,0.20331274089067153,236.58923298375677,-5.3350757370782205,116.55248747415385,0,0.0,0.0,0.0,0,0
0.14634709833089707,0.5954800683426301,0.08544815641762166,263.87058032498925,-12.413620009445303,24.107369840498592,0,0.0,0.0,0.425529758713812,0,1
0.8104497130626183,0.24944342304436956,0.29671384697460434,409.05555151117454,15.096048865694456,133.93429515763742,0,0.0,0.0,0.3354208757861938,0,0
0.6558369449388216,0.7533369010367935,-0.04826377821593367,480.69650915158735,9.241385627613518,-100.80543330127804,0,0.0,0.0,0.0,0,0
0.1301607045472277,0.12416799928618509,-0.19115152851650835,148.22150414937255,-16.026308796212646,-19.718858204675982,0,0.0,0.0,0.0,0,1
0.9472441791711392,0.08177442366827566,0.4141873188843062,408.59167437404216,19.261335108726385,128.06700185513762,0,0.0,0.0,0.21174605617710326,0,0
0.6257777130397173,0.21370693739561936,0.07390238005661959,359.0033727625026,-10.909838881031856,52.49441642043308,0,0.0,0.0,0.0,1,1
0.4279096229420255,0.10468962598130181,-0.19325292057761081,68.25630906906703,-17.60634923149608,-47.588411852515634,0,0.0,0.0,0.0,0,0
0.13327562315265432,0.2101837773564621,0.06064947977999341,278.6083284449601,27.129713476318223,82.34014227324843,0,0.6488089168278804,0.5233883312011739,0.0,0,1
0.17033349142408563,0.09216425694300236,0.3830120687747413,494.58790784806985,13.825275915230229,2.277196367376291,0,0.0,0.4890928377476216,0.0,0,1
0.6603653416058494,0.1355007305000383,-0.05756348784095339,431.89276694526035,30.36470657238229,-78.69870445448231,0,0.0,0.0,0.0,0,0
0.5406475597159738,0.5324007600366636,0.4232451752164034,142.47077509592089,-22.456255188799744,58.88518850747903,0,0.0,0.0,0.0,0,0
0.12023038796668552,0.6667486258555188,0.5016929976205562,448.232220595045,-23.534248765284218,98.20363202781488,0,0.0,0.0,0.0,0,0
0.1801746438323089,0.11396267000178352,0.4721973268061988,349.93074494033135,-20.01277336392967,-78.84515633869268,0,0.0,0.0,0.0,0,1
0.6495969934485832,0.7404209222336818,0.14110451465714957,167.66629715504905,-9.50585593522856,39.38545599280965,0,0.0,0.0,0.0,0,0
0.10223189908658384,0.3638723582895565,0.1166559543162442,139.62485388835555,-12.716374318734143,34.481924300111615,0,0.0,0.0,0.19603740601648267,0,0
0.17287996474122985,0.3271277526818752,0.500582734636569,330.6224617085076,30.800953026325786,36.56942835744724,0,0.0,0.0,0.0,0,1
0.4451784364350104,0.6024271043274101,-0.14437409573159565,312.12004827349995,5.541946470309554,-58.20021854593943,0,0.0,0.0,0.0,0,0
0.43990729959268715,0.7395941625175695,0.23573716600990363,360.79303818443964,-33.93111823395892,-53.10300539999467,0,0.0,0.0,0.0,0,0
0.36362366798397827,0.2602257291130752,0.25978126596768325,150.32290029962374,-1.847780082818275,86.90409338181951,0,0.0,0.7949526754367535,0.0,0,1
0.9152368262266002,0.2651607140484144,0.3719979947181587,235.80552186776632,-33.960620676923966,-113.65314077246308,0,0.2508824422156189,0.0,0.0,1,1
0.4209143365440401,0.4824029546527307,0.05410063877689136,264.3096897035105,-11.327836068200952,91.02077305377139,0,0.7893855675311979,0.0,0.6085990930795439,1,1
0.3778135929964004,0.7018496953274076,-0.08805881644771991,41.61534839824964,23.41824415637334,105.01419227016893,0,0.0,0.42639303665580636,0.0,0,1
0.630806525780709,0.48129061683158136,0.25872679382534214,77.54785028506171,30.66673902152006,77.70162842700697,0,0.36536319026865427,0.0,0.0,0,1
0.6593991215398523,0.2200330160786771,0.09332811726679863,75.68650237085299,-30.44149911121458,-26.594965186892438,0,0.0,0.0,0.0,1,1
0.5649020529128821,0.4699998047537297,0.058169137212670585,278.6963214667568,-20.172223265543913,-26.642932728934667,0,0.0,0.0,0.0,0,0
0.4618606651236238,0.40538313586880786,-0.14740114171474727,354.0127942810682,-32.715048379811535,64.9953951017913,0,0.0,0.0,0.0,0,0
0.9062707457527984,0.051434028010637414,0.48106585414702835,260.37261367809054,-9.187227899900453,137.0707991423651,0,0.0,0.0,0.0,0,0
0.20804460460209123,0.1777030212802272,0.5622017000903106,251.59218674027412,0.7368121424931431,2.254009961779559,0,0.0,0.0,0.0,0,1
0.1006557338268989,0.05394236960191211,0.09132797444129337,199.3496824452163,14.56780943250633,-78.22430692485156,0,0.0,0.0,0.0,0,0
0.3821486646553567,0.7685175559447807,0.5604204202077641,456.19969426803067,23.838327129221533,11.621907180563284,0,0.0,0.0,0.0,0,0
0.6311983858218728,0.08058754702861064,0.18167703118815864,146.77615048985464,32.59294837205779,72.32890789534471,0,0.0,0.4206856767246405,0.0,0,1
0.35627485215862376,0.743980194033637,0.05744195576308664,15.443364978787269,22.6919668987043,78.6121234613974,0,0.10295901050964647,0.0,0.0,0,0
0.40101284076581634,0.13914072522490184,0.17290529259269466,80.51127604205364,8.80100851181357,110.17054876266428,0,0.0,0.7076499208027868,0.0,0,1
0.36772220217998397,0.23778274095292012,0.6691621097372142,445.1128169809469,-17.976938477648485,79.05078662308466,0,0.0,0.0,0.0,0,0
0.30335420714481187,0.4150095012526817,0.10902788251299206,276.1863373529849,26.269765482614936,27.416620660563552,0,0.0,0.0,0.0,0,1
0.6496525430299397,0.3218719908296904,0.007864973705012934,162.4613855103216,-2.437214684978038,52.144519096530246,0,0.0,0.0,0.0,0,0
0.892615376744683,0.6269838992860413,-0.06393122790820571,257.7817855562086,-19.509245300060208,111.23723093574026,0,0.0,0.0,0.0,0,0
0.1890996935390621,0.7268895606310659,-0.013714104853324777,481.55996744602464,7.78416272444899,-77.56008184779324,0,0.0,0.0,0.0,0,0
0.8603897149717876,0.6806837841630864,0.48213850702003164,272.26986360006794,-1.594425051432772,-105.43863781309548,0,0.0,0.0,0.0,0,0
0.823783931036413,0.6227133197932475,-0.09777675613007585,8.860671006648559,20.879463156793186,-114.57459028534035,1,0.4072064974224538,0.0,0.27964483197555545,0,1
0.8595593410445769,0.4936148350786966,0.2330776610211901,154.209858385494,-13.528857783419106,33.71993328342228,0,0.0,0.0,0.28790937468960814,0,0
0.15279662462450325,0.42258736276976183,0.40150710475653745,181.58587671535975,-3.450817606000463,-81.92407692496685,0,0.0,0.0,0.4148068415291727,0,1
0.7564438198073078,0.6945730233435089,-0.09799795440401077,154.16404307679312,-10.58601149703858,-96.57788353408073,0,0.0,0.0,0.0,0,0
0.3065779584321153,0.43525730577967375,0.082952288550864,107.33890732250232,-25.576980650845886,109.88715143876155,0,0.0,0.0,0.0,0,0
0.4327972430702225,0.41804516705493594,0.5635043259364456,402.1896474137273,-30.350151643344795,98.6831011291766,0,0.0,0.0,0.0,0,0
0.5721256700463321,0.3701153830695209,0.10071923968909718,159.43996217430694,-16.26502356000651,109.41650841278891,0,0.0,0.0,0.6537229996807216,0,1
0.851157726726132,0.19286149611170278,0.1489126914116342,383.06839596007995,6.150889169323477,-76.93041523395136,0,0.0,0.0,0.0,0,0
0.47196675857163917,0.6412866111426685,-0.051698976533789714,370.8562313428854,1.266433138899302,3.0752123397892888,0,0.0,0.0,0.0,1,1
0.3359045412556745,0.05264248447787541,0.6476009338234296,251.08289396109132,15.031183709581939,96.30779673573349,0,0.0,0.0,0.0,0,1
0.4257701947537522,0.32011721224928585,-0.13352912555032134,29.799784752319024,-16.879115077708903,-69.57532878858072,1,0.0,0.0,0.0,0,1
0.4376394248250566,0.6940238690996318,0.5624331076543914,431.53697660948956,2.549369368791922,61.33138584850374,0,0.0,0.0,0.03405355245838024,0,0
0.6875433332509806,0.07234708644664838,0.6718665861434798,485.40023173847237,-4.107447401618309,1.6514601390864385,0,0.0,0.37374067718018317,0.445284173835662,0,1
0.8705107386793491,0.3158892215414062,0.0339387118568881,433.56212741239176,9.051144076317406,-71.47341898614869,1,0.0,0.0,0.0,0,1
0.6139783765765284,0.22461086058944868,-0.0500295691192105,163.04086403219316,5.140713684435688,-66.36799098920586,0,0.0,0.36141341159388074,0.0,0,1
0.7425278904259239,0.2564948377648392,-0.05618572592299212,287.01097935684265,-14.526508508105742,-20.54363345793682,0,0.0,0.0,0.0,0,0
0.30363425707817737,0.626535004766807,-0.03544185493542046,465.5171469651476,-4.827151867261328,120.62699086956923,0,0.7391186713808642,0.0,0.0,0,1
0.6981939860384894,0.5048131463486214,0.6724379343627476,45.92451015536132,-4.198551823235487,98.55539180291811,0,0.0,0.0,0.0,0,0
0.3374376444048207,0.24778110703300343,0.030672086773231244,107.41930748014238,-8.312437439804338,39.04789113339953,0,0.0,0.0,0.32592485579823194,0,1
0.15687912936042617,0.542381199069068,0.1314370883605358,473.3204469556526,-23.645506438720066,-25.67563952105712,0,0.0,0.0,0.0,0,1
0.6747699080925742,0.11423394380984782,0.6382407444132228,331.0110680010361,-10.11522483009497,-99.59785034426838,0,0.0,0.7136094658916117,0.0,0,1
0.21710014576547293,0.44276672240302767,0.12098089092836162,133.8499744148446,24.07932310353432,53.83347782765034,0,0.0,0.0,0.0,0,1
0.32320754562776194,0.28109497997233573,-0.18348577524548143,346.19589280649615,6.1334698358472295,7.04787059294361,0,0.0,0.0,0.0,0,1
0.2525819463366902,0.7043392550202457,-0.1397206517524805,73.96944169312921,-0.5780703862962255,-20.47404697986471,0,0.0,0.0,0.0,0,1
0.7548010971836889,0.20985045581964357,0.5858584029278207,64.8826358307569,-33.09092848650619,-105.42727328428941,0,0.0,0.0,0.0,0,0
0.8032078014457038,0.5593962032247056,0.052741674867298804,387.2981399438774,-0.5839881916194827,-100.7130165817269,0,0.0,0.0,0.5257688954668126,0,1
0.45019057792617767,0.7300427839671473,-0.024542252961958028,318.3523675367115,-16.279614302486902,85.77609032717581,0,0.0,0.6065647701881506,0.0,0,1
0.7840569265682016,0.13956715290892063,0.5260389838083432,197.2626952405789,-9.145820119033331,-71.67618846676669,0,0.0,0.0,0.0,0,0
0.90066778099122,0.1444713217605615,0.4973576965823778,86.49285773761257,10.420223329969751,9.31478516584005,0,0.0,0.0,0.0,1,1
0.6861535418906879,0.39551923041680503,0.20057351210258761,32.35180651632447,-34.37620211976842,-0.9828865909544504,0,0.0,0.0,0.0,0,0
0.6660925913808339,0.4405163229894222,0.21166201553764946,314.9474189681,29.547053963854793,85.03067919013961,0,0.0,0.0,0.0,0,0
0.6202522943579927,0.6678747820754298,0.051878386735961846,119.54878461503456,5.442413163296358,51.66630169707409,1,0.0,0.0,0.10821990555468419,0,1
0.31674875367651945,0.39769423440309454,0.5089122965348103,462.7535215154115,29.252887062074763,49.55121571125866,0,0.0,0.0,0.0,0,1
0.538991164655995,0.7623403126203656,-0.004249065728286011,282.55753254728484,34.602703223928955,-63.536224646758285,0,0.0,0.0,0.4113179591790711,0,1
0.8136264294609474,0.34851366716790283,-0.035857497084861106,8.237029880210274,30.30225120923224,94.40659187756867,0,0.0,0.0,0.08336537840612152,0,0
0.6936175047216855,0.16699973745170044,0.6052866894049465,465.79695277257787,-6.366522147216919,-80.79105136111588,0,0.0,0.0,0.0,0,0
0.5475874488675002,0.496997653628152,0.6259202646690265,331.27268422386715,-6.632621634325766,-96.86301790595286,0,0.0,0.0,0.0,0,0
0.47678389746710015,0.7023423744139035,0.60505795897813,321.4640897564663,24.851056273344497,-55.32515404702146,0,0.0,0.0,0.0,0,0
0.23977243110503207,0.18922483227620895,0.4809131601281194,396.9786211055707,24.59476999019264,21.15439796368176,0,0.0,0.0,0.0,0,0
0.6593657836966897,0.5449464503809547,0.2056521980566035,345.3676954928243,-3.8073606021451774,12.071689780896833,0,0.0,0.0,0.0,0,0
0.40303519511033203,0.3530897583501156,0.3943625423349795,333.4574983837019,-1.7158311044094958,53.91053000210019,0,0.0,0.0,0.0,0,0
0.5122617622853263,0.41376044411848584,0.6591061436410743,36.52604684078221,-6.449222987785042,108.27379582297073,0,0.0,0.0,0.0,0,0
0.16366540833571827,0.19441612981194945,0.5007435866305927,465.8980929236933,21.453768361920027,-97.29141678559073,0,0.0,0.0,0.5106601604169368,0,1
0.842754765504655,0.5903684666941879,0.6757100703854053,299.5321587674194,22.90613987295653,41.4928388354235,0,0.0,0.0,0.0,0,0
0.3459978210534915,0.39070025913207934,0.3984287382837503,326.25737980798976,30.921745117530023,-55.40457851214286,0,0.0,0.0,0.0,0,0
0.11909544849205395,0.10868414454855475,0.6555616203004944,499.4652432850324,-0.27447324400439044,102.65076150774013,1,0.0,0.0,0.0,0,1
0.40545269757061064,0.6180186964918893,0.5908617714366065,444.2530683156153,-33.31911693106923,75.07133188666157,0,0.0,0.0,0.0,0,0
0.30408020349864495,0.6402400701990176,0.0695364116739211,121.88501069787966,-16.84184014275292,-10.417313726014314,0,0.0,0.0,0.0,0,1
0.7485029148089571,0.693296256614808,0.6969021713150669,317.38622696980724,9.93282855896944,-1.3069932145593128,0,0.0,0.0,0.0,0,0
0.19947102436051176,0.13034046816353495,0.48887779960167915,499.4639203426947,-21.23530378754095,83.15063294576811,0,0.0,0.0,0.0,0,1
0.9324811325053477,0.2194890160028543,-0.04655687402149866,299.0594411741519,16.21128125696182,-14.828477861537067,0,0.0,0.0,0.0,0,0
0.5669914014262106,0.4642439078758786,0.48600796399928,478.623602111676,4.357641791460814,115.37773084168833,0,0.0,0.0,0.0,0,0
0.7852222518237207,0.3249564573767202,0.23128625618286808,110.32718098661996,-12.213735110632172,-64.21266794629682,0,0.0,0.0,0.0,0,0
0.42262397185096723,0.7736457889719512,0.26334067273125583,211.1470658421065,-20.908698199225185,-119.4161118392001,0,0.0,0.0,0.0,0,0
0.675994527335374,0.41685702600452784,0.14216658781118258,242.58837134717373,12.319781899079082,38.959469952696054,0,0.0,0.0,0.11024705199898097,0,0
0.7759413635969277,0.5099132001161439,0.652856199006139,433.9531774631596,18.218670161118297,-86.62938486768456,0,0.0,0.0,0.0,0,0
0.23470552477028647,0.4109220996386638,0.5013069187943273,496.79594974430705,10.784807685953908,42.31919410286301,0,0.0,0.0,0.0,0,1
0.4023108067903596,0.48362479254837815,0.5207994183993041,1.8671918054524614,22.84215459104388,-40.136430732360694,0,0.0,0.0,0.12447756418891674,0,0
0.7425850419713698,0.28676551345366436,-0.11064179852400746,366.49830716323993,19.389361216100838,66.85521975824446,0,0.0,0.0,0.0,0,0
0.2648581155018548,0.27301981872558334,0.07223760095515913,301.81032074758343,-29.637052567850738,92.35946228841087,0,0.0,0.0,0.0,0,1
0.8948431048970287,0.3976176371187037,0.2204001716534743,203.82589471053953,-28.128113671533928,-4.44752154044447,0,0.0,0.0,0.0,0,0
0.39779503862120313,0.25502373937399114,0.3164044532089875,366.6705074872943,13.574796785688243,-37.13414340721394,0,0.0,0.0,0.0,0,0
0.4835858415685519,0.11654613106704108,0.45800412479167024,265.1383792989258,-8.884448980171054,119.15421217252677,0,0.0,0.0,0.0,0,0
0.7852630278793054,0.35375602727912075,0.5924251491742814,5.484420044887511,-19.712966274807673,46.23518630922689,0,0.0,0.0,0.0,0,0
0.3443968786258049,0.07881833047752727,0.0820941024986091,254.05774216160899,-20.486116963105406,86.79053200331404,0,0.0,0.0,0.641624207833005,0,1
0.7975389444756337,0.4763028168106309,0.30194144705366127,380.39973162079076,1.719899132616277,-23.095443546527008,0,0.5845099653066209,0.0,0.0,0,1
0.27357869256651746,0.6865941433217134,-0.19974501573402273,472.6046638456276,24.83490127902636,122.25499666676609,0,0.0,0.0,0.0,0,1
0.5109767599938609,0.6399260716476226,0.5946561088472089,205.49064014776388,0.17113601309969795,-35.62039525163239,0,0.0,0.0,0.0,0,0
0.7983073838752601,0.34724187022025366,0.0425530387442114,293.1671903430352,-21.73152196056914,60.70708250156787,0,0.0,0.0,0.3980949689072431,0,1
0.463320177275081,0.2771562896768706,0.27709296180379756,347.3284457357577,31.8296848321679,-25.986692935886865,0,0.0,0.0,0.0,0,0
0.7876114975869486,0.14890452735284704,0.19480603186544337,477.3190093474493,-21.301527078930707,139.3716184414813,0,0.0,0.0,0.0,0,0
0.6205598948034792,0.31803732903325305,0.5005161801031865,408.1879517567018,12.57814957566115,88.20562342119194,0,0.0,0.0,0.0,0,0
0.8458161256070574,0.37896489701163555,0.2661677152562209,355.16434620289414,-0.5801636592894894,15.81762527489687,0,0.0,0.0,0.0,0,0
0.6077578713236997,0.12715502820668745,-0.10569771882957649,347.0125975865445,31.208043956146795,109.40088849235855,0,0.0,0.0,0.0,0,0
0.32577141567192114,0.23069318674865547,-0.1764897702245331,57.207409227768366,7.919201310352051,-56.46456464697431,0,0.0,0.0,0.5134478477346719,0,1
0.9197032603816563,0.29235746109322863,0.5174407960914469,400.1435629101299,23.269338694300572,50.24988289038478,0,0.0,0.021710582462636553,0.0,0,0
0.21753046327748754,0.4247943887721332,0.12180821362279953,306.84477671232906,-29.443165959645256,-65.70480774162456,0,0.0,0.0,0.0,0,0
0.8728434270449148,0.35267268981182454,0.5865291850315295,112.11602144099281,19.104991666988226,88.2692652516418,0,0.0,0.5830276482997594,0.0,0,1
0.576208840349699,0.7090842810261312,-0.027604730938366046,166.1267094435258,24.390883093488547,-73.56428087371887,0,0.0,0.0,0.0,0,0
0.5627301193849424,0.4070016992071212,0.24061219059805056,75.29730886326745,32.323163972539504,103.11582571150265,0,0.289100447677117,0.17986604759661262,0.0,0,1
0.5166912238615894,0.35159159344173113,0.39270315518365023,433.65206684621796,-8.279979185609282,94.3548454153547,0,0.0,0.0,0.0,0,0
0.3219734354336137,0.06367088907369071,0.1918551249747381,72.7501315574744,-11.932189872661201,-21.736536841093297,1,0.0,0.0,0.0,0,1
0.6577299597056273,0.34162887644963147,-0.12218742860526012,392.24865883180576,-23.27205111704724,97.09660352218293,0,0.0,0.0,0.0,0,0
0.5369787863270468,0.58269738465451,0.693983283179638,42.819059995389686,10.942299262114382,130.772730362736,0,0.0,0.2302533679520239,0.0,0,0
0.2031109718204041,0.14473070249833753,0.3761974544379076,53.10236572826547,31.339768373585883,101.38008153653956,0,0.0,0.0,0.0,0,1
0.5190622686067522,0.3128792892114532,-0.0644652909547358,298.45375941906923,7.661906756471268,138.09703594033755,0,0.0,0.0,0.0,0,0
0.5545536857241318,0.21133926981428824,0.25211677067833216,282.16500240401433,13.161950398763182,-24.433968310523042,0,0.0,0.0,0.0,0,0
0.7269672597816945,0.08337943949456596,0.15467606652583543,34.10467962731879,34.95483451827083,-25.97068558350759,0,0.0,0.0,0.0,0,0
0.30704249821576046,0.43003678539851947,0.6547860544937234,333.4039566361026,-20.650358305213473,31.177618310110034,0,0.0,0.0,0.30632941846708894,0,0
0.33940561779999784,0.2555591988713623,0.16858604175521696,344.59890238955836,-17.54128896502623,-28.683103186900382,0,0.0,0.0,0.0,0,1
0.7225962360167397,0.7939380447545882,0.22929634099672064,62.37544197344385,-22.168892239937406,-57.66385720571222,0,0.0,0.0,0.0,0,0
0.7798570537193684,0.7761185557709657,0.34694536817527705,311.4061297359734,-26.285364791200376,124.7660830470858,0,0.4182597370463828,0.0,0.0,0,1
0.1922371154014524,0.5108637826992349,-0.022372229220830125,427.0012477285153,10.75947657546245,32.00391720942423,0,0.0,0.0,0.0,0,1
0.2764273569464998,0.19857127188407692,0.630968894162548,16.469880278041323,-1.2211617211587367,36.1751592063126,0,0.0,0.0,0.6482533779645839,0,1
0.8880606779112328,0.09482391800570782,-0.04222137751372443,16.47599021586349,14.71844449109986,13.281610431233872,0,0.0,0.0,0.0,0,0
0.29521014450551764,0.10434313538513872,0.24990927731845475,74.70010830572944,10.826527159852922,-90.04561342010348,0,0.0,0.0,0.0,0,1
0.16104692905484652,0.5975615840449777,0.07362801539172309,86.27935956265672,-34.64711142607886,107.21065622830471,0,0.0,0.43394066181545965,0.0,0,1
0.44367053275497637,0.06608656896536959,0.6369069905152678,167.25630757835503,-30.608193331416572,119.41206454044229,0,0.0,0.0,0.0,0,0
0.7882144683871993,0.188428228957148,-0.08345072700210299,498.16067261422836,-6.219671163106661,91.0214295088941,0,0.0,0.0,0.31615982270172743,0,0
0.884100737808472,0.3708160547548068,-0.003623237720201705,448.58240236143996,7.298778513026733,1.8169887961243916,0,0.0,0.0,0.0,0,0
0.8647782034199378,0.3674749573540171,0.18750444751123618,189.06141311553964,28.56967261213842,-80.16337563247471,0,0.0,0.0,0.0,0,0
0.6719745624407552,0.3389161663126515,0.3887025218971711,111.09213178254402,26.338986840524534,-9.577722136011204,0,0.1188217399113266,0.0,0.0,0,0
0.2222993779279328,0.5270094318972351,0.039797143692144876,165.90880045586505,3.0218569014989,74.84231467458605,0,0.3660109390966074,0.0,0.0,1,1
0.932271915136962,0.24109115972314832,-0.08740058615297043,399.9167115994351,-27.860058042378977,82.24983267825641,1,0.0,0.0,0.545846999346858,0,1
0.1478012419339912,0.5728248449773121,0.49124806846080454,32.37419621044012,14.064478571040617,-16.41899793729131,0,0.0,0.0,0.0,0,1
0.2214249924124761,0.6283996906606624,0.1985556824049739,494.38798794345746,2.05188847580024,-54.13090113032548,0,0.0,0.0,0.0,0,1
0.42778568149995444,0.6949448924969903,0.34022785738242306,71.68003733133504,-25.359314595191677,5.579619576874805,0,0.0,0.0,0.0,0,0
0.44264033661304136,0.16410668931880923,-0.1943540601403555,89.61560533865762,17.884097644472718,-72.01427882006915,0,0.0,0.0,0.0,0,0
0.8610360783148354,0.7766793769904223,0.2257071293879554,91.18979320528285,-32.82558834238359,-95.83935914045423,0,0.0,0.0,0.0,0,0
0.3397838805915646,0.7412832456837719,0.15657959408134858,412.22156270979696,3.4934640810053352,-33.518749885934966,0,0.0,0.0,0.0,0,1
0.41142467281209316,0.578247098284667,-0.1582339210040443,39.54846140472635,-29.09765846041532,68.5093625683636,0,0.0,0.0,0.0,0,0
0.8928685847856859,0.6482061111537237,-0.09621361804859095,116.15611006097151,9.811473776742652,-93.78805357979054,0,0.5945333179432767,0.0,0.0,0,1
0.6042190554092755,0.658676211996718,0.005612990516450117,331.17664391504854,28.5734864761976,-99.42694046190329,0,0.0,0.0,0.0,0,0
0.15176819049054663,0.1159584912619593,0.5471562027520778,165.92465195859359,-28.823142587635573,13.744057209916491,0,0.0,0.0,0.0,0,1
0.12826702202558588,0.6945781102818358,0.46299419266597447,29.518728821933923,-33.704042991520495,25.88420229428212,0,0.0,0.0,0.0,0,0
0.9097912085253315,0.48301829798976315,-0.07866277163006302,497.0393223584045,-28.841757366293155,63.348462951877934,0,0.0,0.45769626981409006,0.0,0,1
0.9060043107960352,0.16310907799781593,0.4353301083846484,234.08874980070124,2.837418257142005,-32.679702999896065,0,0.0,0.058753081778353256,0.0,0,0
0.3026846566936283,0.4349967434070276,0.32107437811238165,273.36526469593696,-2.7072428987864257,-28.54379293273577,0,0.0,0.0,0.0,0,0
0.8455416336040259,0.5801976020734224,0.20019107650967427,385.8959021935274,-16.774887052388628,71.0864876641622,0,0.0,0.0,0.0,0,0
0.45686055378768164,0.6550268507694609,-0.049581446806154394,95.48034411452106,29.939376710457267,75.06764769017411,0,0.0,0.0,0.0,0,0
0.36043669886024654,0.2862310227393274,0.43350011557313123,496.13792080785953,5.333370323462354,-21.064953999688527,0,0.0,0.0,0.0,0,0
0.10557685635957445,0.40355763525941984,0.5839882164527641,238.1030102788526,-6.249373789291887,21.784534931468443,0,0.0,0.0,0.0,0,0
0.1386455293634297,0.6770166394730524,0.40348191520476534,214.60845135926016,25.223106875963722,-9.869712945642675,0,0.0,0.0,0.0,0,0
0.8820315850796607,0.24976183476954011,0.44456745640350387,205.65780114829238,-0.8666827709354479,-113.97174778149727,0,0.0,0.0,0.0,0,0
0.6696292226651481,0.08620290053362013,-0.10046883289246025,272.3048464978841,-16.992441491845764,138.79165374433046,0,0.0,0.0,0.0,0,0
0.7900356923015559,0.42798783272797924,-0.1704914816058749,459.98949461033186,28.97014804160044,52.704005941559245,0,0.0,0.0,0.0,0,0
0.3423135839807151,0.11652705110672788,0.6345314965793472,244.2679513536343,-21.430583715979985,44.37119154237942,0,0.0,0.0,0.0,0,0
0.5098824227100017,0.6100422634598984,0.6044419982505806,227.91905099895956,-34.33546868558632,-9.18452528968777,0,0.0,0.0,0.0,1,1
0.739781404683905,0.7970450697122685,0.391281418376405,375.0416971171803,16.125988731305732,-103.2361640784749,0,0.0,0.0,0.0,0,0
0.27044336945999503,0.6500084799714376,0.2867674233988628,495.9439951967333,-34.421379928878295,82.50245678069169,0,0.0,0.0,0.5105314751893643,0,1
0.6833929305720658,0.5614013045871016,0.6825640595646243,129.824914920569,-5.020247867175833,39.859829706531514,0,0.0,0.0,0.0,0,0
0.9067610736182062,0.6705235200215225,-0.17316446914721273,353.85962248261285,4.0007483097326215,76.62725291424107,0,0.0,0.0,0.0,0,0
0.18573788303293448,0.23330789702810656,-0.19493925878889995,216.3458593441503,32.36124592598782,90.90943393104868,0,0.0,0.0,0.0,0,1
0.12617673892046732,0.11157672656909383,-0.09352423466654432,61.81958837192286,-21.785276503698114,102.21789720361897,0,0.44444932454763814,0.0,0.003128381389669921,0,1
0.12819944294476837,0.2908941042247036,0.07121831191262251,84.64424750555125,9.823667668470257,83.07400650499162,0,0.024239347333715335,0.0,0.0,0,0
0.46397306021334106,0.28472832296524125,0.062013981066317,407.4907949324812,8.584445294369857,106.9173599341598,0,0.0,0.0,0.0,0,0
0.6154014393910829,0.08457424822426153,0.0009137942825454826,246.54545126896238,30.452973295248654,118.31025703222798,0,0.0,0.0,0.0,0,0
0.14287323015961798,0.13954736194283207,0.6620433273642132,194.97154617133327,-34.72631438019506,22.316562308753902,0,0.0,0.0,0.0,0,1
0.7538677838667879,0.7432078484741809,0.167414202298023,306.0771912358376,-15.606520501981127,45.15100295224002,0,0.0,0.0,0.0,0,0
0.1800251648016648,0.21323649800544187,0.29262216727011203,30.109411637585854,-8.938864781525737,-93.26043369113687,0,0.0,0.0,0.2266125509299457,0,0
0.8296694622766659,0.5753514893893275,-0.1260261248525559,10.273658173915594,30.160094478581925,46.91308323965612,0,0.7745731148826249,0.0,0.0,0,1
0.5338485026408991,0.3605771730325152,0.15791839101121102,235.4404213644059,-26.535389335857694,74.67560601325994,0,0.0,0.0,0.0,0,0
0.8537670758879571,0.414195160360385,-0.008100876581930483,291.6354283935076,12.575684052288402,-47.58371506208772,0,0.0,0.0,0.0,0,0
0.5176209294655292,0.3162191733539899,0.02024559146832361,137.81511488418798,17.5925282799397,-58.329703244817125,0,0.0,0.0,0.0,0,0
0.9372199280826513,0.3678641040873578,-0.14748953939100928,461.5306918143686,-33.972702884254,-26.89386451550962,0,0.0,0.0,0.0,0,0
0.5440064783602727,0.43813181817065877,0.4517000513676019,201.5499969237175,11.606402645838074,4.740377671811316,0,0.0,0.05532623842445821,0.0,0,0
0.4276040507199559,0.19866773853954617,0.4429175137695818,363.8985556326116,-25.528847241394416,64.79708809712511,0,0.0,0.0,0.0,0,0
0.687148475739821,0.44373575530085385,-0.06889958848831135,280.3816082498776,32.34956909347014,93.01305014224175,0,0.0,0.0,0.0,0,0
0.5872981648059511,0.553531908515852,0.3797426419989793,425.5719672173355,-20.515497925493342,-8.08433983515637,0,0.0,0.0,0.0,0,0
0.720033792388727,0.09874987502007122,0.1536174468927839,162.66282953987488,17.36476015864733,-106.82891939193024,0,0.0,0.0,0.4120455336925975,0,1
0.5783943100018898,0.12670467285119502,0.016251038064549805,227.5720878480657,-33.33110644086934,-109.99419977527563,0,0.0,0.0,0.0,0,0
0.2999824818624114,0.18845612727399302,-0.09856496129828783,468.39217428036426,-0.9472179646747065,124.43267209187232,0,0.0,0.0,0.0,0,1
0.4688020173776255,0.5393377129250546,0.5747953222483295,123.96675246382694,-34.627192118439005,34.89269926830232,0,0.279206095090016,0.0,0.0,0,1
0.35886534053894437,0.6517120910073563,0.011833204947755499,446.34870029458614,-25.346818208406678,-20.757819802834177,0,0.0,0.0,0.0,0,0
0.36700129483857913,0.2287810774053915,-0.055195563569474304,293.33349065648025,-13.450476801604502,-3.35886043191627,0,0.0,0.0,0.0,0,0
0.9395635156981693,0.43748451150156636,-0.05009245383715083,58.90577389189002,-30.153079977340767,115.01156857013675,0,0.0,0.0,0.0,0,0
0.3314843589502329,0.2032977538931181,0.5449599078240202,271.2250498041657,1.001415382020575,88.51969546721133,0,0.0,0.0,0.0,0,1
0.7535661648802038,0.34624077287777794,-0.07914216532893167,23.75370288692203,11.349025222108757,81.60959877958058,0,0.0,0.0,0.0,0,0
0.3669633107448609,0.5980373756656371,0.3937347423417685,135.747382096483,3.2332568600008713,114.50338544362339,0,0.291154401327883,0.0,0.0,1,1
0.17204893996838755,0.40280991412160166,0.1507946031267957,219.09678097468313,-13.59070782097777,4.398531252494962,0,0.0,0.0,0.0,0,1
0.17072429887904866,0.7914078199087017,0.12606636999381265,313.16852379116517,-32.207304018175094,80.70515238129894,0,0.0,0.0,0.0,0,1
0.8437068482818096,0.565741518052006,-0.0627538542387567,456.08043411704926,-27.969594357624455,83.27016251931806,0,0.0,0.0,0.4785206066308628,0,1
0.16854562256414918,0.30762011861204125,0.07505482349444409,96.57769770431483,32.99267021667619,108.98265401571689,0,0.0,0.3667774883777596,0.0,0,1
0.7560190820752656,0.5309655909506453,0.06900151108494834,246.80668502744095,-34.838587411219464,-10.228125413457093,0,0.0,0.0,0.0,1,1
0.10218424657769373,0.7038286434868788,-0.0674076379659963,176.52033528225408,-19.72957442266432,33.914563906773964,0,0.0,0.0,0.0,0,0
0.8162703685516582,0.7891298018737063,0.607642371656816,287.98807615913466,26.065191468241167,69.7015115270047,0,0.0,0.0,0.0,0,0
0.3904982384608553,0.7096593770972295,0.36191447267343063,204.3226707106495,-28.12846236103935,64.61707239579039,0,0.0,0.0,0.0,0,0
0.5820045978007089,0.5990857932337577,0.07104647044919488,426.7159416714042,-14.489743792998858,-39.877748100645945,0,0.0,0.25011750173362035,0.0,0,1
0.1718392464568101,0.7447875258562214,0.4388491347283681,257.09843141819744,-16.653951581784916,9.828780315024886,0,0.0,0.0,0.0,0,1
0.46098520194914294,0.12156796625707726,0.1059789454283252,306.342490872669,-17.953925343520307,40.815130997541814,0,0.0,0.0,0.0,0,0
0.644757531771536,0.49731049048062087,0.0789195860781236,94.31483951722217,-8.509479417165274,90.71925381084236,0,0.0,0.0,0.0,0,0
0.4559224444828668,0.4424083135066483,0.3892354473172152,119.20104205813587,21.59298255596491,26.223294956237993,0,0.0,0.0,0.0,0,0
0.44177945140793573,0.06872093144169876,0.01961587474216056,19.836402749349332,-3.1312688983346426,64.23670246336388,0,0.0,0.0,0.0,0,0
0.39544333840295465,0.5313000140164175,-0.031154994119251822,473.06009101256336,24.447946235293763,-77.92621904159569,0,0.0,0.0,0.0,0,0
0.8397413140509349,0.24549415291674437,0.3943895004709496,21.43475483100705,31.317566345215013,-80.43658907533711,0,0.7285002132327861,0.0,0.0,0,1
0.8382046259897068,0.7490274464388278,0.33842744096022753,337.00839062965974,-24.800585944219375,-39.923860613806866,0,0.7616818467346725,0.0,0.0,0,1
0.7589545418828254,0.25684952780565323,0.3992627189197732,126.42417391339077,-15.095029361859588,89.15417449545464,0,0.0,0.0,0.0,0,0
0.8377953214595597,0.2813039620184276,0.09388581452523198,256.50730443652316,19.45824205672401,34.29061029585384,0,0.0,0.0,0.0,0,0
0.26871654401439093,0.7494348536804245,0.6415936321713038,315.6292770630805,-19.09624114484773,-57.86457039279588,0,0.0,0.0,0.0,0,1
0.10948405132325685,0.5726615297265366,-0.003957830020216241,349.1547736687684,9.947960183823291,118.11170377246705,0,0.0,0.0,0.0,0,1
0.8962438426938024,0.6188304844033214,0.606858206111837,273.8751149015152,-17.913778272407995,-99.13738816547225,0,0.0,0.0,0.0,0,0
0.17247596757862366,0.31344811029002456,0.2518481977633233,66.33395884666554,3.3150309311859445,3.754121190756223,0,0.0,0.0,0.5438456966807929,0,1
0.8934222712085164,0.3336067357321058,0.30251322031287803,390.3476017693529,26.935218035989124,44.55834568828442,0,0.0,0.0,0.0,0,0
0.22168465566019513,0.4262059294854918,0.6704227199670214,119.23727616741655,16.070608327396556,-52.07804817060132,0,0.0,0.0,0.0,0,1
0.31678958943611313,0.15236880847890155,-0.03601594227417915,339.27482769923756,17.886968510323598,47.100441605123166,0,0.0,0.0,0.0,0,0
0.7483049766098703,0.38989231538058516,0.39946874332574983,497.46827194715274,-23.164799404000604,30.368858321613203,0,0.0,0.0,0.0,0,0
0.47855483946118604,0.15808339096363666,0.5462441795567461,121.99449594444242,-31.16602048539462,91.80507130588057,0,0.0,0.0,0.0,0,0
0.5546137594578807,0.06893343607736917,0.44473732082023215,121.24945921941412,-29.37316755055159,115.76374155927871,0,0.0,0.0,0.0,0,0
0.9333174776947272,0.7615571991562052,0.0638591587327087,467.98327636538414,-4.721301653025492,71.14318670458115,0,0.0,0.12291233272481979,0.0,1,1
0.855730193990579,0.173920280607136,0.29232191107516353,376.48858837246974,-4.713676435310369,61.52102672828124,0,0.0,0.0,0.22352858879845092,1,1
0.23534569071821418,0.06471881007387488,0.3243520159704269,229.70280122177078,-10.020486039866338,17.159492207237292,0,0.0,0.0,0.0,0,1
0.5701498226241026,0.5195476185374283,-0.045766712021927614,255.61514416528826,-4.122568432951976,38.05910292049202,0,0.0,0.0,0.0,0,0
0.1378048853732093,0.06296199043212909,0.22899753688276908,351.4359359289589,-25.791632366548875,76.94983755651296,0,0.0,0.0,0.0,0,0
0.40188775010017586,0.7436184709303567,0.6609926453582657,75.33420943740725,-21.383960803434853,18.927156699754846,0,0.0,0.0,0.0,0,0
0.6377642534522145,0.060060489904250294,0.6410261729611189,405.0499782487367,1.2189926437511005,-2.536261228178418,0,0.0,0.0,0.5835384132734505,0,1
0.8593164104383192,0.18689047682667181,-0.1948682414520659,168.90272804816132,-14.048299237766248,134.9266551316565,0,0.0,0.27404535261332824,0.0,0,1
0.23878676861721873,0.22951793684597732,-0.0013104984321470892,208.10710536502492,19.158247374701403,25.225734762015747,0,0.0,0.0,0.15681495706746693,0,0
0.7067094972310327,0.7234777860958865,0.04838793290856919,60.60567723189081,-31.378778568492642,-102.80671183306725,0,0.0,0.0,0.0,0,0
0.6739865764853954,0.705375982386647,-0.14878759407309086,204.07168349900712,6.709349786849323,90.62952476998674,0,0.0,0.0,0.0,0,0
0.86706687176319,0.7378633506884901,-0.0019084578426521448,254.4040149345907,-31.984079423994032,-0.4098615762762563,0,0.0,0.0,0.0,0,0
0.518415424618792,0.3623201948952721,0.3278000161995542,447.75580501756764,-3.1931054501782334,73.82877374117047,0,0.5112700580585314,0.0,0.0,0,1
0.14075728907132212,0.3666612014899247,0.5504789857185435,112.3951314386399,18.08387303811039,-87.78219054341474,0,0.0,0.0,0.0,0,0
0.34298369601884204,0.35536381071475065,0.6921705937194789,24.708668946068084,23.197784787839012,-24.111309953332835,0,0.0,0.0,0.0,0,0
0.25799607858760115,0.44085270744993826,0.09373562383779493,139.82284946177435,-30.62190785302406,6.369696769033894,0,0.0,0.0,0.0,0,1
0.784344575935367,0.5366966787700814,-0.12082220485189783,302.9516584114492,4.29528939320133,92.09224122014871,0,0.0,0.0,0.0,0,0
0.4080978623809174,0.3399650160056288,0.06266779992066296,408.9126813798469,-11.604236249876084,75.130956899057,1,0.0,0.0,0.3447615884426595,0,1
0.6148148953152796,0.13771236961393013,0.3624272980290347,87.27065148284447,9.585837056320521,-119.52882435963183,0,0.0,0.0,0.0,1,1
0.3784193569958847,0.634824846355818,-0.07610917952393725,274.93487962895625,-21.583130962665678,-46.00394171021493,1,0.0,0.0,0.4597995917060541,0,1
0.6314300088110048,0.07219375470429697,0.42421820380039704,362.54249204120043,-21.562464418263723,37.675089070327374,0,0.0,0.30332714719570064,0.0,0,1
0.118755504465298,0.23531998834460266,0.24196719892633828,321.6384367248653,31.386137010308275,-9.855690478897031,0,0.0,0.06562918668155203,0.0,0,1
0.4532701253112835,0.6277462633566604,0.12251477753867945,324.4361199241686,-19.913883103085503,20.236404407335243,0,0.0,0.0,0.0,0,0
0.6974619502914849,0.5296981771690445,0.47513054349803213,310.4545021061285,6.91314610735283,125.54118182103184,0,0.0,0.0,0.0,0,0
0.7342805678551789,0.12734339200988398,0.04680487636096431,93.61331157896207,1.2489966056352984,-0.2776729844496373,1,0.0,0.0,0.026907509080249456,0,1
0.2281348724803113,0.13915021437339514,0.6078487987322745,13.185138065517396,-33.62488107859593,-71.21829768442929,0,0.0,0.0,0.5374126831170424,0,1
0.587152336450821,0.10606171022805232,0.46994096564799487,215.488662351365,31.710480617858522,17.83963980178555,0,0.0,0.0,0.0,0,0
0.29632153008719897,0.7660705686755604,-0.14880779721165016,458.6163277248125,12.5110720521537,112.36267254536915,0,0.6828602890296115,0.6109268033245803,0.0,0,1
0.19123523899913414,0.1768101116007489,0.2742203474588871,382.2908256644533,9.77404712276622,50.09063663185137,0,0.0,0.7436800840595267,0.0,0,1
0.4558066616076111,0.2056393529183137,-0.18095708943655123,204.37488394930094,28.2259308867906,-51.449214277595416,0,0.0,0.3650132765608686,0.0,0,1
0.44776751889192024,0.2096300812648601,0.42987642207917126,374.64539595970393,23.647485775036984,125.75637856608469,0,0.0,0.0,0.0,0,0
0.7352027050957044,0.10263490067947663,0.1773994343140562,187.50310899062774,26.08561448059757,-77.44391730116779,0,0.0,0.0,0.42762284092245595,0,1
0.29605645933986396,0.7765135642698547,-0.17270154121672746,108.67398531798473,6.5562149170626896,-23.903122345370434,1,0.0,0.0,0.0,0,1
0.797947381186724,0.05345471203306111,0.5412294032335085,240.26821817397695,6.762217695843425,93.05928810949999,0,0.0,0.0,0.0,0,0
0.5755248738483307,0.07073937260577799,0.5075608951347779,443.46969728374825,26.300882435713035,53.773981404709104,1,0.0,0.0,0.0,0,1
0.6398070558247468,0.06021039963264134,0.6331266240469213,416.6248323998081,3.5973026954762375,-20.228138656260285,0,0.0,0.0,0.0,0,0
0.24108361620517244,0.21585350148092303,-0.1406190632705558,276.4102130258092,-17.801497451089894,28.158497573662146,0,0.0,0.0,0.0,0,1
0.5911168594068142,0.15244698416161728,0.1452550769164499,441.45063647487774,16.333926881905953,60.95291390672193,0,0.3317701240010326,0.0,0.0,0,1
0.29171298352459046,0.456964855188059,0.49549718259138037,213.66693855979113,-27.38598225819062,-89.05026176000433,0,0.0,0.0,0.0,0,0
0.1488132639641654,0.6748001215478985,0.27661243743648245,339.7851743420115,1.240011456482307,-48.54611095617902,0,0.0,0.0,0.0,0,1
0.7968489683539339,0.3212713546660105,-0.14020781572270857,419.6876871514529,-12.302396393425784,-103.63875512586661,0,0.0,0.0,0.0,0,0
0.2095916537470262,0.41712607794618456,-0.12102251381900325,299.5300662551865,30.83181234202098,-48.10533226911535,0,0.0,0.0,0.0,0,1
0.48541120711772134,0.36771140248631046,0.0929926935523443,196.14539897884742,25.18588942618363,73.7484864596345,0,0.0,0.0,0.0,0,0
0.11241113115453155,0.13129453675393882,0.4094889183518687,2.0824776563707306,32.84193446172006,-82.00957080621777,0,0.0,0.0,0.0,0,1
0.9148986595327809,0.5000019947805308,0.39363355877912837,66.31877820481388,29.39574860211627,-105.77339986202354,0,0.0,0.0,0.0,0,0
0.10492848868872245,0.27178866169855925,0.529895058205335,213.9867680426735,11.64322765104702,9.959601218550802,0,0.0,0.0,0.0,0,1
0.7135774656615872,0.20075195743430946,0.670714472194017,225.4029148391607,29.819957117882296,26.756730645637987,0,0.0,0.0,0.0,0,0
0.9442435819005754,0.6079645459241703,0.5181015321685833,222.7798447140678,-26.834739125119327,-59.94435370346665,0,0.0,0.7908104339734879,0.0,0,1
0.8150291143257625,0.7341608664771466,0.28832686188581635,71.42877334359922,-4.729796617103748,129.86872405911896,0,0.0,0.0,0.0,0,0
0.606500339533069,0.5435060784770591,0.07448902686522169,195.51784654365528,-27.50768882174962,-116.35704003427917,0,0.0,0.0,0.04773350660154326,0,0
0.21113797444912902,0.4638455565303277,-0.12155784178536283,41.76154712299338,-19.101516086834348,109.81385067576261,0,0.0,0.0,0.0,0,0
0.6864103464753041,0.6456219025547728,-0.06986181286124787,411.34406888882995,-26.614554398681417,108.01952799210784,0,0.0,0.0,0.0,0,0
0.9427829845145205,0.4931728141611152,0.5062991359591058,82.56573072221205,-18.601471477783946,-61.271485808359934,0,0.0,0.0,0.0,0,0
0.7193018897715993,0.10174162107295619,0.5097466558543879,499.6970250757865,-0.29123751140878085,44.866558640225236,0,0.0,0.0,0.0,0,0
0.2715842336846742,0.29872011754523237,0.3872764144818435,486.55967967366774,5.726188793722422,-13.883886905915602,0,0.0,0.0,0.6601910514202534,0,1
0.37347801881852716,0.14674509629083626,0.14974861889471885,244.78480504317608,11.401965639860187,35.12774549795665,0,0.0,0.0,0.6290907021914915,0,1
0.5042324405522882,0.6394173865431958,0.290803979728475,74.21996691082536,-5.799148521112588,-103.63297362172736,0,0.0,0.0,0.0,0,0
0.4401135680953754,0.5961936859178647,-0.1508789315877301,211.36654213301983,-18.55742083132928,83.38102385288047,0,0.0,0.0,0.0,1,1
0.5049806898022536,0.43378173993569324,0.1417859021638192,408.9959075949319,26.226592019066295,25.596044624193837,0,0.0,0.0,0.0,0,0
0.3949074470283439,0.21206672917534908,0.3690866245345649,261.5614392800749,0.3553927281776055,139.12629080458044,0,0.0,0.0,0.0,0,0
0.2902865332623086,0.6766299486223362,0.5001302242534524,272.7450167739306,2.303726445420189,-52.5312720884602,0,0.0,0.0,0.0,0,1
0.2961009041305437,0.3226708263167756,0.3041288722097059,152.84519689423163,-23.988799937992887,-78.84381354586614,0,0.0,0.0,0.0,0,1
0.33844513973714313,0.13408052185651453,-0.12259239812549107,289.1358497984234,-18.856604443523604,-38.624827593659575,0,0.0,0.0,0.0,0,1
0.8926558227679228,0.6098845022324946,0.674211631341668,335.4549908238029,2.5293484414306775,0.03112838707221499,0,0.7106532110278574,0.0,0.0,0,1
0.7621392085373226,0.5052075357221547,-0.1422872804713167,131.52085392202187,-2.5050620682599174,5.700851583463347,0,0.0,0.0,0.0,0,0
0.47997902345590804,0.471658239582837,0.6761630028187249,401.2398912905017,-3.8578581669643555,27.37946560413795,0,0.0,0.0,0.15818999783341225,0,0
0.7460890687014905,0.7194853421845411,0.0696194566080276,268.5838706563314,-19.736946975586534,78.46291763927996,1,0.05163869228077714,0.0,0.20124607869027328,0,1
0.28222080049591747,0.0908603380389335,0.1540341634855879,339.83655795643944,18.90647788663192,-82.5403618011062,0,0.0,0.0,0.0,0,0
0.749400144211798,0.6609925979286118,0.5149767346302299,258.55903155813695,-30.947261954051328,139.931706381501,0,0.0,0.0,0.0,0,0
0.3179563557799041,0.09908248798766543,0.5801986968212263,195.57252303320567,-7.552974617309907,5.432752194336771,0,0.0,0.0,0.0,0,0
0.5988742058980757,0.6738116965708058,-0.13238067880113769,18.761428537461466,29.69814870465426,-21.462378773076722,0,0.0,0.4568180715364742,0.0,0,1
0.21091055580305823,0.24101431936286105,0.49894929437107466,168.79754142191044,11.278983160667174,-78.08471600363035,0,0.0,0.4109410722899089,0.0,0,1
0.43389657921114433,0.14104197127849694,0.01225290755152822,185.2014596243771,-6.668680404218502,16.074922569170383,1,0.0,0.0,0.0,0,1
0.1653097436856904,0.5888120519321411,0.13325583494807952,236.44896588765693,-4.506470883676396,61.229845122421324,0,0.0,0.0,0.0,0,1
0.5086803686964007,0.765820997264829,0.46834414587031564,285.09734288508173,33.491460561881894,-64.81288113788071,0,0.0,0.0,0.4698931304310279,0,1
0.8661995499473544,0.7198167845759872,0.34355814782306743,173.14231146967177,-2.794563589585387,-31.39291450031658,0,0.0,0.0,0.0,0,0
0.768340040067584,0.5383481328251756,0.39483017680201266,75.46177844732627,0.4125462719679476,-107.93712000341841,0,0.0,0.0,0.0,0,0
0.3641774986517067,0.07928922847395224,0.4350051087794397,452.51566819611827,28.310360815245424,1.4133585268516953,0,0.0,0.0,0.0,0,0
0.813916665875369,0.1552067919766138,0.6937783687383172,484.4637244140237,25.69381233429825,36.14937543037843,0,0.08243634764209214,0.0,0.0,0,0
0.8402310717629963,0.7719218289661374,0.1737931264281239,229.82232399634603,-8.199764813063137,-33.26157566160042,0,0.0,0.0,0.0,0,0
0.42108481952165033,0.05944577561198573,0.24990908579731003,382.1123704077491,-1.1053407489182874,-96.01167686559518,0,0.0,0.0,0.0,0,0
0.5362967366299725,0.6958289538969744,-0.03510524678973975,220.39345181152024,-6.1191465840109345,-37.601968960556064,0,0.15956966877487233,0.0,0.25369147642621337,0,0
0.37404899704350925,0.5212945066135708,-0.033628648084497975,98.75987529283667,-8.17616803894218,18.087716416004156,0,0.0,0.0,0.25985020374650436,0,0
0.8929794536194484,0.0945059533329647,0.02256923503920283,324.97557563442376,-21.068882851665503,85.36225168462153,0,0.0,0.0,0.38662217507050717,0,1
0.4981689430864412,0.25941725072274535,0.6105162940745188,208.11760664487917,23.433196624935405,131.44302033363076,0,0.0,0.0,0.0,0,0
0.707605572653631,0.40031384733937475,-0.16133326863774056,34.14112372360406,-14.308034685926351,133.89357667934385,0,0.6605699219436109,0.0,0.0,0,1
0.7747440037319092,0.1810976228004903,0.22414872679446518,198.7837362598611,19.91389519533343,138.40343391742005,0,0.0,0.0,0.0,0,0
0.7314135668091349,0.4383842924185648,0.1945808435234206,457.3542010910538,-31.928844911657652,-71.48118456216922,0,0.0,0.0,0.0,0,0
0.8558952010722729,0.26916655734984435,0.40388908351141223,194.8706502806733,13.887728817619376,9.972085616052055,0,0.0,0.0,0.0,1,1
0.5113735304792467,0.4494902780574784,0.11421645976836198,140.47097259798127,18.63496973680477,26.729383931279557,0,0.0,0.3275092103074741,0.0,0,1
0.7656274973864209,0.7873731328056867,0.45519811666944715,424.41130126456477,-0.38811812847865923,68.93548920264686,0,0.0,0.0,0.0,0,0
0.6373292158253866,0.5301089039765982,0.6249923686550916,419.51438615136834,-26.242777988456837,93.9921875905533,0,0.0,0.0,0.0,0,0
0.4945327587542686,0.6721091753228945,0.12533411984008824,408.27975499537007,16.412822774443242,93.72740193976088,0,0.0,0.0,0.0,0,0
0.5035576696058097,0.5778757837918287,0.41262784553519355,330.2160244366735,0.5018023872325301,-95.38896345570092,0,0.0,0.0,0.43965477476389464,0,1
0.2224594844179461,0.36107795002891246,0.17163050592669965,166.40825841317888,8.03533979504116,8.7722332229433,0,0.6928627644695816,0.0,0.0,0,1
0.46573299771838683,0.15778971911520728,0.6656998758675399,160.28259678395005,20.05112414331355,-111.75523820860198,0,0.0,0.4869911395482525,0.0,0,1
0.8723016411360581,0.12456654154695747,0.09884163814664482,45.76399441409295,-14.503040315788827,44.07379692034422,0,0.6043311767409174,0.0,0.0,0,1
0.19587832642986214,0.5016228334501249,-0.18526022024970196,146.32872814136422,-34.845035891345496,19.997091340957468,0,0.0,0.0,0.0,0,1
0.7403843660861286,0.16078058562815972,0.07002312975762931,47.93385703398629,3.6112517740649963,51.478618562059125,0,0.0,0.0,0.5527434080924194,0,1
0.3572650229576094,0.1987476195153443,-0.09541241568446075,266.61100747638193,-11.964566439522393,52.08660875185453,0,0.0,0.0,0.0,0,0
0.2712837575727639,0.4615527505487524,0.6551416688656342,145.06869138118896,33.281441268353475,43.707200702216824,0,0.0,0.0,0.0,0,0
0.2774644162966235,0.5342213512198466,-0.08451294419599342,328.6480152240782,11.623810271857842,-58.510705192387306,0,0.0,0.0,0.010623382052445639,0,1
0.8897583669932189,0.3541551320097728,0.3550228715324096,14.146370503946732,-1.4875414015173334,-65.4507878623259,0,0.0,0.17287533475598169,0.0,0,0
0.33103589495196617,0.26066344521254975,0.5331393401534343,336.2778038525798,6.591127664500952,116.96890363148725,0,0.0,0.0,0.0,0,0
0.8950665520352105,0.44673815670741607,-0.11342844197799691,172.5774546422676,2.7281299164822315,101.55904340631056,1,0.0,0.0,0.0,0,1
0.5545796601073195,0.33194752336889893,-0.0362327021540422,80.68809165460803,-13.720718630537089,-24.300628831538347,1,0.0,0.0,0.10399485127309245,0,1
0.8704335006170706,0.43660614921704916,0.6890845083399961,432.71003083164163,-32.196600997964794,-116.74910562688643,0,0.0,0.0,0.0,0,0
0.33505460690976757,0.261010510205051,0.33105030609803593,439.91944294246446,-21.085798084767607,45.96225103276123,1,0.0,0.0,0.0,0,1
0.2124106832051284,0.5137522083397935,0.3063111121049384,85.62853598066954,26.202650613817134,96.47304960798974,0,0.0,0.0,0.0,0,0
0.8667196183478875,0.46236414765542627,0.19314725576628278,214.2962876893052,25.78271290791607,120.68369963230495,0,0.0,0.0,0.0,0,0
0.1996222707476662,0.19507709860735534,0.0512664177453282,464.01078249452314,-12.21817111656376,71.7937354650231,0,0.0,0.0,0.0,0,1
0.7515976227580417,0.6277527949696389,0.5368337336882114,14.245566516289877,14.516656642562253,42.90418161588357,0,0.0,0.0,0.0,0,0
0.5024586006610543,0.20108688915473788,-0.016892969068375147,267.7194489810133,-5.920124712442469,-14.162082136195352,0,0.0,0.0,0.0,0,0
0.8066643153716391,0.15696616340853475,0.31218461768276556,157.90268104364014,-5.9407566552875615,-115.03900169866665,0,0.0,0.0,0.0,0,0
0.6516985379763517,0.5031192375222714,0.041843820422790695,349.66183148529433,15.660270704425443,9.034900535907752,0,0.0,0.0,0.0,0,0
0.8467652680750638,0.5348137269680443,0.4736119515280545,283.0552183498278,-34.39308181868399,-14.444684594329303,0,0.0,0.0,0.0,0,0
0.8842547680359257,0.13553778366195302,0.36734166519324934,449.3350961435929,-23.37861986940696,-2.1800317605461714,0,0.0,0.0,0.0,0,0
0.3614175463583129,0.07984116948889887,0.6699429975710964,166.92949689691125,-26.183143776375474,119.89741239994373,0,0.0,0.0,0.0,0,0
0.16537162000099304,0.25347897641829736,0.6828363834839581,104.6685111100955,28.428434392378904,-115.55619195433925,0,0.0,0.0,0.0,0,0
0.9410325117961719,0.0706810284843173,0.015871999105357665,239.33332319447018,-32.02264436614153,62.44461120279789,0,0.0,0.0,0.0,0,0
0.7554530851633836,0.1646505436233039,-0.04070554794602407,260.66265750348225,21.048932516864056,-20.99075424010111,0,0.0,0.0,0.0,0,0
0.9490315230243135,0.37870091873926687,0.407354874021764,424.84650149154743,-28.53661955102944,-49.88705555892304,1,0.0,0.0,0.0,0,1
0.33537798593311985,0.7596031600625133,0.6569893718910103,265.5521946708572,8.92688170134629,-2.5198061246524333,0,0.0,0.0,0.0,0,0
0.4276823985178245,0.11836757081154005,-0.19920956968069284,318.48441545410736,-30.9526528392143,-112.45078185229242,0,0.7433657295711008,0.0,0.0,0,1
0.5517916952886781,0.7103571372445938,0.512536262004861,124.69651160305943,-6.393844115595833,67.02952903194532,1,0.0,0.0,0.0,0,1
0.9372039743067403,0.11317999175990205,0.5367050087453213,264.0212360689529,-33.847945969710715,-64.75821482666743,0,0.0,0.0,0.0,0,0
0.3672745109612584,0.33756478641667825,0.684730847424998,273.1447318718005,16.028007141765194,-25.93290239034073,0,0.0,0.0,0.0,0,0
0.7174906188278897,0.38077967580918803,-0.07864956014338496,260.5704550024457,-34.69493642321065,-10.036917534379782,0,0.0,0.0,0.0,0,0
0.3953742657020771,0.4290116781428002,-0.055065212035807776,284.2390914661224,-33.00020113294551,111.68147572362997,0,0.6063645147513296,0.0,0.0,0,1
0.3407317783098841,0.7102117421112382,0.16552777399961371,36.175811668516786,-28.369997153279613,49.595529819937866,0,0.0,0.0,0.0,0,0
0.47453924636158384,0.7626431577490311,0.21295137323489505,403.68564462324434,24.369869104989995,31.907437929457274,0,0.0,0.0,0.6657974808303825,0,1
0.2530172085317691,0.36061280623363673,0.42156180188655984,383.05047953935224,-10.387798631909064,139.73757382549792,0,0.0,0.0,0.0,0,1
0.43234012943154576,0.41602890990095637,0.3556943597031517,45.426082621963374,-19.013799944285083,37.78572438375264,0,0.0,0.0,0.0,0,0
0.5850751965090547,0.09371413747311853,0.5149667803844329,399.77259628055344,-4.797645416261329,128.2469701524106,0,0.0,0.0,0.0,0,0
0.9217615239509639,0.768376462262865,-0.003224115356807583,250.10262919325652,21.250704094693283,33.84108510893114,0,0.0,0.0,0.0,0,0
0.46149812984971317,0.05724534380751929,0.4645203056224247,130.2479288218576,27.086162857752882,117.84813612496495,0,0.0,0.0,0.5084468420987585,0,1
0.7372872658783497,0.7158339899127428,-0.13147813790348467,335.2002609671618,15.531566465201863,2.012114426425441,0,0.0,0.0,0.0,0,0
0.18891416112298193,0.7493399243778056,-0.17722800634312993,442.1351271641319,6.482708072776283,59.55671851193429,0,0.0,0.0,0.15825437011779678,0,1
0.6611529343431432,0.6548558792468399,-0.13975701148126657,198.90695114938075,24.34088979350907,12.133704208820461,0,0.0,0.0,0.0,0,0
0.31718789503163125,0.540168856316556,-0.15122611390464086,212.1424884680051,-2.9436142651819637,-106.57934110674438,0,0.0,0.23313816691408348,0.0,0,1
0.3271564921806567,0.19762487989633537,-0.022543203445702514,131.56792074770948,23.969693202933172,120.35752023316925,0,0.47970769650771966,0.0,0.0,0,1
0.6247597095390621,0.16637937316045626,0.05335787248011675,181.4852465571037,7.319148083491768,102.69545205908872,0,0.0,0.0,0.0,1,1
0.7947171535858727,0.09511888710337814,0.47118264667701876,171.19030372026694,-5.253902195698256,2.8469405488096555,0,0.0,0.0,0.0,0,0
0.9408382415605203,0.749855897433147,0.1652653155521474,470.2511539992229,24.800133442705885,-9.546440983584006,0,0.0,0.0,0.0,0,0
0.756846745192791,0.36196154864157243,0.4374902926625283,238.10055818766122,31.725678616357243,-85.63129521052792,0,0.7506567123657834,0.0,0.0,0,1
0.7761787393896306,0.31021895344581857,0.5190783418984497,328.9146883955944,-12.644570444586176,39.837512693811306,0,0.0,0.0,0.0,0,0
0.6605558079819315,0.14922719893107855,0.3202378164889063,323.51228421776534,14.55535245478557,110.75521321174128,0,0.0,0.0,0.0,0,0
0.8584809305114647,0.7762722874287525,0.6281462519388077,291.2509137082706,-10.816645861484389,15.81818545031311,0,0.0,0.0,0.0,0,0
0.5931338873229661,0.39538257400794447,0.08774823428627132,338.63198675772185,11.174368108427515,113.47228170288798,0,0.0,0.0,0.0,0,0
0.27483792831389375,0.26024142178593324,0.4767384104115288,457.72100963944894,14.46816217654279,98.94699329251014,0,0.0,0.23334852326631683,0.0,0,1
0.7982677278691849,0.7987991782701421,0.32682551864076986,341.55078427487115,-26.422109338159437,-93.7661314206497,0,0.0,0.05699538341136004,0.0,0,0
0.8191053759974227,0.05678629863253774,0.659057381143658,357.7257230857948,15.216413822806736,118.11658634873592,0,0.0,0.0,0.0,0,0
0.5380649937721442,0.5225571277835966,0.190995111491172,230.03948700493686,13.436662060572829,102.99577758077385,0,0.14359885010175244,0.0,0.0,0,0
0.5423377014464146,0.3148218406913839,0.07190389373396633,85.47141350227676,-24.201449272329384,-94.98032524064831,0,0.0,0.40515729038988746,0.6168795727925701,0,1
0.8386931759082173,0.4378737493111244,-0.14722095192304185,109.81124628385128,-25.13658725004086,-19.316308982369108,1,0.0,0.0,0.0,0,1
0.8586226517129837,0.3091874187525752,0.6867169108430133,270.9769655902877,33.74259254418345,53.5064655203127,0,0.3159615828005401,0.0,0.0,1,1
0.5556593284982178,0.7575144828369431,-0.03211054322625895,20.70355259731111,-3.899030823810282,-3.611849649157321,0,0.0,0.16416863041580482,0.5277027564812705,0,1
0.8381434725471844,0.15424348186070763,-0.09315474432636843,352.07555038805623,-2.6806093731066767,102.86576324443269,0,0.0,0.0,0.0,0,0
0.19699180189091664,0.5573599457662778,-0.14944025186855725,157.9787234733674,-25.320532369052675,-40.32310200096427,0,0.0,0.0,0.0,0,0
0.7819572944904538,0.4543360328063087,0.2408504512753043,394.3368489875218,-7.129225647916179,16.131376995540336,0,0.0,0.1528697831626981,0.0,0,0
0.9424617567857356,0.7083180284197628,0.26394802942064594,433.33280010926734,1.2253959701804717,-4.203026477006389,0,0.0,0.0,0.0,0,0
0.7673908057976384,0.43360109350337456,0.192110324424063,17.814880360354273,1.7562476704110281,-0.5575194266511261,0,0.0,0.0,0.0,0,0
0.16939641627084795,0.5642363940040938,-0.08754277349185216,460.8814736363505,18.401328532617143,-34.57758157231815,0,0.0,0.0,0.0,0,1
0.8317041164611583,0.3821971451673927,0.5538153600280462,130.38340507169664,0.01989675918416367,-29.979589755413627,0,0.0,0.0,0.0,0,0
0.6636497938218645,0.22532781754947473,0.19328641020566417,333.84439454663624,-6.542717427840248,120.29127412125214,0,0.0,0.0,0.0,0,0
0.2564522033625902,0.6970825516989512,0.03103788392635845,460.5764005652952,-15.895003604929407,78.21133523784638,0,0.0,0.0,0.0,0,1
0.43343683063264815,0.6348711016951306,0.6060301021649954,465.8391227900136,-20.164153673835216,31.67238423289166,0,0.0,0.0,0.0,0,0
0.3766792240454202,0.443326123288282,0.3846878446559931,478.6523183460549,19.620995260621285,54.622632856707696,0,0.0,0.0,0.0,0,0
0.6136589243802544,0.618816343350415,0.6990085697763622,312.8970283059183,10.890720037268501,-20.47432108520728,0,0.27644411396465396,0.16558103832141163,0.0,0,1
0.5813333442707892,0.3998898086228249,0.2992489490709187,465.49051850543276,-21.86139751661753,31.178185406435233,1,0.0,0.0,0.2144177410095867,0,1
0.2144561304054623,0.5573960926445944,0.05659701887042634,331.44858825242704,-26.02253160401093,-108.88715022336368,0,0.0,0.5881804746880194,0.0,0,1
0.38177056385094155,0.231739004593204,0.3242675241412731,441.7358783386257,-12.621140317386516,32.44181961684296,0,0.0,0.2449188700448607,0.0,0,0
0.6042097771392887,0.11168795892536633,0.6552418648537037,241.84539930753186,26.7768415545139,-40.03832563454712,0,0.0,0.0,0.0,0,0
0.5431601950933623,0.6011665670114429,0.18434653232227877,120.24985850713979,31.753548156006886,42.8672043229823,0,0.0,0.0,0.0,0,0
0.8500818551504796,0.5676950607136785,0.33274819469340805,450.7512259316092,-21.1411687923663,-58.46972244759141,0,0.0,0.0,0.0,0,0
0.7144132536325546,0.37587343835205544,0.2744851898619784,115.07152252693662,-24.713495513305663,138.1591548666883,0,0.48662287849891145,0.0,0.0,0,1
0.7836652008420047,0.33332604251888237,0.3727633679301339,474.4459137341982,23.366432058084214,-100.97302133466629,0,0.0,0.6057394333097731,0.0,0,1
0.10161712246532591,0.23734435435220752,0.4356059023305398,175.16611747222248,-29.159194161161643,123.3476331860029,0,0.0,0.0,0.0,0,0
0.6106490768707147,0.3034508138352724,0.12378566504770483,366.86777638457744,-2.530575643539443,58.92930712588753,0,0.0,0.0,0.0,0,0
0.7514383841338179,0.6204602871227001,0.4546880834630261,259.61557709785,-26.260138518905123,5.624953749758006,0,0.27890414212538756,0.0,0.0,0,1
0.11876577021346706,0.4318012342225176,0.616521202761221,463.3412113616072,-25.017658634948102,108.98031333508078,0,0.0,0.0,0.0,0,1
0.4244821973524139,0.5049841969682338,0.38105551983668723,249.59440940912742,-27.19348974059218,-10.117298180076958,0,0.0,0.0,0.0,1,1
0.4162106259781063,0.6071869686365026,0.0924139280943444,121.11881428962907,-13.356704245796163,-7.884233818055321,0,0.0,0.0,0.0,0,0
0.3987196320458505,0.7494350472246433,0.12000341578024848,182.70258223711787,-22.40087607201842,-82.69057672905876,0,0.0,0.0,0.0,0,0
0.27983581821050774,0.30421639531372574,0.30346485026237063,150.68434116343587,13.078890145648344,-74.9125879041163,1,0.0,0.0,0.0,0,1
0.7717871081824661,0.24739634430284485,0.6962187883758397,494.81757550288495,-0.48081409778286144,47.987548978433466,0,0.0,0.0,0.0,1,1
0.31882316558346957,0.23895974950968407,0.18215875367137724,69.17218391867925,-14.935594559076407,-83.64412420224747,0,0.0,0.0,0.0,0,0
0.6419853384171498,0.6716098382585831,0.32372811719024414,252.09182292522289,28.761442195088037,-33.1532640283272,0,0.0,0.0,0.0,0,0
0.5252132445986939,0.7964565788718885,0.030002734382383656,371.11357495015375,-12.097551078736192,67.33514054028021,0,0.10771468398679325,0.0,0.0,0,0
0.6731820265530645,0.1809106195100179,0.31417742816993627,402.5265273852788,-31.192590435865746,-2.6726939952807385,0,0.0,0.0,0.0,0,0
0.5663407811659169,0.10057749045841459,0.3420283024139887,374.300639233655,-26.744492422645287,47.00989539549519,0,0.0,0.0,0.0,0,0
0.12162146642977562,0.31573374470026677,0.01767063752279227,474.352743455796,-19.179620052741917,98.57903558119375,0,0.0,0.0,0.0,0,1
0.40618994926065466,0.5784375945110865,0.3723912406649586,181.08181701376833,-27.398053272287044,17.727233969226603,0,0.0,0.0,0.0,0,0
0.7725117421645668,0.10951623397914649,-0.12863446062488604,67.634093373637,-13.547750405854774,136.87587077399843,0,0.0,0.0,0.0,0,0
0.5135305155438057,0.5015780084686597,0.609643778784934,261.393179486908,20.770718252943695,-32.71369965212264,0,0.0,0.6602131498437804,0.0,0,1
0.16946198322674466,0.563583081406305,-0.0682739927879566,172.08357104119133,-23.706144898077874,48.05352901013782,0,0.0,0.0,0.0,0,0
0.7059055786585441,0.2898429887042415,0.5986939609311603,260.22990985758776,-23.390374215773416,64.30793603445795,0,0.0,0.0,0.0,0,0
0.7926369157563152,0.4274017824473559,0.6585213825140681,495.2396071640992,-12.77314900698823,-66.59623018181094,0,0.0,0.0,0.0,0,0
0.8796037305027207,0.3371081498462923,-0.06909924637982193,33.89919373145349,30.487472636309832,66.01241969707249,0,0.0,0.3676708904839343,0.0,0,1
0.10517499196870271,0.6662542829002276,0.3234093312916407,207.05230267204647,-7.5333465508424915,-90.89319918063613,0,0.0,0.0,0.0,0,1
0.36870474455463864,0.4070959892451647,0.5836351344074053,40.95544802576983,-1.1484367489542109,120.33276974768305,1,0.2056568856409694,0.0,0.0,0,1
0.6154447264529164,0.21395556919455105,0.5044500906492808,102.75399610944432,0.6249683719805077,-31.276594934496813,0,0.0,0.0,0.0,0,0
0.7268091113632563,0.08369775934723246,0.4261180636944511,47.61665660608183,24.95042186825758,20.885378105709094,0,0.0,0.0,0.0,0,0
0.4790705272021727,0.06334171927740424,0.5009836253433166,20.85011818362795,6.960016831138525,-75.77515889513586,0,0.0,0.0,0.0,0,0
0.792017989782881,0.4877338834294551,0.05663501257650233,464.25749966638693,11.889178746745486,-10.241919177738666,0,0.0,0.0,0.0,0,0
0.8541585903760307,0.2664035764720038,0.4436831866225987,108.59545672376574,33.98016324621189,121.28903204552117,0,0.24084314033331877,0.0,0.0,0,0
0.6540549541088359,0.7859381617539876,0.6977001635676434,152.94395841017203,-8.336362152544844,-95.72799041371138,0,0.0,0.0,0.6043720323547898,0,1
0.30723158751706264,0.6690258783466947,0.42905653096221447,462.1510456912079,15.257852952069968,-112.33615397856661,0,0.0,0.0,0.0,1,1
0.39805915557284133,0.33572115703581445,-0.11145826809382874,238.9935205170185,-33.72365456666636,-56.47603316661329,0,0.0,0.13539698523054816,0.0,0,0
0.9334814262436844,0.48394524922509957,-0.16948461019013905,386.07742825572967,31.40215226691386,94.94735119816116,0,0.0,0.0,0.0,0,0
0.7684609750281544,0.20370621565818448,0.6751260289507639,211.08463440135995,-22.193931114136163,112.52017103613036,0,0.0,0.0,0.0,0,0
0.7499796425523344,0.06880302373727241,0.46917312294663355,363.64760801252334,14.81782835102625,48.11121235912765,0,0.0,0.0,0.0,0,0
0.8268176413213344,0.7989594118162434,-0.13184329496818373,302.4921647235723,15.328747572154334,-118.3003603309792,0,0.0,0.0,0.0,0,0
0.11933008386823885,0.6620653716147642,0.29877446183041073,155.5813405545533,-3.6671903833809907,-37.293667414152296,0,0.0,0.0,0.0,0,1
0.9135266819332003,0.48894785905317245,0.19861421628109527,84.44311755127576,27.082304000522463,-109.71436984882945,0,0.0,0.0,0.0,0,0
0.5021784558554141,0.717165634145584,0.6567411935754477,278.15443669238607,15.146775809606567,95.59914948767269,0,0.0,0.0,0.11644687063044662,1,1
0.829900332917175,0.4122919638749824,0.3172308003718402,455.5095445449986,-33.68667018253242,124.99652402792276,0,0.0,0.0,0.0,0,0
0.843428630111624,0.656725545263419,-0.07152958451018795,103.36927666712094,19.768520286692556,-66.4794749708343,0,0.0,0.0,0.0,1,1
0.6691998017400546,0.7174587604331977,0.45837201305609904,68.45503448527836,22.997542516352645,32.86534671856427,0,0.0,0.0,0.0,0,0
0.7383635509952376,0.4126709271457435,-0.054819594243562114,281.2042836418691,-2.9209690586170467,-56.69608945921702,0,0.0,0.0,0.0,0,0
0.7907972726882596,0.40915944493371204,0.05298482153009271,310.889058623409,34.32827202060395,97.36754181231686,0,0.0,0.0,0.0,0,0
0.2826888599441906,0.41056588958390977,-0.10224282616381763,465.1690146974657,25.097482632321935,-119.65952139714331,0,0.0,0.0,0.0,0,0
0.9354516711171611,0.16344965592619337,0.20951230310617414,313.1374445181182,-0.12111716337740575,-59.41723770888082,0,0.0,0.0,0.5304398389768926,1,1
0.3355736105454329,0.33308978712666065,0.20401703172787278,377.47664044367104,-0.3882297334200828,-25.752005327527172,0,0.0,0.0,0.0,0,1
0.914448045245719,0.5380738853142772,0.3484625813966961,415.20612612879535,-21.57821276232553,51.20355999851867,0,0.37192818722126264,0.0,0.48497717287266207,0,1
0.47177334877287835,0.6159674295354589,0.34950225702547294,442.4464411323656,18.071176212748902,-98.55849595767764,1,0.0,0.0,0.0,0,1
0.9473778688641125,0.6859493760382236,0.5352001830582627,359.9247286902226,-32.56551729388579,-19.801372323781905,0,0.0,0.0,0.0,0,0
0.19188053044713566,0.6675125982226371,0.4850659807323641,348.74803459982,0.7832074166893364,41.25915930686324,0,0.0,0.0,0.0,0,0
0.33755245143065904,0.19157767679619592,0.2480319629415842,370.3721603887536,-31.24892872567425,32.35924081908013,0,0.0,0.0001142838477467656,0.0,0,0
0.20172604605884803,0.5563258378147369,0.275745145360613,195.0431498859195,-4.405543851272132,-116.70808436565343,1,0.0,0.0,0.0,0,1
0.6583136112169294,0.25380558241439055,-0.15037866128210226,64.66416591131727,5.169657925049435,82.5156906607578,1,0.24057390844507945,0.0,0.0,0,1
0.7260906931167569,0.33401238504759373,0.24174535606771091,328.1577494768676,25.092000971617097,-53.90520549813756,0,0.0,0.0,0.0,0,0
0.32063946392215475,0.14140138884045222,0.4957214279970171,8.70066570735171,-2.1667779179514213,-46.83273179798154,0,0.0,0.37977609286390435,0.0,0,1
0.2966755703930928,0.1903928382495555,0.6282240243503525,345.932127123933,-16.991351005474435,27.602050049273345,0,0.0,0.0,0.0,0,1
0.375246147610814,0.3581338978706773,0.3958949631793223,8.39430920955655,12.200181467578695,-24.330205597960173,0,0.0,0.0,0.0,0,0
0.6592005401394028,0.34544577648411706,0.593776344932055,75.30491985210004,-15.32694687663572,-102.70290841481544,0,0.0,0.0,0.0,0,0
0.853413312593065,0.35107359229428253,-0.126365795035447,88.12351946941727,5.891995899850379,-71.16924930440452,0,0.0,0.2762159969359154,0.22040320539003494,0,1
0.1611281327552201,0.3144354784996821,0.6442134182194763,263.9892374608616,1.8605580320241089,-82.65437241781004,0,0.0,0.0,0.0,0,1
0.9100594115397571,0.6787197506159377,0.1789024599179696,277.7566050491068,3.0876748337343827,-41.42346605453257,0,0.0,0.0,0.0,0,0
0.37113643885323544,0.30300377940992324,0.1740150137884084,73.01370942743527,-24.118749450150304,113.55014931303282,0,0.0,0.0,0.0,0,0
0.6337203041668126,0.3853672267257762,0.22591943675251103,325.37127523750553,8.124059214000425,-18.10880113028898,0,0.0,0.0,0.0,0,0
0.9144750414394451,0.23341182892972945,0.641186111448621,307.94573835613306,-5.5388383693886745,-94.58979758797244,0,0.37954193790998136,0.0,0.12436312840091639,1,1
0.11406223046182375,0.11979870507086197,0.2631435465695836,329.7385325906401,11.380328686634996,101.90427845366813,0,0.0,0.0,0.0,0,1
0.3770956161745973,0.5927247346278125,0.5694456317879775,148.7885194397802,-5.650011994081307,108.38656149272003,0,0.0,0.0,0.0,0,0
0.7592906419634154,0.24299804694589439,0.6802546483798031,179.35766137088868,13.879821541701418,-55.154429118831416,0,0.0,0.0,0.0,0,0
0.8410055487884529,0.5548306163893498,0.5660267191071984,260.16557600811393,-4.896151773341394,134.70582945570567,0,0.0,0.0,0.0,0,0
0.12704900267623062,0.5927200297453044,-0.12109902452871397,247.7943842657968,5.896558164894323,115.42344321112256,1,0.0,0.0,0.0,0,1
0.23262887823261222,0.4677871967399347,0.4380868439724395,402.9355166462789,22.977652543787052,-95.50459827980465,0,0.0,0.0,0.5693803483665391,0,1
0.31933664880358215,0.23540773603408283,-0.04558610825000728,82.1399111541714,-0.5092227305941677,-58.20174139987914,0,0.0,0.3776086383615458,0.0,0,1
0.7684302139364112,0.23798803428305343,0.30644534407822704,213.6520106140902,-28.21347656901221,109.58133812765857,1,0.0,0.0,0.0,0,1
0.687240001153602,0.07392097725490983,0.4621090864046777,53.102956471869874,6.533736030284047,-106.18923725594581,0,0.0,0.0,0.0,0,0
0.1087990853662246,0.4413867117482559,-0.17814536743484247,345.96789828884886,-30.450684059050655,82.57465745271259,0,0.0,0.0,0.0,0,1
0.7932816438666972,0.5484283811477211,0.3287964030829987,335.99186484905624,-14.7713111405293,-44.686830341532044,0,0.0,0.0,0.0,0,0
0.23329707157681065,0.42278090976678956,0.3181233457405616,472.72275017127737,26.783822283685197,24.138349783697493,0,0.0,0.7507004349504407,0.0,0,1
0.7987540587273608,0.585681914585241,-0.16786688928540555,466.390997917057,-20.638567442587476,71.55058382182756,0,0.0,0.0,0.0,0,0
0.537777279031543,0.7550501920597243,0.23437765300649277,80.46534533270365,-23.434491139500658,-91.80237486228714,0,0.0,0.0,0.0,0,0
0.3112815648004418,0.7705905748939473,0.25770390000991955,361.60574604023344,14.489325551847081,71.58315342990178,0,0.0,0.7141237687625324,0.0,0,1
0.7796656237789319,0.27516909555864244,0.18332466676464232,179.9774292130754,-0.4040496585214157,-61.33087365994917,0,0.0,0.0,0.0,0,0
0.9183665036732795,0.4781074807514356,-0.05088083137882382,429.8020837470361,-17.807266993655052,-31.263560449422044,0,0.0,0.5352383030595872,0.0,0,1
0.48577214124677215,0.525165389133127,0.5245722775595034,362.8094014599076,-23.349240793173095,10.784333288727765,0,0.0,0.0,0.6591985351509746,0,1
0.7543165501360268,0.287875162047065,0.17219364824819267,69.25959968955718,-20.42059563582105,-107.35977501309857,0,0.6716125823901402,0.0,0.0,0,1
0.1918614052641781,0.43302589284384935,-0.14469275896851924,43.33954534891486,-23.838160056114646,-13.298040552653333,0,0.0,0.0,0.0,0,0
0.69773439915651,0.27327660056858083,0.0626305875689423,499.1296460925205,29.609349662530846,-44.74290729637437,0,0.0,0.0,0.5846801706044819,0,1
0.7911038413427042,0.5749106784188012,-0.11235261399697852,454.92810654734694,-13.169600749544308,-69.33668399383426,0,0.0,0.0,0.0,0,0
0.8796071694246358,0.2037045483274319,0.6928949922261103,408.1451279616737,29.416170691030104,5.836839551490243,0,0.41379031763483776,0.0,0.0,0,1
0.8445101847133027,0.7675421172577461,0.21475046697976918,481.99335593871456,-9.034711019790958,-72.91333161337457,0,0.0,0.0,0.48478952332872643,0,1
0.41397394964831347,0.34277593902020703,-0.17499069285584562,290.76399010791624,3.1970748479231403,11.154082266238987,0,0.0,0.0,0.5984803905698014,0,1
0.39166558891586656,0.5801790169242561,0.6813643734632158,106.84342550540812,-11.107342465827983,125.16672167450758,0,0.0,0.0,0.0,0,0
0.3934071738778445,0.7595888492905636,0.3641854971522401,174.06530054683063,-10.154228002094591,136.0393860389301,0,0.0,0.10474452245188513,0.0,0,0
0.8963841597770379,0.19664265885914894,0.6313939280783303,124.69937758739282,18.143336098794904,39.44802361586167,0,0.0,0.0,0.0,0,0
0.49182129984726886,0.5186529954002619,0.10908737824767306,81.23985040848902,-1.3510820592852681,-71.53101972847996,0,0.0,0.14757385326469005,0.0,0,0
0.11866185364650275,0.5150969892272699,0.5871728215773548,319.93749475837444,6.080032945061504,90.52465915690811,0,0.0,0.0,0.0,0,1
0.8833556449808587,0.6860255219723095,0.07834167216736665,408.29937247226985,24.451463797319946,70.69890433909086,0,0.0,0.0,0.16231161288641333,1,1
0.5714040708709177,0.25662420211177006,0.19656560889342956,29.48978890969775,1.3970306762521432,-11.12075196235753,0,0.0,0.7631826060939444,0.0,0,1
0.477028375351352,0.5333337556597686,0.4973115780593114,390.57382151497256,-25.134596915374836,-15.225887403427677,0,0.0,0.0,0.6775803167969452,0,1
0.4541693663288142,0.49928813544359135,0.543695661441465,157.2340815121422,27.113528552123697,-8.54558093745689,0,0.4227942304040287,0.0,0.0,0,1
0.7310095341892334,0.14778064415851444,0.6596593775400978,256.1162478026223,12.958491084938998,-47.09711876428665,0,0.0,0.0,0.0,0,0
0.32089233282644564,0.43396471558623123,0.18602552469886668,418.9567052832031,-23.40126141877232,110.11409411287408,0,0.0,0.0,0.0,0,1
0.1342571869354032,0.7457555414749988,0.23552022184154353,50.765558889202566,2.574291732568369,-67.66392129786115,0,0.0,0.0,0.0,0,1
0.15020408078012504,0.34874625766330136,0.07071803553397316,417.1014978555457,4.092655607147684,-100.03881337451959,0,0.0,0.0,0.0,0,0
0.9178731438153701,0.5698602931811321,0.39991741740011594,482.3482433092133,6.168450686122512,3.376211462479745,0,0.0,0.0,0.0,0,0
0.1451007917513028,0.6695062021908361,0.41316016820113416,207.09363343185217,-34.58769635661158,17.23324149274626,0,0.0,0.0,0.0,0,1
0.512445613681714,0.5845003806012826,0.44101843760648757,282.56479792249087,-24.860892923330347,-107.967373215815,0,0.0,0.0,0.0,0,0
0.7249170649862604,0.3184010726978162,0.13660715394430678,138.78598646785704,-30.66684839756043,70.69318480221773,0,0.0,0.0,0.0,0,0
0.7681079317912187,0.39623005017886986,0.2791141163147385,2.1535147601494518,3.211792460486933,121.30840067253172,1,0.0,0.0,0.0,0,1
0.8613698299191547,0.29243227009290956,0.3138355672878151,7.762375301092011,-30.062434037251112,-76.49902910689725,0,0.0,0.0,0.0,0,0
0.7091333522860025,0.23864830981663937,0.022287730669269062,332.835100807192,15.456871759015748,33.21263899742638,0,0.0,0.0,0.0,0,0
0.613047588790685,0.3422034028282977,-0.055163795644165875,144.90330981686148,-6.135230739186106,47.668006629144685,0,0.0,0.0,0.0,0,0
0.37468382267510447,0.28954253303530164,0.3999562029230422,302.42076278916875,3.869689952644009,-71.70335478379965,0,0.0,0.0,0.0,0,0
0.6488661649340982,0.22391471232759486,0.18018509162108204,466.19285051814836,-21.750576647351075,130.03509407041912,0,0.0,0.0,0.0,0,0
0.26400653167353105,0.11721011843395972,0.3226057665768765,473.85314958758954,6.164296604195506,28.43601940542655,0,0.0,0.4150178346393425,0.0,0,1
0.18721000818831413,0.22427772315149236,0.6104747669882398,383.14943808787496,34.272813409604126,86.43323069912438,0,0.0,0.0,0.0,0,1
0.17573145038688948,0.5117863083710176,-0.14407899227211454,120.62988389962648,-20.865208315809006,-115.09376549152097,0,0.0,0.0,0.0,0,1
0.713916801589192,0.05799529573740707,0.5914949321438239,265.14494744242353,33.407727994049026,99.46636113232208,0,0.0,0.0,0.0,0,0
0.11383084225502027,0.6000850248258824,0.44443055515428814,14.833189451959653,-3.1874934245253748,103.33389346057189,0,0.0,0.0,0.0,0,0
0.5829576973641141,0.09726420506267601,-0.17977658253753612,338.44528111232825,-23.404072450613995,-62.679925185593575,0,0.0,0.0,0.0,1,1
0.4463149856441554,0.1052027223390984,0.5194845756078572,284.2137637670286,-23.1362988273098,47.98289944375642,0,0.0,0.0,0.0,0,0
0.16062912707132432,0.10372694750487861,0.16025467184453457,368.11061945263197,-6.859970118342215,-56.92730056512764,0,0.0,0.0,0.12524433998904097,0,1
0.6887171240212047,0.4837696263475129,0.6354036357844741,152.44577102453513,-15.522794274962585,58.031842830571236,0,0.0,0.0,0.0,0,0
0.733378238915901,0.43122985778253553,0.3530316745703284,359.90732025183377,2.201297371784527,-108.99990587855564,0,0.0,0.0,0.0,0,0
0.9481380502944844,0.4073134250657014,0.4072870483264052,308.44499592263827,6.739491347377701,17.121235338733243,0,0.0,0.0,0.0,0,0
0.9009071277953961,0.7231897704990663,0.01906372418769714,111.99174447738159,-3.6371704510534073,-110.75927756743783,0,0.0,0.0,0.0,0,0
0.40384816750373054,0.2722329490768382,-0.04374175178364886,246.44835448724052,3.864607463689616,20.4653199814002,0,0.0,0.0,0.0,0,0
0.8713925132223592,0.6427024388998623,0.24726519436155164,138.4612451148662,-33.18596039686168,58.44881585401666,0,0.0,0.0,0.0,0,0
0.4335877971484915,0.6527553460846724,0.17052694381475142,397.45126788646957,-34.629397462596984,-110.89457643678892,0,0.0,0.0,0.0,0,0
0.12588444341784044,0.11653665985109864,0.31377956157983217,389.84059788661534,-3.3053286814218623,127.12314579826034,0,0.0,0.0,0.0,0,1
0.15657150282735743,0.052811598673858304,0.22483980554765953,229.29965734826294,25.744904762873517,78.66264428586612,0,0.0,0.0,0.27180023796807823,0,1
0.5011126714651095,0.08289755933810804,0.0709570568124901,115.19147234321437,-27.811232859307907,44.66152501145913,0,0.0,0.0,0.0,0,0
0.9334571863791312,0.7699748850030681,0.6867393883123003,446.12126443562283,24.700489527687587,48.29983472748256,0,0.0,0.0,0.0,0,0
0.7817359624622409,0.5559228938034635,0.6378730797666652,470.3889033638469,-32.77731572547405,-10.917168521085586,0,0.6144954922525729,0.0,0.0,0,1
0.5872224377570067,0.37917676822920104,0.49839793073647226,139.8950665254507,16.54230820240334,-82.36137329773808,0,0.0,0.0,0.0,0,0
0.8496746976931339,0.13541240004375216,0.12938718318837805,211.26783653443195,3.0271707229784255,88.02742258235571,0,0.0,0.0,0.0,0,0
0.7349632703123546,0.49601701908122064,0.5039470369259347,65.81690685017283,-2.5357543832990928,77.82631122253119,0,0.0,0.0,0.0,0,0
0.26076989857600025,0.49253730632942155,-0.11228125527264882,376.16301442026645,17.644149451748724,-86.10004445516637,0,0.0,0.0,0.0,0,1
0.8189689405563056,0.7184864279552009,-0.09688823787286528,127.30705344349084,18.848320435327828,117.58259063983695,1,0.0,0.0,0.0,0,1
0.7464652845741387,0.29943981412943027,0.581676772228636,68.50298293481964,-24.48327961150018,76.20820271197573,0,0.0,0.0,0.0,0,0
0.6988702629755967,0.42520818786143205,0.6879871628490721,498.25485857865766,20.34338919058967,0.4637882183020565,0,0.15842724957130488,0.0,0.0,0,0
0.24532478828986887,0.49334026116278057,0.05528836330468856,25.380331436750545,2.1546581324695637,56.05364901774436,0,0.0,0.0,0.11576124741702588,0,1
0.6264410862475411,0.44525345466712446,0.45053895889520473,491.797384716705,-3.994992811304133,10.313794111570616,0,0.0,0.32252737428572165,0.0,0,1
0.12982178220057508,0.495081958693602,-0.051196493075938376,232.71145801437967,-14.879080464874193,-52.84953734945519,0,0.0,0.0,0.0,0,1
0.22385202018242295,0.06871145568090166,0.6191252327078869,402.59884015744643,34.37712679835161,122.97880282853293,0,0.0,0.0,0.0,0,1
0.9285517610407192,0.24363749543984325,0.696725481843272,471.0640312796111,22.190318935864497,-91.92508157786956,0,0.0,0.0,0.0,0,0
0.4691287923850611,0.09909101906094515,0.21971122287059414,156.69893877518945,-31.54961154411027,27.026324194194103,1,0.0,0.0,0.0,0,1
0.6451774649272386,0.26915909670641475,0.5041145191632117,8.34613578499389,-12.930678115778637,118.5389924103599,0,0.0,0.0,0.0,0,0
0.6013348478408352,0.7142745729912161,0.5342447333824005,454.33030871779494,20.595619060717453,139.42236588565117,0,0.0,0.0,0.3851736098260564,0,1
0.5478616899926675,0.6553883184148764,0.4779170416650513,449.8037545323581,-3.6267222141973576,-109.13163921013908,0,0.0,0.0,0.0,0,0
0.21928113823703027,0.5455848852550528,-0.15914606843672655,266.8448988011127,-7.092183980181378,-78.10102169860964,0,0.0,0.0,0.0,0,1
0.2629420834096958,0.5227268836248246,-0.0038592054656631236,85.22814286953009,-18.632949943645993,-88.46856813473288,0,0.0,0.0,0.0,0,1
0.6234777873728434,0.5287985150330008,0.5335269275365058,374.5107777775065,7.6563283985518495,-8.043140356087193,0,0.0,0.0,0.0,0,0
0.2709116161720615,0.6054205412620804,0.6136914353113172,114.31508222688642,-10.811402653364617,-111.5103814339531,0,0.0,0.0,0.0,0,0
0.8496085720411202,0.18022720545199367,-0.025324875399809127,165.82197758121796,-30.852486957988017,26.973216309483576,0,0.3226367801426969,0.0,0.0,0,1
0.8846232878019115,0.24909149724252588,0.44086208523594955,230.32481067277155,-5.713328864385428,135.05577752235556,0,0.0,0.0,0.0,0,0
0.7264561185034194,0.5463191933253434,0.030465051368220586,40.48444828040074,-25.35901599734487,-99.16329057108702,0,0.0,0.0,0.0,0,0
0.9470481498650278,0.3479047981148941,-0.16805925152221665,43.143089951023995,-6.99636167390538,17.375151826410615,0,0.0,0.0,0.0,0,0
0.8598595755898949,0.24547179826276805,-0.15990315201692307,482.76068068679757,-21.283461891994023,49.93648863173266,0,0.0,0.0,0.0,0,0
0.9018038286924338,0.7748201405038793,0.08625691170658911,402.24294377591036,-27.170674771878318,21.81922081246924,0,0.0,0.0,0.0,0,0
0.744461289040522,0.6513037201303957,0.5936263601911584,140.9507307958837,-2.672353185770895,112.31363914785098,0,0.0,0.0,0.0,0,0
0.24621490551699696,0.11872519042434006,0.5103393898810265,400.23273003299795,29.350321982098734,-84.19853633166552,0,0.7208650587214439,0.0,0.0,0,1
0.3960394020434006,0.3427388094391098,0.5341861534754233,85.76844426407825,21.00629233694353,105.71962947342573,0,0.0,0.0,0.0,0,0
0.7890624147823975,0.2567910010626967,0.3451092272666986,478.97043378234844,15.028430463664975,12.092246257462733,0,0.0,0.0,0.0,0,0
0.7306691326361789,0.6583146218600069,0.4861552046583458,436.968350233609,16.79581979501286,99.78798207508572,0,0.0,0.0,0.0,0,0
0.7842766400307405,0.36965819588471466,0.09702042611370576,219.73835519225796,-14.841780907535405,-96.45881051962921,0,0.0,0.0,0.0,0,0
0.1986987399626859,0.09706971548371217,0.6205984321571381,419.80192444438745,32.870890721376455,-5.196018789442263,0,0.0,0.0,0.0,0,1
0.3384663506392248,0.08057001062580292,0.20343237385880392,313.1742122857596,15.05901471642148,-53.47393215492768,0,0.0,0.0,0.0,0,1
0.1685322018959588,0.665420862172413,0.14614623937174115,135.15473294242761,-8.923664948531343,75.88158931121163,0,0.0,0.0,0.0,0,0
0.2892026551282665,0.2730118351488563,0.08880522700523652,408.89460591907954,-12.47908446398429,-58.21739374886658,0,0.0,0.0,0.0,1,1
0.24309217762291804,0.3739509512117531,0.4823159278381061,451.523669437542,5.342768334880503,-59.63536020514141,0,0.0,0.0,0.0,1,1
0.1946525638951398,0.666004076224449,0.40939151650408573,486.88659535348495,-8.662860636053733,-60.95638884737959,1,0.0,0.0,0.0,0,1
0.9056000068147911,0.3458492120502011,0.12558762305426802,265.39417725360306,7.4846241253020125,8.600611346861598,0,0.0,0.0,0.0,0,0
0.7836699506855246,0.14123408739645626,0.5565422879138433,94.18789733371787,4.020609017096405,-60.50087631818763,0,0.0,0.0,0.0,0,0
0.4311576208616895,0.3616199236569236,0.05456514608991525,403.70426721972257,-18.01749187650547,70.83247788950018,0,0.15436710748510568,0.0,0.0,0,0
0.8118395918940637,0.6659693275806107,0.27568754857967004,492.7679240625652,23.793661592436187,-94.90280928475877,0,0.0,0.0,0.0,0,0
0.14888734249558908,0.5030454898403167,0.48211198803666727,278.8148436062193,-14.897530608381963,-41.584425321956886,0,0.0,0.0,0.0,0,0
0.5392093315435031,0.11284328254632701,-0.04314345675587092,73.8076976464177,8.107178630559666,23.45096022480945,0,0.0,0.0,0.15277832205829928,0,0
0.16006391444115206,0.6881150362366008,0.4119410065055838,447.9913306260503,-10.678665429151046,-0.36444003133995295,0,0.0,0.0,0.0,0,1
0.8827685384235009,0.5943548544495244,0.20334273922260238,148.66399986427436,30.722317724357012,-3.8953050261682876,0,0.0,0.0,0.14796785675238508,0,0
0.6604006672363126,0.46395402375917877,0.23216606657894828,211.89164197060057,-1.8394098516387984,-58.40914481610791,0,0.0,0.0,0.0,0,0
0.14589045788016272,0.2235426366952764,0.40171612355555336,435.19827133612165,13.7400460290837,-82.0214056761942,0,0.0,0.06649147505456883,0.0,0,1
0.3044339114848853,0.47282179666343305,0.26651485475504616,490.0795671974086,-12.540130790222413,-27.9424101322694,0,0.0,0.7325154050834709,0.16218615314856666,0,1
0.3919553558862876,0.06518284764693404,-0.04644483439225264,483.54061123351664,-10.896092257784513,-5.692380142621403,1,0.0,0.0,0.0,0,1
0.44526895656316845,0.06765852398488424,0.31787923585180894,352.67367189824864,-33.841837537124256,-31.994158506097932,0,0.0,0.0,0.0,0,0
0.2713448820786135,0.5493055780877172,-0.08350339364535883,314.38688611646285,0.6575250786354943,-21.32747410121725,0,0.0,0.0,0.0,0,0
0.9289369708464342,0.488857235725374,0.46442261876562746,74.9635778890731,28.397123695383875,4.441396284049887,0,0.0,0.3694895314559736,0.0,0,1
0.4638499164065132,0.7303540604440827,0.05552206512345392,228.47106422556857,-8.982726413540824,35.020918008227,0,0.0,0.0,0.0,0,0
0.23560422892067134,0.1218049882678487,-0.022405193478724383,27.044943609738585,-22.47920469770608,-78.09667513676399,0,0.0,0.0,0.0,0,1
0.7672264763304921,0.12596240554010624,0.30905594338407555,227.63605107716776,-10.73636871367584,32.28051632604354,0,0.0,0.0,0.0,0,0
0.8594443118993939,0.34689078748338487,0.42164205275114736,255.08628777860787,31.465595660027773,-112.57426216607615,0,0.0,0.0,0.0,0,0
0.5089224275699635,0.7910120134945952,0.18539773771079232,429.0048923084706,-29.683938257032874,-38.76169982824517,0,0.0,0.6270908606554949,0.0,0,1
0.17841858859261928,0.7456342621411128,-0.17373548930446114,214.41810538234333,20.58934633944566,-81.95403056104473,0,0.0,0.0,0.0,0,1
0.4431869590898091,0.12613023356733755,0.23830602679191448,35.129971611723875,-1.7959984185118003,85.83309467274594,0,0.0,0.0,0.0,0,0
0.42518707325643634,0.4014184775242364,0.1736247813668626,76.21884512145282,-7.923703272950213,-45.701110529130844,0,0.0,0.6410064843097845,0.1319801062259238,0,1
0.5307889072863187,0.7334685916436905,-0.05856002151849077,233.1904437841314,26.372331983151668,-21.390373697321508,0,0.0,0.0,0.0,0,0
0.5363128475357861,0.0531732298362136,-0.1845738576951126,447.01570370592725,-34.46200175430535,-17.091781390580493,1,0.0,0.0,0.4653967558212483,0,1
0.8849940907281427,0.2542802762565238,0.5294262382733459,274.5677688024267,-4.9911182835014465,32.92519202244105,0,0.0,0.0,0.0,0,0
0.5380573378407391,0.31062657121995124,0.6451775121605996,174.76151059866294,-31.266390231231235,-35.61894093208403,0,0.017865832660941994,0.0,0.0,0,0
0.8698675108080047,0.7441799220450899,0.3919770673171809,223.25250636653644,-9.573796528534967,43.65896448184776,0,0.0,0.14108699762056062,0.0,0,0
0.26776935142582914,0.7541519682074681,0.27297941104802104,128.18607273060087,-4.551887223535804,130.04142214985094,0,0.0,0.0,0.0,0,1
0.7499080934577752,0.6961471770500045,0.2908247856554238,405.73609435940506,0.8210518975627323,43.63706173085092,0,0.0,0.0,0.0,0,0
0.9283338887257635,0.775505827641132,-0.06704353178504141,270.76605122915043,-21.038011651149922,-37.30020894323502,0,0.0,0.0,0.0,0,0
0.629568082014357,0.05163148742041569,0.32477438850739443,355.2154664050183,-30.822609174481297,67.0847114351358,0,0.0,0.0,0.0,1,1
0.44503766759432917,0.7923305946271759,0.5783200257162844,380.7912923446934,10.257477945663155,50.564057261133684,1,0.0,0.0,0.0,0,1
0.4495271278529325,0.09588880296632245,0.3497393742936586,311.923986156701,34.80248264883541,129.954574936406,0,0.0,0.15241293409807266,0.0711857793782269,0,0
0.9340094289105089,0.17537215759772629,0.6470893453123305,319.5000265916623,-18.988534936485316,-6.72657483051735,0,0.0,0.0,0.0,0,0
0.42614724689140404,0.4214706113830327,0.3610056121900413,294.3368723266598,16.006146991214905,66.32553946656682,0,0.0,0.0,0.0,0,0
0.6548301732118729,0.6212266592941261,-0.03169501506556344,69.59992626684262,2.563631469213732,102.310574487993,0,0.0,0.0,0.0,1,1
0.5514405195443174,0.501911645499874,0.5087605387848468,445.5643055064053,3.4645045376927968,8.353220105804354,0,0.0,0.0,0.0,1,1
0.4743461632538497,0.39082772239168284,-0.015969719891980372,461.04017377614565,-0.9368798612354254,22.682277438493827,0,0.0,0.0,0.15239357975647297,0,0
0.6812558740348753,0.6797240140078108,0.12632245059026764,45.700496715129866,27.297148022913703,-18.002128310976843,0,0.0,0.5621260117929575,0.676634203059069,0,1
0.4428668578056898,0.6212839047956,0.2863522653547357,399.1294889633334,-33.91407115857115,-115.72219620597396,0,0.0,0.0,0.0,0,0
0.8255353199454858,0.2845643071056503,0.08963912961278259,159.37764078069725,22.947358501501633,-95.97952061731439,0,0.0,0.7025626525320076,0.0,0,1
0.4107842270173654,0.6594471546532148,0.4906113576595527,417.3789361070142,-33.14402358315151,-92.04937223662473,0,0.0,0.0,0.0,0,0
0.9335507839128592,0.46021579592719314,-0.16591583469350935,377.3559474738306,-17.307984358789067,74.27699436855929,0,0.0,0.0,0.0,0,0
0.10613857550785799,0.6910097222978133,0.000896023970285792,230.0800282142158,4.259132267808077,-104.79454366008468,0,0.0,0.0,0.341719492912256,0,1
0.43499762938690867,0.26327164874802067,0.2721778362917789,495.55227719737815,14.839047471636093,127.33144996748683,0,0.0,0.0,0.0,0,0
0.5493778767236785,0.6388160390493136,0.6267338998083809,232.35845902849948,24.59086701556435,74.475538770593,0,0.0,0.0,0.0,0,0
0.7068021146416249,0.5177675688592608,0.5054331177576179,332.0762406715652,14.69727704147536,60.551762978085776,0,0.0,0.0,0.0,0,0
0.4845278919574362,0.22237213751774554,0.20994214809466794,391.5376355880479,2.148905728159903,133.74339377168295,0,0.0,0.0,0.0,0,0
0.8980564796854691,0.6664815584758614,0.6103020507380603,38.23715522908677,-24.73662166428985,-83.64892006750605,0,0.0,0.0,0.0,0,0
0.31630742350866436,0.15176490272868104,-0.04204539823338527,380.8620836662741,21.930129162106972,88.48468113653786,0,0.0,0.0,0.2776827709175828,0,1
0.44420339890918925,0.2573120905249652,0.052424655516032814,319.02065532234366,-15.307242528963602,96.52164834834423,0,0.0,0.0,0.0,0,0
0.47221794697721664,0.20044408712273587,0.39224445581790196,86.49619358999308,-14.976699192747294,9.245877665877032,0,0.0,0.0,0.0,0,0
0.4501926493373474,0.6519378619702454,0.11492283696116412,176.46424353303976,30.504216992955463,104.21953508109874,0,0.0,0.0,0.0,0,0
0.43606858936861326,0.48280348187237127,0.007699711949581828,193.02464371241695,-12.752570518751941,-8.554681687262445,0,0.0,0.0,0.0,0,0
0.505187376656625,0.28833998719746773,0.0009322057220145785,192.61353532661477,-5.825949291726545,20.392742121146313,1,0.0,0.0,0.20029090029786967,0,1
0.268658722084412,0.30840064447707055,0.09112029379354414,144.9010673278369,-18.881924351964535,9.181202352876198,0,0.0,0.0,0.0,0,0
0.5650575627185401,0.7985668985395441,-0.09012767595923193,477.2691255865979,10.60753512922367,113.63320615211632,0,0.0,0.0,0.0,0,0
0.5549713542228915,0.1795572101129314,0.5313992264668717,198.4917061845301,1.2306232930178425,19.77269168115049,0,0.0,0.0,0.0,0,0
0.4282823207088925,0.7334532367071361,0.584476933883423,273.0551466242166,-25.180479149995623,-106.80143702638912,1,0.0,0.0,0.0,0,1
0.5605574005638937,0.7242776062968443,0.14795638711318893,196.30873151081434,33.51951301087351,-72.57275314824614,0,0.0,0.0,0.0,0,0
0.474830405409281,0.06663425813655198,0.37602977191052017,424.6451141301224,21.05491958445552,34.20406317955593,0,0.0,0.0,0.0,0,0
0.5181630215638678,0.3872083585745658,0.6710300357284833,262.03563442792586,24.49576303157501,-85.63855832847607,0,0.0,0.0,0.0,0,0
0.4534694893479133,0.1509771702405176,0.35188678205784946,6.836645386091917,6.947899449011494,-91.59338743346522,0,0.0,0.0,0.0,0,0
0.2226940068546075,0.48467157683056755,0.48424529174216474,147.0924563051193,-18.912542661687574,-111.6507076206123,0,0.0,0.0,0.0,0,0
0.2313423798786868,0.21608111776357009,0.2666559601426515,481.9073362275667,-6.662073516767467,-104.2848991338246,0,0.0,0.0,0.0,0,1
0.8983180644877176,0.435618665920155,0.45485245347162356,103.32924855397141,-14.26488598219273,77.02692393168854,0,0.0,0.0,0.0,0,0
0.7846638175524788,0.2345060939410054,0.39396427137312745,201.36033916780735,23.30464149996847,99.69095679208024,0,0.0,0.0,0.0,0,0
0.3875610106091206,0.12490457872722412,-0.18658156051459446,322.1705292820891,33.740809926595716,121.16842713119618,0,0.0,0.0,0.0,0,0
0.9187267692455708,0.2427633192494294,0.3719173779750293,64.5986338810801,-11.528978969689504,-14.623483021320169,0,0.0,0.0,0.11671782900943689,0,0
0.6579970912213788,0.7943519964005523,-0.10521388227407355,118.07321896828505,17.03216261612654,21.794521166037157,0,0.0,0.0,0.0,0,0
0.6226061869522704,0.05348354928288533,0.18062073101491427,249.58354685936817,12.148250271733453,93.2100276772621,0,0.0,0.0,0.05385773443414854,0,0
0.8379422086364112,0.7686267498989698,0.6226941355155424,275.8170567998795,-16.177809017618735,-61.06035860494571,0,0.0,0.0,0.0,0,0
0.14315983901959553,0.4027284754409722,0.5567513964121475,239.39606466588828,-5.12515772521003,-81.24147301205474,0,0.0,0.0,0.0,0,1
0.66982033393928,0.7897747416661438,-0.14832444814169737,306.7791501371347,11.165149030313025,-51.818883888905006,0,0.0,0.0,0.6598314008859743,0,1
0.28809947639911193,0.2686470098911265,0.07361407657986457,117.80474439075581,-23.642371103419993,96.31634876170426,0,0.6054756819991151,0.0,0.0,0,1
0.6721249069045062,0.44822928906577564,0.38046761445750404,129.84499048321808,-16.311372624324886,31.931262387261313,0,0.0,0.048892191681656,0.0,0,0
0.42364800382777934,0.42562523885611747,-0.1292549351351613,24.27652105020231,13.0457907264367,-87.293239781342,1,0.0,0.6939719211815425,0.0,0,1
0.4005801044497943,0.6721309150325114,0.44784118779238996,48.20777955106355,18.220069871153605,117.99923057378388,0,0.0,0.0,0.0,0,0
0.419450323474133,0.37448038007852785,0.24273036767940032,464.3865625783403,-18.00666304772098,-111.96787253621744,0,0.0,0.0,0.0,0,0
0.45174709708427785,0.4230586573943916,0.007107222053520934,446.0392099271092,-34.6326928963995,-31.416924681724865,0,0.0,0.0,0.0,0,0
0.5499274187704466,0.44730177343636374,0.19555154705003375,46.94392552770727,1.4182015422394443,-92.1285117356616,0,0.0,0.4291010521939416,0.0,0,1
0.7363377090419927,0.29705527164496165,0.36377692210040075,16.474624706827115,16.12310170609326,84.10169615105127,0,0.0,0.0,0.5994455294759268,0,1
0.3680661403334543,0.7768943337335147,0.31217243972533987,265.2300956740785,1.8303269237131303,133.8184347837124,0,0.0,0.08815600146214404,0.0,0,0
0.8454306747111792,0.31781778632206154,0.2793258594439804,168.05217541055785,-23.881054613196547,-19.64278601555492,0,0.0,0.0,0.0,0,0
0.4620392711862955,0.17076531926873073,0.25963046442325466,168.06925722442708,14.807862599487017,-8.247265594959345,0,0.0,0.0,0.0,0,0
0.8325629997901716,0.5293120143182783,0.016472969967850887,65.0133268698449,22.452734292073472,41.73946995287878,0,0.0,0.0,0.0,0,0
0.8876963762727638,0.11554116864843274,0.33644241144268466,282.27832194612364,-4.726037799568591,70.17397372019235,0,0.0,0.0,0.0,0,0
0.4166146142564183,0.22928876928399988,0.056314705945056165,297.2586107669023,-29.880916874164665,-118.36416112627634,0,0.0,0.0,0.0,0,0
0.8997856068077345,0.5213622147226689,0.6108952226785913,317.06048358804134,-28.462168534128217,-112.55622796702876,1,0.0,0.0,0.0,0,1
0.19207700092396524,0.46750769778899504,-0.051006157750288494,131.12086173078413,-22.276972237187408,101.71786140745766,0,0.0,0.0,0.0,0,0
0.104250470655492,0.1453001416317536,0.5245630806089281,37.701998783162836,-7.319630046115783,89.17033418423043,0,0.0,0.0,0.0,1,1
0.46380024224655547,0.12674551187812155,0.5016009349744972,427.5824974040138,-18.085211394882805,104.70974010080414,1,0.0,0.45867427210373335,0.0,0,1
0.22316680040009762,0.5841101131715349,0.40899171219245306,122.20215633191951,34.17048271991487,48.689708996363464,0,0.0,0.0,0.0,0,1
0.4358638308898286,0.6283447466509231,0.15914107750895662,207.44485012378007,2.164884761458403,-19.963926752715892,0,0.0,0.0,0.0,0,0
0.36068061901968085,0.17343289817139845,-0.01733279505549512,359.9488441437904,4.966431587245275,-61.95335987291377,0,0.0,0.0,0.0,0,0
0.3950397413345905,0.05825124918945156,0.47032061524836916,98.06547738618022,1.4583321557866142,14.732078169881106,0,0.0,0.0,0.0,0,0
0.3716827985208211,0.7718809274776338,0.4460886531047598,306.09235356278697,20.53896569900965,-55.9968672024754,0,0.5421359280341215,0.0,0.0,0,1
0.11883928717072753,0.15485270328797834,0.12193397962815028,103.54812602086393,32.23312468678402,-101.07473878986954,0,0.0,0.0,0.0,0,0
0.6665713728047625,0.6492951947553465,0.27368236992113554,46.9981440649794,-18.507332236724977,-116.09288444033832,0,0.0,0.0,0.0,0,0
0.11250283481584386,0.1871319771682225,-0.0700045320059676,50.55862227600578,-4.880686084652947,-97.47756890810265,0,0.0,0.0,0.4554725164364537,0,1
0.21716018005698054,0.6747098228382015,0.2527115822831471,288.1942434081346,-1.9645050957151966,120.51222627084942,0,0.0,0.0,0.0,0,1
0.20994876409095609,0.5219592473427543,0.46007323708736475,142.64815222132665,-18.67124873298782,-60.626488717599656,0,0.0,0.0,0.0,0,1
0.46715327842360743,0.1541746451464065,0.5897403367720089,255.26042127947386,5.557145356273665,-17.142854251855923,0,0.0,0.0,0.0,0,0
0.25796461717343644,0.6726120020170852,0.09828343268841105,6.918953855715512,17.666916429979004,-83.1696657414148,0,0.40586017906049787,0.5363679184786764,0.0,0,1
0.20222431463851848,0.06812194875217294,-0.18832204673242098,242.40212186396758,23.04655437439687,37.197969662368365,0,0.0,0.0,0.0,0,1
0.14709985454913402,0.19954506638263714,-0.020689146496015692,59.234401760370616,14.43371470499374,121.7179029905486,0,0.6189791780480528,0.0,0.0,1,1
0.8578702341932997,0.43155445393421427,0.1717872964473875,416.0408679492441,-29.329804925946696,-90.71862895727597,0,0.0,0.0,0.0,0,0
0.8442184328351301,0.5880386857166733,0.4481830808426695,254.52687713800944,1.1946892088801704,-29.974833474216,0,0.0,0.0,0.0,0,0
0.8067823003532274,0.4058819952129719,-0.030884768453413425,101.84265208445096,-21.5810374295476,138.0190296109596,0,0.0,0.4303590840832411,0.0,0,1
0.5291043152044466,0.639292684019145,0.3690480313864876,113.37543442190025,-25.878687775920802,-97.67282652119529,0,0.0,0.0,0.0,0,0
0.17012516886112278,0.7602151424136645,0.10634189604371669,183.1050347268802,12.65785458561048,95.12789035101892,0,0.0,0.0,0.0,0,0
0.7746747592794768,0.2690263962530315,0.2932280757494355,393.87944365409686,-33.03537346974027,4.272568754859407,1,0.0,0.0,0.0,0,1
0.7158812091450785,0.21710159122198452,0.5514019003796709,29.33271615778914,-8.765625157384363,89.7293834811367,0,0.0,0.0,0.6986839123760847,0,1
0.9180963481387091,0.2446925616742252,0.3094569339658048,246.1894216722428,-19.861027024548896,101.29711723273087,0,0.0,0.21008600760275115,0.0,0,0
0.48419998966429434,0.3674557463097828,0.33128790891145815,336.6758636788973,33.560196304278335,-31.467517108736416,0,0.0,0.0,0.0,0,0
0.8293939563637595,0.7380009125838736,0.23068798709384758,146.33989409268108,-8.101827479714945,2.302785505007563,0,0.0,0.0,0.0,0,0
0.8645895229101916,0.1809097493898954,-0.08424044070327733,247.94863244399104,31.496870885756337,67.15458580719226,0,0.0,0.0,0.0,0,0
0.5031782170594141,0.5658026894241149,0.4634561115530759,189.07689860967426,-28.856583538139066,-18.674077018355277,0,0.0,0.0,0.0,0,0
0.6876822037330554,0.23347557870180374,-0.160385569873707,289.2760123248431,-0.8644638511092779,-115.54606665723526,0,0.0,0.0,0.0,0,0
0.671958025650283,0.6153175945109564,0.6218717356461612,470.4312531385182,28.12750944449253,33.235916785524154,0,0.0,0.0,0.0,0,0
0.15908613377139091,0.0818180664203818,0.1250404105152247,322.7395923887051,-7.031998275690885,120.42647928378179,0,0.05683994850332894,0.0,0.0,0,0
0.3261625022350807,0.7419767217423854,0.32528216566084794,205.36657196309167,19.18200923949562,-30.144736932216958,0,0.0,0.0,0.0,0,1
0.8510453987239353,0.091605336928988,0.23821648050498406,400.5217620274825,-34.58719887660974,52.797884233521245,0,0.0,0.0,0.0,0,0
0.7512845434570882,0.43659141312481137,0.6055646759289544,263.799096415488,10.633685544172607,-4.065523928143506,0,0.0,0.0,0.31142988163385393,0,0
0.537053719235491,0.10648498619583428,0.49051418210506176,4.656258699154421,-12.48456607860427,-118.79662049554285,0,0.0,0.0,0.0,0,0
0.40731516658594713,0.7102051697992107,0.5938734337096281,257.80823347389753,17.847731846088784,108.11183359941245,0,0.0,0.0,0.0,0,0
0.49069671478006793,0.42841571410202023,-0.13233094977907145,94.63433346192024,18.866716479152956,-57.91066366887952,0,0.0,0.0,0.6303473129139595,0,1
0.893301891913336,0.28263404861356095,0.05153826738995981,343.65950376820257,29.19473474098774,-73.78096373099166,0,0.0,0.0,0.0,0,0
0.4671594289923684,0.7718999258472159,0.6621194481938693,148.03499190285362,-13.047638358017501,-58.54802599488492,0,0.0,0.0,0.0,0,0
0.12515120547886033,0.5766951130329997,-0.008886190226347568,16.017033854955287,-9.494878054123536,134.1073117690376,0,0.0,0.0,0.0,0,1
0.41449379356152805,0.6672636376245511,0.6114835978583233,129.49909186597415,16.750558895879742,-93.81448027949017,0,0.5556912580956982,0.0,0.0,0,1
0.8416968977881991,0.25041860283927453,0.3082102186149532,411.81414482150086,28.449753919574178,67.47185369746515,0,0.5822212409563516,0.0,0.0,0,1
0.7981589214787423,0.24185372800309535,0.3063435979458153,26.58539991110535,1.3765110259629907,-77.79476752252586,0,0.0,0.4198359010836562,0.0,0,1
0.28953717745376334,0.11881247660804171,0.682534021092883,401.39566488419047,31.630659685621538,95.64432083269705,0,0.0,0.4410614038046001,0.0,0,1
0.802374088678973,0.685546766926838,0.052258265761667366,338.29936861421317,-1.6838301029587512,-69.34881277615386,0,0.0,0.0,0.0133963843461665,0,0
0.5744855824213801,0.5897233827258597,-0.06689448627128536,159.4039451676997,-34.12951077662258,-26.107474462382527,0,0.0,0.0,0.30180996645657965,0,0
0.11980446502406342,0.77011655005174,-0.051861583570613184,324.0696152582808,-13.525050409405004,-117.38148751336938,0,0.0,0.0,0.18806992778129988,0,1
0.5250891662344596,0.119603158961981,0.11862080743534936,67.40893136166174,-13.197734982053351,134.99127485424293,0,0.0,0.0,0.0,0,0
0.6653203565188314,0.2936563024473961,0.6622337373059755,382.77495738939217,-14.15589783063205,41.139494582749506,0,0.0,0.0,0.0,0,0
0.7842890260639617,0.23030932780987012,-0.0027972698962860088,61.816735396854014,13.766371192343897,109.14080435842311,0,0.33241115992681136,0.0,0.0,0,1
0.6149478098460691,0.252198248335841,0.2856305614341761,45.66315417573689,19.617282871051934,-96.5624118136858,0,0.0,0.0,0.0,0,0
0.6910516085325487,0.28713869103503514,0.4146293736889131,142.20218129085777,21.1702763344531,-42.225842589330384,0,0.0,0.0,0.0,0,0
0.36929919573486125,0.38662193342651674,0.22627417899358782,190.2558854328805,-32.99896019269995,-23.444296257058284,0,0.0,0.0,0.0,0,0
0.5531735632666916,0.23420519863639572,0.15365658421059536,90.87098209492741,23.27814921453026,88.51068179405871,0,0.0,0.0,0.10932343314223944,0,0
0.6714300668974971,0.10733972554785444,0.6616242450881884,234.82274454461262,0.02851387534524008,-66.2750220823719,0,0.0,0.0,0.0,0,0
0.3346604102926526,0.3075608910389623,0.37599879146551324,70.60745530741116,-25.046354468610147,41.7609102919202,1,0.0,0.0,0.0,0,1
0.775563152850113,0.3901055903891006,0.19289299309990166,294.2840806190099,9.794229909374188,-53.7505675844688,0,0.0,0.0,0.0,0,0
0.32065755689890496,0.23311411994360776,0.08321247771180246,313.2322636633351,23.91893549392023,-66.92505286190953,0,0.0,0.0808681681032783,0.0,0,1
0.24533207632927134,0.3087373142720417,0.07606955021976747,194.90571475650597,15.952790608534038,-66.6827513722181,0,0.0,0.0,0.0,0,1
0.33843106127714434,0.4764620503624773,0.014131298517229052,154.39265632365206,7.746379722836622,-6.7661048017144765,0,0.0,0.0,0.0,0,1
0.9326789306763565,0.0659926629812874,-0.02008641120261659,44.599726984557,3.283095767669977,-96.74604744148508,0,0.0,0.0,0.10268679952345176,0,0
0.31188657040131396,0.419208492668421,0.13513471727064513,431.6365598310841,24.82330518962356,-36.96083961490359,0,0.0,0.0,0.0,0,1
0.2352828748910455,0.580226020497919,0.17237883035879503,317.89936957676406,31.83080778978892,78.64335170034795,0,0.0,0.0,0.0,0,1
0.7748232156787173,0.20512701524606824,-0.100288034523043,80.47031205482897,34.58467990322599,-117.37423481900049,0,0.0,0.0,0.0,0,0
0.31991419456618847,0.16271130754563656,0.43924379463882973,357.1828607943315,-29.05626654903697,72.53027297032736,0,0.0,0.0,0.0,0,1
0.7000986487820552,0.42687648500582637,0.20295849140645922,449.99282935259515,17.14717743653739,-0.49409931908003557,0,0.0,0.0,0.0,0,0
0.5568508706132845,0.2177561334559972,0.26522183831025037,81.57720050532784,-8.619166146376347,-9.121213875600546,0,0.0,0.0,0.0,0,0
0.7522098626175555,0.395003477786859,0.6319295257683983,395.2890306099864,-32.6285637641873,64.95251270244933,0,0.7505557239809995,0.0,0.0,0,1
0.4167431002718677,0.2558575449243641,0.49824647173525144,235.51974103626767,31.64302561628763,70.6690226026542,0,0.0,0.0,0.0,0,0
0.7588685879103901,0.1074163236707945,0.18251379481693097,107.54132006215004,29.963782419403714,126.00581007418009,0,0.6339352552959236,0.4153175659631182,0.0,0,1
0.8196032419254605,0.7530759048002442,-0.03703242154604022,166.61048689452304,21.652361480155577,49.724169472038994,0,0.0,0.0,0.0,0,0
0.11528993852430112,0.4550016506549649,0.22316705840874845,45.85600892547464,-4.093399146812697,-84.99457503497479,0,0.0,0.0,0.0,0,1
0.6402935978256328,0.4472632491442225,0.04813677444651707,226.88051030530173,-33.04156454032315,120.9371990421763,0,0.0,0.0,0.0,0,0
0.5411105866742225,0.22134840715465443,-0.030799794669059716,112.89654493297941,11.866365319627022,-53.0802648295404,0,0.0792962865574503,0.0,0.46103819625942055,0,1
0.8619070583698888,0.4045857304144163,0.4670086430782406,217.38462174106047,22.329455264669697,32.209376021138894,0,0.0,0.0,0.0,0,0
0.8855328042248926,0.10206505159683175,-0.1722485533200686,425.49216266693276,20.122688793290642,10.577888134353657,0,0.0,0.0,0.5747144882059727,0,1
0.6944157577948071,0.7187107255543859,0.14133228783652452,77.17455208826802,-32.07443298686437,-34.06499992091733,0,0.596749525128561,0.0,0.0,0,1
0.5805062444056793,0.3731011102195805,-0.1837986213734211,411.3888819500174,25.76069948059795,-42.29076456137403,0,0.0,0.0,0.616873569279655,0,1
0.4444518136874426,0.5466408706278392,-0.13858966600491668,332.8426500720061,30.739195067283433,109.98267848678901,0,0.0,0.0,0.0,1,1
0.37763560820447173,0.7710746310582723,-0.1504665856747987,293.826826652052,-21.208159122138277,67.22571900961958,0,0.21735964728970078,0.0,0.0,0,0
0.37682645432465844,0.23233556355754154,0.6404885262560014,493.06105784120643,-18.36691616857554,-4.26596446851795,0,0.6949543142698515,0.0,0.0,0,1
0.9365057159270959,0.3778583869402981,-0.06783480515603652,80.6295157288299,13.323213873937995,87.25551010474999,0,0.0,0.0,0.0,0,0
0.32723211525767437,0.6226637208805234,-0.08122670432857645,54.003581764253475,17.592521688255154,84.01080853045573,0,0.0,0.04071870762568946,0.0,0,1
0.9485801670225176,0.6618341498933634,0.1341830976131277,459.9188364517063,-23.390043057614832,107.46022187420277,0,0.0,0.0,0.0,0,0
0.9226560734000401,0.06244889802625471,0.010622679473617558,234.94595226775195,34.36030856447182,0.1922673032033657,0,0.0,0.0,0.0,0,0
0.250510524618184,0.184613790240456,-0.05172219902916511,317.48364097368864,-34.416793044989326,12.043449517096946,0,0.0,0.0,0.0,0,1
0.11683021166591032,0.13693583043217283,0.14351748278079995,153.48808505847373,-8.757748074737815,70.59702542309876,0,0.0,0.0,0.0,0,1
0.2422579367127857,0.6344448193315563,-0.19607258828919483,434.8804825456549,-6.349504079863319,128.73095001708919,0,0.0,0.0,0.0,0,1
0.4895600264804417,0.45242272591648075,0.17326092836054663,422.1225525366362,-18.697309980928743,-106.78833962234448,0,0.0,0.0,0.0,0,0
0.8845320287763061,0.797901376528366,-0.017230134832244476,36.64960993987411,-2.334611684877842,-55.826313850850966,0,0.0,0.0,0.0,0,0
0.6167513216707827,0.5287499503128815,0.4497949791716394,430.835637257755,16.93676637055593,-78.55539003412491,0,0.0,0.0,0.0,0,0
0.21983046870582046,0.649232403637336,0.5584669185290698,427.64227342060946,-33.460782351245605,25.215359759115415,0,0.0,0.0,0.0,0,1
0.7929834191059774,0.6190338094938137,0.32969405323532736,287.76676756704245,12.077374808587592,-97.56385080787592,0,0.0,0.0,0.0,0,0
0.8798565370958138,0.06933909489782085,0.373646719076788,485.1488671262559,-18.261349351724824,-118.27810958539013,0,0.0,0.0,0.0,0,0
0.7498199363971992,0.3361018096628597,-0.09095933566795333,344.2203291282655,-33.60901579200901,-49.29773212399368,1,0.0,0.0,0.0,0,1
0.6508762915400299,0.7837848343003709,0.518863963988623,480.6786774709827,10.25094865445292,-81.18877308205768,0,0.0,0.0,0.13981416666322147,0,0
0.947699807486857,0.09175703193576325,0.08041898551227611,330.63133862548847,19.411570657567637,0.15947668233752665,0,0.0,0.0,0.0,0,0
0.286968645573599,0.5201248760786065,0.12173927116631994,315.1163436250249,20.074601403959498,102.21823001474817,0,0.5177694532697913,0.0,0.0,0,1
0.4878915012938978,0.3527616068491633,0.10792795740997319,402.8442994774401,-19.079451339626665,43.285876843543065,0,0.0,0.0,0.0,0,0
0.4842957777235184,0.48095405554407883,0.681387779719254,319.711368607237,-25.869849624468582,-57.6477073311692,0,0.0,0.0,0.0,0,0
0.4111569710610361,0.10168169063609146,0.5665377280220676,407.65498414754325,14.268846682837683,98.81879484846209,0,0.0,0.0,0.0,0,0
0.45290627428121066,0.3236825721128331,0.5562161998323099,119.529771299627,27.6997633759108,-102.05347123211143,0,0.0,0.0,0.0,0,0
0.9232509764674308,0.7054609875458939,0.43440138121472566,114.18948204486101,-14.883817519139214,-72.84544563455536,0,0.0,0.0,0.0,0,0
0.5699180185012821,0.23684317911866148,0.28984330942453135,498.22822863395885,-11.360548592459281,11.179941013428675,0,0.0,0.0,0.0,1,1
0.2522404847022826,0.6840211171615138,-0.12845190868902853,414.8879518795585,17.10372331764217,39.625525917312814,0,0.08386539235415187,0.0,0.0,0,1
0.9475210162002621,0.29011864776544677,-0.18283181720169675,16.457096800278265,-31.48485789911202,-70.46724414897486,0,0.17546278690623485,0.7980292107225928,0.0,0,1
0.5259370074149554,0.29366242623006117,0.11902156883185244,45.83352910911416,-34.366390689001406,-31.509873778273146,0,0.0,0.0,0.0,0,0
0.33489919364514736,0.5882192994848012,0.41972249235180276,264.32741779367166,25.056571881622773,66.08595207421871,0,0.0,0.0,0.0,0,1
0.27359106770934793,0.7561817188215237,0.4153526362258246,400.91151622906193,-2.4500508869910433,30.451404189317657,1,0.0,0.0,0.30415765710347464,0,1
0.7493333656427095,0.7772080560621012,0.6092775418980869,394.51758355726054,-18.447175909243743,120.73484566183552,0,0.0,0.0,0.0,0,0
0.2698532201252135,0.5795198887916092,0.1641740821900614,384.30194897439077,19.43482295666579,52.02526011936166,0,0.0,0.0,0.0,0,1
0.7630862579337523,0.5839272528502625,0.5399093660085572,148.73120805592964,-7.405044811769493,-80.05831446898009,0,0.0,0.0,0.0,0,0
0.4185894442923568,0.610267398587597,0.1670542271127594,115.94742298359095,27.04684860251576,85.29724217881602,0,0.0,0.0,0.0,0,0
0.747166320371714,0.08106458980764093,0.4599916728971239,384.58876415674104,15.218552973177033,-41.70933668889852,0,0.0,0.0,0.0,0,0
0.15748764851209163,0.6033707981273172,0.6556673456078643,461.6282022999485,-5.494858447595462,91.7206588124719,0,0.0,0.0,0.0,1,1
0.4146606782202582,0.6863160817377936,0.19559291455834726,408.8667868959154,-21.49403852478467,-6.36237185865734,0,0.7451165521238114,0.0,0.0,0,1
0.6740751381492905,0.7329067448150007,0.5717789677773044,252.33057928799394,-20.872210365702518,113.54090556679799,0,0.0,0.7680202340288749,0.05625747953381814,1,1
0.6857889385716625,0.23038393475436392,-0.12323205389273227,367.7979377986419,-22.331764455555426,-40.698511746441326,0,0.5564022634784336,0.0,0.0,0,1
0.7690104272518045,0.5256176274053016,-0.024279961240954162,490.5872559610397,0.034020966227622296,-64.33389131425172,0,0.0,0.0,0.0,0,0
0.4581377163810464,0.7736800522550752,-0.19075661489249024,365.5274012386926,5.017183339380914,138.25900286556652,0,0.0,0.0,0.0,0,0
0.39391364099162607,0.29698819196480014,0.652046586051819,447.6423441476668,20.367241853112013,-104.26037968674773,0,0.07275577475072224,0.0,0.0,0,0
0.7376500308346517,0.33643534547858356,0.14975738293627,111.59355424402091,-29.4586666717561,-99.83390166900537,1,0.0,0.0,0.0,0,1
0.3676986928278654,0.5171900687813156,0.6705430933601078,303.65670083409884,-13.01155493416966,-42.997682546936915,0,0.0,0.0,0.0,0,0
0.1881034907330046,0.24910171847630408,0.031555997309540784,182.9530582978844,-18.93603099946708,106.23732259271378,0,0.0,0.0,0.0,0,1
0.7344958343585112,0.16934535271187268,0.659336573396633,484.9087236914161,-22.909711841596344,-24.76164508117938,0,0.0,0.0,0.0,0,0
0.8171189154636638,0.3953376505823248,0.2934601300806787,424.49366038702556,25.321848680166184,30.92456293557791,0,0.0,0.0,0.0,0,0
0.436533127731881,0.42479247277999616,0.33926952445786446,51.02840192091712,-17.33382574477959,-7.263064675603815,0,0.0,0.0,0.0,0,0
0.6084099081446044,0.48618501999194735,0.21164489681283066,414.32848269410755,-2.4203800815494745,89.1385771443966,0,0.0,0.0,0.0,0,0
0.6358612059219543,0.6175329359719114,0.11554316785244195,100.09159703613733,-13.721434186355808,56.848952687222294,0,0.0,0.0,0.0,0,0
0.5009750068400902,0.14700927313694873,0.4978054600778499,10.666808786838002,-4.428115496448708,68.95083915457494,0,0.0,0.0,0.0,0,0
0.5178783322360929,0.07371280601217182,0.0717238678443256,25.54689958696735,8.758753097255372,-108.3222842510469,0,0.0,0.0,0.19079152106248606,0,0
0.5410712588501422,0.6030687311787677,-0.030674783815729273,292.04225515335406,-14.928999968073377,-62.315467227707146,0,0.0,0.0,0.0,0,0
0.6254542672448411,0.5782690402700472,0.1337605721167403,430.61824848057006,-5.1178323194628845,9.730945503862642,0,0.0,0.0,0.0,0,0
0.1058098204232209,0.4913670793144459,0.43867714147783393,268.16099791284665,-25.450530806077516,-56.00499738262674,0,0.10291559022630309,0.0,0.0,0,1
0.7422646527596336,0.21481983245276215,-0.16794215711717458,224.48028076515877,21.384411669903344,79.49503169131773,0,0.0,0.0,0.0,0,0
0.7929221636158471,0.5466924541707426,0.37831915241099306,75.14838000885888,18.170006810741675,139.31322669703474,0,0.0,0.0,0.0,0,0
0.5457667523298158,0.13158390815723436,0.059043224912259606,293.97084083827303,-15.079421562480707,-42.300360253591535,0,0.0,0.728554272422929,0.0,0,1
0.26166932533187987,0.7001970668521322,0.6663570425389118,168.6864334269388,-4.387084463939132,-88.90995599771864,0,0.0,0.0,0.0,0,1
0.31297241994448877,0.1708376097003355,0.11238845982094126,461.86391397883403,13.400425208001678,134.83418479605376,0,0.6752817293841192,0.6351474956353608,0.3491605658586479,0,1
0.4103499212216719,0.5657248485083061,0.5918550955511412,474.79843802277486,23.09201919912568,36.13598025069419,0,0.0,0.0,0.0,0,0
0.43246498579469583,0.34772146670169296,0.5740726142312174,460.3075767075191,-2.117007747250284,79.3100483768936,0,0.0,0.0,0.0,0,0
0.35954693334126897,0.6708239878579692,0.6049902529246547,296.1243164123489,25.68076855065179,-118.50138634919013,0,0.0,0.05470898782037708,0.0,0,0
0.3400482444519154,0.42499542988884526,-0.07116159963258228,3.2037855850315426,6.931805970850782,102.22288684261761,0,0.0,0.3011019435022848,0.0,0,1
0.4000140494420671,0.43876031117091874,0.31837161278892906,379.025658105043,-25.852231189063133,102.75922088111363,0,0.0,0.0,0.0,0,0
0.43178914174067673,0.2854125008433978,0.2885301768881502,372.1904030521914,18.940999887457536,-47.91873830001087,0,0.0,0.0,0.0,0,0
0.7519182477070933,0.619453561282588,0.13793134433237592,475.21544120869055,-20.981829099266175,40.37859055945768,0,0.0,0.0,0.0,0,0
0.8745205488189066,0.6681252237604941,-0.15301657989516235,274.4533400384754,11.675370098541563,-79.14939859985114,0,0.0,0.0,0.0,0,0
0.4515910489134327,0.727827087333512,0.16091068919834955,130.75370217866555,33.84375027543747,5.328926106420141,0,0.0,0.0,0.0,0,0
0.6566639729439475,0.24437958806443572,0.4212033873093591,193.30501205447018,-23.22984588191551,26.23431801822693,0,0.0,0.0,0.28697380605653144,0,0
0.5228818292334467,0.7901835460620074,-0.11239720345384473,464.3169007099457,-18.329098861587852,85.75206556269154,0,0.0,0.0,0.0,0,0
0.3110462477256681,0.6717117454587581,0.2814446786606671,64.08697545057443,-24.059486643552646,-45.8987481373745,0,0.0,0.0,0.0,0,1
0.6135918018045909,0.21384732233228254,-0.1523513692316088,62.24101139949029,5.921368863744938,96.01773966438756,0,0.0,0.0,0.0,0,0
0.6044614308988061,0.33489579161213184,0.5084799230365944,376.6076321614373,24.080694141370593,-16.14068023629433,0,0.0,0.0,0.0,0,0
0.6849002707935962,0.6593196790360699,0.11780967854021518,350.097800664951,3.0399156360357793,54.38385591730449,0,0.0,0.0,0.0,0,0
0.5899311985618096,0.6683334816610916,0.13603253727557946,110.97985420203486,21.52281523953065,-102.75441936194177,0,0.0,0.0,0.0,0,0
0.5581163183268528,0.32164832405886806,0.3094599899677894,348.6582238057826,-31.817675659975585,116.08736886398736,0,0.2326022732171958,0.0,0.0,1,1
0.8100722452595907,0.650179957356504,0.18339960387116178,487.7598936457836,-13.679917548737098,118.13217446732602,0,0.0,0.0,0.0,0,0
0.22159151435163832,0.580373476032322,0.41541573697341233,389.8875069913417,-20.50038037665579,-30.63792211336535,0,0.0,0.0,0.0,0,1
0.7034917677823599,0.5181353136370149,0.06576697359128225,451.30583339847243,23.858111131739513,72.67480338153075,0,0.0,0.35024825399883386,0.07732509151337437,0,1
0.1650392904514533,0.4315656474304035,0.6603636086665952,15.742980824901142,-33.972343067624266,68.90462802264474,0,0.36155582452744484,0.034329449788386236,0.0,0,1
0.5131112337488825,0.059387930392239566,0.6607264846815881,368.6200818551628,31.444279799478636,-18.425410213024733,0,0.0,0.342977070313186,0.6632733397905377,0,1
0.3877288357012276,0.11899226514177298,0.5753402282431925,289.546845209769,-10.164049802220603,54.77693262731111,0,0.0,0.0,0.0,0,0
0.5811212435005038,0.05075568014808139,0.2916336215310874,257.4694815277005,10.856497113212875,-55.46938536719556,0,0.0,0.0,0.0,0,0
0.2057838761181957,0.7990956028463261,0.04102387860784901,408.336923769383,9.84082399468803,50.06337006018654,0,0.0,0.0,0.0,0,0
0.7424090133890012,0.22659155263716813,0.11560368433819512,475.46431068018353,-15.664388000543966,-39.9773306044155,0,0.09328227969764225,0.31543124233265907,0.0,0,1
0.6322023528887166,0.69930299287928,0.07720554059634516,322.82062547157204,-29.7071086944988,92.45451450704996,0,0.0,0.0,0.0,0,0
0.2701511987616567,0.2507661969702565,0.33901324875363564,386.7632055095922,-24.04325249992165,-34.17021670448453,0,0.42737935646818936,0.0,0.0,0,1
0.6786232346641526,0.46010093922965006,0.4639009258564552,216.92940480885196,33.81608731495109,-70.9868676244786,0,0.0,0.0,0.42212214412644156,0,1
0.8978812585047135,0.36864593318717337,0.5105784452755011,203.17983304892158,-12.408978663791693,73.934641934138,0,0.0,0.0,0.0,0,0
0.8456995569216393,0.12923422059517642,0.6181891239014607,25.537245666716892,-12.120881203676163,-59.36494275539551,0,0.0,0.0,0.0,0,0
0.3032727366975716,0.1664244233944227,0.5977101500635922,42.812990001995466,-8.849126848990558,61.762212588834416,0,0.0,0.0,0.0,0,1
0.6864864496612799,0.26541747941267285,-0.12996333322963582,172.63905346228378,1.7246311751136787,59.585704713713,0,0.0,0.0,0.0,1,1
0.3601417055975239,0.32139950816754764,-0.0364187649897145,64.64733695898013,-15.51820866883524,31.228399302199648,0,0.0,0.0,0.0,0,0
0.8077498645512955,0.687211909052921,0.6364662277870055,423.2559612377456,3.64175884471706,-92.27835056628459,0,0.0,0.0,0.0,0,0
0.6891192852163796,0.50053614782008,0.3497251983349933,459.9983478187021,20.472701810843965,-68.46644267661242,0,0.0,0.0,0.0,0,0
0.1820084792180047,0.5560855764317048,-0.024693252659432202,419.7468474010168,-11.952559785911564,-62.79890519754963,0,0.0,0.0,0.0,0,1
0.5044845960340562,0.15705674680502613,0.6337816655397555,18.35341853222154,-7.8658087588308625,-27.503386022441063,0,0.0,0.0,0.0,0,0
0.9370170724970791,0.17106356902404368,0.13575936946937872,214.81572207071017,-10.047996086320012,88.12493292508236,0,0.0,0.2896024001617065,0.0,0,1
0.1305693338684349,0.5209194393993491,-0.10140383840434762,198.99306897742628,-13.144321510781502,59.00760519069803,0,0.0,0.0,0.006927927312497173,0,1
0.19306518763528202,0.7249780140949763,-0.05027897277450752,467.0452872339989,-24.281913337447392,-72.83504475713013,0,0.0,0.0,0.0,0,1
0.3450386036773506,0.6740437852599906,0.3000871574609099,292.48898286649757,10.49364884305296,-67.40039889619003,0,0.0,0.0,0.0,0,1
0.46727886521418127,0.37997243670009856,0.01750808382318983,389.2458904431667,24.64025074682408,-102.8095990954781,0,0.0,0.7928010268283261,0.0,0,1
0.48852918877534957,0.39723779630456096,0.1420949290562858,169.13351017017132,-3.5216391795745245,-21.7373615334174,0,0.0,0.0,0.0,0,0
0.40763615378554185,0.6906591174833971,0.2341537895833804,216.66246216784404,-10.00294583285411,128.31307062845994,0,0.0,0.0,0.0,0,0
0.28680319510956154,0.36742860502569835,0.3340846132181296,481.1510385674407,27.053579835463502,65.48691092976108,0,0.34299706244621286,0.0,0.0,0,1
0.6885813967605957,0.6974291559908765,0.25473709681711515,346.0537220825925,-29.358988995413178,100.67378580256471,0,0.0,0.0,0.0,0,0
0.13470649457354242,0.5216897826705221,0.168003941092567,98.28401145920427,-33.15422189726329,-20.776157671078735,0,0.6121876454946998,0.0,0.0,0,1
0.5891341486197433,0.38829175017581014,0.04707370887251516,86.22858403208653,-0.8753711464634719,-89.78443151858684,0,0.0,0.0,0.0,0,0
0.2613780685080138,0.7728599198810324,0.0809616962281377,479.0511720971033,19.676077704651583,116.64253135875737,0,0.0,0.0,0.0,0,1
0.6194498838624116,0.6565470379859027,0.3835050139442014,78.07271369014211,-33.89116074635248,-19.675902459035257,1,0.0,0.0,0.0,0,1
0.43636418821609,0.3088613847956499,0.17938579853318792,10.982271868882679,13.283116809963978,-35.966387672267444,0,0.0,0.0,0.0,0,0
0.3232993769372471,0.14220282192576766,0.05982592388857505,1.5180295732600793,10.300942157529036,135.2593532260405,0,0.0,0.0,0.0,0,0
0.5309667012264572,0.4134963671905585,-0.08908305055124939,2.3115158925708648,4.985443354769295,-98.39063300535403,0,0.0,0.0,0.0,0,0
0.8111318641430784,0.2332443154608853,0.4126695664539924,197.41477801250915,13.501597993078661,22.686502869425055,0,0.0,0.0,0.0,0,0
0.16292183276443467,0.361940319619444,0.06379950393907041,168.33047729887167,6.937034177932688,137.31297469252115,0,0.0,0.0,0.0,0,0
0.6376424914492791,0.22196913698608461,-0.008730230134668698,19.537170950062347,-13.500011593167695,90.817397901736,0,0.0,0.0,0.0,0,0
0.9354871043824835,0.42448310164494896,0.024853814957646075,120.0543138094177,10.086454388228965,38.56725497782699,0,0.0,0.0,0.0,0,0
0.48829657482067623,0.07802207578953864,0.5482982783078731,455.70600171805484,22.287757256219052,84.99921596493505,0,0.0,0.32370859352222675,0.0,0,1
0.5192455464376386,0.7109304598399221,0.3439390532017041,133.7420602642637,-15.776381401845015,-39.717796649317805,0,0.0,0.0,0.24678421528719693,0,0
0.8630470378654101,0.38454746725244293,0.17798256730571826,457.9207529916897,-14.31844359985628,83.21736037826258,0,0.0,0.0,0.06566630315648976,0,0
0.2629962356268554,0.10629181724011628,0.3183573938526772,94.99529804819194,18.935923761692102,62.924217840530105,0,0.0,0.0,0.0,0,0
0.7611953337664951,0.11443908970088558,0.04929125050211319,431.24003533160624,-15.770793127851245,-47.71160019195719,0,0.0,0.0,0.0,0,0
0.4518611934369665,0.7214424340935539,0.5960221454219006,134.42338552330955,28.976012449653595,117.58576150063297,0,0.0,0.051375971308069084,0.0,0,0
0.5153638633751156,0.5281398032272739,0.3312717457562054,316.0929980536211,0.09614000632932829,8.832041148405011,0,0.0,0.0,0.0,0,0
0.9389398952321908,0.12163469692534205,-0.17507102248073653,252.52100745203288,-20.206053761217408,103.4469912623565,0,0.0,0.0,0.0,0,0
0.9065430812984904,0.5685043500815187,0.511982928087072,327.62130714250156,-7.666134924159856,-71.36329023622875,0,0.0,0.0,0.0,0,0
0.4621497269376721,0.6728663600700706,0.31476973062091335,261.74904794722966,14.912747972092852,125.98623279247113,0,0.04737812682093985,0.0,0.0,1,1
0.8855621642935165,0.14000191232830062,-0.13276019070640513,59.004813088446895,-12.159119108187404,31.546219562353457,1,0.0,0.17023378717371562,0.0,0,1
0.20662822427221278,0.23987908117746154,0.6486174501373667,427.42471272161583,-25.517976955373378,-102.10544385757058,0,0.0,0.0,0.0,1,1
0.4338534286905591,0.4324967914354982,0.36019854319895567,75.43973465708996,2.85753129830524,-7.036082516167312,1,0.0,0.0,0.5683348778558582,0,1
0.6293212274049195,0.16722543390378064,0.2893910427443983,285.6722121284089,-20.51501895729332,113.38272287718479,0,0.0,0.0,0.0,0,0
0.6613939876986343,0.28681535956115867,-0.009442820101529442,262.3548657654342,19.845170764704022,-109.42569464793488,0,0.0,0.0,0.0,1,1
0.8340353086971322,0.5771011960307183,0.0701777666288057,448.25355386216876,0.08056049516513752,119.1518308412563,0,0.0,0.0,0.0,0,0
0.172695219117042,0.7147539249227103,0.5465993128283975,334.20242389756254,-25.094165470678625,104.89183293729644,0,0.0,0.31698108120200363,0.4719994360973178,1,1
0.5859208463367352,0.471609591564676,0.11974677083267493,262.0901579897114,34.006408266488364,-93.09599999708794,0,0.0,0.0,0.0,0,0
0.8094628355204765,0.3865292698713148,-0.14299139480477163,158.75017094079652,4.194787038669595,-63.48884644632839,0,0.0,0.0,0.0,0,0
0.7306932605039776,0.6631828172369478,0.28066910202051326,102.8075595783061,17.396802987109716,-67.79961930124897,0,0.0,0.0,0.0,0,0
0.4248369269538479,0.5998757390000176,0.0694761998656368,376.59013899121095,-17.255769760378968,93.9097190075307,0,0.2891578472559963,0.0,0.0,0,1
0.5941918731689314,0.7284096114894535,0.2382871225941227,387.2065723962142,-5.94117982467937,-79.09347393297455,0,0.0,0.0,0.0,0,0
0.5324642226295054,0.34608612045961984,0.20116125002527863,234.93675562612114,27.289847766313052,80.99759757403774,0,0.0,0.17879014993765185,0.0,0,0
0.5998599915453475,0.46487692561969535,0.08435579821553796,124.49997569053781,-9.714204363678249,24.51414688152559,0,0.6407510269790407,0.0,0.0,0,1
0.7043414785200767,0.1637476558984114,0.28209987572783257,164.05336749483266,-2.3503576576903242,13.058993213523763,0,0.0,0.0,0.0,0,0
0.6234041241650532,0.33412791687263027,0.3163118775518093,204.20986498854094,-31.498314041362136,98.74770015212803,0,0.0,0.0,0.0,0,0
0.7607684475426959,0.20245629883481153,0.3562792121902088,340.2511500251779,34.13531540573807,8.645227946063898,0,0.0,0.0,0.0,0,0
0.2885554409312805,0.26116752399004056,0.19633688502309543,321.0746104553233,2.13522999139888,94.33511351060866,0,0.0,0.17637991638282147,0.0,0,1
0.690514721638433,0.05280897044783382,0.2627107332767345,393.7881334887334,10.962909779923947,69.37948459094693,0,0.0,0.0,0.0,1,1
0.3848237078077831,0.5892223626651587,0.22570258031359602,436.4504908034454,3.959935753137202,14.653092294060173,0,0.0,0.0,0.0,0,0
0.12028792267001198,0.3788254304216035,0.4878402359240365,340.19830858746064,-33.00333003758338,4.071933691253335,0,0.0,0.0,0.0,0,1
0.5628229284874228,0.7817835168222065,0.3765104749045248,438.30347381603616,-16.22370808387327,29.80753630064507,0,0.0,0.0,0.0,0,0
0.905105098202966,0.0854114717343608,-0.14336523484474764,275.6871941707587,-15.193812781325391,-78.59182012287069,0,0.0,0.0,0.0,0,0
0.35319213752163015,0.16507249920272105,0.40686792196783045,303.0522797634791,0.3371521066998824,-8.891373669646796,0,0.0,0.0,0.0,0,0
0.8724044640616475,0.7346731261758309,0.34266821401823694,468.19058811505363,7.684871056945752,135.25380084048177,0,0.0,0.0,0.0,0,0
0.8610639901063718,0.22285669930356233,0.557925407307418,112.31612851213183,26.947485542068122,93.95045433158157,0,0.0,0.0,0.0,0,0
0.1827844253586926,0.2097500787877808,0.5817094941865062,231.49694036098455,17.988815099980137,-46.11113759358243,0,0.0,0.0,0.6362700398188426,0,1
0.46164170705193486,0.41097329610831485,-0.172426384293054,284.6239818907367,28.12386130672143,16.2492196436269,0,0.0,0.3727990507003018,0.0,0,1
0.7973522536952911,0.6960958396160807,0.38917362973179775,217.57270458421334,27.7714249198812,-59.49470867912245,0,0.0,0.0,0.0,0,0
0.6527286160428635,0.2874792646043663,0.19075689317292183,41.60262399070901,-7.994087888614338,-49.43826199378216,0,0.0,0.13471747334672682,0.0,0,0
0.7654510919017521,0.31147223913595584,0.13166457159889272,388.3652040284355,-1.6433281470364065,-65.01512755956193,0,0.0,0.0,0.0,0,0
0.7336805863420891,0.2528115345836179,0.5067153417517691,299.6006703881226,-33.01692543149989,56.041048469977255,0,0.0,0.0,0.0,0,0
0.7990019161520749,0.6395541783574383,0.0908591795823967,149.28131637005097,-14.85788047859706,55.18723375954826,0,0.0,0.0,0.6177683757620633,0,1
0.8335165482358641,0.7191484977698186,0.3752107748945143,357.96200071719494,10.567358787849898,58.57998316393011,0,0.0,0.0,0.0,0,0
0.20610282791728946,0.653657559054863,0.40432463170595395,352.3488693776454,-0.989911542224533,126.7011242839744,0,0.0,0.0,0.0,0,1
0.23688727050095953,0.0956511387132062,0.33414298938457515,108.18702865750831,1.3770635837353424,-116.12219521150953,0,0.0,0.0,0.0,0,1
0.8639413047114919,0.2671937438064834,0.4535866770614096,156.6446735354248,23.047659847586885,13.911038844982613,0,0.0,0.0,0.0,0,0
0.8788146366664998,0.6934875099362566,0.5980325690499546,71.62491975512722,-34.32048364781861,128.8855112245131,0,0.0,0.0,0.0,0,0
0.38434001379766847,0.479239414649614,0.38576071661986205,266.25681561128107,34.54516824559606,25.44431583046807,0,0.0,0.0,0.0,0,0
0.2833332128060038,0.41095000862288406,0.32948066905327317,399.1255546269774,6.755746935007977,-90.61699478721786,0,0.0,0.14085829427204893,0.0,0,1
0.9262307437114392,0.5660625688777359,0.593432174343608,385.9675886768117,22.023956720264444,-42.23571524236188,0,0.0,0.0,0.0,0,0
0.2643568970590403,0.34840448613368497,-0.08712183396496012,433.44445843109645,0.3638676774321681,-78.22887677230545,0,0.0,0.0,0.0,0,1
0.3576919341412007,0.17983013419088723,0.6711323051295823,134.67216676907262,-33.11479298599883,33.11333716006618,0,0.0,0.21022930028066966,0.0,0,0
0.7344961151071187,0.5534844000581771,-0.16980717039204363,151.94514256883573,14.6783201683564,-0.7189305072819252,0,0.7096538107738461,0.0,0.0,0,1
0.5812098512599028,0.261793683603202,0.5785610608275702,274.10828667528136,-25.348874318270468,-66.90101776442623,0,0.0,0.0,0.0,0,0
0.5868296636868774,0.2388941510287425,0.22887935755429706,484.2678791994012,29.46157783478705,71.40305114571487,0,0.0,0.5407223958361006,0.0,0,1
0.7244655757551458,0.23203013543411383,0.38770988352961683,81.52876429088522,-12.840729678923143,39.15845704776248,0,0.0,0.0,0.0,0,0
0.485098016499667,0.548083773364941,0.056206786489324756,448.4600571416299,30.792582094896005,-115.26650545376674,0,0.0,0.0,0.0,0,0
0.49433687301732476,0.7815216538915999,0.44977020716906396,48.377875167362504,10.75234086767675,10.945662130716642,1,0.0,0.0,0.0,0,1
0.7208369727601797,0.604133533199041,0.4958257271842555,180.4546410637303,-17.090204607496766,-57.101365287456844,0,0.0,0.0,0.0,0,0
0.8431766650335698,0.6302638415151889,0.2587349418664566,151.84452154091548,15.015406267254932,10.979832679891814,0,0.0,0.613523041082585,0.16161815862126133,0,1
0.3249648672540738,0.41110816027405656,0.6308640681045008,409.67212786219363,33.76889331009154,40.647793680013905,0,0.0,0.0,0.0,0,1
0.21447682749045102,0.6848026904547513,0.5564685680652246,190.2989379695865,-9.049700336895029,66.1804378750179,0,0.6694263903117875,0.0,0.0,0,1
0.8406855271433334,0.07180600840210512,0.022757727785892412,139.11950199777644,-5.757774728818273,56.69386220833752,0,0.0,0.0,0.0,0,0
0.559383931545885,0.09868599241091165,0.3723544115983181,207.87719121310076,-5.424041646301788,-11.899341162759086,0,0.0,0.0,0.0,0,0
0.4438107720628468,0.38252855622026555,0.11330857734241939,234.98707161591696,9.414524843740729,-117.11979542627358,0,0.4713685158585361,0.0,0.20704659036417133,0,1
0.5465546327234503,0.41696960459177906,-0.017541905655740347,445.6511748164653,-20.126344029713046,48.96908747316931,0,0.022394462535215622,0.0,0.531368028020856,0,1
0.8568072245051236,0.1011934692038166,-0.03979344025349149,194.940248564901,-22.805114260342194,27.808768008820607,0,0.0,0.0,0.0,0,0
0.7620873117004572,0.1934338848582719,0.17104411949505116,32.015700521894544,16.142734331996486,86.04102226457147,0,0.0,0.0,0.0,0,0
0.5593407829780314,0.6030187238900221,0.11077056921202144,150.65613281930703,-8.44236975618956,77.64236532341883,0,0.0,0.0,0.0,0,0
0.5489645022660755,0.7542752052342722,0.3907126518680098,50.09773647875696,-22.53334778221712,-3.481873228548281,0,0.0,0.0,0.0,0,0
0.45302710714990624,0.7663536643800773,0.5996741973869242,52.139315093512394,-25.746691999879623,63.94905865980553,0,0.0,0.0,0.3464253187173711,0,0
0.35937447562948865,0.7723281202144372,0.15878164598487515,309.44929670757796,22.971502082942862,86.4542487767736,1,0.0,0.0,0.0,0,1
0.3266888134804399,0.28903882862780167,0.006642163914671928,377.7336383783445,-14.974166098926617,59.76147450820093,0,0.0,0.0,0.0,0,1
0.4887886103101724,0.4330889613008609,0.301099331868618,210.01891512127926,2.256570415910801,-50.134597666981264,0,0.0,0.0,0.0,0,0
0.39331378491906677,0.706051453935312,0.41137641265743835,454.46118654999765,21.392793347655747,-25.239162109232694,0,0.0,0.0,0.0,1,1
0.2588242924207158,0.7621113270844975,0.6773007525313401,302.05884057689576,-4.23099322378091,-37.73557047434798,0,0.0,0.0,0.0,0,1
0.4981175003002546,0.42898182921279276,0.12269031896689014,139.9717205914771,-26.801846199456094,52.661611370477544,0,0.0,0.1897434786199594,0.6625372932045395,0,1
0.14060962934369686,0.7311249172565446,0.27552622596353327,103.0606795623043,29.453673695867124,58.367632650434814,0,0.0,0.0,0.0,0,1
0.20418209835812795,0.40300099435788245,0.044395501269703486,99.03283276924562,-30.561078900847967,100.34217514617643,0,0.0,0.0,0.0,0,1
0.811814995648487,0.46288571994646893,0.6026877097245886,210.61107474430617,32.127660266420705,78.5505982133634,0,0.03682718439975119,0.0,0.0,0,0
0.30783850501760035,0.5084229777787845,0.6977897289666937,405.62559268804404,-8.492569678647229,20.237193713398426,0,0.0,0.0,0.0,0,1
0.6909387352254045,0.43452620373638323,0.6869152566051335,180.61888972806864,23.866600932260603,-112.82469188716021,0,0.0,0.0,0.0,0,0
0.7300456951474013,0.18327924239645854,0.4250106187718848,254.9751758979629,14.891126529431816,68.58491322659805,1,0.0,0.0,0.0,1,1
0.4381929026091482,0.3851790905386296,0.2654566157120888,167.7145894200942,-27.8347873691537,-27.216904484593428,0,0.0,0.0,0.0,0,0
0.8433793966477879,0.29186685407192137,0.38043036453468654,359.87928160689324,-26.4725762190661,81.67524700403993,0,0.0,0.0,0.0,0,0
0.4071061499732559,0.42711988067466805,0.26451913179828174,240.43354211934866,11.298504893178958,63.62648646050806,0,0.0,0.0,0.2104775998896326,0,0
0.43655384437560896,0.35597597576687073,0.4278719543245107,358.8194042865811,1.623476254857394,-68.8930286818793,0,0.0,0.0,0.0,0,0
0.7624611728256289,0.24437572933345397,0.15140844573430673,163.414438021083,-12.191006925760313,40.20917237624525,0,0.22634776661485248,0.0,0.0,0,0
0.1852132485140766,0.23844996604739244,0.30708278312110254,179.05996429492987,-13.693370319131397,39.73351396161783,0,0.0,0.0,0.0,0,1
0.7646063013604346,0.07150819646128116,0.5718463204535758,477.3081046019802,4.123491058053496,106.71308712756536,0,0.0,0.0,0.0,0,0
0.41803253854801925,0.7316287819441462,-0.1646507675891202,347.22892372444335,28.250651419523265,-8.842699017401515,0,0.0,0.0,0.060989478555098495,0,0
0.38354274119032494,0.6525755241743709,-0.09999385618793898,478.04382568326463,-20.01708450421475,71.15964156345979,0,0.0,0.0,0.405910329832731,0,1
0.36540861600512275,0.508000092098422,0.2220300537393713,172.26092049991064,-30.698345346387732,28.066169468104107,0,0.0,0.0,0.0,0,0
0.5969875330971279,0.4841326603616255,0.4796029769487106,437.3267739300619,16.309590034270123,-99.6172268648114,0,0.0,0.0,0.0,0,0
0.211588768516557,0.6306100203973967,0.16156757090512314,87.31338563079665,16.046480075671163,65.97990575998116,0,0.0,0.0,0.0,0,0
0.6011719558277375,0.5765246423358702,-0.07898698621427874,347.57520622175093,-15.393279317858266,-44.59208783434421,0,0.0,0.0,0.5127810696937708,0,1
0.4418417833061332,0.23209202088503061,0.1502161223066643,17.70586320272739,-12.115752720277108,-117.47262459517589,0,0.0,0.0,0.0,0,0
0.550224653112272,0.34070952508738567,0.09199141145722606,216.1626396190949,-29.30012880974907,100.03968908775869,0,0.0,0.0,0.0,0,0
0.27167404634005776,0.7687679418578721,-0.14198641412187846,477.6063347713854,-27.492107356236623,120.26699576582314,0,0.0,0.0,0.0,0,0
0.3220073616060069,0.7005154117981641,-0.15110787964451997,243.60429871524565,32.54339531774427,35.656478033856786,0,0.08269258818361554,0.0,0.0,0,1
0.1208852456729688,0.3652137437676625,0.05177704386590426,171.34557213958456,14.399683187489117,-37.07538406814517,0,0.0,0.0,0.0,0,1
0.5078927543151562,0.6678230689631603,-0.03861776048778978,171.01722975718093,-31.587932446873168,125.58041117191937,0,0.0,0.0,0.2817967954194648,0,0
0.17282583227812776,0.1119526551900241,0.3695599018147457,177.90945039639362,-26.363246231598467,130.2994540409834,0,0.0,0.0,0.0,0,0
0.12278851838931545,0.5407673236967345,0.14850170510103916,166.77142102603747,-5.955298143933639,132.99659472350334,0,0.0,0.0,0.0,0,1
0.5185680156229497,0.2741437048320525,-0.13929725448932123,263.3261261674169,-11.040566059136804,-74.78275320824825,0,0.0,0.0,0.0,0,0
0.4055737172678273,0.40548954025112954,-0.1954042324770164,292.68648016246624,33.86889991743281,113.50527956771441,0,0.0,0.0,0.0,0,0
0.6609864723505375,0.36679379464706724,0.4806290903184159,80.06132293832513,20.81175843025975,74.1075348520954,0,0.0,0.0,0.6017833881818505,0,1
0.2759464488642547,0.19253401278814603,0.07277471860935103,269.4065539140983,17.52522396520949,71.277716977484,0,0.0,0.0,0.0,0,1
0.8865711219614604,0.5648491057117566,0.2669939202128367,369.8000655775043,1.2163693892809206,-109.69755807614364,0,0.0,0.0,0.0,0,0
0.8565679346856783,0.344570888077522,0.08168367389000769,318.4995054300412,-20.538473731013024,134.28461913008678,0,0.0,0.0,0.0,0,0
0.5516954749875499,0.17324216164664785,0.07419788584194242,67.92333586328849,5.98540862051356,98.9983126986615,0,0.0,0.2770334941358176,0.0,0,1
0.7358370666222237,0.20166043223224384,-0.19482435771592896,14.615291491482543,-18.27893736119556,76.27494934381593,0,0.0,0.0,0.0,0,0
0.4133294224268155,0.08786454884879337,0.5839441023730314,211.31258358215572,7.178766734931358,51.046963322589875,0,0.0,0.0,0.0,0,0
0.272289917193021,0.7005159873074304,0.6691037249925551,354.06024389132403,-14.486660199380847,-114.42506952032487,0,0.0,0.0,0.0,0,1
0.12074609295601103,0.7360238899228407,0.2517011654479135,340.91500256918715,-10.555631692560112,114.78781838913935,0,0.0,0.0,0.0,0,1
0.2755798999922073,0.5444725539842146,0.6233113649020792,453.46346439199567,28.056008407995414,9.323949852351063,0,0.0,0.0,0.0,0,0
0.7748192110381945,0.7765756145891484,0.0959987439165641,423.5052638891753,5.238019900876232,48.75676837178224,0,0.0,0.7861722153773489,0.0,0,1
0.7758073482899656,0.34815776723362696,0.06724275347539538,208.5243873205792,2.2758665457186282,-64.7782499475018,0,0.0,0.0,0.0,0,0
0.11789250610468652,0.7125761017326816,-0.1407414841538463,287.248403628109,19.980216414351467,66.60202821606057,0,0.0,0.0,0.0,0,1
0.9388287886066559,0.17026121803987654,0.0601008027554672,166.60566220329102,-7.490257540691172,-100.56976701928096,0,0.0,0.0,0.0,0,0
0.4191478252490105,0.5799988224320842,-0.15051655694562222,157.72527239052187,15.494073134878022,72.86661773015987,1,0.0,0.0,0.0,0,1
0.27503961295167967,0.18864297606662372,0.6354828752749535,205.97330859461437,13.590995560206728,-61.82556646788388,0,0.0,0.0,0.0,0,1
0.620300424662494,0.44083612938676636,-0.18094465409975433,424.12543223651153,-24.034212254498794,126.67480497610919,0,0.0,0.0,0.0,0,0
0.703147751436917,0.4398372268130021,0.49588469059111534,268.9089580137137,19.37362612546484,-118.70625727809319,0,0.0,0.45731838098380595,0.0,0,1
0.3621289778450618,0.2803069032990888,0.5041952324930603,137.7019497274776,24.629479851241094,48.465316177907425,0,0.0,0.0,0.0,0,0
0.37740369533692064,0.744612889601985,0.5906960921087832,397.19499669780413,-18.197540266996675,-101.15043635475213,0,0.0,0.0,0.3915575092694499,0,1
0.14346674733497622,0.15319774114745738,0.08043012799768123,217.36070306464197,-9.934461291375989,-13.521081908508293,0,0.0,0.0,0.0,0,1
0.8597762214322728,0.11199797035400715,0.5757836618840155,277.7274139799262,27.60852549740129,-91.22815981796866,0,0.0,0.0,0.0,0,0
0.3670505013535238,0.4421047010903206,0.1444437971244989,361.3706976570545,-14.644363817829156,43.017367918654685,0,0.0,0.0,0.0,0,0
0.6045685623206281,0.6886582809233373,-0.12490032935227338,410.36223617332706,20.203315444767796,-119.75431563074136,0,0.0,0.0,0.0,0,0
0.766656573165208,0.29943009734984005,-0.017266591339791887,238.45608604485622,-26.085191924249468,85.80804633101803,0,0.0,0.0,0.0,0,0
0.18820357325393494,0.7415051988105876,0.5830883486755982,266.14960090526864,-3.532158110332688,-80.7553249284141,0,0.0,0.0,0.0,0,0
0.8215555204409459,0.18860279160712634,-0.0719112292918879,232.2853964076969,-6.660642421314968,-7.526662232319865,0,0.0,0.0,0.0,0,0
0.5401411053426888,0.22191088217309501,0.4997740957252818,461.26463568425163,-27.752039240785805,-106.47473356899461,0,0.0,0.0,0.0,0,0
0.5150489767271856,0.5411933992736931,-0.012560685405388822,46.062631941985785,2.857504843961557,52.84430158693988,0,0.0,0.0,0.0,0,0
0.6871800628366799,0.2513792010562819,0.34751278797428903,125.08142036860876,-13.530339641897342,-105.82845596997541,0,0.0,0.0,0.0,0,0
0.5834536470325616,0.5426589542390684,0.6473037850976051,25.73751353964057,6.27254895822594,74.2270646012928,0,0.0,0.0,0.0,0,0
0.41468275902043505,0.25575077733941626,0.21911689377592192,129.43413526950906,-24.426073118254653,-92.85463358804519,0,0.0,0.0,0.3247637243474953,0,0
0.4869929232740243,0.6279358905086796,-0.027745623777565454,236.59318321531205,-23.712206343459123,-16.05839689784959,0,0.0,0.0,0.0,0,0
0.6090189862882357,0.777376808921088,0.5450990349876568,300.1944013540452,-0.3081784230144322,23.317760559035378,0,0.0,0.0,0.0,0,0
0.43095123270722957,0.1524541460763088,0.5277818922413278,387.61985368615393,-26.48644281102728,72.57160078870317,0,0.0,0.0,0.0,0,0
0.5173215156987191,0.3136469856154108,-0.009092038058980706,489.8784533845764,4.960903469693008,-34.23278427663669,0,0.41100165220658386,0.0,0.0,0,1
0.8840813458850668,0.7647232445595527,-0.10772905674391142,190.87564578193596,21.49601549815774,49.28438374793339,0,0.0,0.0,0.0,0,0
0.27555117935770845,0.3564665267615976,-0.06992967353628965,420.77245748600495,-15.911068288131275,-110.93543601157428,1,0.0,0.0,0.39174129615777803,0,1
0.295806723801884,0.6143318209712245,0.6583456781531503,265.92458860299166,-13.356228978778969,-119.33711599003186,0,0.0,0.0,0.5027793220373522,0,1
0.8629484002257889,0.44882986928947066,0.44713970140731746,303.8920023918106,11.823160037022,-115.57500628074354,0,0.0,0.27228460963627754,0.550790109969169,0,1
0.7769013434865353,0.5332112095916303,0.5276320988043897,485.6766813454627,-6.588776402252055,97.35930285982286,0,0.0,0.0,0.0,0,0
0.8309195512939431,0.2932368038458303,0.6620666405731077,408.8705091696041,-3.224683503812198,77.46475974703327,0,0.0,0.24783039024549575,0.3840068497706769,0,1
0.39931995355304994,0.5474774002249336,-0.12041511590341399,285.4178500430924,-16.758149670511013,135.64316371570797,0,0.0,0.0,0.0,1,1
0.14713197044860793,0.4079898206289269,-0.053756559964027034,106.67687666834074,17.6311215031757,-64.91156647737728,0,0.0,0.0,0.0,0,0
0.7186802634402645,0.7413904702085997,0.27302701723613854,245.26129773195527,-23.362802412321315,-110.15682803726314,0,0.0,0.0,0.0,0,0
0.6363270503423026,0.31348006309686055,0.29583407817157575,118.58707458934023,-18.714441035730047,30.81269085822214,0,0.0,0.0,0.0,0,0
0.5944597017259452,0.586375293270891,0.19411422719503324,196.20452523922643,13.976958340637736,-70.05383157453196,0,0.0,0.0,0.0,0,0
0.13413499004070864,0.6512479258660857,-0.16366144264084492,294.4274219954374,-7.195629988506848,-26.494795085144048,0,0.0,0.0,0.0,0,1
0.6951422019305696,0.41035654049777054,0.007430230602342297,5.698606856598602,-12.545671557559047,-6.90575150058541,0,0.0,0.0,0.0,0,0
0.5954657704389552,0.33561863257112473,0.5818356526017296,131.90265630260478,-20.048648259173273,103.76506057828345,0,0.33876457886047073,0.0,0.0,0,1
0.3534316331030666,0.16090220461551724,0.024600027275643088,404.3167605297072,13.484244038471338,41.252870534270585,0,0.25500650572299943,0.0,0.0,0,1
0.7860940394966431,0.13072774327428843,0.1511790028438505,103.97414444666407,21.497572805811807,33.43640743874931,0,0.0,0.0,0.0,0,0
0.2971999495555483,0.17818741689842527,0.5703285938555358,89.96362308953245,-8.29276894831387,36.43412765186801,0,0.0,0.0,0.0,0,0
0.5536631870955248,0.47994846263941826,0.6859992514600426,138.57744962881412,2.5268819353895324,-43.97052847368947,0,0.0,0.0,0.0,0,0
0.3417655190102209,0.5151650063689431,0.6984372271345762,160.42797551814587,7.8549604448706845,-110.53534675389953,0,0.0,0.0,0.42884687762802687,0,1
0.7478827703045341,0.4664386109141392,0.22599279826130558,264.8221986274029,15.07116696547726,119.08610146014175,0,0.32201210870011476,0.0,0.0,1,1
0.6994402031956812,0.7485646637793473,-0.1922554104860199,471.95379053464364,-34.22442190461861,-58.5527882512811,0,0.0,0.0,0.44010254140937727,0,1
0.46178748348385645,0.7749603503299191,0.5121399304910623,33.33703958117126,-5.213590031861511,102.10238973939681,0,0.0,0.0,0.1074553054910235,0,0
0.38240008575504036,0.47335295830301355,0.5606614986852374,429.3749380876931,-6.864014087105858,106.79697698656608,0,0.0,0.4426786683874835,0.0,0,1
0.1743687230924481,0.6875044029172109,-0.03649321517247425,205.45652833235127,-23.96458481364574,-101.7121138941701,0,0.0,0.0,0.0,0,1
0.5270472040822052,0.529093101184273,0.5658822598661646,291.350743337468,2.2406487173876,61.513889767765505,0,0.0,0.0,0.0,0,0
0.6885649459206399,0.25604317779145563,0.6515910053475713,480.51921255706014,31.88134118114492,74.35527678464581,0,0.0,0.0,0.0,0,0
0.6445432051299671,0.6128792931636033,0.3042307364578863,325.094130233919,6.800558664653487,108.51920067469425,0,0.0,0.0,0.0,0,0
0.7693242764756162,0.2731164069842972,0.3717414114355268,408.9179093142154,-33.053423754260194,21.271792897900667,0,0.5329790907943064,0.013887419208050478,0.0,0,1
0.1082703025757691,0.2853629322436168,0.5536856096376612,347.5097233975582,-7.854874524653958,102.51530141960626,0,0.0,0.0,0.0,0,1
0.30014063803019136,0.09732270170268449,-0.035526666631162024,68.12419710232764,29.301080681055723,70.16574317620666,0,0.7543418341082576,0.0,0.0,0,1
0.3774420072174066,0.5029083381113175,0.5564884471585927,239.4872338642221,-27.658055836452753,-77.05604570996456,1,0.0,0.23461160985664994,0.0,0,1
0.3007045874690303,0.5249242577444206,-0.1309820895952964,164.10774331214674,-8.916015079738969,-108.9506075040957,1,0.0,0.0,0.0,1,1
0.61911640519277,0.34389665805929176,0.38398129269042175,23.101198146942213,23.919149269110882,13.967035177544176,0,0.0,0.0,0.0,0,0
0.6380124103825622,0.5625736881235893,0.5353381012892111,189.4746763675372,31.37545670068168,-66.31058049318656,0,0.0,0.0,0.0,0,0
0.757285207707988,0.5827900530227816,-0.1379487575149938,349.9037703243271,21.323403840583097,-32.36995549226347,0,0.0,0.0,0.0,0,0
0.2069587173329785,0.2993932914469222,0.42643734294609686,9.84543584176592,-26.54302472070674,24.46147430929409,0,0.0,0.0,0.0,0,1
0.824855989993366,0.15273095753012988,0.12870143533075779,185.10224245047215,-18.3392939613282,75.62585632978406,0,0.0,0.0,0.0,1,1
0.539278679778117,0.16785369758216595,0.6159615558970517,454.55878089390416,-23.29579610623314,23.865270937772863,0,0.0,0.0,0.5536334188843416,0,1
0.40640178097921487,0.08671455001116811,0.2956938071290784,341.0074661313467,6.527028045258604,-118.67726980317381,0,0.0,0.0,0.0,0,0
0.3719159960293129,0.7916594334152824,0.6493063787934621,237.42501496100732,-31.81823200872023,-98.89015263766586,0,0.0,0.0,0.0,1,1
0.13560377682324723,0.5199659639842272,0.08266200227416787,469.2220046519979,27.72050732472978,128.80098187977626,0,0.0,0.0,0.0,0,0
0.7775964190935939,0.5934094304154606,0.4518325018231549,466.7675680973995,-7.947331644180256,49.384664379784084,0,0.0,0.0,0.0,0,0
0.32839990177051803,0.5161403358895688,0.6762075378632213,375.08355825322786,23.42923249591108,-28.867911121159054,0,0.0,0.0,0.0,0,1
0.8421397819638166,0.17737235030206439,0.4710860923667249,212.22460060149885,-5.776675366033707,-69.66132641945492,0,0.0,0.0,0.0,0,0
0.7343594374541877,0.33112707483179865,0.02401637105798865,156.55165640161295,24.77025366485435,-65.15511555268762,0,0.0,0.0,0.0,0,0
0.2775256979921661,0.4931796353211449,0.34420915157829185,420.8324863451713,1.5234052021853515,-50.84856207844915,0,0.0,0.0,0.0,0,0
0.7729468003963463,0.16417039969932018,0.09886190017161539,386.3263836511981,22.483787226887955,-94.90114952142453,0,0.0,0.0,0.0,0,0
0.10430303909905828,0.5900998081128521,0.5103443757828003,86.5241760455893,-33.34672321741793,-95.73071349552947,0,0.0,0.0,0.0,0,1
0.8087002003085579,0.6968081754935332,-0.08749943425063426,172.58952640625827,12.716372322277486,37.72544023540996,0,0.3265801691468479,0.0,0.0,0,1
0.34273369179100455,0.5605905499148405,0.3446540712603345,303.36952205329203,-23.33617137614437,72.34084613847207,0,0.0,0.0,0.0,0,0
0.11352693393255872,0.49941292937288734,0.22063574402515668,267.75827556706145,24.142098685881805,-36.776127508281135,0,0.0,0.0,0.0,0,0
0.5176562449563227,0.35175598328848373,-0.12432225862776125,87.84979547167197,32.00028946604405,-18.310854023554995,0,0.0,0.0,0.0,0,0
0.21290287061267937,0.21489709360975118,0.44763632056007546,378.87445014041674,33.02029988723595,120.69220908731367,0,0.7003502980528455,0.0,0.0,0,1
0.8334257404619968,0.3740375037146769,0.44758373247321953,436.05674896678494,-34.58753158383151,-59.746969565434846,0,0.0,0.0,0.0,0,0
0.2414360903130555,0.5407530544709328,0.567767686403595,138.96685640899494,-26.17333468957752,-0.8494897942313315,0,0.0,0.0,0.0,0,1
0.6580561852477164,0.7412653669361996,-0.1543425473673397,68.84631533095803,-29.84438958628146,120.88995940935129,0,0.0,0.0,0.0,0,0
0.6529359004169476,0.46630783223905864,0.1730203467177746,173.87536647265387,2.255551185620888,-77.24040629492615,0,0.0,0.0,0.0,0,0
0.5730329126504684,0.37187954915804683,0.6756566887415401,143.78145464776458,-33.11487929432931,8.175677403281128,0,0.0,0.6911797269708819,0.0,0,1
0.3776363143001795,0.050156275999686264,-0.16812656489494096,209.2216980056664,-29.911184991497233,114.56695176406498,0,0.0,0.0,0.0,0,0
0.8988489494207127,0.10813865288796644,0.5006108656910284,449.0235087496201,24.28267576277066,80.404912189877,0,0.0,0.0,0.0,0,0
0.41868447926340735,0.21488545838243356,0.4247406310076974,399.40088139643433,-28.95868622448592,-106.31393160655755,0,0.18578419974157478,0.0,0.0,0,0
0.17652386369862882,0.7448248403397744,0.5731443365965709,169.314331860321,-14.692239644182415,65.98116066147938,0,0.0,0.0,0.0,0,1
0.2725963034195582,0.17243529289621767,0.5705096528908391,456.53729149626,-14.306453668793587,80.19462791371166,0,0.0,0.0,0.0,0,1
0.7038730960564397,0.21750850586426707,-0.1020937670402705,459.8348510337664,-30.21665116857342,-53.84148485180161,0,0.0,0.0,0.0,0,0
0.38047107194506713,0.7864941080451514,0.20891738718359915,34.13608152119691,31.868560857026836,-108.75885086312105,1,0.0,0.0,0.29447025028979296,0,1
0.1837174563166996,0.2656964986578128,-0.050519905361322476,482.60797793323553,2.7711199494547785,60.215359490223534,0,0.0,0.0,0.0,0,0
0.6998237095221637,0.28128919319014495,0.6997217036878993,212.05333024243095,7.360164684188625,-112.87909096098646,0,0.0,0.0,0.07027394922609141,1,1
0.4723611610977716,0.2916722126880834,0.4802771914961668,465.40765787321703,-19.604967852067773,79.18746854360452,0,0.006090458079622607,0.0,0.0,0,0
0.5171349751287235,0.20367973136207568,0.1479288917145563,5.6423427811201465,12.772682211310801,136.76297892669453,0,0.0,0.2927360145655639,0.0,0,1
0.7741582317837125,0.6258614234860586,0.4851508878052065,147.61682820878104,-32.333884131095665,-58.47144340094036,0,0.0,0.0,0.0,0,0
0.5227779532470272,0.5948641766562561,0.5374687462935233,149.44595692587035,20.18288083229173,66.39184690993895,0,0.0,0.0,0.0,0,0
0.48359058991846626,0.6599034492088925,0.6860872800398115,31.44393314334368,28.931019896786452,-42.56548488674882,0,0.0,0.0,0.0,0,0
0.8244949127544776,0.3123141669514085,0.08214259910261512,486.29246755679776,-13.494525504009808,15.019270028180017,0,0.0,0.0,0.0,0,0
0.7221512331427015,0.5533460513890122,-0.16113463960747157,242.49452965445064,-16.37629482277403,-40.40247556092861,0,0.0,0.0,0.0,0,0
0.553829932711234,0.7314469626079039,-0.1649974818238842,325.7528083676604,-30.543899580222657,-12.079098218713838,0,0.0,0.0,0.32634718435148236,0,0
0.47698818088140804,0.5236054534147703,0.4609762030073899,87.43932344754364,-7.357400098826627,-112.82464649546749,0,0.0,0.0,0.0,0,0
0.6701121985991231,0.44185900439257714,0.6492790104557478,179.4381147237183,13.067886750772537,51.00193290726281,0,0.5721961434320615,0.0,0.0,0,1
0.9167294569222029,0.4511252648249951,0.12740627896933548,50.451811312742784,-23.278351120701455,117.95801704947218,0,0.5838980176386392,0.0,0.4368419859148688,0,1
0.484237436228685,0.17109640117242103,-0.1894811158900538,24.573958323247584,-18.21489607821011,-75.72598744242329,0,0.0,0.0,0.0,0,0
0.35191424133041926,0.4620105787414838,0.42252400291199815,105.74536587441678,16.75562405625339,120.36768179004167,0,0.0,0.0,0.0,0,0
0.8227413252185277,0.3352568097741993,-0.12424073529903547,343.43800409344436,-2.0804668512026083,47.653306866308355,0,0.0,0.0,0.060577108351687434,0,0
0.5067844967090677,0.7438047107109903,-0.11476787429417315,144.60666668468025,11.757248935862094,108.24553701029316,0,0.0,0.0,0.0,0,0
0.10230889613411592,0.7504745777652204,0.08026798691961756,387.9712325179584,-21.972297885932953,-79.20550531003686,0,0.0,0.0,0.0,0,0
0.6298723945192923,0.05166096375020786,0.501473089765915,289.06528758922747,14.507970968332629,-12.48581365128122,0,0.0,0.06543387015667612,0.0,0,0
0.4395899549801524,0.0678691242057164,0.0764367534369838,290.67396875776046,-13.52792987361003,128.6119628227154,0,0.0,0.0,0.06981481390251812,0,0
0.6350003468668557,0.2637350157553009,0.3661916927278745,267.3585903713045,-19.288485039341317,50.669877175912205,0,0.0,0.0,0.0,1,1
0.39523717401329184,0.7610684013831877,0.020086979816648975,217.18274819520488,-2.235919833253149,131.09414080789986,0,0.0,0.0,0.0,0,0
0.5857367221985682,0.6080793129026454,-0.0026168955230222446,114.14979772958166,-26.528982309892594,74.95044912321129,0,0.0,0.0,0.0,0,0
0.8177718191763391,0.6794677141692793,0.31382601501368385,329.70281718807644,-11.177785977074755,106.10142136017797,0,0.0,0.0,0.0,0,0
0.6592224499070193,0.39623051076802607,0.02574380674929322,451.74997104952575,-17.347157833276057,-98.72830166791832,0,0.0,0.0,0.0,0,0
0.2252653123563829,0.1445309559255067,0.07053825617513865,462.04987370739786,-14.223495508180935,-95.37296664358017,1,0.3519655205020488,0.0,0.034854244214053164,0,1
0.8662131029837923,0.2742240444615937,0.022033305114827317,338.1233200523216,-3.404421703176908,-45.1762139232344,0,0.0,0.0,0.0,0,0
0.9318891990463988,0.29522748926460235,0.11669291835432993,2.8489363000613874,32.764441325128985,-72.72277022322831,0,0.0,0.4858383343901094,0.3308143631060009,1,1
0.9195031997634289,0.1485037029142227,0.41658491917161916,73.90007570260954,-30.866202824800634,87.11587182890679,0,0.0,0.0,0.0,0,0
0.31199846515644114,0.23060850810524586,-0.14511032896350518,132.3980033362183,26.05637833813352,-56.83906993012935,0,0.0,0.0,0.0,0,1
0.6103772782082504,0.07677810064510614,0.14778758782925716,125.9478852229419,-31.57428871782941,135.69520744507182,0,0.0,0.0,0.0,0,0
0.7945349564291219,0.40357389289044615,0.6488135605485756,413.30493600169194,31.72716770936526,-105.65513123585555,0,0.0,0.35394030903112883,0.0,0,1
0.6028877321839383,0.645355110626507,0.049995379326749745,262.84945834213676,11.818160848480474,48.645962871808194,0,0.0,0.0,0.0,0,0
0.7222474671344981,0.6148442921718887,0.5098415236546363,232.30319654170967,-24.17894128080622,-46.21721146157637,0,0.0,0.0,0.0,0,0
0.3804831171230172,0.7186828495997937,-0.06437944058896475,397.54227114905945,6.4397702013999165,-83.80965258339134,0,0.0,0.0,0.30065431089119143,0,0
0.8841559687955788,0.35687023770241694,0.04211627807167556,398.85514618082055,-12.395860007920788,-82.30000914877098,0,0.0,0.0,0.0,0,0
0.37002932806421307,0.10405005992969059,0.5709285079644806,486.1204338072519,-5.01970641979873,-74.71365432778944,0,0.0,0.0,0.0,0,0
0.3852697634246647,0.1597889110807006,0.08008104196830484,449.1401114356502,-6.1650009690907055,71.83555424082289,0,0.0,0.0,0.0,0,0
0.2170131328483376,0.05010490435777522,0.06829409445129941,248.4247361474139,-2.384587388216282,-100.1587125877931,0,0.0,0.0,0.0,0,1
0.15278789168588022,0.7904305864708505,0.1458957966870743,495.9141635570947,-24.09027753219447,27.092093803652944,0,0.0,0.0,0.0,0,1
0.566012828794998,0.7890116841149164,-0.09366294454111204,411.7041849248364,-5.4409992666975455,21.268814652124547,0,0.6454362284723543,0.0,0.0,0,1
0.8479954602772255,0.5407080062937039,0.5506703926013969,266.0244908449742,11.281177861481225,-13.390626240984304,0,0.0,0.16930168874303755,0.3417540892046283,0,0
0.21468342055622766,0.4611512568641534,-0.17608518550179753,24.173808020230588,17.86368580390537,-23.262016744745097,0,0.0,0.0,0.0,0,1
0.5836926186640268,0.4891737432197483,0.5912659822566464,252.85186520466493,-14.772663536420147,-59.15741254217945,0,0.0,0.0,0.0,0,0
0.3224240281549304,0.7320185165470401,0.6309317037487328,221.40483896749856,-22.326586761304174,-99.92483019982691,0,0.0,0.0,0.0,1,1
0.6898364694929564,0.6565992401671824,-0.1347103836366522,368.13719530252115,-15.976096703789242,54.92318399300606,0,0.0,0.0,0.0,0,0
0.17204034329547951,0.20668950678734455,0.497826874793501,156.09822979405948,0.7680750032897663,-80.71033530054211,0,0.0,0.0,0.0,0,1
0.4312575290433337,0.4233751813442811,0.6849410239006384,253.06334878895646,10.903730327582565,-86.60066818192118,0,0.0,0.0,0.0,0,0
0.4711869907594918,0.45359468668775443,0.4329454610005052,477.2868196279769,30.560210933956554,-97.23919717401454,0,0.0,0.0,0.0,0,0
0.17094138666343592,0.39866381581306193,-0.16726253285051718,67.38612220674489,7.4068814751185315,106.27913025716663,0,0.0,0.0,0.0,1,1
0.7615127044541651,0.08297528678461301,-0.18490525063278745,170.64352278954053,16.79420103409486,-102.55803696680675,0,0.0,0.0,0.0,0,0
0.9211011297787983,0.334534300799361,-0.14367822311694778,259.76242548031024,-26.707735754897474,-75.12696260168477,0,0.0,0.0,0.0,0,0
0.24015731180954308,0.5359932818688702,0.0951604965322283,210.89036993279015,-12.760691007281316,139.237488881562,0,0.0,0.7369706458889698,0.6226090940153061,0,1
0.22270626264514826,0.5386583191859775,0.2867372076652399,319.37586992521994,-17.9494638082148,-99.9829004418741,0,0.0,0.0,0.0,0,1
0.4746805842338476,0.5827811816918381,0.08034418653836589,406.2695574459787,27.267037962520597,7.103421989772315,0,0.0,0.0,0.0,1,1
0.870778838504287,0.45024931220698744,0.0826599306882228,255.76595485329716,-14.88422416632785,-93.83581525222874,0,0.0,0.0,0.6775499747836791,0,1
0.9156070350144913,0.3893657140435269,0.22569427688133592,274.0042573435474,28.774850993371416,-102.48748331065525,0,0.0,0.0,0.622340470170158,0,1
0.6839452223991199,0.5793307947565152,0.6050712484121445,335.15732342189915,-4.839764434263806,-74.56869335246958,0,0.0,0.0,0.0,1,1
0.23965134224560053,0.5849412113260414,0.3443247598173869,360.3205602493555,-23.520164804569635,116.32745108850725,0,0.49032534223008944,0.0,0.0,0,1
0.22162671686329272,0.7997406454224179,-0.015269945685680103,170.51815772792787,-2.5402094683959575,-39.677703019547025,0,0.0,0.0,0.0,0,1
0.8948283079526758,0.539311302773866,-0.1476444554060753,367.7350952075197,8.985675702432943,-80.45486463211027,0,0.0,0.0,0.0,0,0
0.6321439386277073,0.16177924079027345,0.283865988578528,259.9244458603797,22.02766977730488,63.68911149260745,0,0.0,0.0,0.0,0,0
0.31146750073619334,0.34383863356306804,0.5458729407585163,44.132437264077936,-31.971326324326064,127.96241523369375,0,0.0,0.0,0.0,0,1
0.10329895499174901,0.5665820872984311,0.10681574261821747,100.7582774652896,11.15051656694741,61.936204768112106,0,0.0,0.0,0.0,0,1
0.18160251844597503,0.15300628862323945,0.02297786143193578,14.981151116304202,-15.22964925873399,36.45025269216677,0,0.125285596956154,0.0,0.0,0,1
0.652444154589155,0.2803342776254283,0.16201965918696465,420.46427837900893,8.130912158833198,-46.47247510522058,0,0.0,0.0,0.0,0,0
0.7566765449803763,0.47681126536915364,0.4114919937581774,110.40970934251115,-13.369813878640134,45.93960823753588,0,0.0,0.0,0.0,0,0
0.28092522894565186,0.3553512691162066,0.21805536681253423,232.47584433830517,-1.0244377502755668,-39.29658358685015,0,0.0,0.0,0.0,0,1
0.5805175142424682,0.7036850585201924,0.6881284974147042,123.06128982214865,-1.6214254549348865,2.4107835121471055,0,0.7224084811169776,0.0,0.0,0,1
0.5219688621586631,0.5050881869735976,0.14890348056652009,47.711013016917065,-10.514293503325028,120.10802662437456,0,0.0,0.03894563627297174,0.0,1,1
0.6940827492538667,0.5716388734354939,0.49384007525379,199.440628625548,4.686410135635114,-103.24287702265339,0,0.0,0.0,0.0,0,0
0.6716488532991292,0.5788538120633714,0.4804308734009491,300.6747593160753,-15.797691590747394,-59.890330494437045,0,0.0,0.0,0.0,0,0
0.46590975334545837,0.38825090098206666,0.504167085740177,3.2095312367719373,34.550348853704634,-53.37647097275844,0,0.41628899011012543,0.0,0.0,0,1
0.3859475899701026,0.2958437006084839,0.56053712151658,34.84336745068638,-2.169450890862045,20.67319929121024,1,0.0,0.0,0.05680792725535828,0,1
0.8110552211887816,0.24357561436695763,0.44942528950130195,448.10427391727205,23.99187929674349,82.79206816955394,0,0.0,0.0,0.0,1,1
0.3299496809652357,0.08211523620236989,0.2940288704826682,475.273647429993,34.206977866285484,27.940993426724788,0,0.0,0.0,0.0,0,1
0.9134578128630436,0.5403237270721728,0.520054899162314,9.081548612423555,15.821574206762257,-97.08948506543425,0,0.0,0.0,0.0,0,0
0.5467461062771444,0.7244382556359156,-0.06390077720869719,287.0969955648719,-30.396706850816457,70.29850414911792,0,0.0,0.0,0.614319204896289,0,1
0.32940808944058647,0.3426951613270665,0.583794397107102,392.1639876293677,0.9025577437521832,-36.55090233176213,0,0.0,0.0,0.0,0,1
0.6155163404428114,0.2598879490666138,-0.1809787393882622,477.9760282776889,24.82520234436216,-78.83296842081052,0,0.0,0.0,0.0,0,0
0.4322738505786482,0.34302286342089205,0.5214267690821186,329.2343232738806,13.030610656096137,104.93801356466258,0,0.0,0.0,0.0,0,0
0.42083977584120125,0.1285117975399767,0.5913599016607498,263.06426031288936,22.160137316729447,28.78759433263258,0,0.0,0.0,0.0,0,0
0.6648500828039056,0.06078284729689877,0.6725184187705056,78.55083542148608,26.454784185368183,-27.327274121463304,0,0.0,0.0,0.0,0,0
0.6218961089742525,0.7651816078920508,-0.12464248795404011,279.3355356586119,-33.37205464008191,-64.50087886174495,1,0.0,0.0,0.0,0,1
0.2739986468171264,0.648837161920651,0.30390089680087934,426.27986483836787,25.421739487429477,24.040600412873744,0,0.0,0.0,0.594146073031735,0,1
0.293138867936326,0.7825596402705588,0.0316076071333084,294.90075838741126,-19.961505035751436,-116.57367487178088,0,0.0,0.0,0.0,0,0
0.5728655310665975,0.6480560989243397,0.0938328172506791,182.54457125584264,18.269887530927292,82.17465888733884,0,0.0,0.0,0.0,0,0
0.14526320830543185,0.20107661814128247,0.14537185537290148,437.07193015329426,14.352901937394385,136.52193124073546,0,0.0,0.0,0.0,0,0
0.15511194406101977,0.353434648137034,0.4816234579278867,192.08721019380835,-22.383048073090357,87.31144206227577,0,0.0,0.0,0.0,0,1
0.6953616826205975,0.05353278447495376,0.3277532758738902,113.36337248807423,11.097498855782149,137.01919109013193,0,0.0,0.0,0.0,0,0
0.5043480082526179,0.45446524178623443,0.17264193327516508,444.8353198533607,-2.5404900146464016,3.434024827040332,0,0.0,0.0,0.0,0,0
0.6585911507154993,0.5279170571812992,0.1836879740245232,367.3762066599247,-26.598273106966143,-112.74209627024955,0,0.0,0.0,0.0,0,0
0.11388133548452231,0.051045742174483724,-0.04222499894533202,161.7887123889716,12.85629693124983,-7.108283287800262,0,0.40979437768402616,0.0,0.0,0,1
0.21578836171615012,0.28003512477694414,-0.062452038838633595,462.56031521639176,-10.320652855050476,100.18804217823879,0,0.0,0.0,0.0,0,1
0.7564635451549501,0.280186382007407,0.015039453584009821,275.9745548304158,25.931783036792623,-5.805588548870588,0,0.0,0.5586819635214545,0.0,0,1
0.3501183390889717,0.4703425622007603,0.6160454636147403,261.67001145084095,-9.022114776896167,10.967699718370625,0,0.0,0.0,0.0,0,0
0.3580961969405212,0.37093279347866537,0.45482834081727724,338.5187669444452,-34.79337760278987,96.187315435594,0,0.0,0.0,0.3572586929922364,0,1
0.4306699174123725,0.4027337480079642,-0.13785108912120014,407.1752613302498,-7.132551429163726,-59.81089677148205,0,0.6522708808880463,0.0,0.0,0,1
0.3408563027682437,0.6323085389388632,0.36644372014603493,239.03544004046353,6.141306962358847,-10.714506629404411,0,0.0,0.0,0.0,0,1
0.36049916887023636,0.13976328139961197,0.18617642091320258,110.27185639269027,-26.513947641811605,-16.339494506380376,0,0.0,0.0,0.0,0,0
0.19100479879775178,0.14683925342919651,0.6471221583212605,253.4947708326146,15.115836714480253,-82.50614185972813,0,0.0,0.0,0.15346698241278023,0,1
0.8160194202896911,0.21731104657144829,-0.17254225613658053,292.7361397788114,-17.373158737418983,65.38383670050237,0,0.0,0.0,0.0,0,0
0.43319988794809217,0.40620916635000576,0.6217381012413992,344.2762170141355,-6.478824691052598,-46.976932808392434,0,0.13554789285149438,0.0,0.0,0,0
0.4524860290999553,0.5497187699512828,-0.12571481745992671,103.81387870084956,-25.40696526666806,37.51863347924231,0,0.0,0.0,0.0,0,0
0.802117317307245,0.1523049384820402,0.4311574570620464,480.74116881703833,13.909584254963832,114.24191477140286,0,0.0,0.0,0.0,0,0
0.8313767213798297,0.35273719186436403,0.3951519836529354,115.13795834102821,-21.69937148772113,-32.59009593848461,0,0.0,0.0,0.14560006301368958,0,0
0.652080043790397,0.7310001061590936,0.013981843973362218,67.33703534714675,-7.8626584002303375,2.0386298925512136,0,0.0,0.0,0.0,0,0
0.20174262751093566,0.479800932217511,0.6849527522762995,218.61287806728944,-9.488510822791689,73.40079246498323,0,0.2705956064199028,0.0,0.0,0,1
0.38483500787139335,0.2621375234449778,0.577761319126264,70.49083665768505,29.523375185481214,-66.43558555931256,0,0.0,0.0,0.0,0,0
0.7334566067503592,0.5260386779752372,0.500364512950338,226.1037591066495,26.33580687113303,-48.59712936987779,0,0.0,0.0,0.0,0,0
0.7266258501158642,0.740979333686121,0.45390478117740035,314.5100130265136,-17.8114911194673,5.966975091081437,0,0.0,0.6450392299318439,0.0,0,1
0.724105516129359,0.7162873109387917,0.30831384874975115,188.0743416627913,32.7407657497064,-83.06478742378405,0,0.0,0.0,0.0,0,0
0.4151903091843858,0.20741327265941517,0.4820501933951202,306.3070854203759,-23.94944458454441,96.05159304442495,1,0.0,0.0,0.0,0,1
0.8585887080959811,0.595858903208234,-0.14408361495646355,40.17259621650032,0.9415238341870591,35.22781166592051,0,0.0,0.0,0.0,0,0
0.40906027745636375,0.2966095508343224,0.1884731506981694,191.27159661670257,18.05048720755798,50.77361252204537,0,0.0,0.0,0.0,0,0
0.4711508755354229,0.2593358960355467,-0.18123192955381107,40.12931870500784,-34.10954336161111,-11.918516910261914,0,0.0,0.0,0.0,0,0
0.8025965807461583,0.5171329308755055,0.08636004135469205,394.9561292603251,-24.444951027238183,38.60129427136005,0,0.0,0.0,0.0,0,0
0.22019853650175475,0.43321451128728455,-0.015979520658215757,373.42641002385983,2.7989591996059318,-62.18783953143091,0,0.0,0.0,0.0,0,0
0.9210479697911355,0.5913780907205965,0.3171813057148147,23.054551385995428,-34.55363306396827,12.92382705557219,0,0.0,0.0,0.0,0,0
0.9010184828592437,0.7573698211887854,-0.11426875294732582,433.23600442139764,31.130184960308213,27.708877471711844,0,0.0,0.0,0.0,0,0
0.8708111667231861,0.3948764063201097,-0.12385522428033338,299.9955915923623,-23.94391515684713,21.970527926445158,0,0.0,0.0,0.0,0,0
0.157081660617178,0.594707675552677,0.5862562743373876,442.62536183635757,33.70667943606824,61.93615261112407,0,0.0,0.5382351247117776,0.6876911604250124,0,1
0.22249436978345438,0.7630971771292642,0.6654942202171688,364.14918308309365,17.868346462718257,87.77049448729471,0,0.0,0.0,0.0,0,0
0.36385864228252107,0.22747597910846418,0.3865120026891677,252.3138265111194,-26.697660318406314,-76.29008170178855,1,0.0,0.0,0.0,0,1
0.32475760715305957,0.4030269949446363,0.6184049047984894,338.029564827559,-8.208608646881792,60.19779551861981,0,0.0,0.0,0.23865250637834587,0,1
0.22791573667704879,0.255333623397967,0.49470276990666556,255.5509858370446,33.27732840434038,58.64064923477636,0,0.0,0.0,0.5089985433604698,0,1
0.2640686943299003,0.6740271709719865,0.2874710723409911,366.6082300518864,4.752017421529914,-57.09897754606667,0,0.0,0.0,0.0,0,1
0.757089277599164,0.540362118880776,-0.08964271259933751,438.2542370590959,-8.04840703586762,-118.9888232318506,0,0.0,0.0,0.06678596083255965,0,0
0.5214459669523173,0.40461960901113925,0.5337085879628691,112.21784228763822,13.448052806223721,-64.00643872897587,0,0.3489718943390388,0.0,0.0,0,1
0.9194226820405317,0.456996035682861,-0.10492913893653877,193.02573246580255,-34.2040196120979,-61.58716196970972,0,0.0,0.0,0.0,0,0
0.5635234407421676,0.6969707443504534,0.004255373281391639,350.9647433995533,-15.11418384147661,-4.455884847327297,0,0.0,0.0,0.0,0,0
0.2650927168595102,0.7145166387540685,0.28313428065256707,466.05186095109724,-12.498555002509718,126.53186747195429,0,0.0,0.0,0.22011196335254543,1,1
0.3473756574414071,0.42592554133729615,0.4335989159317864,1.1917393632004152,22.236478174365942,30.452907502844226,0,0.0,0.0,0.0,0,0
0.3848664666022453,0.3825885723418772,-0.1377108094261511,146.08328846994937,-7.520175305855901,38.307047054356445,0,0.0,0.0,0.0,0,0
0.5497628986500157,0.14195422586671191,0.5721452217067693,134.794896388689,-32.77119320597341,-104.83387136371162,0,0.0,0.0,0.0,0,0
0.7190093464647417,0.7745907656531441,0.4864466963034985,113.26939968540984,-13.832340579979814,-113.21257950309474,0,0.0,0.0,0.0,1,1
0.2259843445093285,0.4261027793495094,0.6277875626264766,252.65571512953122,22.728576556076476,-34.31513882205117,0,0.0,0.0,0.0,0,0
0.5644992375809587,0.6491101651934337,0.5987112565174322,472.52628448154115,9.760323061812365,-99.89283525386172,0,0.0,0.0,0.40275516500475167,0,1
0.5756220201953504,0.24912653823764525,0.5007935147752061,155.23671909502542,27.31798304419194,49.34902220069614,0,0.0,0.0,0.0,1,1
0.26387886296355223,0.6009226072053399,0.19816674890529656,196.28260875240215,-19.55117856636994,108.77033631420895,0,0.0,0.0,0.0,0,0
0.34322993590808093,0.12533861054027218,0.4378202863197637,123.47947839060664,-29.24678540607543,24.577696505907852,0,0.20316363093288797,0.023683545856235357,0.0,0,1
0.6217683300884186,0.36752562520501114,0.2252440178805073,162.3139352801867,3.699753025492086,-51.90205906240293,0,0.0,0.0,0.0,0,0
0.6392528992496891,0.7713566671679875,0.48873115423315866,400.8335818866442,-21.335703699382854,-68.0013814166538,0,0.0,0.0,0.0,0,0
0.64162726163941,0.2579993872613341,-0.014625265239431834,118.65288357444929,-34.99879037637259,60.67624925185288,1,0.0,0.0,0.0,0,1
0.678301681852617,0.3460573944147762,-0.15841200251177742,219.84333201291102,14.579125541557161,12.348305762025262,0,0.0,0.0,0.0,0,0
0.5196189253290574,0.7288089190732053,-0.11613519521275813,124.64057208171359,-23.241946673575637,98.33820218683769,0,0.09654475753539798,0.0,0.0,0,0
0.8966544548682286,0.7124713989870093,0.2117463105465725,393.86132189289185,17.6884745040075,53.07924641977269,0,0.0,0.0,0.45949081034105244,0,1
0.4348603597089372,0.26707589055253855,0.6423643177515426,100.93188941516968,33.08515049227245,60.57461851712918,0,0.0,0.0,0.0,0,0
0.25199887739032945,0.2398463725900068,0.5071298372018433,182.10106706414388,5.335848240528996,41.67521887481411,0,0.0,0.0,0.18811346280723884,0,1
0.46932145341006704,0.6826268099465477,0.6750574945845926,498.80570487416963,21.472533457230924,-22.514991984633383,0,0.0,0.0,0.0,0,0
0.9259903125053088,0.777576932089483,0.28765486436752746,366.103572710165,-11.99993369419878,48.75330199104707,0,0.0,0.0,0.6353653173749214,0,1
0.5520272427615265,0.5575487368932968,0.06975608708712794,113.46944247604424,-23.22346584897192,132.59663684926105,0,0.7125031737940131,0.0,0.0,0,1
0.39032735917544403,0.06809853350449381,-0.10622599745639677,198.27866351806176,30.502342109251956,-41.000880355091695,0,0.0,0.3617999124619667,0.0,0,1
0.4079870471550019,0.6841837564313199,0.6063167840759469,36.688253113030704,13.116726479887632,117.06353644931085,1,0.0,0.0,0.0,0,1
0.17231991854644435,0.7090234036731833,0.5204382073267686,133.32730436894073,33.28225078380484,-81.69974249831513,0,0.0,0.0,0.0,0,0
0.4849086386743735,0.20892836403618792,0.24140233100490088,75.32828575756855,17.87817023654579,60.440988294927905,0,0.0,0.0,0.0,0,0
0.807177957016833,0.6562878255052049,0.3070436988685837,386.2591330008427,20.226206442549874,12.641132008877918,0,0.0,0.0,0.0,0,0
0.16554742393641414,0.6489512430027868,0.594699980374612,478.93466494996335,16.513532998202145,-94.62544356267699,0,0.023937258754858526,0.0,0.0,0,1
0.4667979214017758,0.6359714455178911,-0.15819589593486091,320.6600877827405,26.360836360494005,-25.6733149963232,0,0.0,0.0,0.0,0,0
0.6258821413955595,0.12461448646494531,-0.13390355465991044,101.37415117532271,-13.254592516863685,8.07169349081002,0,0.0,0.0,0.3707695661787087,0,1
0.46994379359525484,0.5942502817129016,0.059500138490421295,260.6934243191825,24.20657069165599,-116.16916996891801,0,0.0,0.0,0.0,0,0
0.3608959918645247,0.6689526397361862,0.6597027747962108,302.74368532718626,1.9991655113819178,38.1265416557799,0,0.0,0.0,0.0,0,0
0.7212287660534027,0.24645406945074472,-0.03458186459495169,140.5812916964509,-5.771468086238322,-93.96260837111615,0,0.0,0.0,0.0,0,0
0.37086001717195416,0.2664171874755294,0.41890625761187433,397.4409792008753,-32.506902868595176,120.1059310536132,0,0.0,0.0,0.0,1,1
0.507050301454899,0.18641159955563608,-0.11983562253418302,326.62137661089736,-1.4185690273777212,-67.21693039542919,0,0.0,0.0,0.3501814887981603,0,1
0.18653838205024847,0.7691202419354062,0.6977184074265645,430.75268401942225,-32.277881133141555,128.4254030054297,0,0.17424498339092392,0.0,0.0,0,1
0.6234091913376156,0.17161501889527248,0.4903942154988495,174.89467473335495,-17.941205736073375,65.35909685578721,0,0.0,0.0,0.4048148955193588,0,1
0.5305099200767686,0.43764582014508424,-0.15844510195767136,423.2466880295136,28.002636743990323,-14.321016121151715,0,0.0,0.0,0.0,0,0
0.663600803010124,0.2925651503476743,0.5002882046523087,426.7363751321263,21.539662912291334,131.66205768914665,0,0.0,0.0,0.0,0,0
0.873619084128246,0.34859714304661954,0.12077799465904254,179.27380259608873,4.351972930883711,111.4849647774783,0,0.7347671434588765,0.2862940593704047,0.23956588279033272,0,1
0.4294053228256055,0.4307681986912483,0.6583522047040722,227.3147474011239,31.108464641113855,60.37975122525759,1,0.0,0.0,0.0,0,1
0.18565625083203074,0.76717231914044,0.025821781248194786,407.65282144314244,-17.89674175015625,-46.470859636602725,0,0.0,0.0,0.05777705579546602,0,1
0.8585401597813951,0.16169281591029483,0.31829910604142525,119.98745162769522,9.135987571362314,-23.202207768819292,0,0.2828992325231079,0.0,0.0,0,1
0.354968038063173,0.5973470290161376,-0.14960951490377505,374.0337613880732,11.10309944977633,7.21712239729662,0,0.2738440818533909,0.0,0.0,0,1
0.19759743687052067,0.444415809018406,-0.1842717877468736,360.26567557943986,-5.57610284742367,31.589630032666605,0,0.2745007927055458,0.0,0.0,1,1
0.2143707745214407,0.43098078848485044,0.1653156823372624,103.67758970526472,24.987374210291073,-11.469696479181707,0,0.0,0.0,0.0,0,0
0.833323093073665,0.19739593260902405,0.4286341727105259,393.94790091996987,22.28741939352613,-19.353265121112628,0,0.3561681557297089,0.0,0.0,0,1
0.12756291979517304,0.3711231696330631,-0.19437308631836137,207.81310700052623,26.13010684922557,68.06384452910913,0,0.0,0.0,0.0,0,1
0.3848718960990345,0.7267009999507219,-0.16096880849651413,367.81115881535345,-25.079016195900213,43.542917703546976,0,0.6353291963748133,0.0,0.0,0,1
0.9168110057794546,0.30371646403439373,0.4527693885610134,329.9883192586029,-19.806266781340398,93.57685617429223,0,0.0,0.0,0.0,0,0
0.16996687877603983,0.589314760402998,0.4646338395638164,249.40837503143914,-9.347890206302619,22.98736763553498,0,0.0,0.0,0.06498097981875171,0,1
0.5106265457953866,0.09986159091029857,0.08641811619231582,93.29650091511,-20.163023438626528,-107.53325660625705,0,0.0,0.0,0.0,0,0
0.3261654563329398,0.4566337243881549,-0.06266564764179319,254.43330081544642,22.088890867388372,-71.7903927981535,0,0.5222969837188817,0.0,0.0,0,1
0.39060848303254103,0.24124779711121463,0.021270137285777063,75.10820655334184,27.065451550653748,-67.84086540470565,0,0.0,0.0,0.0,0,0
0.16168078791981488,0.7980845229908904,0.10229729855644804,101.61703434312894,-3.114517434378506,28.73030059618509,0,0.0,0.0,0.3182103021009873,0,1
0.9337922392424313,0.7059155564172912,-0.14543922015859945,15.671123309955183,33.41405960127935,120.48917673839307,0,0.6070015958398908,0.0,0.0,0,1
0.7151629891229553,0.7457930667119345,0.4794296121073908,27.990730322186003,5.056480674007197,55.72229205471291,0,0.0,0.0,0.0,0,0
0.6459893075419788,0.05469114394043588,0.6732882376670635,304.30504338639213,-16.37660614481771,14.307970362608728,0,0.0,0.0,0.0,0,0
0.472118130363019,0.537086972086026,0.20749638326569003,181.26989178179292,-29.665068998076233,-82.62338600313421,0,0.0,0.0,0.0,0,0
0.29756983983200647,0.7241981444133984,0.08164337157162582,485.1190795338416,14.92117385070717,-8.847635481890492,0,0.0,0.0,0.0,0,1
0.25193562270091996,0.20519420573249725,0.3177627620386834,311.8444209812406,-32.09360163222754,-7.771047278025222,0,0.0,0.5576687242408696,0.0,0,1
0.40524802000223437,0.2875587893081016,0.1757827343035937,117.9066515011042,-29.612140322550133,49.23165761969372,0,0.0,0.0,0.0,0,0
0.21129326348075939,0.3176956877605855,-0.18820391752060955,387.82005887815126,31.266449952532213,-54.939480243247814,0,0.0,0.0,0.28018593586293816,0,1
0.36342386147836536,0.1475207044870594,0.0647685743318192,477.5103771611154,23.05241853802299,134.40081969051477,0,0.0,0.0,0.0,0,0
0.18749588341857215,0.7456534081801972,0.3337073532012828,457.274085490248,-0.5569203029333707,93.58174925027319,0,0.0,0.0,0.0,0,0
0.7822835244673059,0.22516920800127171,0.5223381921995593,269.0323312962436,-0.1602542934489577,45.727511382118195,0,0.7024817857180032,0.0,0.0,0,1
0.8452117583359683,0.06019854963468603,0.300174890230341,439.8074213993724,27.679028533248974,106.18507757444206,1,0.0,0.0,0.0,0,1
0.5388549587827868,0.08158960512563325,0.2312182969014695,161.92311074399012,4.6941949842310535,-55.159805044954254,0,0.08708910392699228,0.0,0.0,0,0
0.6180775136255385,0.6839958311339812,0.2681082330715109,308.5984467921818,-2.1368375129622024,-36.87151155831913,0,0.0,0.0,0.6108686804529478,0,1
0.8216969328920979,0.7885435838552058,0.4794711208314209,214.7589467726998,-3.3343344390051755,-58.31819589807455,0,0.0,0.0,0.0,0,0
0.5929629339656587,0.40040481285879853,-0.0041005361278995955,68.60947300419234,-33.687778700264516,31.402712990110302,0,0.0,0.0,0.6216399844239834,1,1
0.686558166505485,0.5800317270567132,0.6271843613316679,425.2215821622998,-18.25694295141946,84.06493768119816,0,0.0,0.0,0.0,0,0
0.40949741121399097,0.12678060681852482,-0.023555389707482055,306.9740681934413,12.805933228980336,-118.68125658294272,0,0.0,0.0,0.0,0,0
0.2233283825756225,0.2537878316208399,0.21719853054500943,251.7074174361149,-4.174812299809798,84.8783907739217,0,0.0,0.0,0.0,0,0
0.42194286684789617,0.6517907162005604,0.18805823590963655,334.79692509810474,10.464817443114825,108.99675557813356,0,0.0,0.0,0.0,0,0
0.4841845556659162,0.4667600952748397,-0.1555046335855332,274.5883931235228,-7.981296973623966,10.685710063503393,0,0.0,0.0,0.0,0,0
0.27704259433325984,0.5522250765400324,-0.09234028027473268,33.9442106764616,-6.187635659237138,57.62414099927315,0,0.0,0.0,0.0,0,0
0.570809567873983,0.3844303532894932,-0.058514010912797954,441.3102932415864,34.18811775746326,-97.39095854350244,0,0.0,0.0,0.0,0,0
0.3648267771899929,0.6689502750203274,0.6126262529176327,206.32834406739215,-16.314747271839103,20.010663395192893,0,0.0,0.0,0.0,0,0
0.5871718602576861,0.16583486565994165,0.4563537563777244,88.02647205264351,-22.82851490971732,-67.4788622095006,0,0.0,0.0,0.0,0,0
0.8883425885151429,0.6665423829157278,-0.14211415383322484,347.3559321469531,-23.279842618871093,-43.45971682425362,0,0.0,0.0,0.0,0,0
0.7035101234444856,0.5911919370591281,0.47583690185398947,85.33481246583132,25.53856202159504,-25.838663258927767,0,0.0,0.0,0.0,0,0
0.2198616050656364,0.12946911588286047,-0.033092725680613416,94.48453405593328,30.340298900923045,-1.5473750930621435,0,0.0,0.0,0.0,0,1
0.3098078242979545,0.39925274687819157,0.5421361228863395,441.1754615206068,26.31268679000943,-65.70185682914118,0,0.0,0.0,0.27479360801920105,0,1
0.5180524275955382,0.08437298781340395,0.072783239210931,5.089648459994204,34.32633869240803,-27.40809275947565,0,0.0,0.0,0.0,0,0
0.415851189260117,0.2964604416544529,-0.02123566515397296,411.24970767211687,-28.424391226877244,-15.851809752734638,0,0.0,0.0,0.10268035379673923,0,0
0.9413776901484654,0.6469277054725946,0.46030516503502533,278.928287190692,-15.152099317936834,-36.26776155812274,0,0.0,0.0,0.0,0,0
0.16152004991120017,0.6311401812216547,-0.02711659023681584,159.30925533369106,9.318013652477923,24.134914653577255,0,0.0,0.0,0.0,0,0
0.49481560219265963,0.20095918942469732,0.14078658113615972,150.89519227577443,6.722610849583035,-114.45607885630051,0,0.0,0.0,0.00035513580202684025,0,0
0.40059969230470427,0.43143455308663087,0.24870875318876134,47.158121366028844,-16.199815417558742,109.21822480539146,0,0.0,0.0,0.0,1,1
0.4405890370191061,0.4822849993714872,0.13119945900836127,85.85123366893303,0.4195008687115518,139.59590523909282,0,0.0,0.0,0.3437277713856035,0,0
0.5087167238814284,0.7468088376205781,0.35745470959227293,8.449060184926381,-11.232269890403941,-4.445822997984038,0,0.0,0.5064261779507993,0.0,0,1
0.7581766612610641,0.3486683776917517,-0.019790324651251662,204.1010809223933,12.13198091575807,-33.65168381578732,0,0.0,0.0,0.0,0,0
0.5419395911764495,0.44329611235166455,0.6878181915216954,466.5515491306974,4.997238700954618,94.9804088459228,1,0.0,0.0,0.0,0,1
0.2023180257427305,0.33608946860074856,0.29015447033238284,472.92644554483024,-15.699334945311495,56.0401893766051,0,0.0,0.0,0.0,0,1
0.731205990602633,0.4196971932366998,-0.14825012895784334,13.659161392662847,16.78638161995196,-0.2960067661225878,0,0.0,0.0,0.0,0,0
0.853885154719888,0.37862561488474217,0.21283668375132236,124.00494142659178,28.36215452378653,-86.85850210176164,0,0.0,0.0,0.5693958730532004,0,1
0.4262652143961482,0.29123381718540214,-0.00012721075754149047,350.6992797957093,14.685098315495182,120.25614692505272,0,0.0,0.0,0.0,0,0
0.8421596894821792,0.23502404302764318,0.18132361883104536,331.94687688611907,5.135749813543079,133.04206596478525,0,0.0,0.0,0.0,0,0
0.7618006396816364,0.7347934467774654,0.07356862425504535,481.52382267762863,-29.410259743406694,-21.699679565662592,0,0.0,0.0,0.0,0,0
0.7678166291138175,0.6712084833404516,0.018900566803862706,390.04834630434294,-19.03075157728221,135.5101211593801,0,0.0,0.0,0.0,0,0
0.29235436569013745,0.07655225494931593,0.6814432442850054,368.235788333173,13.3370389203427,-46.9241849871448,0,0.0,0.0,0.1989059846765786,1,1
0.38802738950970017,0.35573793656470715,0.49913197219606004,413.2528207286979,-5.1170683100001675,114.9894097984164,0,0.0,0.0,0.0,0,0
0.8777368636722765,0.10353569086743951,0.5999799220489497,404.6665701623477,-3.3943647159189503,75.02516391886891,0,0.0,0.0,0.6538787672049065,0,1
0.7633395318392865,0.7301179049574573,0.6896388429232447,98.33007806103025,-12.040554905612119,88.43564621725113,0,0.0,0.0,0.0,1,1
0.4520606632339037,0.47683284402356046,-0.17725919630755593,216.958732481975,24.06449127001285,25.02498736918014,0,0.0,0.0,0.0,0,0
0.37279559264350615,0.23351629572205568,0.0630137244531056,448.7479146542852,-14.304412352882302,-19.087148407617676,0,0.0,0.0,0.0,0,0
0.723572133635403,0.26826430249083394,-0.1328542769351167,383.08731627461265,-23.222009359157703,-37.6128893326606,0,0.6907353845769588,0.6591234549092688,0.0,0,1
0.3439978883701999,0.38806878124633337,0.18390033180114274,128.01266345819351,-12.540973721492048,33.6251354517633,0,0.0,0.0,0.0,0,1
0.9124923818669374,0.5686898857855777,0.2843693346269939,447.69908839812564,-22.812412864060384,37.36052199299414,0,0.0,0.0,0.0,0,0
0.8686714125239343,0.40140206446069815,-0.1457686521472178,465.86597193818386,33.06779460001634,49.445199767138405,0,0.0,0.0,0.0,0,0
0.6530090312137484,0.31255662881428387,0.15466144406174664,134.20302796520494,19.225083664339067,-103.52097352592813,0,0.0,0.0,0.2205613623036132,0,0
0.4541454395415394,0.1564489590467859,0.4681871132059227,465.0862051065517,19.004485484176044,-110.05568299507048,1,0.0,0.0,0.0,0,1
0.8328780708754792,0.607766250318894,0.03786560326098859,52.23420256379284,4.266891898691732,-42.558388392717205,0,0.0,0.0,0.0,0,0
0.19397500448095154,0.20728459890709527,0.13033555534375757,203.56303266385197,8.048017132203562,49.66705503633335,0,0.0,0.3950663646559178,0.0,0,1
0.6048553744824775,0.6161200371338176,0.16468861713179417,75.89827372235239,26.980439280086472,93.71774527809711,0,0.6621766620190332,0.0,0.0,1,1
0.5313528406433686,0.3633202302504924,0.41959051632592587,329.87494748524483,-20.93383785187841,33.52488209052325,0,0.0,0.0,0.0,1,1
0.3924581933984248,0.7707841753890827,0.10568052989730875,346.55877858819355,4.3669320842511965,37.73870836137189,0,0.0,0.0,0.0,0,0
0.5053788411626342,0.575526602704533,-0.007120724798365147,125.96022334781524,14.31158559172367,-57.040219520785435,0,0.0,0.0,0.0,0,0
0.5366920329711966,0.37090951041290726,0.07034762875608297,408.7061293227908,-33.74527069904965,-107.14499135378544,0,0.0,0.0,0.0,0,0
0.79120053641563,0.17791020870021856,0.34111434047214445,421.96969900514756,-28.265654199039226,124.72376896458906,0,0.0,0.0,0.48686517781590843,0,1
0.40148022371392544,0.08950149071495421,-0.12134546769539883,107.84085282427495,-21.473249189049962,-14.842732800406978,0,0.0,0.0,0.0,0,0
0.723595238564849,0.5021308976583294,0.47190236097250565,262.5128066636063,-33.25000644058072,-94.15506153754868,1,0.0,0.0,0.0,0,1
0.6355102589517043,0.31665391898943857,0.3694125536039065,277.4965592969303,-1.2561326740789553,-1.018156330206125,0,0.0,0.0,0.0,0,0
0.4228290793528322,0.6861058861010753,0.2552614694242661,125.06884770916368,-27.52159092158519,73.99172191860904,1,0.0,0.0,0.26024802630389465,0,1
0.17341434677665846,0.3865668751565709,0.22426993228558506,315.5823855173889,-1.653271565334272,63.69208120689066,0,0.0,0.0,0.0,0,0
0.18444928498154128,0.5352802510056035,0.19351759137262498,81.99438885833654,29.533378053658467,67.60384055838207,0,0.0,0.0,0.0,0,1
0.41836260825609284,0.36362077882200694,0.31182212873938825,462.1892392023572,-7.3858092255187096,-113.46238319017333,0,0.0,0.0,0.0,0,0
0.4496457348257854,0.15979519055234587,0.3777349894364684,161.52379846311945,-26.19422424659021,4.951058519820393,1,0.0,0.0,0.0,0,1
0.7284012525555684,0.23193582020427528,0.33892674790363425,437.0306445720635,20.523103481937277,53.27851765617032,0,0.21899514330299807,0.0,0.0,0,0
0.7039723994384081,0.1811266402222525,0.28183466577598,322.8840502805872,1.5380104716194012,-54.17414903470687,0,0.0,0.0,0.0,0,0
0.9172428611465714,0.6607912477561333,0.4691136870206289,309.05278922498064,10.692821688769534,-9.997566676844599,0,0.0,0.0,0.0394938292418854,0,0
0.4565260345548152,0.6459000505313106,0.23086191495720115,482.4354555705895,-23.388733107322775,73.29895867577409,1,0.0,0.0,0.0,0,1
0.7785545407271453,0.589617252578651,0.18319451541647452,367.75261295989327,12.034323060104349,56.143667911204375,1,0.0,0.0,0.0,0,1
0.39456188632124156,0.5495883709360586,-0.005464195762365676,496.1688389170123,-12.362639886897838,107.60760614967228,0,0.0,0.0,0.0,0,0
0.6781244724786233,0.1998820323376318,-0.15166864665431443,206.01169039410496,-31.71289868199741,-113.64616708211722,0,0.0,0.0,0.0,0,0
0.4769262116921903,0.5497707867810547,0.6527921206476646,494.0642009054426,-25.415728224081633,-5.983826767548024,0,0.0,0.0,0.0,0,0
0.7579437499083153,0.10197964909155667,0.5684133195686378,355.9529669229964,24.682636868524632,-33.84318363184954,0,0.0,0.0,0.0,0,0
0.9106603057236675,0.30069023691625907,0.017843643334499115,251.24711243682052,-24.027710768198006,81.55228483821259,0,0.0,0.0,0.0,0,0
0.5518980947821961,0.3238524066619737,0.6020596700564949,6.358085540776903,5.896480260782667,34.70800854762524,0,0.0,0.0,0.4240292105591474,0,1
0.4976087172232092,0.6917008907126175,0.647006650644911,308.59686153142746,30.743090054000447,-115.19562563138209,0,0.0,0.0,0.0,0,0
0.9307490674489789,0.4915507099999385,0.17988585508233268,415.687807373705,15.96640892963746,66.77752399830902,0,0.0,0.0,0.0,0,0
0.9316943050180763,0.09336658383461953,-0.031253252918181235,232.3018545872025,4.622175786409592,56.096009381055524,0,0.0,0.0,0.0,0,0
0.16848797468818788,0.5435427776333552,0.44052679831759806,283.95584401857985,-6.141025259177951,-99.34656831225482,0,0.0,0.0,0.0,0,0
0.4648852732157803,0.5104821291762273,0.17715646181023204,266.89831048462867,-22.668235400748472,97.49177264726319,0,0.0,0.0,0.0,0,0
0.5920032985775862,0.6436239400426058,0.6907008327208743,101.71080945701894,-4.949855596993842,105.21853918651428,0,0.0,0.0,0.0,0,0
0.9018486559355582,0.28379052854845677,0.6743219837495065,199.1040765597946,-14.870689575060378,-40.608900050938075,0,0.0,0.0,0.0,0,0
0.6821249946219994,0.23238373192410028,0.020348609854695915,24.65619242844368,24.62071860938334,46.93537177465657,0,0.0,0.0,0.0,0,0
0.8016885819380751,0.4669173648828212,-0.07677209584533365,225.598580552337,20.57839753560421,-60.502397205985226,0,0.0,0.0,0.0,0,0
0.20663270382198556,0.5266502047997175,0.2837242794998967,306.4279684943554,6.3831485830622015,79.22929832349882,0,0.5382734777135483,0.0,0.0,1,1
0.4541976261372619,0.7396745699473702,0.41272181362450094,171.2438809255568,-7.736331903194522,-114.90221735994972,0,0.0,0.0,0.0,0,0
0.6726980255051271,0.43425546291196176,0.025710122357816695,305.36843034349494,9.693759705552978,81.49620760194114,0,0.0,0.0,0.0,0,0
0.3704107744395102,0.11403741847348799,0.3913629637751153,456.3515648134436,29.58413163556129,41.105844096910204,0,0.0,0.0,0.0,0,0
0.44122618702079963,0.5309902704511436,0.3688000895802384,79.53563576768433,20.143493781898833,44.876293378447,0,0.0,0.5618941886209575,0.2801105114912938,0,1
0.3241201773621496,0.5358659474935678,0.4028943339790048,98.78386217022945,-16.603767563844368,-23.500231765964728,0,0.0,0.0,0.0,0,1
0.879498760171609,0.5395946260043335,0.38050356389948353,119.20443006935679,-34.573224789122364,9.21311203633391,0,0.0,0.0,0.0,0,0
0.6755642456529418,0.7204912187270355,0.09563785378191575,3.7316971966600345,-32.71638875245601,-79.0574256111714,0,0.0,0.0,0.25957604847445087,0,0
0.2919786585624081,0.6809534450494111,-0.13243512877419056,27.156668170613447,9.364929621199288,96.62868584864552,0,0.0,0.0,0.0,0,1
0.8989673497652346,0.6563765095636579,0.12501205941037408,48.555732738283155,3.0195835190825093,-64.07147122297908,0,0.3158948198615059,0.0,0.0,0,1
0.5662082827819153,0.5927616572076183,0.581759245172009,67.09806586641936,22.995941970520313,60.66517660456114,0,0.0,0.0,0.0,0,0
0.3292359077004374,0.1937680195538723,0.16540287661061787,202.27629931367835,-26.64903438579281,-13.423512494870081,0,0.0,0.0,0.0,0,1
0.34224990033724456,0.305450354490856,-0.005184742343877807,188.34878053893428,12.783015100947324,21.57317401057435,0,0.0,0.0,0.0,0,1
0.24593599320338472,0.1521036363060157,0.029420522838873336,238.3759443945051,-34.66444730168745,53.58843881670785,0,0.0,0.0,0.0,0,1
0.47134016264206746,0.4238323136417789,0.20588269334907044,111.54895424270855,-10.393822522512178,24.605839520499813,0,0.0,0.0,0.011355358082811028,0,0
0.37675130729686723,0.6571461083371652,-0.09451950894618313,409.66163497753513,22.412500309027386,-27.448944991996953,0,0.0,0.23963134158668264,0.0,0,0
0.5070065723289464,0.7248516962958237,0.25723557253455226,289.67789442496667,-29.82863504549,-82.55413952550799,0,0.0,0.3404366495772682,0.0,0,1
0.31182616791369044,0.6137940458253176,0.5328256739724602,446.0282999205455,-23.46974220208346,-101.83144601491549,0,0.0,0.0,0.0,0,1
0.1389932123791225,0.3790686740764171,0.30904258764383113,241.6016520899395,-31.32361978846777,37.2489447232544,0,0.0,0.0,0.0,0,1
0.12451138503505263,0.625571610737758,0.36908887985585576,214.41493638276816,-26.213384618995107,114.6784333280495,0,0.0,0.0,0.0,0,1
0.47218657005318754,0.11977486318980522,-0.1395516009261811,411.01558932098965,-32.088212266936424,73.1985315040788,0,0.0,0.0,0.0,0,0
0.490778849519495,0.36185626465188153,0.06022864824235191,342.7585631651015,-5.167719925075968,134.1175800072076,0,0.0,0.0,0.0,0,0
0.9002732017294256,0.20216597036760958,0.4219472695897248,466.91561437814994,10.455765759373023,-25.3690435502657,0,0.0,0.0,0.0,0,0
0.6832081232093502,0.5677438965619126,0.2607765642558672,408.0724312583683,13.937366508999453,-80.28274740914895,0,0.0,0.0,0.23496756474781605,0,0
0.13536990549067143,0.256305007561676,0.3375325088358753,107.71493716484603,13.745454454122282,26.356607671876446,0,0.0,0.0,0.0,0,1
0.8942434832218323,0.5947003177269007,0.08826357419581166,202.3644936090841,7.568570363161669,120.48620394071065,0,0.0,0.0,0.0,0,0
0.6398647269930074,0.3880319337579105,0.09190914612961026,431.5179033261408,11.548558354644172,-92.68000272610095,0,0.0,0.0,0.0,0,0
0.1719324896174012,0.6193088173469392,0.576928495420785,11.016321788360397,-17.980498439373,-44.3146388432169,0,0.0,0.0,0.0,1,1
0.6290323627543949,0.716225769727706,-0.033640662734646054,433.6098748471223,-27.70852568434182,59.56411361489879,0,0.0,0.0,0.0,0,0
0.14386960520327263,0.5153577027105779,0.5108676087958648,147.98437052473804,-27.434334447517344,-87.5784845737393,0,0.0,0.0,0.0,1,1
0.5460992380813071,0.17949544080052493,0.6343636103767218,49.624771830032735,-31.763455132908874,-61.582921549257115,0,0.0,0.0,0.0,0,0
0.5689268506386289,0.41378468238368943,0.5887903218091846,294.0076538738571,-34.07285553924736,131.3078164829861,0,0.7860053236931928,0.0,0.0,0,1
0.3167253946529632,0.7872677826900407,0.45621065335739747,147.67383991058378,7.193684581105266,37.59004703631632,0,0.0,0.0,0.0,0,0
0.23768612020023022,0.7354184264065562,0.3488529748099724,404.8554620226201,28.392950232728083,7.626400678193278,0,0.0,0.0,0.0,0,1
0.8771035225946694,0.5314054130362361,0.41414019888913495,194.46167900360467,26.532881129379945,-11.635065888820918,0,0.0,0.3652991216492252,0.6341366895735181,0,1
0.389505717459523,0.5799652741875471,0.6811471762279906,32.63105461303911,6.236421073389849,92.70216549873072,0,0.0,0.0,0.0,0,0
0.5591064355430042,0.07273007720081977,0.5849389112889112,127.94756032753187,30.763505195021736,95.44057768281169,0,0.0,0.0,0.0,0,0
0.688352306774128,0.7249202691225982,0.12368111509593094,165.29463597340904,9.34315377533364,59.49059033212231,0,0.0,0.0,0.0,0,0
0.5142112549633204,0.10327848496504675,-0.0524929588301091,293.156206194158,-20.649865655140957,-39.15263000539191,0,0.0,0.0,0.0,1,1
0.9116782367893569,0.6627324815532432,0.10647688968097163,114.28851540889087,3.5135943960412916,39.42266252788832,0,0.0,0.0,0.0,0,0
0.1572216067550174,0.14608351574913936,0.5668121496016181,308.4106887202106,30.863718668235578,72.14871105261102,0,0.0,0.0,0.0,1,1
0.21612485932547942,0.3428997912812746,0.39300102282525146,70.87387226890608,26.338602877467856,116.35961573234371,0,0.19407225250268328,0.050430422699888934,0.0,0,0
0.5460697172048143,0.5158693396977331,0.6532928997474834,127.43464931536649,5.703811188098001,134.4949377313913,0,0.0,0.0,0.0,0,0
0.40452156950809537,0.561483692976216,-0.019181828757467045,368.7281130672054,-28.531863794716106,-101.33190033231496,0,0.0,0.0,0.0,0,0
0.19639435360650903,0.6015085155706349,-0.13958376711797843,343.04861065060265,-0.9710861699176832,-96.97399435613339,0,0.0,0.0,0.0,0,1
0.7394304830452021,0.16480497824627266,-0.044591643816193544,207.4133073310866,19.333678270200515,120.62618417569786,0,0.0,0.4264338368915425,0.0,0,1
0.3780190031524574,0.24121937508707642,-0.06385925340451878,492.97114958285187,-6.180122414515999,-110.61661102623185,0,0.0,0.0,0.0,0,0
0.37887509251602336,0.1489446974780565,0.4055228295078866,78.79813224939731,16.17072101646483,-49.092114336033234,0,0.0,0.0,0.0,0,0
0.9385286155410945,0.22661190302458745,0.22050626624182457,95.37255151014577,-24.982079749986305,-74.98871447547664,0,0.3390684290554141,0.0,0.0,0,1
0.8352946680450594,0.5527848742856374,0.518054251034813,236.75421705324317,6.8189159899108205,-18.398196547661144,0,0.0,0.0,0.0,0,0
0.21890240368216218,0.5585692920139296,0.06566874509824949,240.537754825714,-20.93549154793582,-104.75779540868933,0,0.0,0.0,0.1927594899128234,0,0
0.6918853377869315,0.312068273145094,0.38350194621013783,140.72890380001536,19.091081182533117,-44.44829698513965,0,0.0,0.0,0.13277092015506448,0,0
0.33920370440547043,0.5652923432015617,0.006113538999938911,284.6693536661627,-16.39336707669381,-41.55599734331523,0,0.33068969071347204,0.0,0.0,0,1
0.6357589248262107,0.6616709101165501,0.017679389467840256,321.9612244786019,3.937066072532801,-29.22097860602335,0,0.0,0.0,0.0,0,0
0.6631251264186577,0.12266654319904598,-0.1343153487461468,43.436070700681974,-33.29447688539019,15.109856226177072,0,0.0,0.0,0.35750460538057177,0,1
0.5135329435246854,0.09247076100557285,0.6308062633869984,203.0341617556675,5.319929362835467,129.55824599701543,1,0.0,0.0,0.0,0,1
0.14155544135700387,0.7656444170890667,0.228248547302717,157.72790426801433,-27.30084767574809,44.209385360364564,0,0.0,0.0,0.0,0,1
0.6862829679936875,0.6733023305974766,0.5833031291840922,450.85845385235837,-19.327954192403528,-13.718108624506769,0,0.0,0.0,0.0,0,0
0.4460292059561217,0.6763337130714606,0.6514704896042682,411.47491829128705,22.344673156876198,19.53953711470524,0,0.0,0.0,0.0,0,0
0.5998209341929468,0.7201589393296365,0.15842810593795748,95.64390638145333,10.752287270687063,-88.07159639206436,0,0.0,0.0,0.0,0,0
0.7991452784151559,0.08468722577357087,0.590149561245312,474.5022986465647,-6.837620580704609,71.79958343183765,0,0.0,0.0,0.559884410008909,0,1
0.1413682681267975,0.1274549992965796,0.10679357411889973,75.18452910270062,30.51170303736083,-25.584892055348774,0,0.0,0.0,0.0,0,1
0.5345254128701903,0.06428440736477785,0.3006199192721187,474.4241151921669,-9.403331803765234,32.31068298964669,0,0.0,0.0,0.0,0,0
0.5841460768001361,0.7231885976935658,0.5730510248777008,450.03010091896624,7.43782431512178,-53.435669183620206,0,0.0,0.0,0.0,0,0
0.34419684911179693,0.5817699434169685,-0.18561497238592747,74.29036842349933,-16.1281285922611,48.13708819484157,0,0.0,0.0,0.0,0,1
0.2227277041694113,0.576087252824694,0.35825873925397694,385.02941712010426,-8.592697623547053,-45.1975083293312,0,0.0,0.0,0.0,0,1
0.8429757019180106,0.602293194372935,0.39733458379809355,106.03866169811336,6.690321633270379,-96.84645139701261,0,0.0,0.0,0.0,0,0
0.4538274500791031,0.5277676642110427,0.09173351126648965,281.94172946255793,6.690834351159495,92.98620799036607,0,0.0,0.0,0.0,0,0
0.1121044529434759,0.695432456705055,0.03572285297970734,225.14147920580922,14.514384715377432,130.09989149065464,0,0.0,0.0,0.0,1,1
0.8570769939167219,0.4175468068313745,-0.07970554708778069,485.41620605141577,31.120924189505473,-18.736458909587938,0,0.0,0.47873792721004005,0.4160158121165271,0,1
0.5611631143294509,0.20464211292464213,0.5627861326594736,41.185566380898464,14.64476334393381,-28.426734131587608,0,0.0,0.0,0.0,0,0
0.5969886028196486,0.6723468730991039,0.45602628943498685,207.17554662752457,11.204492221810511,-11.507351453214298,0,0.040400094448182336,0.0,0.0,0,0
0.7826934067178403,0.5211681319004043,0.10405902090206287,186.2053413147189,25.146087050103915,-60.9627166816015,0,0.0,0.0,0.0,0,0
0.569440511929997,0.14539595707357317,-0.10705030779407833,18.989793875927536,-14.48787722994948,-4.096495377202132,0,0.0,0.0,0.0,0,0
0.10096530795836989,0.7190387629967103,0.210937305399937,451.64749657796824,-25.599680538218365,-33.55182213548571,0,0.0,0.0,0.0,0,1
0.7393720629731266,0.14683284254839113,0.40759559930052774,164.3350131943567,-16.041432531748956,96.99365718749846,0,0.0,0.0,0.23683558283879383,0,0
0.37736344018787504,0.4988483096157483,0.020873120715315246,173.20643375479983,-23.788372185865242,114.21261300913386,0,0.0,0.0,0.0,1,1
0.808321155437313,0.14126203990192504,0.21703168212609397,486.1700583857617,-8.632340851858501,61.19256937449242,0,0.0,0.0,0.0,0,0
0.6379984892609295,0.05626492727501779,0.5269739644752598,264.7279544969395,30.19976137723188,116.31329059354357,0,0.0,0.0,0.0,0,0
0.7010317816269293,0.4777985651340459,0.34511646979237814,420.89499905657766,-17.844506972228498,-80.72424101096956,0,0.0,0.33447678339216697,0.0,0,1
0.8247773627310588,0.5740340897895904,0.28998683164280015,36.64583135899672,22.404400096728047,-2.047084812431052,0,0.0,0.0,0.0,0,0
0.5768497727963701,0.3664210054450249,0.33266621225285403,303.77701545553487,4.07554841154117,-40.999668508221546,0,0.0,0.0,0.0,0,0
0.6989973301743149,0.07818869759582033,0.19995793183409744,348.80000715934113,-27.578076833655455,-55.39937097018016,0,0.0,0.0,0.0,0,0
0.8272313261664498,0.3081788293563969,0.4005551278810873,242.35354871971774,-26.815666566551826,-91.07483135798033,0,0.0,0.0,0.0,0,0
0.4174656761039498,0.5976836661658611,0.015184114016853656,377.5603441108499,-0.1581921632371106,-52.65885407928536,0,0.0,0.0,0.0,0,0
0.6894863565990064,0.6494135836409649,0.29693144849643716,224.08505730548842,3.9505924654915745,-105.91662605602895,0,0.0,0.0,0.0,0,0
0.3449550675933585,0.6544545344173609,0.47731741238651243,204.8185205358537,15.470164758066275,102.77973305769481,0,0.0,0.13302706469985406,0.0,0,1
0.27905102843774554,0.19104056909329115,-0.06840382363050151,69.05135992784076,-11.102390987529933,138.61146407214443,0,0.0,0.0,0.0,0,1
0.6095485826085755,0.428049939111186,-0.05789556945857591,47.386387599914116,20.98314708945186,-45.49427565314619,0,0.0,0.0,0.1149515723830359,1,1
0.6226559241679708,0.620952676918853,0.3732119103499086,32.143651879104326,8.448262184650666,115.90651780041443,0,0.0,0.0,0.0,0,0
0.28069343090404963,0.5567776607405036,0.3449539285029783,399.0224774101668,0.5512263785805942,40.12154940268306,0,0.0,0.0,0.23598727845848158,0,1
0.7669806279533979,0.6018659688346871,-0.05787719192050919,247.82013134837362,19.244662063574445,-62.40412378093494,0,0.0,0.0,0.5230132612964343,0,1
0.5497023149489658,0.3222209326839581,-0.10155576730814939,454.0822698444254,34.22201341086485,123.33226418435936,0,0.0,0.0,0.0,0,0
0.3313945659872932,0.5923678401025825,0.02166112988660915,427.43663915168224,25.849168185132875,91.22105692897554,0,0.0,0.0,0.0,0,1
0.2523522321651059,0.521465102922415,0.45237221940629885,123.38519595126591,-7.411206615780912,33.72368565138001,0,0.0,0.0,0.0,0,1
0.8262581379347854,0.1720156470456567,-0.010937440322557862,455.5643998599372,14.752384894507188,62.55433034171466,0,0.0,0.0,0.0,1,1
0.7764465830950464,0.7759272292290814,0.2352590568731407,399.1485519807888,-10.219583705591731,-108.88035840605858,0,0.0,0.0,0.0,0,0
0.2571845272217075,0.09031522748060976,0.20205869163818185,351.7529338988118,-25.331576381729505,-55.16069536507189,0,0.0,0.0,0.0,0,1
0.88343018479874,0.08358762423403353,0.1638085957305762,74.6101545587561,27.65922995362147,114.86055035411604,0,0.0,0.0,0.0,0,0
0.4089712148094865,0.05751768507756415,0.2788604004459833,407.97755563851933,-7.742991418359459,-94.97600098505372,0,0.0,0.0,0.0,0,0
0.3851737726356831,0.25887251114600773,0.6118981105201431,271.8514215905804,-17.05105714098869,137.15245120742867,0,0.0,0.0,0.0,0,0
0.39738950583361243,0.2216006222521235,0.5622714928581007,135.83033261691952,9.135632079839063,31.493609144327934,0,0.0,0.0,0.0,0,0
0.3637142304412532,0.29025031414392266,0.2496820798076998,292.59481795392196,-27.356581012446366,47.747459471809634,0,0.0,0.0,0.0,0,0
0.34471375747080496,0.5321778131451188,0.11572201488176082,315.1473712613207,12.303751795990898,-111.64728736464542,0,0.0,0.0,0.0,0,0
0.6822018504068417,0.6452319715960966,0.6734507231339659,301.153646255155,23.121682419313274,85.80738941821622,0,0.0,0.0,0.0,0,0
0.48541882497864786,0.12186911255918788,0.3774902185254994,54.10882445264969,-4.612512890011391,-80.78855328967111,0,0.0,0.0,0.0,0,0
0.4041819065147845,0.48942662124254915,0.4851884019466502,412.96329699663926,-9.668417721150671,108.3572582108618,0,0.0,0.0,0.0,0,0
0.6831492114044463,0.4862299862958333,0.6226177648588758,475.65302165933645,-23.10354476496981,-88.84097265212807,0,0.0,0.0,0.0,0,0
0.8186269084948908,0.5192139043475412,0.20606026871116429,162.20589629084031,13.571193067586897,-63.659568707656604,0,0.0,0.0,0.0,0,0
0.5763294729230647,0.1989305151836313,-0.08282792646752278,28.4737767467062,-3.9345719814915405,138.00642558414847,0,0.0,0.0,0.0,0,0
0.3923395741177217,0.4851512899677947,0.6110333968544224,136.86805057338557,22.34513910787428,-49.33943078585648,0,0.0,0.0,0.0,0,0
0.35389461534196,0.14191146603548377,0.4981866384079083,244.51571854754192,31.95279898560881,-101.54302408751585,0,0.6398791503404041,0.0,0.0,0,1
0.1241143735779015,0.6822505197052904,-0.15051625683660036,175.36294789263525,-6.93617185131567,14.84671808905702,0,0.0,0.0,0.0,0,1
0.9243486687357864,0.5746947873532944,0.25822491043402895,57.75873396034312,-1.420275246255649,100.81038016881203,0,0.0,0.0,0.6167184765542729,0,1
0.2679337821701763,0.25981805351700604,0.4841528802632324,465.24376271399615,-34.72728017677646,123.49557615801672,0,0.0,0.0,0.0,0,1
0.5565908184033772,0.657903098701933,0.23990685998616146,302.0804134397503,-12.433059256368821,15.65465050164974,0,0.0,0.0,0.0,0,0
0.14196439284340348,0.7872324937023985,0.1553556408587135,95.48524788500836,1.362857456999059,-38.53498671775621,0,0.0,0.0,0.562612110740337,0,1
0.16247648756923144,0.44680471354417045,-0.046650867706180404,481.1530623981869,-22.032373011774073,34.756851334419224,0,0.0,0.0,0.0,0,0
0.11686949852653104,0.39221055389558473,-0.07722603532807702,256.99250466689875,-4.807158199000263,137.60924795038716,0,0.0,0.0,0.0,0,0
0.5224565432163446,0.7904865231115963,0.32494276403358774,264.6543699817106,-31.257279560651043,52.389282950882375,0,0.0,0.0,0.0,0,0
0.5379539252700428,0.7004675928884669,-0.1229933497263597,360.56723235137844,31.678872125283405,133.1009289604919,0,0.0,0.0,0.0,0,0
0.7528182820483611,0.796574954101174,0.30079669571261697,160.2772835655615,-34.056032549167206,-40.99896053165345,0,0.0,0.5500287437983046,0.0,0,1
0.5876718467575365,0.550482865815637,0.5776415301645232,324.51680209833546,26.86989877332718,-89.37974287586624,0,0.4850988582468001,0.0,0.0,0,1
0.9065744478669755,0.36017326385267656,0.6872785905689518,31.942790755434206,-24.43508035303649,-54.83402654960787,0,0.0,0.0,0.0,0,0
0.865070646593369,0.6100919436720837,-0.14662132327516877,36.38165358180248,-4.827449769672636,-1.597537035788406,0,0.0,0.0,0.0,0,0
0.7397451550360385,0.25689895801690055,0.00623124872291328,47.13845030075595,-12.954471302445082,-1.9228786480311442,0,0.0,0.0,0.0,0,0
0.2290630737044181,0.7602966109516968,0.22937005236179386,197.9730847556981,7.468143998735691,139.580049571477,0,0.0,0.0,0.0,0,1
0.363988079283567,0.7742954428543245,0.4247977376634044,198.19657653976478,-14.890434689207567,-42.57360936359086,0,0.0,0.0,0.0,0,0
0.752030020873058,0.3157749082202574,0.6568342987708953,162.337356275586,-11.375844732612151,76.95209247847134,0,0.0,0.0,0.0,0,0
0.5806505514531037,0.19772126024114806,-0.1128071867703921,309.279870495304,8.955033790778032,23.93122703084302,0,0.0,0.0,0.0,0,0
0.16429246240120782,0.7603306698649559,-0.09053947551699443,441.7913805817308,-17.371201969545787,-67.17398242062154,0,0.0,0.0,0.0,0,0
0.2401426187892681,0.07492210136074463,0.4737279651841208,473.9637229795121,-13.458492025001036,36.467889555878,0,0.0,0.0,0.0,0,1
0.3486730787989457,0.09284889876066389,0.5695435843242638,136.19223243528222,23.412528402888974,-70.99258400352612,0,0.5032743064345275,0.0,0.0,0,1
0.2511318510993363,0.7237414222663954,0.3779226713134501,234.803991085395,-19.775862047251167,129.46513255827568,0,0.0,0.0,0.0,0,1
0.32907163548677193,0.4757153303410067,0.5674848151284146,114.02247425798333,-11.210400407824803,90.02069491944826,0,0.0,0.0,0.00830783499201012,0,1
0.2543210764896972,0.12993375851153433,-0.1997265671184504,130.44441696155545,-3.9355228417838077,-107.67156468800178,0,0.0,0.0,0.0,0,1
0.5971128361884003,0.563853038980661,0.5179259827955511,102.3678998698061,-10.696193570242212,-88.46843763310555,1,0.0,0.0,0.0,0,1
0.28162989078866113,0.5282505008496848,0.59333342885925,92.12762242561946,13.849290208566302,88.26516035909992,0,0.0,0.0,0.0,1,1
0.7051744003760565,0.06987386192786262,-0.025488813188624587,18.01163753281716,3.0956040762899093,135.98672323802697,0,0.0,0.0,0.0,0,0
0.24796470737442888,0.5681609363040461,0.18794891596884866,277.35038789124366,1.8763808059740796,54.21629348360824,0,0.0,0.0,0.0,0,0
0.6677540821203232,0.20633356828217464,0.2792640549835551,238.86761547734352,-31.190765223664556,-18.868659468013107,0,0.0,0.0,0.0,0,0
0.6864235634958715,0.15809434236733438,0.665029094470861,445.0326378006917,21.013179163057423,71.70400026051061,1,0.0,0.0,0.0,0,1
0.20595258278304368,0.5203686177412868,0.4305401445567953,136.3461644955976,-13.673723500159515,12.338795263424942,0,0.0,0.0,0.0,0,1
0.5564312346679813,0.41705027673811645,0.2880530837223393,73.68620161909732,-9.242113195428697,-9.165910914191485,0,0.0,0.0,0.0,0,0
0.2839219097263601,0.28336676319130333,0.012719508068447266,399.32165772938583,-21.03427820287955,-4.519163271957851,0,0.0,0.0,0.0,0,1
0.41074108935550313,0.4095484682202935,-0.18989207639664155,207.41470853147362,-11.490037225390509,117.5415862187813,0,0.0,0.7986734800562387,0.0,0,1
0.934509776207382,0.10303481880854688,0.02002035415898845,216.9407863674489,-30.729400900705507,58.92472084089215,0,0.0,0.0,0.0,0,0
0.5263033708407603,0.48710566403441646,0.15547097600327775,357.29039339431364,8.490754884240133,-112.0931653473571,0,0.0,0.0,0.0,0,0
0.8794468625588494,0.25962939920529826,0.25743388015765434,362.3066156247491,-24.27625399910836,-69.86894975105761,0,0.0,0.0,0.0,0,0
0.13557570191051233,0.6522644036382423,0.5206586695524387,415.20007794488134,-16.503238733397886,20.98896304845647,0,0.0,0.0,0.0,0,0
0.8358618020884354,0.3795673315665174,0.014106505157859578,55.38341107333409,1.672255491758797,11.021506418125142,0,0.0,0.0,0.0,0,0
0.36111031103078506,0.7364906857056579,-0.14871593154806156,140.07147892680294,-5.300239325161428,129.776551466721,1,0.0,0.5844574057693513,0.0,0,1
0.878635742540535,0.310029012163563,0.5304772723161457,248.54824881003879,19.75222346021998,-100.53567452677582,0,0.0,0.0,0.0,0,0
0.4095532788889611,0.35576106995217865,0.34399846887320534,207.33545642654835,-14.800313391487155,35.60134544271426,0,0.0,0.0,0.0,0,0
0.3419164143586096,0.2551973003522288,0.17542359939305918,227.81811088598516,16.62873331783893,-90.60334874229707,0,0.0,0.0,0.5556895409493887,0,1
0.7734162941909579,0.2169870697249382,-0.17425220737199357,485.4294967043099,34.60693112652004,54.1171117351559,0,0.0,0.0,0.0,0,0
0.7752029338091914,0.7028763905024257,0.6273455168711493,274.4971977717355,-29.853334139292144,-26.17381894640674,0,0.0,0.0,0.0,0,0
0.127805529691953,0.46957813850011104,0.5253979035151346,163.07922916643773,5.237934450033848,98.44982041992853,0,0.0,0.0,0.0,0,0
0.30759109592357586,0.458508750037048,-0.1346632551875999,104.48887681543738,23.293430595927674,106.84474954105087,0,0.0,0.0,0.0,0,1
0.17714235682158697,0.14108563384457978,0.01887668669780454,414.63274560321696,0.3461726763835671,1.8798717825651892,0,0.0,0.0,0.0,0,1
0.5575451880658139,0.4107906014094657,0.6000883660485725,144.90682825181992,-15.998742499805076,-33.07834894314274,0,0.0,0.3997154147479769,0.0,0,1
0.34740873353665624,0.2718578247139518,0.6094204636497236,91.93339302639734,22.731767831614782,-36.20130551471637,0,0.0,0.0,0.0,0,1
0.6453514343728158,0.3587366782097132,0.5021296440201612,488.41164024242113,-7.380762579851467,-58.169325096657026,0,0.0,0.0,0.0,0,0
0.5200237521379036,0.41206055092772115,0.6990765505708758,368.637164820575,-27.464059500364836,119.35414801761797,0,0.0,0.0,0.557024689517422,0,1
0.3465396517361047,0.23784411381806753,0.22585426514456786,163.71155662160353,10.824070032435863,-34.774713147688786,0,0.0,0.0,0.3596504930270381,0,1
0.5281028958380788,0.7359881944327429,0.3717230713993919,474.3212074981526,11.564031052842438,5.823145415243445,0,0.0,0.0,0.4801635834298658,0,1
0.6433878170626016,0.5843670812068041,0.47956032402622145,217.3655451066685,-22.202614492298316,133.93360426765548,0,0.0,0.0,0.0,0,0
0.5395419000784701,0.2667239183959518,0.5832253366590168,47.93463147559991,31.621835567833543,-1.641751075319732,0,0.0,0.0,0.0,0,0
0.6433910775810425,0.06725101072644239,0.6329926846225811,238.712314481572,-24.49651754250521,87.7200331364478,0,0.0,0.22506013860488033,0.0,0,0
0.4033715108828789,0.34464435648088215,0.18965379721050613,220.1872455065513,-25.559810349425746,87.36377272174198,0,0.0,0.0,0.0,0,0
0.36710901393069484,0.1550661865155411,0.4628335660048229,488.56566859082415,-29.87258513973197,-72.8879093715584,1,0.0,0.0,0.0,0,1
0.3219867821702853,0.12339398102706793,0.104027024540153,174.79262647083337,-4.607629377952598,94.41291063455765,0,0.0,0.0,0.5114400517351784,0,1
0.490431612248019,0.21635996701050902,-0.04968406389503405,441.6084750395138,-3.0642188965224584,106.56861520171205,0,0.0,0.0,0.0,0,0
0.27499723137179677,0.05380162405282664,0.2846638465001157,232.02779279561167,-12.580840962990084,-5.398910754166309,0,0.0,0.0,0.0,0,1
0.8992436264995207,0.7023914171701771,0.2312747760575657,196.2116162802235,34.20452760590025,109.43676054986966,0,0.09841828010127136,0.0,0.0,0,0
0.5316779870810766,0.3299128805842391,0.6640880876642836,486.77692087551253,-11.724840373038852,99.07560760636233,0,0.0,0.1352289645116189,0.0,0,0
0.5273934748470623,0.06734704341501026,0.19361607306098405,426.6450739172686,26.36293708520828,35.068819257824146,0,0.0,0.0,0.0,0,0
0.8472408267301212,0.5544040240219682,0.27368798505819725,474.6846833564667,32.96340032399138,-46.65010705898145,0,0.51631908459278,0.0,0.0,0,1
0.8610994711147926,0.48888029813900274,0.31192881323188676,367.4394980142108,34.24951575198483,135.81801078466756,0,0.0,0.0,0.0,0,0
0.8311560431047353,0.17340209227940112,0.16679833204103323,15.25901533926055,25.672189144698997,7.04854212617559,0,0.0,0.7247160022631113,0.0,0,1
0.5513496350582745,0.7557533920256664,0.06684484777979977,314.54153180335635,25.5108477994562,93.70359162334063,0,0.0,0.7946332170159301,0.0,0,1
0.6965193733499212,0.05167562112953704,0.5133100912294617,151.5827318290863,25.873575694435154,-35.85772346213098,0,0.0,0.0,0.0,0,0
0.6467437600073458,0.4439437694182685,0.24421115525627624,352.76528128863526,2.4614074960278742,-58.52318408221658,0,0.0,0.0,0.0,0,0
0.11752133766089774,0.7806469469678071,0.6957916442656964,288.3332663739325,3.1317803108005364,-96.17028855022286,0,0.0,0.0,0.08634614200526824,0,1
0.10149661089868714,0.3911776133810283,-0.10094027017898502,42.38126543245008,25.662318957417085,-53.308615336944555,0,0.0,0.0,0.0,0,1
0.7169442667986562,0.19139260157913712,0.6540402542887678,110.4524902348585,3.2064090960759373,-105.69019612618234,0,0.0,0.0,0.0,0,0
0.4414452060615094,0.6023868189995916,-0.09808960268226515,237.01884156712117,-34.045620409796705,-66.18125859998074,0,0.0,0.0,0.1169422902614357,0,0
0.8558657518963728,0.05895980318202458,0.6720752741785556,196.4498599279285,-10.782554846458254,121.62350243797331,0,0.0,0.0,0.0,0,0
0.38350534177576334,0.6651562322848587,-0.033780993512545654,47.60236604565632,33.827996704889074,-2.3984106465418478,0,0.0,0.0,0.0,0,0
0.7987195877229039,0.2947311288434719,0.6064109099266568,397.8357539046849,30.078926530724303,-107.7847184312656,0,0.0,0.0,0.0,0,0
0.10313249284891776,0.7976630274451052,0.12573709807164285,187.69350097622285,-5.244195227371545,47.249298954145985,0,0.0,0.0,0.08392440541686183,0,1
0.34072342914677634,0.4432923341742491,0.40636874535460726,413.6115938035462,8.73032586247372,105.37031129968986,0,0.0,0.0,0.0,0,1
0.10241518761362622,0.7042621412584557,-0.18309200055756186,350.00155119057024,-13.531492819773064,83.08774546252403,0,0.0,0.0,0.0,0,1
0.7020230370658955,0.7392761661726508,-0.02494295194843396,227.88105083632257,25.427513882266084,-41.699581122816554,0,0.0,0.01969013939406965,0.0,0,0
0.4337585652743964,0.4237974617684915,0.07733414407896155,10.98987453758713,-24.69542598372273,22.6428007151155,0,0.0,0.0,0.0,0,0
0.7510199208837145,0.707277242334961,0.42784757966431847,237.57252742951255,-6.521554677875553,-74.36275307307588,0,0.14470260913703667,0.0,0.0,0,0
0.6092438613594832,0.4637620250873361,0.5465815657809772,273.30304712007404,7.708342269924962,118.70618777038425,0,0.0,0.0,0.0,0,0
0.7305429144905089,0.20467759427374843,0.5086826187207512,490.1799198553313,-19.543547202359264,-87.87743690714053,0,0.0,0.0,0.0,0,0
0.22221741617718543,0.43390027230153533,0.3620820598626117,182.6872143619725,-11.549938223039046,94.83973420579514,0,0.0,0.0,0.5394983034617458,0,1
0.16498014956945148,0.6463011324436609,0.16095206435279863,300.150503570235,-12.465359102643589,107.5028804634398,0,0.0,0.0,0.019504191427031636,1,1
0.7636278507211713,0.7045818009670024,-0.01117694194436622,447.8665105592286,-16.88296207256882,100.70653151627147,0,0.0,0.0,0.0,0,0
0.5165663472865519,0.3397600099217577,-0.02600268953728399,265.94682858132614,27.77990530822091,-105.48920129075344,0,0.5110169597302828,0.0,0.0,0,1
0.7614136936912145,0.7531666672349921,0.14828443576720196,472.0900727270158,23.371733734900303,113.70951814307472,0,0.0,0.0,0.0,0,0
0.7853299683507825,0.10330164393877857,-0.02146535514032663,232.54722576771945,29.933311072778565,29.83482878303724,0,0.0,0.0,0.0,0,0
0.2376887784338256,0.13155001866725802,-0.19494410651333302,242.73447810134357,23.63439926231203,34.736981170427214,0,0.0,0.0,0.0,0,1
0.4472914938901371,0.61613638942615,-0.0157289330655212,187.07066461093166,-31.694623252263376,125.01560384446239,0,0.0,0.0,0.5187827137501602,0,1
0.9326646451064914,0.6907076706890726,0.5495303188794851,188.76537239754697,-18.607303025439034,56.92235586354053,0,0.0,0.0,0.0,0,0
0.43817496151582247,0.7142899942269691,0.6862265052487151,369.9271570469729,29.87953466452916,135.1055710214651,0,0.0,0.0,0.0,0,0
0.8335147111273588,0.45692618676101227,0.40007021465796283,267.3707683245423,13.284706364274456,93.62743141735612,0,0.0,0.0,0.0,0,0
0.8439712550450037,0.3518810204748124,0.6450091155833781,447.3231128162745,23.361056904453633,94.78718784443328,0,0.5290566275243899,0.0,0.0,0,1
0.12068274370629326,0.546689194365603,-0.03936807850291463,206.25428245820336,-6.50580505315266,126.43529053059163,0,0.0,0.0,0.0,0,1
0.12986438295164585,0.6143875671502643,0.02722475121739884,2.196284580820813,-2.065578428386111,64.97857717415735,0,0.0,0.0,0.0,0,1
0.9350330409613483,0.07661594474020057,0.48627955523686356,45.960809402662065,-8.727054744717467,7.516765045839165,0,0.0,0.0,0.0,0,0
0.2093407827025559,0.5157432686473821,0.029767824418940242,154.63130307026293,17.58955446210623,62.76144492249236,0,0.0,0.09773861144710319,0.0,0,0
0.5457552158075342,0.7846025443558433,0.09156743070703033,304.16472782762827,-25.378306743315115,60.37639888083706,0,0.0,0.0,0.0,0,0
0.24420216454069615,0.18744597548900782,-0.19663411945312623,60.01689244553207,-19.272367570759194,20.641375748059687,1,0.0,0.0,0.0,0,1
0.20934481622786302,0.5761124996011073,0.21161591127172458,367.1391660495232,-21.207198939699403,-0.0006855945065922242,0,0.0,0.0,0.09660190801643717,0,1
0.34316161496656034,0.08393247077141668,0.09491729344307459,494.105804348088,14.119609548679563,-113.6133052359111,0,0.0,0.0,0.4989454870032157,0,1
0.36518523988252727,0.7584100233985323,0.4277833513090908,67.49435887116984,-15.081386629869911,-4.0043949908332905,0,0.0,0.0,0.0,0,0
0.9128563707921998,0.34227550126381007,0.5198375158505602,173.27961152045452,24.704117136082438,41.330960223662885,0,0.0,0.0,0.0,0,0
0.7848431955952567,0.42728359817570766,0.2722566686146192,255.96391324156002,-12.679580495806864,72.32732441303722,1,0.0,0.0,0.0,0,1
0.18235410295747959,0.5383472464305609,0.5529209858803406,231.7272975637725,1.245724929488219,-54.35297197835588,0,0.0,0.0,0.0,0,1
0.1483862384978827,0.280296595532329,-0.15605838251232892,439.23790365650416,13.217879821543356,-83.88648417703364,0,0.0,0.0,0.0,0,0
0.9045991477767285,0.10381304959411138,0.5670394960680789,349.31221049346874,-4.772793685240526,44.49480412002785,0,0.0,0.0,0.0,0,0
0.40701966924375954,0.11630250680696595,0.3798197406594502,288.5829979077214,-4.5362944924635755,-36.41671396569231,0,0.0,0.0,0.0,0,0
0.11811976292833891,0.5140378802620051,0.5678375545372427,147.91106550770434,-22.436051945440326,59.880695765076354,0,0.0,0.0,0.0,0,1
0.7248575146588743,0.3867962520707529,0.34813276262383835,493.0227998992116,-2.5202080229186237,-20.726701015970704,0,0.0,0.0,0.0,0,0
0.45976302995429696,0.16565835910167992,0.5879617896822191,366.561341091725,-15.3333512646064,11.279104687202562,0,0.0,0.0,0.0,0,0
0.3233674378816721,0.05370764861270004,0.29764697960578984,45.50351688702179,0.31909648865823215,-32.15640502577803,0,0.0,0.0,0.0,0,0
0.935995441796991,0.2679511288246121,0.4232494136412905,186.7007823524289,32.42572306946961,-39.07932610253552,0,0.0,0.0,0.0,0,0
0.9410700193399768,0.06134669623519336,0.386806857730072,307.0915338554013,6.491633145185311,80.8418329154872,0,0.498722708029674,0.0,0.0,0,1
0.9453932082497908,0.23649495470170406,0.11397540169497838,54.70147633255092,-28.815036883432853,106.24460906637853,0,0.0,0.0,0.0,0,0
0.8253203944470753,0.28713636159300626,0.614400242511733,312.9326131210917,-14.987810784569486,-103.14838202127474,1,0.0,0.0,0.0,0,1
0.7906891096590976,0.45523012918809785,0.37388774719467516,202.29260067699565,15.051576385793126,75.59576361017875,0,0.0,0.0,0.0,0,0
0.5273852491946259,0.22067531205536733,0.22258326720721733,422.53211567861433,-11.331431778618178,11.232849584635943,0,0.0,0.0,0.0,0,0
0.763056016715293,0.06996436222801684,-0.15439049957947726,133.51535389541556,-9.134090335825075,64.64681044415582,0,0.0,0.0,0.0,0,0
0.5685718445701146,0.193965728223584,0.586877252019484,420.98964266147306,-8.142733750073038,-84.83133685369796,0,0.0,0.5643190463574981,0.5364027606968306,0,1
0.38562257353417595,0.522073450761041,0.13012902969113138,291.7811892395087,14.138102329318073,-104.85073474245523,0,0.0,0.0,0.0,0,0
0.31930910992977773,0.06508148068759449,0.353841671394072,90.707935569339,29.705564171629717,96.24990829704603,0,0.0,0.0,0.0,0,1
0.7594765425997606,0.07823182801971944,0.5199244177463767,260.22961271225535,32.98702552599097,-111.84170726427497,0,0.0,0.0,0.0,1,1
0.6790386399885637,0.4842436899017279,-0.014641883123496457,152.88284455802275,-13.720918909598225,-63.951114747465006,0,0.0,0.0,0.0,0,0
0.40822783689335285,0.382086373733959,0.2985539068882523,436.68036854957484,-10.014107496189638,45.973535879159726,0,0.0,0.0,0.0,0,0
0.8882749817458122,0.4338242987930565,0.5300160224751571,130.43158973057922,23.66196779120702,-98.80356280895384,0,0.0,0.0,0.0,0,0
0.4820192091744039,0.772784046421329,0.4690756910592085,125.98702026140278,-21.29094524315957,114.73011849812667,0,0.0,0.0,0.0,0,0
0.5414303841002926,0.661302599388655,0.25726385090882625,216.89784749495414,-32.993292078495074,32.439065641705895,0,0.0,0.0,0.0,0,0
0.7290311828001586,0.6680174513906596,0.49807104482392445,327.4229200411054,-3.169739974489705,54.3017810623833,0,0.0,0.0,0.0,0,0
0.8690822092433732,0.49584456143209116,0.3404544763251079,493.03345196706147,-12.050244534529465,-112.05539840822928,1,0.0,0.0,0.0,0,1
0.763630882722822,0.10314360845397112,0.36581275259970064,251.7899614012042,-14.14307791761626,-102.45335436045013,1,0.0,0.0,0.0,0,1
0.3604427217564393,0.14515941441337132,0.6588127698784609,53.649114967730625,-23.454956484634188,9.64554543691591,0,0.0,0.0,0.0,0,0
0.9173134215985672,0.05793988012589983,0.6894560103445131,415.59651677743466,9.54259792191877,-3.8596167791401967,0,0.0,0.0,0.0,0,0
0.18305770466371257,0.777237667270685,0.4688719762532552,308.9473554469716,9.04784763000579,-102.18271764391251,0,0.0,0.0,0.0,0,0
0.8213708573302777,0.48838998951645807,0.22933680040340432,105.46073557482002,-17.349631582483113,28.266241173074206,0,0.0,0.0,0.6732124339641071,0,1
0.462383594414741,0.2521289716663773,0.07436917949837973,278.0749699562002,-18.73248791482366,114.62779042215146,0,0.0,0.0,0.0,0,0
0.27528304986067365,0.5459879295665997,0.6132457177876209,142.28427239324182,17.58703085406229,31.367410263369095,0,0.2891875829896156,0.28752157141865614,0.0,1,1
0.9331163329400503,0.7985258107085014,0.2283577223534573,215.35474962920293,-5.290720313797337,131.4634884983517,0,0.0,0.0,0.0,0,0
0.794855682729629,0.3138428671643258,0.16849320732287665,247.90056907892452,13.288292529693301,8.263902863221631,0,0.45978725908802504,0.0,0.0,0,1
0.29350092685068085,0.7640152100691588,0.370964505279986,13.441750353680783,3.3320438988443755,-16.258373229460204,0,0.0,0.0,0.0,0,0
0.13338556496528028,0.6771502788973648,-0.13392558876962174,406.23244771465045,16.803765458837837,62.51279132000815,0,0.0,0.0,0.0,0,1
0.6094711815991919,0.4444355839328798,0.5796619710242656,88.1183410420209,29.044429443382214,-30.27644816000432,0,0.0,0.0,0.0,0,0
0.5004348256005304,0.2704454870669446,0.6207567354707499,24.41493070417558,16.329922037977454,133.95149966551452,0,0.0,0.0,0.0,0,0
0.35076110747771716,0.7250046912748169,0.09880067674546261,173.09145041401675,-15.183388805934989,108.74307081740469,0,0.0,0.0,0.0,0,0
0.2997480137943652,0.19986654746666305,0.3468346416023677,383.32514249650666,-14.784195875978359,-63.76515749708376,0,0.0,0.0,0.0,0,1
0.9386115815347313,0.48158735416186527,0.5471284563197207,74.23983132073536,-23.619733305959677,-84.99319016165347,0,0.0,0.0,0.04444564372922167,1,1
0.8254216640625679,0.5902999072889208,0.39233982583555765,452.1062079028536,-24.23075523089343,92.79934586753143,0,0.0,0.0,0.0,0,0
0.3219333505000347,0.4904228804710575,0.4898608857941538,18.072394251365512,-17.901660003500787,-68.31824454757248,0,0.0,0.0,0.34062494158973355,0,1
0.8643073207743398,0.7140053454578712,-0.15382964915910877,6.824252067089323,-0.8841128205085553,-51.568333769255474,0,0.0,0.0,0.0,0,0
0.4476142350770388,0.5100245859678031,-0.17546884147883798,329.3380295128146,21.354320294424745,-16.005767051636028,0,0.0,0.0,0.0,0,0
0.8971493335414416,0.35520360453390193,0.46358163735819785,226.91814176972892,-1.1924263149908256,79.09078741689399,0,0.0,0.0,0.0,0,0
0.1435802889646761,0.2040285786624747,0.48038157958550426,85.98041989228741,9.391253190150266,-59.16652377718349,0,0.0,0.0,0.0,0,1
0.23341853290805603,0.23595888869593462,-0.09943930650826237,9.670419434526965,-34.76734208103507,-11.407085056851088,0,0.0,0.0,0.0,0,0
0.8693014226935539,0.43756928429880054,-0.1465306223174957,80.29952073065844,30.60107936886608,-109.52590451873672,0,0.0,0.0,0.0,0,0
0.1281644481643874,0.19729044732366996,0.018316317597354248,186.41335694677852,-17.345412861410644,-95.65268288081455,0,0.0,0.0,0.0,0,0
0.8403487439230136,0.4746821819270756,0.4027344346484291,257.3641900794134,6.367348836319145,-104.39160842911058,0,0.0,0.0,0.0,0,0
0.1216355485365329,0.5346714954085965,0.21838177146270876,272.5120902974479,-14.864428315296887,126.53129226345138,0,0.0,0.0,0.22575064255758523,0,1
0.9359690471976455,0.421815556456792,0.1510655796542414,419.4319274590123,-1.1790159233560544,-64.11777792434229,0,0.0,0.0,0.0,0,0
0.16059581074666848,0.6155592439273274,0.6251504407839394,31.923305976636236,14.278713642825807,-30.771818554254878,0,0.0,0.0,0.0,0,1
0.9164677968392102,0.07792612527684172,0.3127659922469675,113.76450906203003,17.732433619712907,94.97967122612758,0,0.0,0.0,0.0,1,1
0.7469177313228678,0.7833490161466952,0.6766794246164811,473.7906590981218,13.508336818479947,52.07374173271694,0,0.0,0.0,0.0,0,0
0.8023256830645347,0.7756034412831874,0.22582552081668333,150.46097953130294,-14.273429742361468,-8.121105083331713,0,0.0,0.0,0.0,0,0
0.5125615380360852,0.4721178409267982,0.5046705889548584,179.65123407186573,13.428112433527964,-41.9374013959042,0,0.6643545533967918,0.0,0.0,0,1
0.16672932293414822,0.15319070138440227,0.6086908863942928,392.33497435699246,17.095361653371633,130.56070554336236,0,0.0,0.0,0.409730753903472,0,1
0.5209275191978255,0.5294247480676129,0.17857168862996647,363.7317731156708,2.589368266755507,98.08699622751521,0,0.0,0.0,0.07819454763530258,0,0
0.5539868033109243,0.7860798205983088,0.011697299955285956,207.84908456327628,24.25148266942874,42.202822696615016,0,0.0,0.0,0.0,0,0
0.5137928495772707,0.6555994534002269,0.45055266268403865,398.08446802472804,-6.105386653003986,-89.53623408564285,0,0.0,0.0,0.0,0,0
0.23187106749370942,0.3746203764773145,0.22745261671016787,54.799461098034456,19.41119002519649,-13.46268135138169,0,0.0,0.0,0.0,0,0
0.47028924020305174,0.42271245056549306,0.3156891227628485,303.25157945143917,10.79800400313598,-110.16054459055937,0,0.48252138559738755,0.0,0.0,0,1
0.7572760726691944,0.0733192199053695,0.49636397505982816,271.27275934840424,2.212410249066444,95.35833220671489,1,0.0,0.0,0.0,0,1
0.4734848634716726,0.2712895280908133,0.09312584530972146,133.6202614800258,-18.757704124174218,79.42211785879203,0,0.4267714486132881,0.0,0.0,0,1
0.7070868482199969,0.0711196037042565,0.31572634817316564,364.32902523893625,-34.85168561070232,-110.80580850695623,0,0.0,0.0,0.0,0,0
0.31675193390279366,0.35855206347480884,0.5837963837608888,431.02861585477245,3.2835081885994484,76.35692942382886,0,0.0,0.606158399487146,0.0,0,1
0.13097107071750622,0.17893947147766548,0.5745901660927213,264.330235615909,-4.506315250549367,7.312182611973569,0,0.0,0.0,0.0,1,1
0.5829435052844528,0.21211474344456732,0.03608583932475473,431.52723257200296,-26.61511505324853,89.03522552969702,1,0.0,0.0,0.0,0,1
0.8849814780162443,0.25476992720223357,-0.14845641807220034,275.6731642601541,12.35081475673573,30.069912181264016,0,0.0,0.0,0.0,0,0
0.18899500564580765,0.272848227673261,0.13050134862241053,172.29782439980423,-14.50674406348497,-101.00214238840242,0,0.0,0.0,0.0,0,1
0.25067818891853344,0.4312993799256239,0.286857846868369,399.7799526016938,24.466224948216357,43.29247781577757,0,0.0,0.3883105431178508,0.0,0,1
0.13775380677211285,0.07498610345124986,0.33096892745629464,60.23001426371166,31.12880825396911,38.58907883630371,1,0.0,0.0,0.0,0,1
0.2995052008424416,0.40181644976029196,0.09090289085653369,466.0879313747921,31.15935706104591,58.83492181779934,1,0.0,0.0,0.0,0,1
0.27773442179912644,0.05008358252132179,0.6446057059133101,342.95020008322183,-20.03723221002461,-80.60050864786004,0,0.0,0.4677147900026465,0.0,0,1
0.647808209864352,0.2972253178585903,0.17604092006459288,155.82816470950408,19.78228886267452,-76.97314773408345,0,0.7781629939187333,0.0,0.0,0,1
0.2978498918896323,0.47944654894144817,-0.014046044736572172,66.95460938282865,-11.822818241818418,113.84328627474963,0,0.0,0.0,0.0,0,1
0.2746526058116019,0.5445182525368283,0.1813338829888369,288.1150173123164,6.374717829502615,-35.25406839790135,0,0.0,0.0,0.0,0,0
0.6522126090952063,0.3928148202307555,0.5706657660484709,390.100911096702,14.794320898508708,-28.13444706316895,0,0.0,0.0,0.0,0,0
0.23340959585096505,0.22415308479202012,0.6471618720558405,371.9774967669804,13.083913199480364,132.8433287758593,0,0.0,0.0,0.0,0,1
0.8056716185421824,0.05983913663122055,0.20393583583381297,360.48788600795234,-32.65475336360636,-51.426006484471316,0,0.15930736637632936,0.0,0.0,0,0
0.8313985948605743,0.774675655647558,0.02355121186294376,264.61737263222693,-0.8196062313613623,-63.075473698022556,0,0.0,0.0,0.0,1,1
0.8778033418989176,0.6793074967168631,-0.019667179270642515,157.56710542317808,-25.1969702064929,116.16962303117265,0,0.0,0.0,0.0,0,0
0.6386893956206974,0.5038639641609048,0.12992242276792726,268.92589864469244,-33.43129645559749,-98.90167174452843,0,0.0,0.20351421854849028,0.0,0,0
0.8037810100923143,0.6143923455183737,-0.0983140886158195,338.2898545903932,-16.150173190007898,135.12680481270155,0,0.0,0.0,0.0,0,0
0.2222735940652554,0.49156458202575953,-0.14350333647310975,356.65825699019445,5.508042049974918,-29.618687199657316,0,0.0,0.0,0.0,0,1
0.8427366248949146,0.6385578436319906,-0.02816995547993731,199.40090137877598,-26.873549309799422,88.23208558832403,0,0.0,0.0,0.0,0,0
0.5749248560580871,0.2674434329699882,0.6917426924525807,19.09082927149536,23.00425536570021,-75.67545540903245,0,0.0,0.0,0.0,0,0
0.37026283189581133,0.09058665760706487,0.07772347100814281,21.146955803555652,-3.1848118846351277,-17.974545557826218,0,0.0,0.0,0.0,0,0
0.5282889135870807,0.5693681917813361,0.0274082183369197,238.54280946671355,-26.41133256289212,-111.94301053479666,0,0.0,0.0,0.0,0,0
0.15261338766214333,0.20906422680585418,0.3947080708871263,439.2504706550871,-10.478793548055588,25.368524542476194,0,0.0,0.41256840963974767,0.0,0,1
0.6961130527189424,0.5463654300448423,0.5192764477113909,142.71000683999566,28.683289073809974,-25.635522790239946,0,0.0,0.0,0.0,0,0
0.5662434536423344,0.27140358793007374,0.0015119280476423025,160.4534638514646,-18.391404985231894,66.0319804146242,0,0.0,0.0,0.5942343958757711,1,1
0.6132805568836366,0.36379303574734934,-0.022914865181309862,321.7000253739302,30.709484535703723,-59.63341297986877,0,0.0,0.0,0.0,0,0
0.3797172203654616,0.05843689418455693,0.49973569531745005,130.49923304746122,1.000082561653457,6.805537950718019,0,0.0,0.0,0.0,0,0
0.6101105067500647,0.3480524299888464,0.3883932401669608,267.42472742312333,-22.239640692039465,-80.12966049110025,0,0.0,0.1369219905439798,0.0,0,0
0.6218753504962475,0.2005787901293924,-0.17576451049542036,401.808018623064,6.561401657157354,81.1180725733868,0,0.0,0.0,0.0,0,0
0.5587080950055625,0.38778599812350734,-0.07906079087400647,69.33410390393843,18.20113423563017,-110.2900537978368,0,0.0,0.0,0.0,0,0
0.43412735815572256,0.6065804751657082,0.39085874141576166,469.95708050904807,-20.110509367890195,-33.716048990469744,1,0.0,0.0,0.0,1,1
0.8120869123407156,0.67053445145946,0.03902937636010162,386.89031440728354,32.60021890009024,-12.524616350353256,0,0.0,0.0,0.27615686847682164,0,0
0.42048809467855197,0.7140748983161738,0.08489584433568803,391.2776904741966,-3.131383646582762,-68.71882219220709,0,0.0,0.0,0.4039818275606841,0,1
0.9146168985046237,0.7305067814253221,0.1221473437423391,34.869336616024015,-20.39783979219647,-84.28099839015317,1,0.0,0.0,0.0,0,1
0.12973158386666167,0.2648501030613975,0.0462249182642166,318.6632607667463,6.022588680256867,-78.03821200449163,0,0.0,0.0,0.0,0,1
0.2802202608354476,0.7870148763446829,-0.0985188623839521,423.0993800527383,-20.04443579751279,73.1637084511774,1,0.0,0.18331058163565184,0.0,0,1
0.49713981491494985,0.2343779199092672,0.34077601136583563,77.63149847885701,-18.61259099386824,-79.02024106680477,0,0.3303451447722995,0.0,0.0,0,1
0.1724480295539172,0.26396429339871663,0.16929454486098733,297.05761227305226,-22.504987717214938,-10.761321098394717,0,0.36497095870813817,0.0,0.15586705181385418,0,1
0.26618362544080176,0.7165848824813262,-0.17835251108830746,450.38111028405285,-28.188581694694054,39.58232415765005,0,0.0,0.0,0.0,0,1
0.6298932595480796,0.23351884779529725,0.0057676878119711505,338.40584583689565,-2.042612630153222,-15.312420870336354,0,0.0,0.0,0.0,0,0
0.7665691160794557,0.6545871697483127,0.22855622569759176,118.53433122818218,34.23485139195634,-72.78464388689446,0,0.0,0.0,0.0,0,0
0.23336222758703076,0.3156274575505228,-0.14058112256631955,113.67753644475327,33.54881874817467,-53.206859948468775,1,0.0,0.0,0.0,1,1
0.8569789256484277,0.5223310145276264,0.5246173492374873,180.15045365295606,14.337049007349393,82.87975411903685,0,0.0,0.0,0.0,0,0
0.9161988910635779,0.47969711042985863,0.024133321352125092,285.296075510522,-28.152451580192277,-10.070738769387063,0,0.0,0.0,0.0,1,1
0.6452512581268303,0.5770934972838722,-0.009134267179244565,477.06963625578976,-0.8712534292391325,130.37970206468904,0,0.0,0.0,0.0,0,0
0.8173877689274534,0.09978634591577741,-0.05819608559303677,242.3724763704274,28.61326842822716,-32.11531139388978,0,0.0,0.0,0.0,0,0
0.34567740595026497,0.4187268745479775,0.15102882867069384,45.522835733349,5.848893040171966,132.88933323577893,0,0.0,0.0,0.0,0,1
0.14078056577127557,0.4636305056901067,0.33914873229667525,187.2855174515571,-34.89348750051405,125.9280981444243,0,0.0,0.0,0.0,0,1
0.5730470451020381,0.4804196989114601,0.14872717234676364,410.7366848447944,-34.772844838537694,74.75430789235202,0,0.0,0.0,0.0,0,0
0.9365394198464738,0.666826326151639,-0.1363882425917003,135.44257566184714,28.004231409302726,38.60187266648313,0,0.4332118454657569,0.5025883741107142,0.0,0,1
0.88202879783502,0.1694581087925579,0.6922255104089623,197.9481909599973,-27.270822307145995,-119.25607835303768,0,0.0,0.0,0.0,0,0
0.6494672633808596,0.5965009166571167,-0.19487047432753482,225.9072980666429,5.3780685145911775,125.52191660818903,0,0.0,0.0,0.0,0,0
0.6460834150561925,0.5794607936050215,0.1110224086243673,462.29213015880913,-23.869357762314365,125.4510950941418,0,0.0,0.6405341636062523,0.0,0,1
0.5327108696272634,0.19464584699862392,0.27254635011524825,497.99058166722637,17.811380624586185,99.3352368155202,0,0.0,0.0,0.0,1,1
0.5869857546989321,0.33221730912717923,0.28837053899675164,330.8258850862955,7.688650003445545,8.482832420500756,0,0.0,0.09779676189224383,0.0,1,1
0.60469810154722,0.3455703614095004,0.3858921321194064,199.61840840953047,26.292520556703167,124.50730349216295,0,0.0,0.0,0.0,0,0
0.46606157922057645,0.14582631315293415,0.11449854106693957,475.31288821365393,-20.54875628273135,-114.40930942778783,1,0.0,0.0,0.0,0,1
0.2947671348856524,0.3557628767580269,-0.1846105239817657,229.8514813041965,11.014988947025309,2.5200027632001962,0,0.0,0.0,0.0,1,1
0.6004349072328682,0.7091949619656173,-0.12398290797577208,375.5910609255314,24.604589753507845,90.2318170580298,0,0.0,0.0,0.0,0,0
0.5417913282572283,0.6145078224150388,0.27106980027584915,31.76120255074255,14.286998891338278,78.03284424752829,0,0.0,0.0,0.0,0,0
0.14366077543447242,0.23935575167646816,0.40279664176536484,193.64961061356493,29.111048419181245,-17.169606741160834,0,0.0,0.0,0.0,0,0
0.40279547604141597,0.33789570555887577,0.447257440247297,410.938761321755,24.81922597180074,71.17813676472477,0,0.0,0.0,0.0,0,0
0.8152582045387268,0.39575547497220515,0.27155290993719794,328.14362407196813,19.522182059467085,25.043502381612285,0,0.0,0.0,0.0,0,0
0.6192620632488076,0.7899768850064255,-0.04496969638339643,10.058894696965899,-21.83201072766289,-93.83220883700729,0,0.0,0.0,0.0,0,0
0.7490537302044424,0.7057558631596887,0.6339123529307624,51.45672377826443,-16.357749664439353,36.70257446054924,0,0.0,0.0,0.0,0,0
0.7027102657674645,0.7859324676606221,-0.07180976562302971,257.3826882769581,22.896001631818265,-117.44095173500384,1,0.0,0.0,0.0,0,1
0.4840204298120918,0.6249091778080712,0.002465933055642161,47.60692966813791,-31.414144443275934,-55.25116995205158,0,0.0,0.0,0.4452892637084359,0,1
0.40202199746333844,0.39394203440440373,0.6443269400015748,332.5666243349823,-0.6104331555814184,-56.99291568132624,0,0.0,0.0,0.06106670874000942,0,0
0.26382593462505066,0.7541439030748983,0.5577272039532064,62.956337775651704,6.926022459417325,24.669244663728506,0,0.7556086186314994,0.0,0.0,0,1
0.6754546598480282,0.6897104276939942,0.017667809648594768,460.0307815556756,27.17982804249577,-22.725048705498352,0,0.0,0.0,0.0,0,0
0.7872259703214315,0.5222458785166626,0.5330531659471485,28.309142650521782,-5.308856852268786,68.94246026037987,0,0.0,0.0,0.0,0,0
0.2863118137031442,0.1253230316936178,0.3318721219786063,499.4647489875995,23.216552198483214,55.268627919854794,0,0.0,0.0,0.18739897960681406,0,0
0.5423846243053353,0.2662783051056236,0.34360714704947243,189.85086544181843,21.914264418996567,-111.12582167447746,0,0.6086664544014893,0.4631164956452626,0.0,0,1
0.3013141103407805,0.09548444241346336,0.5457828780717828,92.18118726647607,-9.588033823997012,-63.65750434647538,0,0.0,0.0,0.0,0,1
0.7012533383286715,0.14338178836603716,0.49120708253734674,30.67816209439649,-1.4991563903497536,113.30397392370699,0,0.0,0.0,0.08956288470882842,0,0
0.6349156265994699,0.5072127951070207,-0.08712587264860464,356.9914745600741,-34.410269668132244,-29.99427871418831,0,0.0,0.0,0.0,0,0
0.6083332964540461,0.2325097654636722,-0.03740687181169042,304.95913854149194,-9.697539677096707,-115.28952613796936,0,0.0,0.0,0.0,0,0
0.5443962818063348,0.38030365734248534,-0.1465792957625789,419.4911945537394,2.5280576421532928,-29.26527513101604,0,0.0,0.0,0.0,0,0
0.7359453641193536,0.23758591694859177,0.5618315328046182,477.00481351020665,2.221757844374615,-61.04778056947543,0,0.0,0.0,0.0,0,0
0.4349494347348568,0.622099037302356,0.43893239911818366,172.84763313988742,-29.510449011514172,-10.150404477314495,1,0.0,0.0,0.0,0,1
0.6445674201373663,0.7064809846659446,0.37120011170113604,370.54707889537184,1.7764545605248117,-41.54305193434722,0,0.0,0.0,0.0,0,0
0.9034723390791131,0.7442525144289986,0.12947243836238853,68.16265015234032,7.429604006866356,118.14006291722751,0,0.0,0.0,0.0,0,0
0.46543780776904,0.2099335718268623,0.15594190093443944,328.4301630468221,-2.858343990349006,-62.22875297861517,0,0.0,0.0,0.0,0,0
0.5630727609919266,0.1600540230232569,0.045744018746228354,440.41285160299964,-24.46925193775801,114.82200770420323,0,0.0,0.0,0.0,0,0
0.8179850710895533,0.27246002466668573,0.48694716479508543,338.0447604380725,22.44599694426401,-12.068970985899313,0,0.0,0.0,0.0,0,0
0.42420953703433717,0.23173511128754581,0.052819001626215945,362.98309847626433,-23.322691450766364,124.75240238609251,0,0.0,0.0,0.6237110732002122,0,1
0.2122775656857615,0.0927122962837461,0.2373583549926756,354.45659854191194,-11.51102350894801,-16.970348504424024,0,0.0,0.0,0.0,0,1
0.23442134348285248,0.7737861873322006,-0.08478970042502612,477.3353102834493,25.205967319290387,99.51785177397008,0,0.0,0.0,0.0,0,1
0.10474156967891428,0.4451954109315422,0.17113958556013786,400.44422928216625,-1.8076172961795294,77.39823743068325,0,0.0,0.0,0.0,0,1
0.3566076959291372,0.6191826433444882,0.1117350443352263,299.6262695735962,-34.87827341478203,-41.42228212966785,0,0.0,0.776254908172963,0.0,0,1
0.2532026661290922,0.487381580211307,-0.0009256570481168125,226.5618876393186,3.6786813384033223,28.157767894432794,0,0.0,0.5841630121803527,0.0,0,1
0.5191150226651347,0.4248497096473889,0.26336143898229464,131.09980051232273,-34.7626139088542,132.44317579263165,0,0.3297271934185979,0.0,0.0,0,1
0.6631777195396291,0.24690236234153146,-0.020685114239269303,53.08323026767545,-11.025763208804737,79.17760970987905,0,0.0,0.0,0.0,0,0
0.4527715614110299,0.3000634727851511,0.5190618696175551,313.471715098748,0.6504961913015208,106.67626772818798,0,0.0,0.0,0.0,0,0
0.34368621685801704,0.15096483831666024,0.49289887523142356,148.6758094682098,3.2478674462437596,39.72827902793054,0,0.2468558993072832,0.0,0.0,0,1
0.18311394488437807,0.12831124859937248,-0.16063753316376278,36.0975711064699,-18.610180611108646,107.86419774816724,0,0.0,0.0,0.0,0,0
0.58904536307951,0.7245464377750636,0.5231213289401655,181.99281524028856,-34.30381790908347,-109.01860505766084,0,0.0,0.0,0.0,0,0
0.11480319471879318,0.6417134808658116,0.2969235641260264,264.91977412566405,-6.665736377633795,93.58225637693587,0,0.0,0.0,0.0,0,1
0.7369677464602344,0.4823540850522275,0.38338779430801123,221.9735730922089,5.948722419673196,-69.57100663599427,0,0.0,0.1596475983334246,0.0,0,0
0.9195392867281698,0.7527958614477098,0.03931321458714976,118.7143251718961,31.75032932967423,-30.30354588864722,0,0.0,0.0,0.0,0,0
0.36267723398021656,0.17269498625990137,0.5108865358713597,492.8248033353115,18.519619752650875,61.39041751402692,0,0.0,0.0,0.0,0,0
0.8479787721335855,0.7368193759927832,0.04857609436712346,162.94416544005585,13.735810060760784,62.182467685744086,0,0.0,0.0,0.0,0,0
0.20580551286599705,0.5200582142137149,0.6057601371302355,88.2834810206397,-20.95373005218588,37.59607005674604,0,0.0,0.0,0.5272786275453514,0,1
0.5844856333842925,0.07010578017935802,0.22705740583907175,70.55572381170782,4.193761597000602,-39.89425195257925,0,0.0,0.0,0.0,0,0
0.8473857182623097,0.33534212741591946,0.24988716068533406,206.98689197680653,-6.034295740245938,-48.09293960474699,0,0.0,0.0,0.0,0,0
0.22330297628529383,0.12711996356834776,0.191152625158867,244.71269168321987,1.3568998036675666,83.29782355268722,0,0.0,0.0,0.0,0,0
0.919370483985255,0.2664802325411155,-0.11071603551957601,208.76622667088031,12.253202012553665,-105.22092917399314,0,0.0,0.0,0.0,0,0
0.17919047660139809,0.24729167688540188,0.29551600988673987,114.6738911507231,21.742620070123067,44.96007960021973,0,0.23296494180784616,0.0,0.0,0,1
0.24600332065147482,0.16483353826178043,0.6062718845846451,215.26165054839075,19.744615999641752,64.97088258261147,0,0.46543701968609147,0.0,0.0,0,1
0.665271405050856,0.3156329618762477,0.1447388482798233,346.4331548012136,-32.37973547898264,72.84543512734103,0,0.0,0.0,0.0,0,0
0.16976653432726413,0.5199612746354779,0.4571655099903184,13.460579508000084,25.05406366583098,-4.100470544810079,1,0.0,0.0,0.07727532569841866,0,1
0.8591141344330385,0.25681035798063506,0.13907279034972841,22.703437982856368,30.45250770134652,-67.12310203194329,0,0.47173103016985735,0.0,0.6099324732098658,0,1
0.548062837981824,0.7742556016100425,-0.02520787706388153,322.9172632471459,13.722544975848685,40.29792303435988,0,0.0,0.0,0.0,0,0
0.45833963584310167,0.7642795007892161,0.10612223105782032,26.391647494442292,1.351413529702306,-113.17575960790731,0,0.7487615374293902,0.0,0.0,0,1
0.57069011032902,0.3586475505491931,0.4704790815839694,57.184350850612205,13.254278352766178,-97.01773900365374,0,0.0,0.0,0.0,0,0
0.903016955681679,0.5334174196143453,-0.06244742841562964,265.9926262991752,-23.16299553386208,-49.83169092674014,0,0.0,0.0,0.0,0,0
0.37365459551499447,0.5253026174158767,0.37447434486614556,496.6156714017703,33.499736074974976,52.61665718215002,0,0.0,0.06390944872734892,0.0,0,0
0.883094006786636,0.6824575755339242,0.04915562280715899,484.23619486417107,-15.574039790101669,-67.74726483497523,0,0.0,0.0,0.0,0,0
0.8905466054014247,0.18017357943997137,0.14197604163363142,235.01138421077817,14.431417276591759,42.66102270269141,0,0.0,0.0,0.0,0,0
0.42537964513318516,0.28663803686324096,0.5587931598774025,303.80899989777237,-21.955107862527328,41.68773364780813,0,0.0,0.0,0.0,0,0
0.6656969606755242,0.5097358491926641,-0.18512913863156055,481.9069632776486,6.295820154900788,14.112544228725852,0,0.0,0.0,0.0,0,0
0.4594911594461578,0.42589436622628424,-0.07088988409279759,393.54792953096774,17.26400740903309,17.395596007774174,1,0.0,0.0,0.0,0,1
0.28270068571944645,0.4186112309804822,-0.07484973103008694,144.26768939616903,33.345659107622694,21.579896378675926,0,0.0,0.0,0.0,0,0
0.18441696676434532,0.13768984871038253,-0.1893579565996936,265.58142059974375,8.041154366250723,17.40855256179347,0,0.0,0.0,0.38731741604701053,0,1
0.5445358526633632,0.47883900420293174,0.39351976872364297,43.472450593991894,17.87176123196528,-80.93820109877687,0,0.0,0.2910869667235363,0.0,0,1
0.5632547754185862,0.5818307793191502,0.08571253752921526,321.8972551617343,-25.480792442507727,-41.416207422377255,0,0.0,0.0,0.0,0,0
0.22574330101522486,0.634687870204725,-0.11177325443965011,68.69221187661013,16.8557519387903,127.12750574453756,0,0.0,0.0,0.0,0,1
0.7243648818199054,0.5107587258960709,0.5406994535557992,274.696878360671,-23.776772215374308,32.55579318272996,0,0.0,0.0,0.0,0,0
0.44739148100552684,0.4750908456160271,0.5276575395018888,369.87379344257175,32.184459677464716,-65.36692011208324,0,0.44857574430676816,0.0,0.0,0,1
0.3119078005908031,0.5246365258457941,0.15128011876818487,211.8667055036054,-29.795990138076363,-87.69336902120553,0,0.0,0.0,0.0,0,0
0.13199970979970785,0.5999755661024334,0.03601912822370357,349.41283616924886,-33.47892020078892,39.22708541523346,0,0.6501637026224074,0.0,0.0,0,1
0.8818942949726403,0.5987737689019709,-0.0531410758847875,110.65994946767617,31.63984855874787,-72.4066241643404,0,0.0,0.0,0.4639177121928473,0,1
0.6414968117973961,0.15867447708418736,-0.1801997426588262,88.53585680135451,1.043072739615603,126.21594108273192,0,0.0,0.0,0.0,0,0
0.34771857729043776,0.7410475812098082,-0.08200819609736916,195.32935515471306,-31.66512724408669,-24.340452746188816,0,0.0,0.0,0.40981446537094945,0,1
0.7859565839988206,0.2873171040173091,0.4860960031641626,44.040450168014516,-20.177534481513725,-91.24387296276416,0,0.0,0.0,0.0,0,0
0.5802237423832932,0.281344407256939,0.16177966351403644,316.1003090649166,20.91406382151282,138.23956694148768,0,0.0,0.0,0.0,0,0
0.44428389594674933,0.7986322712245734,0.6750584775235808,430.9293851387064,-8.250344119804499,37.58836745880393,0,0.0,0.0,0.0,0,0
0.4112112066515343,0.42100012031967887,0.42953262322730484,347.08503773248157,19.462681738859473,-29.411316427157573,0,0.0,0.0,0.0,0,0
0.8767590539271183,0.4897236758545495,0.060906048249067035,420.5762404449877,-11.291292750434437,-37.39147678314116,0,0.0,0.0,0.0,0,0
